Curso_ID,Curso,Modulo,Actividad,Criterio,Estado_actual,Porcentaje_cumplimiento,Evidencia,Hallazgo,Cambio_requerido,Cambio_propuesto,Justificacion,Prioridad,Autorizacion
1,Refrigeración y Climatización,Todos los modulos aplicables,Consultar actividades.csv y revision-documental.json,Alternativas distintas y no vacias,"Control documental, no validacion disciplinar",100.0,387/387 comprobaciones satisfactorias. Detalle individual en revision-documental.json.,Sin incumplimientos en este control,No detectado en este control,Ninguno,La presencia y estructura no certifican calidad pedagogica.,No aplica,NO EJECUTADO
1,Refrigeración y Climatización,Todos los modulos aplicables,Consultar actividades.csv y revision-documental.json,Archivo de imagen existente,"Control documental, no validacion disciplinar",100.0,639/639 comprobaciones satisfactorias. Detalle individual en revision-documental.json.,Sin incumplimientos en este control,No detectado en este control,Ninguno,La presencia y estructura no certifican calidad pedagogica.,No aplica,NO EJECUTADO
1,Refrigeración y Climatización,Todos los modulos aplicables,Consultar actividades.csv y revision-documental.json,Clave dentro de alternativas,"Control documental, no validacion disciplinar",100.0,387/387 comprobaciones satisfactorias. Detalle individual en revision-documental.json.,Sin incumplimientos en este control,No detectado en este control,Ninguno,La presencia y estructura no certifican calidad pedagogica.,No aplica,NO EJECUTADO
1,Refrigeración y Climatización,Todos los modulos aplicables,Consultar actividades.csv y revision-documental.json,Consigna registrada,"Control documental, no validacion disciplinar",100.0,1146/1146 comprobaciones satisfactorias. Detalle individual en revision-documental.json.,Sin incumplimientos en este control,No detectado en este control,Ninguno,La presencia y estructura no certifican calidad pedagogica.,No aplica,NO EJECUTADO
1,Refrigeración y Climatización,Todos los modulos aplicables,Consultar actividades.csv y revision-documental.json,Criterio pertenece al AE declarado,"Control documental, no validacion disciplinar",100.0,360/360 comprobaciones satisfactorias. Detalle individual en revision-documental.json.,Sin incumplimientos en este control,No detectado en este control,Ninguno,La presencia y estructura no certifican calidad pedagogica.,No aplica,NO EJECUTADO
1,Refrigeración y Climatización,Todos los modulos aplicables,Consultar actividades.csv y revision-documental.json,Explicacion registrada,"Control documental, no validacion disciplinar",100.0,360/360 comprobaciones satisfactorias. Detalle individual en revision-documental.json.,Sin incumplimientos en este control,No detectado en este control,Ninguno,La presencia y estructura no certifican calidad pedagogica.,No aplica,NO EJECUTADO
1,Refrigeración y Climatización,Todos los modulos aplicables,Consultar actividades.csv y revision-documental.json,Indice AE valido,"Control documental, no validacion disciplinar",100.0,360/360 comprobaciones satisfactorias. Detalle individual en revision-documental.json.,Sin incumplimientos en este control,No detectado en este control,Ninguno,La presencia y estructura no certifican calidad pedagogica.,No aplica,NO EJECUTADO
1,Refrigeración y Climatización,Todos los modulos aplicables,Consultar actividades.csv y revision-documental.json,Orientacion progresiva disponible,"Control documental, no validacion disciplinar",100.0,162/162 comprobaciones satisfactorias. Detalle individual en revision-documental.json.,Sin incumplimientos en este control,No detectado en este control,Ninguno,La presencia y estructura no certifican calidad pedagogica.,No aplica,NO EJECUTADO
1,Refrigeración y Climatización,Todos los modulos aplicables,Consultar actividades.csv y revision-documental.json,Producto de respuesta indicado,"Control documental, no validacion disciplinar",100.0,162/162 comprobaciones satisfactorias. Detalle individual en revision-documental.json.,Sin incumplimientos en este control,No detectado en este control,Ninguno,La presencia y estructura no certifican calidad pedagogica.,No aplica,NO EJECUTADO
2,Electricidad,Todos los modulos aplicables,Consultar actividades.csv y revision-documental.json,Alternativas distintas y no vacias,"Control documental, no validacion disciplinar",100.0,385/385 comprobaciones satisfactorias. Detalle individual en revision-documental.json.,Sin incumplimientos en este control,No detectado en este control,Ninguno,La presencia y estructura no certifican calidad pedagogica.,No aplica,NO EJECUTADO
2,Electricidad,Todos los modulos aplicables,Consultar actividades.csv y revision-documental.json,Archivo de imagen existente,"Control documental, no validacion disciplinar",100.0,629/629 comprobaciones satisfactorias. Detalle individual en revision-documental.json.,Sin incumplimientos en este control,No detectado en este control,Ninguno,La presencia y estructura no certifican calidad pedagogica.,No aplica,NO EJECUTADO
2,Electricidad,Todos los modulos aplicables,Consultar actividades.csv y revision-documental.json,Clave dentro de alternativas,"Control documental, no validacion disciplinar",100.0,385/385 comprobaciones satisfactorias. Detalle individual en revision-documental.json.,Sin incumplimientos en este control,No detectado en este control,Ninguno,La presencia y estructura no certifican calidad pedagogica.,No aplica,NO EJECUTADO
2,Electricidad,Todos los modulos aplicables,Consultar actividades.csv y revision-documental.json,Consigna registrada,"Control documental, no validacion disciplinar",100.0,1112/1112 comprobaciones satisfactorias. Detalle individual en revision-documental.json.,Sin incumplimientos en este control,No detectado en este control,Ninguno,La presencia y estructura no certifican calidad pedagogica.,No aplica,NO EJECUTADO
2,Electricidad,Todos los modulos aplicables,Consultar actividades.csv y revision-documental.json,Criterio pertenece al AE declarado,"Control documental, no validacion disciplinar",100.0,360/360 comprobaciones satisfactorias. Detalle individual en revision-documental.json.,Sin incumplimientos en este control,No detectado en este control,Ninguno,La presencia y estructura no certifican calidad pedagogica.,No aplica,NO EJECUTADO
2,Electricidad,Todos los modulos aplicables,Consultar actividades.csv y revision-documental.json,Explicacion registrada,"Control documental, no validacion disciplinar",100.0,360/360 comprobaciones satisfactorias. Detalle individual en revision-documental.json.,Sin incumplimientos en este control,No detectado en este control,Ninguno,La presencia y estructura no certifican calidad pedagogica.,No aplica,NO EJECUTADO
2,Electricidad,Todos los modulos aplicables,Consultar actividades.csv y revision-documental.json,Indice AE valido,"Control documental, no validacion disciplinar",100.0,360/360 comprobaciones satisfactorias. Detalle individual en revision-documental.json.,Sin incumplimientos en este control,No detectado en este control,Ninguno,La presencia y estructura no certifican calidad pedagogica.,No aplica,NO EJECUTADO
2,Electricidad,Todos los modulos aplicables,Consultar actividades.csv y revision-documental.json,Orientacion progresiva disponible,"Control documental, no validacion disciplinar",100.0,150/150 comprobaciones satisfactorias. Detalle individual en revision-documental.json.,Sin incumplimientos en este control,No detectado en este control,Ninguno,La presencia y estructura no certifican calidad pedagogica.,No aplica,NO EJECUTADO
2,Electricidad,Todos los modulos aplicables,Consultar actividades.csv y revision-documental.json,Producto de respuesta indicado,"Control documental, no validacion disciplinar",100.0,150/150 comprobaciones satisfactorias. Detalle individual en revision-documental.json.,Sin incumplimientos en este control,No detectado en este control,Ninguno,La presencia y estructura no certifican calidad pedagogica.,No aplica,NO EJECUTADO
3,"Atención de Enfermería, mención Adulto Mayor",Todos los modulos aplicables,Consultar actividades.csv y revision-documental.json,Alternativas distintas y no vacias,"Control documental, no validacion disciplinar",100.0,555/555 comprobaciones satisfactorias. Detalle individual en revision-documental.json.,Sin incumplimientos en este control,No detectado en este control,Ninguno,La presencia y estructura no certifican calidad pedagogica.,No aplica,NO EJECUTADO
3,"Atención de Enfermería, mención Adulto Mayor",Todos los modulos aplicables,Consultar actividades.csv y revision-documental.json,Archivo de imagen existente,"Control documental, no validacion disciplinar",100.0,903/903 comprobaciones satisfactorias. Detalle individual en revision-documental.json.,Sin incumplimientos en este control,No detectado en este control,Ninguno,La presencia y estructura no certifican calidad pedagogica.,No aplica,NO EJECUTADO
3,"Atención de Enfermería, mención Adulto Mayor",Todos los modulos aplicables,Consultar actividades.csv y revision-documental.json,Clave dentro de alternativas,"Control documental, no validacion disciplinar",100.0,555/555 comprobaciones satisfactorias. Detalle individual en revision-documental.json.,Sin incumplimientos en este control,No detectado en este control,Ninguno,La presencia y estructura no certifican calidad pedagogica.,No aplica,NO EJECUTADO
3,"Atención de Enfermería, mención Adulto Mayor",Todos los modulos aplicables,Consultar actividades.csv y revision-documental.json,Consigna registrada,"Control documental, no validacion disciplinar",100.0,1479/1479 comprobaciones satisfactorias. Detalle individual en revision-documental.json.,Sin incumplimientos en este control,No detectado en este control,Ninguno,La presencia y estructura no certifican calidad pedagogica.,No aplica,NO EJECUTADO
3,"Atención de Enfermería, mención Adulto Mayor",Todos los modulos aplicables,Consultar actividades.csv y revision-documental.json,Criterio pertenece al AE declarado,"Control documental, no validacion disciplinar",100.0,520/520 comprobaciones satisfactorias. Detalle individual en revision-documental.json.,Sin incumplimientos en este control,No detectado en este control,Ninguno,La presencia y estructura no certifican calidad pedagogica.,No aplica,NO EJECUTADO
3,"Atención de Enfermería, mención Adulto Mayor",Todos los modulos aplicables,Consultar actividades.csv y revision-documental.json,Explicacion registrada,"Control documental, no validacion disciplinar",100.0,520/520 comprobaciones satisfactorias. Detalle individual en revision-documental.json.,Sin incumplimientos en este control,No detectado en este control,Ninguno,La presencia y estructura no certifican calidad pedagogica.,No aplica,NO EJECUTADO
3,"Atención de Enfermería, mención Adulto Mayor",Todos los modulos aplicables,Consultar actividades.csv y revision-documental.json,Indice AE valido,"Control documental, no validacion disciplinar",100.0,520/520 comprobaciones satisfactorias. Detalle individual en revision-documental.json.,Sin incumplimientos en este control,No detectado en este control,Ninguno,La presencia y estructura no certifican calidad pedagogica.,No aplica,NO EJECUTADO
3,"Atención de Enfermería, mención Adulto Mayor",Todos los modulos aplicables,Consultar actividades.csv y revision-documental.json,Orientacion progresiva disponible,"Control documental, no validacion disciplinar",100.0,210/210 comprobaciones satisfactorias. Detalle individual en revision-documental.json.,Sin incumplimientos en este control,No detectado en este control,Ninguno,La presencia y estructura no certifican calidad pedagogica.,No aplica,NO EJECUTADO
3,"Atención de Enfermería, mención Adulto Mayor",Todos los modulos aplicables,Consultar actividades.csv y revision-documental.json,Producto de respuesta indicado,"Control documental, no validacion disciplinar",100.0,210/210 comprobaciones satisfactorias. Detalle individual en revision-documental.json.,Sin incumplimientos en este control,No detectado en este control,Ninguno,La presencia y estructura no certifican calidad pedagogica.,No aplica,NO EJECUTADO
4,"Atención de Enfermería, mención Enfermería",Todos los modulos aplicables,Consultar actividades.csv y revision-documental.json,Alternativas distintas y no vacias,"Control documental, no validacion disciplinar",100.0,430/430 comprobaciones satisfactorias. Detalle individual en revision-documental.json.,Sin incumplimientos en este control,No detectado en este control,Ninguno,La presencia y estructura no certifican calidad pedagogica.,No aplica,NO EJECUTADO
4,"Atención de Enfermería, mención Enfermería",Todos los modulos aplicables,Consultar actividades.csv y revision-documental.json,Archivo de imagen existente,"Control documental, no validacion disciplinar",100.0,710/710 comprobaciones satisfactorias. Detalle individual en revision-documental.json.,Sin incumplimientos en este control,No detectado en este control,Ninguno,La presencia y estructura no certifican calidad pedagogica.,No aplica,NO EJECUTADO
4,"Atención de Enfermería, mención Enfermería",Todos los modulos aplicables,Consultar actividades.csv y revision-documental.json,Clave dentro de alternativas,"Control documental, no validacion disciplinar",100.0,430/430 comprobaciones satisfactorias. Detalle individual en revision-documental.json.,Sin incumplimientos en este control,No detectado en este control,Ninguno,La presencia y estructura no certifican calidad pedagogica.,No aplica,NO EJECUTADO
4,"Atención de Enfermería, mención Enfermería",Todos los modulos aplicables,Consultar actividades.csv y revision-documental.json,Consigna registrada,"Control documental, no validacion disciplinar",100.0,1220/1220 comprobaciones satisfactorias. Detalle individual en revision-documental.json.,Sin incumplimientos en este control,No detectado en este control,Ninguno,La presencia y estructura no certifican calidad pedagogica.,No aplica,NO EJECUTADO
4,"Atención de Enfermería, mención Enfermería",Todos los modulos aplicables,Consultar actividades.csv y revision-documental.json,Criterio pertenece al AE declarado,"Control documental, no validacion disciplinar",100.0,400/400 comprobaciones satisfactorias. Detalle individual en revision-documental.json.,Sin incumplimientos en este control,No detectado en este control,Ninguno,La presencia y estructura no certifican calidad pedagogica.,No aplica,NO EJECUTADO
4,"Atención de Enfermería, mención Enfermería",Todos los modulos aplicables,Consultar actividades.csv y revision-documental.json,Explicacion registrada,"Control documental, no validacion disciplinar",100.0,400/400 comprobaciones satisfactorias. Detalle individual en revision-documental.json.,Sin incumplimientos en este control,No detectado en este control,Ninguno,La presencia y estructura no certifican calidad pedagogica.,No aplica,NO EJECUTADO
4,"Atención de Enfermería, mención Enfermería",Todos los modulos aplicables,Consultar actividades.csv y revision-documental.json,Indice AE valido,"Control documental, no validacion disciplinar",100.0,400/400 comprobaciones satisfactorias. Detalle individual en revision-documental.json.,Sin incumplimientos en este control,No detectado en este control,Ninguno,La presencia y estructura no certifican calidad pedagogica.,No aplica,NO EJECUTADO
4,"Atención de Enfermería, mención Enfermería",Todos los modulos aplicables,Consultar actividades.csv y revision-documental.json,Orientacion progresiva disponible,"Control documental, no validacion disciplinar",100.0,180/180 comprobaciones satisfactorias. Detalle individual en revision-documental.json.,Sin incumplimientos en este control,No detectado en este control,Ninguno,La presencia y estructura no certifican calidad pedagogica.,No aplica,NO EJECUTADO
4,"Atención de Enfermería, mención Enfermería",Todos los modulos aplicables,Consultar actividades.csv y revision-documental.json,Producto de respuesta indicado,"Control documental, no validacion disciplinar",100.0,180/180 comprobaciones satisfactorias. Detalle individual en revision-documental.json.,Sin incumplimientos en este control,No detectado en este control,Ninguno,La presencia y estructura no certifican calidad pedagogica.,No aplica,NO EJECUTADO
5,"Gastronomía, mención Cocina",Todos los modulos aplicables,Consultar actividades.csv y revision-documental.json,Alternativas distintas y no vacias,"Control documental, no validacion disciplinar",100.0,476/476 comprobaciones satisfactorias. Detalle individual en revision-documental.json.,Sin incumplimientos en este control,No detectado en este control,Ninguno,La presencia y estructura no certifican calidad pedagogica.,No aplica,NO EJECUTADO
5,"Gastronomía, mención Cocina",Todos los modulos aplicables,Consultar actividades.csv y revision-documental.json,Archivo de imagen existente,"Control documental, no validacion disciplinar",100.0,796/796 comprobaciones satisfactorias. Detalle individual en revision-documental.json.,Sin incumplimientos en este control,No detectado en este control,Ninguno,La presencia y estructura no certifican calidad pedagogica.,No aplica,NO EJECUTADO
5,"Gastronomía, mención Cocina",Todos los modulos aplicables,Consultar actividades.csv y revision-documental.json,Clave dentro de alternativas,"Control documental, no validacion disciplinar",100.0,476/476 comprobaciones satisfactorias. Detalle individual en revision-documental.json.,Sin incumplimientos en este control,No detectado en este control,Ninguno,La presencia y estructura no certifican calidad pedagogica.,No aplica,NO EJECUTADO
5,"Gastronomía, mención Cocina",Todos los modulos aplicables,Consultar actividades.csv y revision-documental.json,Consigna registrada,"Control documental, no validacion disciplinar",100.0,1331/1331 comprobaciones satisfactorias. Detalle individual en revision-documental.json.,Sin incumplimientos en este control,No detectado en este control,Ninguno,La presencia y estructura no certifican calidad pedagogica.,No aplica,NO EJECUTADO
5,"Gastronomía, mención Cocina",Todos los modulos aplicables,Consultar actividades.csv y revision-documental.json,Criterio pertenece al AE declarado,"Control documental, no validacion disciplinar",100.0,440/440 comprobaciones satisfactorias. Detalle individual en revision-documental.json.,Sin incumplimientos en este control,No detectado en este control,Ninguno,La presencia y estructura no certifican calidad pedagogica.,No aplica,NO EJECUTADO
5,"Gastronomía, mención Cocina",Todos los modulos aplicables,Consultar actividades.csv y revision-documental.json,Explicacion registrada,"Control documental, no validacion disciplinar",100.0,440/440 comprobaciones satisfactorias. Detalle individual en revision-documental.json.,Sin incumplimientos en este control,No detectado en este control,Ninguno,La presencia y estructura no certifican calidad pedagogica.,No aplica,NO EJECUTADO
5,"Gastronomía, mención Cocina",Todos los modulos aplicables,Consultar actividades.csv y revision-documental.json,Indice AE valido,"Control documental, no validacion disciplinar",100.0,440/440 comprobaciones satisfactorias. Detalle individual en revision-documental.json.,Sin incumplimientos en este control,No detectado en este control,Ninguno,La presencia y estructura no certifican calidad pedagogica.,No aplica,NO EJECUTADO
5,"Gastronomía, mención Cocina",Todos los modulos aplicables,Consultar actividades.csv y revision-documental.json,Orientacion progresiva disponible,"Control documental, no validacion disciplinar",100.0,216/216 comprobaciones satisfactorias. Detalle individual en revision-documental.json.,Sin incumplimientos en este control,No detectado en este control,Ninguno,La presencia y estructura no certifican calidad pedagogica.,No aplica,NO EJECUTADO
5,"Gastronomía, mención Cocina",Todos los modulos aplicables,Consultar actividades.csv y revision-documental.json,Producto de respuesta indicado,"Control documental, no validacion disciplinar",100.0,216/216 comprobaciones satisfactorias. Detalle individual en revision-documental.json.,Sin incumplimientos en este control,No detectado en este control,Ninguno,La presencia y estructura no certifican calidad pedagogica.,No aplica,NO EJECUTADO
6,"Gastronomía, mención Pastelería y Repostería",Todos los modulos aplicables,Consultar actividades.csv y revision-documental.json,Alternativas distintas y no vacias,"Control documental, no validacion disciplinar",100.0,475/475 comprobaciones satisfactorias. Detalle individual en revision-documental.json.,Sin incumplimientos en este control,No detectado en este control,Ninguno,La presencia y estructura no certifican calidad pedagogica.,No aplica,NO EJECUTADO
6,"Gastronomía, mención Pastelería y Repostería",Todos los modulos aplicables,Consultar actividades.csv y revision-documental.json,Archivo de imagen existente,"Control documental, no validacion disciplinar",100.0,791/791 comprobaciones satisfactorias. Detalle individual en revision-documental.json.,Sin incumplimientos en este control,No detectado en este control,Ninguno,La presencia y estructura no certifican calidad pedagogica.,No aplica,NO EJECUTADO
6,"Gastronomía, mención Pastelería y Repostería",Todos los modulos aplicables,Consultar actividades.csv y revision-documental.json,Clave dentro de alternativas,"Control documental, no validacion disciplinar",100.0,475/475 comprobaciones satisfactorias. Detalle individual en revision-documental.json.,Sin incumplimientos en este control,No detectado en este control,Ninguno,La presencia y estructura no certifican calidad pedagogica.,No aplica,NO EJECUTADO
6,"Gastronomía, mención Pastelería y Repostería",Todos los modulos aplicables,Consultar actividades.csv y revision-documental.json,Consigna registrada,"Control documental, no validacion disciplinar",100.0,1326/1326 comprobaciones satisfactorias. Detalle individual en revision-documental.json.,Sin incumplimientos en este control,No detectado en este control,Ninguno,La presencia y estructura no certifican calidad pedagogica.,No aplica,NO EJECUTADO
6,"Gastronomía, mención Pastelería y Repostería",Todos los modulos aplicables,Consultar actividades.csv y revision-documental.json,Criterio pertenece al AE declarado,"Control documental, no validacion disciplinar",100.0,440/440 comprobaciones satisfactorias. Detalle individual en revision-documental.json.,Sin incumplimientos en este control,No detectado en este control,Ninguno,La presencia y estructura no certifican calidad pedagogica.,No aplica,NO EJECUTADO
6,"Gastronomía, mención Pastelería y Repostería",Todos los modulos aplicables,Consultar actividades.csv y revision-documental.json,Explicacion registrada,"Control documental, no validacion disciplinar",100.0,440/440 comprobaciones satisfactorias. Detalle individual en revision-documental.json.,Sin incumplimientos en este control,No detectado en este control,Ninguno,La presencia y estructura no certifican calidad pedagogica.,No aplica,NO EJECUTADO
6,"Gastronomía, mención Pastelería y Repostería",Todos los modulos aplicables,Consultar actividades.csv y revision-documental.json,Indice AE valido,"Control documental, no validacion disciplinar",100.0,440/440 comprobaciones satisfactorias. Detalle individual en revision-documental.json.,Sin incumplimientos en este control,No detectado en este control,Ninguno,La presencia y estructura no certifican calidad pedagogica.,No aplica,NO EJECUTADO
6,"Gastronomía, mención Pastelería y Repostería",Todos los modulos aplicables,Consultar actividades.csv y revision-documental.json,Orientacion progresiva disponible,"Control documental, no validacion disciplinar",100.0,210/210 comprobaciones satisfactorias. Detalle individual en revision-documental.json.,Sin incumplimientos en este control,No detectado en este control,Ninguno,La presencia y estructura no certifican calidad pedagogica.,No aplica,NO EJECUTADO
6,"Gastronomía, mención Pastelería y Repostería",Todos los modulos aplicables,Consultar actividades.csv y revision-documental.json,Producto de respuesta indicado,"Control documental, no validacion disciplinar",100.0,210/210 comprobaciones satisfactorias. Detalle individual en revision-documental.json.,Sin incumplimientos en este control,No detectado en este control,Ninguno,La presencia y estructura no certifican calidad pedagogica.,No aplica,NO EJECUTADO
7,Servicios de Hotelería,Todos los modulos aplicables,Consultar actividades.csv y revision-documental.json,Alternativas distintas y no vacias,"Control documental, no validacion disciplinar",100.0,431/431 comprobaciones satisfactorias. Detalle individual en revision-documental.json.,Sin incumplimientos en este control,No detectado en este control,Ninguno,La presencia y estructura no certifican calidad pedagogica.,No aplica,NO EJECUTADO
7,Servicios de Hotelería,Todos los modulos aplicables,Consultar actividades.csv y revision-documental.json,Archivo de imagen existente,"Control documental, no validacion disciplinar",100.0,715/715 comprobaciones satisfactorias. Detalle individual en revision-documental.json.,Sin incumplimientos en este control,No detectado en este control,Ninguno,La presencia y estructura no certifican calidad pedagogica.,No aplica,NO EJECUTADO
7,Servicios de Hotelería,Todos los modulos aplicables,Consultar actividades.csv y revision-documental.json,Clave dentro de alternativas,"Control documental, no validacion disciplinar",100.0,431/431 comprobaciones satisfactorias. Detalle individual en revision-documental.json.,Sin incumplimientos en este control,No detectado en este control,Ninguno,La presencia y estructura no certifican calidad pedagogica.,No aplica,NO EJECUTADO
7,Servicios de Hotelería,Todos los modulos aplicables,Consultar actividades.csv y revision-documental.json,Consigna registrada,"Control documental, no validacion disciplinar",100.0,1225/1225 comprobaciones satisfactorias. Detalle individual en revision-documental.json.,Sin incumplimientos en este control,No detectado en este control,Ninguno,La presencia y estructura no certifican calidad pedagogica.,No aplica,NO EJECUTADO
7,Servicios de Hotelería,Todos los modulos aplicables,Consultar actividades.csv y revision-documental.json,Criterio pertenece al AE declarado,"Control documental, no validacion disciplinar",100.0,400/400 comprobaciones satisfactorias. Detalle individual en revision-documental.json.,Sin incumplimientos en este control,No detectado en este control,Ninguno,La presencia y estructura no certifican calidad pedagogica.,No aplica,NO EJECUTADO
7,Servicios de Hotelería,Todos los modulos aplicables,Consultar actividades.csv y revision-documental.json,Explicacion registrada,"Control documental, no validacion disciplinar",100.0,400/400 comprobaciones satisfactorias. Detalle individual en revision-documental.json.,Sin incumplimientos en este control,No detectado en este control,Ninguno,La presencia y estructura no certifican calidad pedagogica.,No aplica,NO EJECUTADO
7,Servicios de Hotelería,Todos los modulos aplicables,Consultar actividades.csv y revision-documental.json,Indice AE valido,"Control documental, no validacion disciplinar",100.0,400/400 comprobaciones satisfactorias. Detalle individual en revision-documental.json.,Sin incumplimientos en este control,No detectado en este control,Ninguno,La presencia y estructura no certifican calidad pedagogica.,No aplica,NO EJECUTADO
7,Servicios de Hotelería,Todos los modulos aplicables,Consultar actividades.csv y revision-documental.json,Orientacion progresiva disponible,"Control documental, no validacion disciplinar",100.0,186/186 comprobaciones satisfactorias. Detalle individual en revision-documental.json.,Sin incumplimientos en este control,No detectado en este control,Ninguno,La presencia y estructura no certifican calidad pedagogica.,No aplica,NO EJECUTADO
7,Servicios de Hotelería,Todos los modulos aplicables,Consultar actividades.csv y revision-documental.json,Producto de respuesta indicado,"Control documental, no validacion disciplinar",100.0,186/186 comprobaciones satisfactorias. Detalle individual en revision-documental.json.,Sin incumplimientos en este control,No detectado en este control,Ninguno,La presencia y estructura no certifican calidad pedagogica.,No aplica,NO EJECUTADO
8,Contabilidad,Todos los modulos aplicables,Consultar actividades.csv y revision-documental.json,Alternativas distintas y no vacias,"Control documental, no validacion disciplinar",100.0,431/431 comprobaciones satisfactorias. Detalle individual en revision-documental.json.,Sin incumplimientos en este control,No detectado en este control,Ninguno,La presencia y estructura no certifican calidad pedagogica.,No aplica,NO EJECUTADO
8,Contabilidad,Todos los modulos aplicables,Consultar actividades.csv y revision-documental.json,Archivo de imagen existente,"Control documental, no validacion disciplinar",100.0,715/715 comprobaciones satisfactorias. Detalle individual en revision-documental.json.,Sin incumplimientos en este control,No detectado en este control,Ninguno,La presencia y estructura no certifican calidad pedagogica.,No aplica,NO EJECUTADO
8,Contabilidad,Todos los modulos aplicables,Consultar actividades.csv y revision-documental.json,Clave dentro de alternativas,"Control documental, no validacion disciplinar",100.0,431/431 comprobaciones satisfactorias. Detalle individual en revision-documental.json.,Sin incumplimientos en este control,No detectado en este control,Ninguno,La presencia y estructura no certifican calidad pedagogica.,No aplica,NO EJECUTADO
8,Contabilidad,Todos los modulos aplicables,Consultar actividades.csv y revision-documental.json,Consigna registrada,"Control documental, no validacion disciplinar",100.0,1225/1225 comprobaciones satisfactorias. Detalle individual en revision-documental.json.,Sin incumplimientos en este control,No detectado en este control,Ninguno,La presencia y estructura no certifican calidad pedagogica.,No aplica,NO EJECUTADO
8,Contabilidad,Todos los modulos aplicables,Consultar actividades.csv y revision-documental.json,Criterio pertenece al AE declarado,"Control documental, no validacion disciplinar",100.0,400/400 comprobaciones satisfactorias. Detalle individual en revision-documental.json.,Sin incumplimientos en este control,No detectado en este control,Ninguno,La presencia y estructura no certifican calidad pedagogica.,No aplica,NO EJECUTADO
8,Contabilidad,Todos los modulos aplicables,Consultar actividades.csv y revision-documental.json,Explicacion registrada,"Control documental, no validacion disciplinar",100.0,400/400 comprobaciones satisfactorias. Detalle individual en revision-documental.json.,Sin incumplimientos en este control,No detectado en este control,Ninguno,La presencia y estructura no certifican calidad pedagogica.,No aplica,NO EJECUTADO
8,Contabilidad,Todos los modulos aplicables,Consultar actividades.csv y revision-documental.json,Indice AE valido,"Control documental, no validacion disciplinar",100.0,400/400 comprobaciones satisfactorias. Detalle individual en revision-documental.json.,Sin incumplimientos en este control,No detectado en este control,Ninguno,La presencia y estructura no certifican calidad pedagogica.,No aplica,NO EJECUTADO
8,Contabilidad,Todos los modulos aplicables,Consultar actividades.csv y revision-documental.json,Orientacion progresiva disponible,"Control documental, no validacion disciplinar",100.0,186/186 comprobaciones satisfactorias. Detalle individual en revision-documental.json.,Sin incumplimientos en este control,No detectado en este control,Ninguno,La presencia y estructura no certifican calidad pedagogica.,No aplica,NO EJECUTADO
8,Contabilidad,Todos los modulos aplicables,Consultar actividades.csv y revision-documental.json,Producto de respuesta indicado,"Control documental, no validacion disciplinar",100.0,186/186 comprobaciones satisfactorias. Detalle individual en revision-documental.json.,Sin incumplimientos en este control,No detectado en este control,Ninguno,La presencia y estructura no certifican calidad pedagogica.,No aplica,NO EJECUTADO
9,Elaboración Industrial de Alimentos,Todos los modulos aplicables,Consultar actividades.csv y revision-documental.json,Alternativas distintas y no vacias,"Control documental, no validacion disciplinar",100.0,384/384 comprobaciones satisfactorias. Detalle individual en revision-documental.json.,Sin incumplimientos en este control,No detectado en este control,Ninguno,La presencia y estructura no certifican calidad pedagogica.,No aplica,NO EJECUTADO
9,Elaboración Industrial de Alimentos,Todos los modulos aplicables,Consultar actividades.csv y revision-documental.json,Archivo de imagen existente,"Control documental, no validacion disciplinar",100.0,369/369 comprobaciones satisfactorias. Detalle individual en revision-documental.json.,Sin incumplimientos en este control,No detectado en este control,Ninguno,La presencia y estructura no certifican calidad pedagogica.,No aplica,NO EJECUTADO
9,Elaboración Industrial de Alimentos,Todos los modulos aplicables,Consultar actividades.csv y revision-documental.json,Clave dentro de alternativas,"Control documental, no validacion disciplinar",100.0,384/384 comprobaciones satisfactorias. Detalle individual en revision-documental.json.,Sin incumplimientos en este control,No detectado en este control,Ninguno,La presencia y estructura no certifican calidad pedagogica.,No aplica,NO EJECUTADO
9,Elaboración Industrial de Alimentos,Todos los modulos aplicables,Consultar actividades.csv y revision-documental.json,Consigna registrada,"Control documental, no validacion disciplinar",100.0,1108/1108 comprobaciones satisfactorias. Detalle individual en revision-documental.json.,Sin incumplimientos en este control,No detectado en este control,Ninguno,La presencia y estructura no certifican calidad pedagogica.,No aplica,NO EJECUTADO
9,Elaboración Industrial de Alimentos,Todos los modulos aplicables,Consultar actividades.csv y revision-documental.json,Criterio pertenece al AE declarado,"Control documental, no validacion disciplinar",100.0,360/360 comprobaciones satisfactorias. Detalle individual en revision-documental.json.,Sin incumplimientos en este control,No detectado en este control,Ninguno,La presencia y estructura no certifican calidad pedagogica.,No aplica,NO EJECUTADO
9,Elaboración Industrial de Alimentos,Todos los modulos aplicables,Consultar actividades.csv y revision-documental.json,Explicacion registrada,"Control documental, no validacion disciplinar",100.0,360/360 comprobaciones satisfactorias. Detalle individual en revision-documental.json.,Sin incumplimientos en este control,No detectado en este control,Ninguno,La presencia y estructura no certifican calidad pedagogica.,No aplica,NO EJECUTADO
9,Elaboración Industrial de Alimentos,Todos los modulos aplicables,Consultar actividades.csv y revision-documental.json,Indice AE valido,"Control documental, no validacion disciplinar",100.0,360/360 comprobaciones satisfactorias. Detalle individual en revision-documental.json.,Sin incumplimientos en este control,No detectado en este control,Ninguno,La presencia y estructura no certifican calidad pedagogica.,No aplica,NO EJECUTADO
9,Elaboración Industrial de Alimentos,Todos los modulos aplicables,Consultar actividades.csv y revision-documental.json,Orientacion progresiva disponible,"Control documental, no validacion disciplinar",100.0,144/144 comprobaciones satisfactorias. Detalle individual en revision-documental.json.,Sin incumplimientos en este control,No detectado en este control,Ninguno,La presencia y estructura no certifican calidad pedagogica.,No aplica,NO EJECUTADO
9,Elaboración Industrial de Alimentos,Todos los modulos aplicables,Consultar actividades.csv y revision-documental.json,Producto de respuesta indicado,"Control documental, no validacion disciplinar",100.0,144/144 comprobaciones satisfactorias. Detalle individual en revision-documental.json.,Sin incumplimientos en este control,No detectado en este control,Ninguno,La presencia y estructura no certifican calidad pedagogica.,No aplica,NO EJECUTADO
10,Vestuario y Confección Textil,Todos los modulos aplicables,Consultar actividades.csv y revision-documental.json,Alternativas distintas y no vacias,"Control documental, no validacion disciplinar",100.0,437/437 comprobaciones satisfactorias. Detalle individual en revision-documental.json.,Sin incumplimientos en este control,No detectado en este control,Ninguno,La presencia y estructura no certifican calidad pedagogica.,No aplica,NO EJECUTADO
10,Vestuario y Confección Textil,Todos los modulos aplicables,Consultar actividades.csv y revision-documental.json,Archivo de imagen existente,"Control documental, no validacion disciplinar",100.0,595/595 comprobaciones satisfactorias. Detalle individual en revision-documental.json.,Sin incumplimientos en este control,No detectado en este control,Ninguno,La presencia y estructura no certifican calidad pedagogica.,No aplica,NO EJECUTADO
10,Vestuario y Confección Textil,Todos los modulos aplicables,Consultar actividades.csv y revision-documental.json,Clave dentro de alternativas,"Control documental, no validacion disciplinar",100.0,437/437 comprobaciones satisfactorias. Detalle individual en revision-documental.json.,Sin incumplimientos en este control,No detectado en este control,Ninguno,La presencia y estructura no certifican calidad pedagogica.,No aplica,NO EJECUTADO
10,Vestuario y Confección Textil,Todos los modulos aplicables,Consultar actividades.csv y revision-documental.json,Consigna registrada,"Control documental, no validacion disciplinar",100.0,1262/1262 comprobaciones satisfactorias. Detalle individual en revision-documental.json.,Sin incumplimientos en este control,No detectado en este control,Ninguno,La presencia y estructura no certifican calidad pedagogica.,No aplica,NO EJECUTADO
10,Vestuario y Confección Textil,Todos los modulos aplicables,Consultar actividades.csv y revision-documental.json,Criterio pertenece al AE declarado,"Control documental, no validacion disciplinar",100.0,400/400 comprobaciones satisfactorias. Detalle individual en revision-documental.json.,Sin incumplimientos en este control,No detectado en este control,Ninguno,La presencia y estructura no certifican calidad pedagogica.,No aplica,NO EJECUTADO
10,Vestuario y Confección Textil,Todos los modulos aplicables,Consultar actividades.csv y revision-documental.json,Explicacion registrada,"Control documental, no validacion disciplinar",100.0,400/400 comprobaciones satisfactorias. Detalle individual en revision-documental.json.,Sin incumplimientos en este control,No detectado en este control,Ninguno,La presencia y estructura no certifican calidad pedagogica.,No aplica,NO EJECUTADO
10,Vestuario y Confección Textil,Todos los modulos aplicables,Consultar actividades.csv y revision-documental.json,Indice AE valido,"Control documental, no validacion disciplinar",100.0,400/400 comprobaciones satisfactorias. Detalle individual en revision-documental.json.,Sin incumplimientos en este control,No detectado en este control,Ninguno,La presencia y estructura no certifican calidad pedagogica.,No aplica,NO EJECUTADO
10,Vestuario y Confección Textil,Todos los modulos aplicables,Consultar actividades.csv y revision-documental.json,Orientacion progresiva disponible,"Control documental, no validacion disciplinar",100.0,222/222 comprobaciones satisfactorias. Detalle individual en revision-documental.json.,Sin incumplimientos en este control,No detectado en este control,Ninguno,La presencia y estructura no certifican calidad pedagogica.,No aplica,NO EJECUTADO
10,Vestuario y Confección Textil,Todos los modulos aplicables,Consultar actividades.csv y revision-documental.json,Producto de respuesta indicado,"Control documental, no validacion disciplinar",100.0,222/222 comprobaciones satisfactorias. Detalle individual en revision-documental.json.,Sin incumplimientos en este control,No detectado en este control,Ninguno,La presencia y estructura no certifican calidad pedagogica.,No aplica,NO EJECUTADO
11,Instalaciones Sanitarias,Todos los modulos aplicables,Consultar actividades.csv y revision-documental.json,Alternativas distintas y no vacias,"Control documental, no validacion disciplinar",100.0,435/435 comprobaciones satisfactorias. Detalle individual en revision-documental.json.,Sin incumplimientos en este control,No detectado en este control,Ninguno,La presencia y estructura no certifican calidad pedagogica.,No aplica,NO EJECUTADO
11,Instalaciones Sanitarias,Todos los modulos aplicables,Consultar actividades.csv y revision-documental.json,Archivo de imagen existente,"Control documental, no validacion disciplinar",100.0,410/410 comprobaciones satisfactorias. Detalle individual en revision-documental.json.,Sin incumplimientos en este control,No detectado en este control,Ninguno,La presencia y estructura no certifican calidad pedagogica.,No aplica,NO EJECUTADO
11,Instalaciones Sanitarias,Todos los modulos aplicables,Consultar actividades.csv y revision-documental.json,Clave dentro de alternativas,"Control documental, no validacion disciplinar",100.0,435/435 comprobaciones satisfactorias. Detalle individual en revision-documental.json.,Sin incumplimientos en este control,No detectado en este control,Ninguno,La presencia y estructura no certifican calidad pedagogica.,No aplica,NO EJECUTADO
11,Instalaciones Sanitarias,Todos los modulos aplicables,Consultar actividades.csv y revision-documental.json,Consigna registrada,"Control documental, no validacion disciplinar",100.0,1249/1249 comprobaciones satisfactorias. Detalle individual en revision-documental.json.,Sin incumplimientos en este control,No detectado en este control,Ninguno,La presencia y estructura no certifican calidad pedagogica.,No aplica,NO EJECUTADO
11,Instalaciones Sanitarias,Todos los modulos aplicables,Consultar actividades.csv y revision-documental.json,Criterio pertenece al AE declarado,"Control documental, no validacion disciplinar",100.0,400/400 comprobaciones satisfactorias. Detalle individual en revision-documental.json.,Sin incumplimientos en este control,No detectado en este control,Ninguno,La presencia y estructura no certifican calidad pedagogica.,No aplica,NO EJECUTADO
11,Instalaciones Sanitarias,Todos los modulos aplicables,Consultar actividades.csv y revision-documental.json,Explicacion registrada,"Control documental, no validacion disciplinar",100.0,400/400 comprobaciones satisfactorias. Detalle individual en revision-documental.json.,Sin incumplimientos en este control,No detectado en este control,Ninguno,La presencia y estructura no certifican calidad pedagogica.,No aplica,NO EJECUTADO
11,Instalaciones Sanitarias,Todos los modulos aplicables,Consultar actividades.csv y revision-documental.json,Indice AE valido,"Control documental, no validacion disciplinar",100.0,400/400 comprobaciones satisfactorias. Detalle individual en revision-documental.json.,Sin incumplimientos en este control,No detectado en este control,Ninguno,La presencia y estructura no certifican calidad pedagogica.,No aplica,NO EJECUTADO
11,Instalaciones Sanitarias,Todos los modulos aplicables,Consultar actividades.csv y revision-documental.json,Orientacion progresiva disponible,"Control documental, no validacion disciplinar",100.0,210/210 comprobaciones satisfactorias. Detalle individual en revision-documental.json.,Sin incumplimientos en este control,No detectado en este control,Ninguno,La presencia y estructura no certifican calidad pedagogica.,No aplica,NO EJECUTADO
11,Instalaciones Sanitarias,Todos los modulos aplicables,Consultar actividades.csv y revision-documental.json,Producto de respuesta indicado,"Control documental, no validacion disciplinar",100.0,210/210 comprobaciones satisfactorias. Detalle individual en revision-documental.json.,Sin incumplimientos en este control,No detectado en este control,Ninguno,La presencia y estructura no certifican calidad pedagogica.,No aplica,NO EJECUTADO
12,Montaje Industrial,Todos los modulos aplicables,Consultar actividades.csv y revision-documental.json,Alternativas distintas y no vacias,"Control documental, no validacion disciplinar",100.0,390/390 comprobaciones satisfactorias. Detalle individual en revision-documental.json.,Sin incumplimientos en este control,No detectado en este control,Ninguno,La presencia y estructura no certifican calidad pedagogica.,No aplica,NO EJECUTADO
12,Montaje Industrial,Todos los modulos aplicables,Consultar actividades.csv y revision-documental.json,Archivo de imagen existente,"Control documental, no validacion disciplinar",100.0,369/369 comprobaciones satisfactorias. Detalle individual en revision-documental.json.,Sin incumplimientos en este control,No detectado en este control,Ninguno,La presencia y estructura no certifican calidad pedagogica.,No aplica,NO EJECUTADO
12,Montaje Industrial,Todos los modulos aplicables,Consultar actividades.csv y revision-documental.json,Clave dentro de alternativas,"Control documental, no validacion disciplinar",100.0,390/390 comprobaciones satisfactorias. Detalle individual en revision-documental.json.,Sin incumplimientos en este control,No detectado en este control,Ninguno,La presencia y estructura no certifican calidad pedagogica.,No aplica,NO EJECUTADO
12,Montaje Industrial,Todos los modulos aplicables,Consultar actividades.csv y revision-documental.json,Consigna registrada,"Control documental, no validacion disciplinar",100.0,1142/1142 comprobaciones satisfactorias. Detalle individual en revision-documental.json.,Sin incumplimientos en este control,No detectado en este control,Ninguno,La presencia y estructura no certifican calidad pedagogica.,No aplica,NO EJECUTADO
12,Montaje Industrial,Todos los modulos aplicables,Consultar actividades.csv y revision-documental.json,Criterio pertenece al AE declarado,"Control documental, no validacion disciplinar",100.0,360/360 comprobaciones satisfactorias. Detalle individual en revision-documental.json.,Sin incumplimientos en este control,No detectado en este control,Ninguno,La presencia y estructura no certifican calidad pedagogica.,No aplica,NO EJECUTADO
12,Montaje Industrial,Todos los modulos aplicables,Consultar actividades.csv y revision-documental.json,Explicacion registrada,"Control documental, no validacion disciplinar",100.0,360/360 comprobaciones satisfactorias. Detalle individual en revision-documental.json.,Sin incumplimientos en este control,No detectado en este control,Ninguno,La presencia y estructura no certifican calidad pedagogica.,No aplica,NO EJECUTADO
12,Montaje Industrial,Todos los modulos aplicables,Consultar actividades.csv y revision-documental.json,Indice AE valido,"Control documental, no validacion disciplinar",100.0,360/360 comprobaciones satisfactorias. Detalle individual en revision-documental.json.,Sin incumplimientos en este control,No detectado en este control,Ninguno,La presencia y estructura no certifican calidad pedagogica.,No aplica,NO EJECUTADO
12,Montaje Industrial,Todos los modulos aplicables,Consultar actividades.csv y revision-documental.json,Orientacion progresiva disponible,"Control documental, no validacion disciplinar",100.0,180/180 comprobaciones satisfactorias. Detalle individual en revision-documental.json.,Sin incumplimientos en este control,No detectado en este control,Ninguno,La presencia y estructura no certifican calidad pedagogica.,No aplica,NO EJECUTADO
12,Montaje Industrial,Todos los modulos aplicables,Consultar actividades.csv y revision-documental.json,Producto de respuesta indicado,"Control documental, no validacion disciplinar",100.0,180/180 comprobaciones satisfactorias. Detalle individual en revision-documental.json.,Sin incumplimientos en este control,No detectado en este control,Ninguno,La presencia y estructura no certifican calidad pedagogica.,No aplica,NO EJECUTADO
13,Electrónica,Todos los modulos aplicables,Consultar actividades.csv y revision-documental.json,Alternativas distintas y no vacias,"Control documental, no validacion disciplinar",100.0,442/442 comprobaciones satisfactorias. Detalle individual en revision-documental.json.,Sin incumplimientos en este control,No detectado en este control,Ninguno,La presencia y estructura no certifican calidad pedagogica.,No aplica,NO EJECUTADO
13,Electrónica,Todos los modulos aplicables,Consultar actividades.csv y revision-documental.json,Archivo de imagen existente,"Control documental, no validacion disciplinar",100.0,620/620 comprobaciones satisfactorias. Detalle individual en revision-documental.json.,Sin incumplimientos en este control,No detectado en este control,Ninguno,La presencia y estructura no certifican calidad pedagogica.,No aplica,NO EJECUTADO
13,Electrónica,Todos los modulos aplicables,Consultar actividades.csv y revision-documental.json,Clave dentro de alternativas,"Control documental, no validacion disciplinar",100.0,442/442 comprobaciones satisfactorias. Detalle individual en revision-documental.json.,Sin incumplimientos en este control,No detectado en este control,Ninguno,La presencia y estructura no certifican calidad pedagogica.,No aplica,NO EJECUTADO
13,Electrónica,Todos los modulos aplicables,Consultar actividades.csv y revision-documental.json,Consigna registrada,"Control documental, no validacion disciplinar",100.0,1290/1290 comprobaciones satisfactorias. Detalle individual en revision-documental.json.,Sin incumplimientos en este control,No detectado en este control,Ninguno,La presencia y estructura no certifican calidad pedagogica.,No aplica,NO EJECUTADO
13,Electrónica,Todos los modulos aplicables,Consultar actividades.csv y revision-documental.json,Criterio pertenece al AE declarado,"Control documental, no validacion disciplinar",100.0,400/400 comprobaciones satisfactorias. Detalle individual en revision-documental.json.,Sin incumplimientos en este control,No detectado en este control,Ninguno,La presencia y estructura no certifican calidad pedagogica.,No aplica,NO EJECUTADO
13,Electrónica,Todos los modulos aplicables,Consultar actividades.csv y revision-documental.json,Explicacion registrada,"Control documental, no validacion disciplinar",100.0,400/400 comprobaciones satisfactorias. Detalle individual en revision-documental.json.,Sin incumplimientos en este control,No detectado en este control,Ninguno,La presencia y estructura no certifican calidad pedagogica.,No aplica,NO EJECUTADO
13,Electrónica,Todos los modulos aplicables,Consultar actividades.csv y revision-documental.json,Indice AE valido,"Control documental, no validacion disciplinar",100.0,400/400 comprobaciones satisfactorias. Detalle individual en revision-documental.json.,Sin incumplimientos en este control,No detectado en este control,Ninguno,La presencia y estructura no certifican calidad pedagogica.,No aplica,NO EJECUTADO
13,Electrónica,Todos los modulos aplicables,Consultar actividades.csv y revision-documental.json,Orientacion progresiva disponible,"Control documental, no validacion disciplinar",100.0,252/252 comprobaciones satisfactorias. Detalle individual en revision-documental.json.,Sin incumplimientos en este control,No detectado en este control,Ninguno,La presencia y estructura no certifican calidad pedagogica.,No aplica,NO EJECUTADO
13,Electrónica,Todos los modulos aplicables,Consultar actividades.csv y revision-documental.json,Producto de respuesta indicado,"Control documental, no validacion disciplinar",100.0,252/252 comprobaciones satisfactorias. Detalle individual en revision-documental.json.,Sin incumplimientos en este control,No detectado en este control,Ninguno,La presencia y estructura no certifican calidad pedagogica.,No aplica,NO EJECUTADO
14,Dibujo Técnico,Todos los modulos aplicables,Consultar actividades.csv y revision-documental.json,Alternativas distintas y no vacias,"Control documental, no validacion disciplinar",100.0,477/477 comprobaciones satisfactorias. Detalle individual en revision-documental.json.,Sin incumplimientos en este control,No detectado en este control,Ninguno,La presencia y estructura no certifican calidad pedagogica.,No aplica,NO EJECUTADO
14,Dibujo Técnico,Todos los modulos aplicables,Consultar actividades.csv y revision-documental.json,Archivo de imagen existente,"Control documental, no validacion disciplinar",100.0,451/451 comprobaciones satisfactorias. Detalle individual en revision-documental.json.,Sin incumplimientos en este control,No detectado en este control,Ninguno,La presencia y estructura no certifican calidad pedagogica.,No aplica,NO EJECUTADO
14,Dibujo Técnico,Todos los modulos aplicables,Consultar actividades.csv y revision-documental.json,Clave dentro de alternativas,"Control documental, no validacion disciplinar",100.0,477/477 comprobaciones satisfactorias. Detalle individual en revision-documental.json.,Sin incumplimientos en este control,No detectado en este control,Ninguno,La presencia y estructura no certifican calidad pedagogica.,No aplica,NO EJECUTADO
14,Dibujo Técnico,Todos los modulos aplicables,Consultar actividades.csv y revision-documental.json,Consigna registrada,"Control documental, no validacion disciplinar",100.0,1338/1338 comprobaciones satisfactorias. Detalle individual en revision-documental.json.,Sin incumplimientos en este control,No detectado en este control,Ninguno,La presencia y estructura no certifican calidad pedagogica.,No aplica,NO EJECUTADO
14,Dibujo Técnico,Todos los modulos aplicables,Consultar actividades.csv y revision-documental.json,Criterio pertenece al AE declarado,"Control documental, no validacion disciplinar",100.0,440/440 comprobaciones satisfactorias. Detalle individual en revision-documental.json.,Sin incumplimientos en este control,No detectado en este control,Ninguno,La presencia y estructura no certifican calidad pedagogica.,No aplica,NO EJECUTADO
14,Dibujo Técnico,Todos los modulos aplicables,Consultar actividades.csv y revision-documental.json,Explicacion registrada,"Control documental, no validacion disciplinar",100.0,440/440 comprobaciones satisfactorias. Detalle individual en revision-documental.json.,Sin incumplimientos en este control,No detectado en este control,Ninguno,La presencia y estructura no certifican calidad pedagogica.,No aplica,NO EJECUTADO
14,Dibujo Técnico,Todos los modulos aplicables,Consultar actividades.csv y revision-documental.json,Indice AE valido,"Control documental, no validacion disciplinar",100.0,440/440 comprobaciones satisfactorias. Detalle individual en revision-documental.json.,Sin incumplimientos en este control,No detectado en este control,Ninguno,La presencia y estructura no certifican calidad pedagogica.,No aplica,NO EJECUTADO
14,Dibujo Técnico,Todos los modulos aplicables,Consultar actividades.csv y revision-documental.json,Orientacion progresiva disponible,"Control documental, no validacion disciplinar",100.0,222/222 comprobaciones satisfactorias. Detalle individual en revision-documental.json.,Sin incumplimientos en este control,No detectado en este control,Ninguno,La presencia y estructura no certifican calidad pedagogica.,No aplica,NO EJECUTADO
14,Dibujo Técnico,Todos los modulos aplicables,Consultar actividades.csv y revision-documental.json,Producto de respuesta indicado,"Control documental, no validacion disciplinar",100.0,222/222 comprobaciones satisfactorias. Detalle individual en revision-documental.json.,Sin incumplimientos en este control,No detectado en este control,Ninguno,La presencia y estructura no certifican calidad pedagogica.,No aplica,NO EJECUTADO
15,Gráfica,Todos los modulos aplicables,Consultar actividades.csv y revision-documental.json,Alternativas distintas y no vacias,"Control documental, no validacion disciplinar",100.0,385/385 comprobaciones satisfactorias. Detalle individual en revision-documental.json.,Sin incumplimientos en este control,No detectado en este control,Ninguno,La presencia y estructura no certifican calidad pedagogica.,No aplica,NO EJECUTADO
15,Gráfica,Todos los modulos aplicables,Consultar actividades.csv y revision-documental.json,Archivo de imagen existente,"Control documental, no validacion disciplinar",100.0,369/369 comprobaciones satisfactorias. Detalle individual en revision-documental.json.,Sin incumplimientos en este control,No detectado en este control,Ninguno,La presencia y estructura no certifican calidad pedagogica.,No aplica,NO EJECUTADO
15,Gráfica,Todos los modulos aplicables,Consultar actividades.csv y revision-documental.json,Clave dentro de alternativas,"Control documental, no validacion disciplinar",100.0,385/385 comprobaciones satisfactorias. Detalle individual en revision-documental.json.,Sin incumplimientos en este control,No detectado en este control,Ninguno,La presencia y estructura no certifican calidad pedagogica.,No aplica,NO EJECUTADO
15,Gráfica,Todos los modulos aplicables,Consultar actividades.csv y revision-documental.json,Consigna registrada,"Control documental, no validacion disciplinar",100.0,1112/1112 comprobaciones satisfactorias. Detalle individual en revision-documental.json.,Sin incumplimientos en este control,No detectado en este control,Ninguno,La presencia y estructura no certifican calidad pedagogica.,No aplica,NO EJECUTADO
15,Gráfica,Todos los modulos aplicables,Consultar actividades.csv y revision-documental.json,Criterio pertenece al AE declarado,"Control documental, no validacion disciplinar",100.0,360/360 comprobaciones satisfactorias. Detalle individual en revision-documental.json.,Sin incumplimientos en este control,No detectado en este control,Ninguno,La presencia y estructura no certifican calidad pedagogica.,No aplica,NO EJECUTADO
15,Gráfica,Todos los modulos aplicables,Consultar actividades.csv y revision-documental.json,Explicacion registrada,"Control documental, no validacion disciplinar",100.0,360/360 comprobaciones satisfactorias. Detalle individual en revision-documental.json.,Sin incumplimientos en este control,No detectado en este control,Ninguno,La presencia y estructura no certifican calidad pedagogica.,No aplica,NO EJECUTADO
15,Gráfica,Todos los modulos aplicables,Consultar actividades.csv y revision-documental.json,Indice AE valido,"Control documental, no validacion disciplinar",100.0,360/360 comprobaciones satisfactorias. Detalle individual en revision-documental.json.,Sin incumplimientos en este control,No detectado en este control,Ninguno,La presencia y estructura no certifican calidad pedagogica.,No aplica,NO EJECUTADO
15,Gráfica,Todos los modulos aplicables,Consultar actividades.csv y revision-documental.json,Orientacion progresiva disponible,"Control documental, no validacion disciplinar",100.0,150/150 comprobaciones satisfactorias. Detalle individual en revision-documental.json.,Sin incumplimientos en este control,No detectado en este control,Ninguno,La presencia y estructura no certifican calidad pedagogica.,No aplica,NO EJECUTADO
15,Gráfica,Todos los modulos aplicables,Consultar actividades.csv y revision-documental.json,Producto de respuesta indicado,"Control documental, no validacion disciplinar",100.0,150/150 comprobaciones satisfactorias. Detalle individual en revision-documental.json.,Sin incumplimientos en este control,No detectado en este control,Ninguno,La presencia y estructura no certifican calidad pedagogica.,No aplica,NO EJECUTADO
16,Servicios de Turismo,Todos los modulos aplicables,Consultar actividades.csv y revision-documental.json,Alternativas distintas y no vacias,"Control documental, no validacion disciplinar",100.0,432/432 comprobaciones satisfactorias. Detalle individual en revision-documental.json.,Sin incumplimientos en este control,No detectado en este control,Ninguno,La presencia y estructura no certifican calidad pedagogica.,No aplica,NO EJECUTADO
16,Servicios de Turismo,Todos los modulos aplicables,Consultar actividades.csv y revision-documental.json,Archivo de imagen existente,"Control documental, no validacion disciplinar",100.0,410/410 comprobaciones satisfactorias. Detalle individual en revision-documental.json.,Sin incumplimientos en este control,No detectado en este control,Ninguno,La presencia y estructura no certifican calidad pedagogica.,No aplica,NO EJECUTADO
16,Servicios de Turismo,Todos los modulos aplicables,Consultar actividades.csv y revision-documental.json,Clave dentro de alternativas,"Control documental, no validacion disciplinar",100.0,432/432 comprobaciones satisfactorias. Detalle individual en revision-documental.json.,Sin incumplimientos en este control,No detectado en este control,Ninguno,La presencia y estructura no certifican calidad pedagogica.,No aplica,NO EJECUTADO
16,Servicios de Turismo,Todos los modulos aplicables,Consultar actividades.csv y revision-documental.json,Consigna registrada,"Control documental, no validacion disciplinar",100.0,1231/1231 comprobaciones satisfactorias. Detalle individual en revision-documental.json.,Sin incumplimientos en este control,No detectado en este control,Ninguno,La presencia y estructura no certifican calidad pedagogica.,No aplica,NO EJECUTADO
16,Servicios de Turismo,Todos los modulos aplicables,Consultar actividades.csv y revision-documental.json,Criterio pertenece al AE declarado,"Control documental, no validacion disciplinar",100.0,400/400 comprobaciones satisfactorias. Detalle individual en revision-documental.json.,Sin incumplimientos en este control,No detectado en este control,Ninguno,La presencia y estructura no certifican calidad pedagogica.,No aplica,NO EJECUTADO
16,Servicios de Turismo,Todos los modulos aplicables,Consultar actividades.csv y revision-documental.json,Explicacion registrada,"Control documental, no validacion disciplinar",100.0,400/400 comprobaciones satisfactorias. Detalle individual en revision-documental.json.,Sin incumplimientos en este control,No detectado en este control,Ninguno,La presencia y estructura no certifican calidad pedagogica.,No aplica,NO EJECUTADO
16,Servicios de Turismo,Todos los modulos aplicables,Consultar actividades.csv y revision-documental.json,Indice AE valido,"Control documental, no validacion disciplinar",100.0,400/400 comprobaciones satisfactorias. Detalle individual en revision-documental.json.,Sin incumplimientos en este control,No detectado en este control,Ninguno,La presencia y estructura no certifican calidad pedagogica.,No aplica,NO EJECUTADO
16,Servicios de Turismo,Todos los modulos aplicables,Consultar actividades.csv y revision-documental.json,Orientacion progresiva disponible,"Control documental, no validacion disciplinar",100.0,192/192 comprobaciones satisfactorias. Detalle individual en revision-documental.json.,Sin incumplimientos en este control,No detectado en este control,Ninguno,La presencia y estructura no certifican calidad pedagogica.,No aplica,NO EJECUTADO
16,Servicios de Turismo,Todos los modulos aplicables,Consultar actividades.csv y revision-documental.json,Producto de respuesta indicado,"Control documental, no validacion disciplinar",100.0,192/192 comprobaciones satisfactorias. Detalle individual en revision-documental.json.,Sin incumplimientos en este control,No detectado en este control,Ninguno,La presencia y estructura no certifican calidad pedagogica.,No aplica,NO EJECUTADO
17,Forestal,Todos los modulos aplicables,Consultar actividades.csv y revision-documental.json,Alternativas distintas y no vacias,"Control documental, no validacion disciplinar",100.0,390/390 comprobaciones satisfactorias. Detalle individual en revision-documental.json.,Sin incumplimientos en este control,No detectado en este control,Ninguno,La presencia y estructura no certifican calidad pedagogica.,No aplica,NO EJECUTADO
17,Forestal,Todos los modulos aplicables,Consultar actividades.csv y revision-documental.json,Archivo de imagen existente,"Control documental, no validacion disciplinar",100.0,369/369 comprobaciones satisfactorias. Detalle individual en revision-documental.json.,Sin incumplimientos en este control,No detectado en este control,Ninguno,La presencia y estructura no certifican calidad pedagogica.,No aplica,NO EJECUTADO
17,Forestal,Todos los modulos aplicables,Consultar actividades.csv y revision-documental.json,Clave dentro de alternativas,"Control documental, no validacion disciplinar",100.0,390/390 comprobaciones satisfactorias. Detalle individual en revision-documental.json.,Sin incumplimientos en este control,No detectado en este control,Ninguno,La presencia y estructura no certifican calidad pedagogica.,No aplica,NO EJECUTADO
17,Forestal,Todos los modulos aplicables,Consultar actividades.csv y revision-documental.json,Consigna registrada,"Control documental, no validacion disciplinar",100.0,1142/1142 comprobaciones satisfactorias. Detalle individual en revision-documental.json.,Sin incumplimientos en este control,No detectado en este control,Ninguno,La presencia y estructura no certifican calidad pedagogica.,No aplica,NO EJECUTADO
17,Forestal,Todos los modulos aplicables,Consultar actividades.csv y revision-documental.json,Criterio pertenece al AE declarado,"Control documental, no validacion disciplinar",100.0,360/360 comprobaciones satisfactorias. Detalle individual en revision-documental.json.,Sin incumplimientos en este control,No detectado en este control,Ninguno,La presencia y estructura no certifican calidad pedagogica.,No aplica,NO EJECUTADO
17,Forestal,Todos los modulos aplicables,Consultar actividades.csv y revision-documental.json,Explicacion registrada,"Control documental, no validacion disciplinar",100.0,360/360 comprobaciones satisfactorias. Detalle individual en revision-documental.json.,Sin incumplimientos en este control,No detectado en este control,Ninguno,La presencia y estructura no certifican calidad pedagogica.,No aplica,NO EJECUTADO
17,Forestal,Todos los modulos aplicables,Consultar actividades.csv y revision-documental.json,Indice AE valido,"Control documental, no validacion disciplinar",100.0,360/360 comprobaciones satisfactorias. Detalle individual en revision-documental.json.,Sin incumplimientos en este control,No detectado en este control,Ninguno,La presencia y estructura no certifican calidad pedagogica.,No aplica,NO EJECUTADO
17,Forestal,Todos los modulos aplicables,Consultar actividades.csv y revision-documental.json,Orientacion progresiva disponible,"Control documental, no validacion disciplinar",100.0,180/180 comprobaciones satisfactorias. Detalle individual en revision-documental.json.,Sin incumplimientos en este control,No detectado en este control,Ninguno,La presencia y estructura no certifican calidad pedagogica.,No aplica,NO EJECUTADO
17,Forestal,Todos los modulos aplicables,Consultar actividades.csv y revision-documental.json,Producto de respuesta indicado,"Control documental, no validacion disciplinar",100.0,180/180 comprobaciones satisfactorias. Detalle individual en revision-documental.json.,Sin incumplimientos en este control,No detectado en este control,Ninguno,La presencia y estructura no certifican calidad pedagogica.,No aplica,NO EJECUTADO
18,Muebles y Terminaciones en Madera,Todos los modulos aplicables,Consultar actividades.csv y revision-documental.json,Alternativas distintas y no vacias,"Control documental, no validacion disciplinar",100.0,441/441 comprobaciones satisfactorias. Detalle individual en revision-documental.json.,Sin incumplimientos en este control,No detectado en este control,Ninguno,La presencia y estructura no certifican calidad pedagogica.,No aplica,NO EJECUTADO
18,Muebles y Terminaciones en Madera,Todos los modulos aplicables,Consultar actividades.csv y revision-documental.json,Archivo de imagen existente,"Control documental, no validacion disciplinar",100.0,615/615 comprobaciones satisfactorias. Detalle individual en revision-documental.json.,Sin incumplimientos en este control,No detectado en este control,Ninguno,La presencia y estructura no certifican calidad pedagogica.,No aplica,NO EJECUTADO
18,Muebles y Terminaciones en Madera,Todos los modulos aplicables,Consultar actividades.csv y revision-documental.json,Clave dentro de alternativas,"Control documental, no validacion disciplinar",100.0,441/441 comprobaciones satisfactorias. Detalle individual en revision-documental.json.,Sin incumplimientos en este control,No detectado en este control,Ninguno,La presencia y estructura no certifican calidad pedagogica.,No aplica,NO EJECUTADO
18,Muebles y Terminaciones en Madera,Todos los modulos aplicables,Consultar actividades.csv y revision-documental.json,Consigna registrada,"Control documental, no validacion disciplinar",100.0,1284/1284 comprobaciones satisfactorias. Detalle individual en revision-documental.json.,Sin incumplimientos en este control,No detectado en este control,Ninguno,La presencia y estructura no certifican calidad pedagogica.,No aplica,NO EJECUTADO
18,Muebles y Terminaciones en Madera,Todos los modulos aplicables,Consultar actividades.csv y revision-documental.json,Criterio pertenece al AE declarado,"Control documental, no validacion disciplinar",100.0,400/400 comprobaciones satisfactorias. Detalle individual en revision-documental.json.,Sin incumplimientos en este control,No detectado en este control,Ninguno,La presencia y estructura no certifican calidad pedagogica.,No aplica,NO EJECUTADO
18,Muebles y Terminaciones en Madera,Todos los modulos aplicables,Consultar actividades.csv y revision-documental.json,Explicacion registrada,"Control documental, no validacion disciplinar",100.0,400/400 comprobaciones satisfactorias. Detalle individual en revision-documental.json.,Sin incumplimientos en este control,No detectado en este control,Ninguno,La presencia y estructura no certifican calidad pedagogica.,No aplica,NO EJECUTADO
18,Muebles y Terminaciones en Madera,Todos los modulos aplicables,Consultar actividades.csv y revision-documental.json,Indice AE valido,"Control documental, no validacion disciplinar",100.0,400/400 comprobaciones satisfactorias. Detalle individual en revision-documental.json.,Sin incumplimientos en este control,No detectado en este control,Ninguno,La presencia y estructura no certifican calidad pedagogica.,No aplica,NO EJECUTADO
18,Muebles y Terminaciones en Madera,Todos los modulos aplicables,Consultar actividades.csv y revision-documental.json,Orientacion progresiva disponible,"Control documental, no validacion disciplinar",100.0,246/246 comprobaciones satisfactorias. Detalle individual en revision-documental.json.,Sin incumplimientos en este control,No detectado en este control,Ninguno,La presencia y estructura no certifican calidad pedagogica.,No aplica,NO EJECUTADO
18,Muebles y Terminaciones en Madera,Todos los modulos aplicables,Consultar actividades.csv y revision-documental.json,Producto de respuesta indicado,"Control documental, no validacion disciplinar",100.0,246/246 comprobaciones satisfactorias. Detalle individual en revision-documental.json.,Sin incumplimientos en este control,No detectado en este control,Ninguno,La presencia y estructura no certifican calidad pedagogica.,No aplica,NO EJECUTADO
19,Acuicultura,Todos los modulos aplicables,Consultar actividades.csv y revision-documental.json,Alternativas distintas y no vacias,"Control documental, no validacion disciplinar",100.0,393/393 comprobaciones satisfactorias. Detalle individual en revision-documental.json.,Sin incumplimientos en este control,No detectado en este control,Ninguno,La presencia y estructura no certifican calidad pedagogica.,No aplica,NO EJECUTADO
19,Acuicultura,Todos los modulos aplicables,Consultar actividades.csv y revision-documental.json,Archivo de imagen existente,"Control documental, no validacion disciplinar",100.0,534/534 comprobaciones satisfactorias. Detalle individual en revision-documental.json.,Sin incumplimientos en este control,No detectado en este control,Ninguno,La presencia y estructura no certifican calidad pedagogica.,No aplica,NO EJECUTADO
19,Acuicultura,Todos los modulos aplicables,Consultar actividades.csv y revision-documental.json,Clave dentro de alternativas,"Control documental, no validacion disciplinar",100.0,393/393 comprobaciones satisfactorias. Detalle individual en revision-documental.json.,Sin incumplimientos en este control,No detectado en este control,Ninguno,La presencia y estructura no certifican calidad pedagogica.,No aplica,NO EJECUTADO
19,Acuicultura,Todos los modulos aplicables,Consultar actividades.csv y revision-documental.json,Consigna registrada,"Control documental, no validacion disciplinar",100.0,1160/1160 comprobaciones satisfactorias. Detalle individual en revision-documental.json.,Sin incumplimientos en este control,No detectado en este control,Ninguno,La presencia y estructura no certifican calidad pedagogica.,No aplica,NO EJECUTADO
19,Acuicultura,Todos los modulos aplicables,Consultar actividades.csv y revision-documental.json,Criterio pertenece al AE declarado,"Control documental, no validacion disciplinar",100.0,360/360 comprobaciones satisfactorias. Detalle individual en revision-documental.json.,Sin incumplimientos en este control,No detectado en este control,Ninguno,La presencia y estructura no certifican calidad pedagogica.,No aplica,NO EJECUTADO
19,Acuicultura,Todos los modulos aplicables,Consultar actividades.csv y revision-documental.json,Explicacion registrada,"Control documental, no validacion disciplinar",100.0,360/360 comprobaciones satisfactorias. Detalle individual en revision-documental.json.,Sin incumplimientos en este control,No detectado en este control,Ninguno,La presencia y estructura no certifican calidad pedagogica.,No aplica,NO EJECUTADO
19,Acuicultura,Todos los modulos aplicables,Consultar actividades.csv y revision-documental.json,Indice AE valido,"Control documental, no validacion disciplinar",100.0,360/360 comprobaciones satisfactorias. Detalle individual en revision-documental.json.,Sin incumplimientos en este control,No detectado en este control,Ninguno,La presencia y estructura no certifican calidad pedagogica.,No aplica,NO EJECUTADO
19,Acuicultura,Todos los modulos aplicables,Consultar actividades.csv y revision-documental.json,Orientacion progresiva disponible,"Control documental, no validacion disciplinar",100.0,198/198 comprobaciones satisfactorias. Detalle individual en revision-documental.json.,Sin incumplimientos en este control,No detectado en este control,Ninguno,La presencia y estructura no certifican calidad pedagogica.,No aplica,NO EJECUTADO
19,Acuicultura,Todos los modulos aplicables,Consultar actividades.csv y revision-documental.json,Producto de respuesta indicado,"Control documental, no validacion disciplinar",100.0,198/198 comprobaciones satisfactorias. Detalle individual en revision-documental.json.,Sin incumplimientos en este control,No detectado en este control,Ninguno,La presencia y estructura no certifican calidad pedagogica.,No aplica,NO EJECUTADO
20,Operaciones Portuarias,Todos los modulos aplicables,Consultar actividades.csv y revision-documental.json,Alternativas distintas y no vacias,"Control documental, no validacion disciplinar",100.0,390/390 comprobaciones satisfactorias. Detalle individual en revision-documental.json.,Sin incumplimientos en este control,No detectado en este control,Ninguno,La presencia y estructura no certifican calidad pedagogica.,No aplica,NO EJECUTADO
20,Operaciones Portuarias,Todos los modulos aplicables,Consultar actividades.csv y revision-documental.json,Archivo de imagen existente,"Control documental, no validacion disciplinar",100.0,369/369 comprobaciones satisfactorias. Detalle individual en revision-documental.json.,Sin incumplimientos en este control,No detectado en este control,Ninguno,La presencia y estructura no certifican calidad pedagogica.,No aplica,NO EJECUTADO
20,Operaciones Portuarias,Todos los modulos aplicables,Consultar actividades.csv y revision-documental.json,Clave dentro de alternativas,"Control documental, no validacion disciplinar",100.0,390/390 comprobaciones satisfactorias. Detalle individual en revision-documental.json.,Sin incumplimientos en este control,No detectado en este control,Ninguno,La presencia y estructura no certifican calidad pedagogica.,No aplica,NO EJECUTADO
20,Operaciones Portuarias,Todos los modulos aplicables,Consultar actividades.csv y revision-documental.json,Consigna registrada,"Control documental, no validacion disciplinar",100.0,1137/1137 comprobaciones satisfactorias. Detalle individual en revision-documental.json.,Sin incumplimientos en este control,No detectado en este control,Ninguno,La presencia y estructura no certifican calidad pedagogica.,No aplica,NO EJECUTADO
20,Operaciones Portuarias,Todos los modulos aplicables,Consultar actividades.csv y revision-documental.json,Criterio pertenece al AE declarado,"Control documental, no validacion disciplinar",100.0,360/360 comprobaciones satisfactorias. Detalle individual en revision-documental.json.,Sin incumplimientos en este control,No detectado en este control,Ninguno,La presencia y estructura no certifican calidad pedagogica.,No aplica,NO EJECUTADO
20,Operaciones Portuarias,Todos los modulos aplicables,Consultar actividades.csv y revision-documental.json,Explicacion registrada,"Control documental, no validacion disciplinar",100.0,360/360 comprobaciones satisfactorias. Detalle individual en revision-documental.json.,Sin incumplimientos en este control,No detectado en este control,Ninguno,La presencia y estructura no certifican calidad pedagogica.,No aplica,NO EJECUTADO
20,Operaciones Portuarias,Todos los modulos aplicables,Consultar actividades.csv y revision-documental.json,Indice AE valido,"Control documental, no validacion disciplinar",100.0,360/360 comprobaciones satisfactorias. Detalle individual en revision-documental.json.,Sin incumplimientos en este control,No detectado en este control,Ninguno,La presencia y estructura no certifican calidad pedagogica.,No aplica,NO EJECUTADO
20,Operaciones Portuarias,Todos los modulos aplicables,Consultar actividades.csv y revision-documental.json,Orientacion progresiva disponible,"Control documental, no validacion disciplinar",100.0,180/180 comprobaciones satisfactorias. Detalle individual en revision-documental.json.,Sin incumplimientos en este control,No detectado en este control,Ninguno,La presencia y estructura no certifican calidad pedagogica.,No aplica,NO EJECUTADO
20,Operaciones Portuarias,Todos los modulos aplicables,Consultar actividades.csv y revision-documental.json,Producto de respuesta indicado,"Control documental, no validacion disciplinar",100.0,180/180 comprobaciones satisfactorias. Detalle individual en revision-documental.json.,Sin incumplimientos en este control,No detectado en este control,Ninguno,La presencia y estructura no certifican calidad pedagogica.,No aplica,NO EJECUTADO
21,Pesquería,Todos los modulos aplicables,Consultar actividades.csv y revision-documental.json,Alternativas distintas y no vacias,"Control documental, no validacion disciplinar",100.0,397/397 comprobaciones satisfactorias. Detalle individual en revision-documental.json.,Sin incumplimientos en este control,No detectado en este control,Ninguno,La presencia y estructura no certifican calidad pedagogica.,No aplica,NO EJECUTADO
21,Pesquería,Todos los modulos aplicables,Consultar actividades.csv y revision-documental.json,Archivo de imagen existente,"Control documental, no validacion disciplinar",100.0,369/369 comprobaciones satisfactorias. Detalle individual en revision-documental.json.,Sin incumplimientos en este control,No detectado en este control,Ninguno,La presencia y estructura no certifican calidad pedagogica.,No aplica,NO EJECUTADO
21,Pesquería,Todos los modulos aplicables,Consultar actividades.csv y revision-documental.json,Clave dentro de alternativas,"Control documental, no validacion disciplinar",100.0,397/397 comprobaciones satisfactorias. Detalle individual en revision-documental.json.,Sin incumplimientos en este control,No detectado en este control,Ninguno,La presencia y estructura no certifican calidad pedagogica.,No aplica,NO EJECUTADO
21,Pesquería,Todos los modulos aplicables,Consultar actividades.csv y revision-documental.json,Consigna registrada,"Control documental, no validacion disciplinar",100.0,1184/1184 comprobaciones satisfactorias. Detalle individual en revision-documental.json.,Sin incumplimientos en este control,No detectado en este control,Ninguno,La presencia y estructura no certifican calidad pedagogica.,No aplica,NO EJECUTADO
21,Pesquería,Todos los modulos aplicables,Consultar actividades.csv y revision-documental.json,Criterio pertenece al AE declarado,"Control documental, no validacion disciplinar",100.0,360/360 comprobaciones satisfactorias. Detalle individual en revision-documental.json.,Sin incumplimientos en este control,No detectado en este control,Ninguno,La presencia y estructura no certifican calidad pedagogica.,No aplica,NO EJECUTADO
21,Pesquería,Todos los modulos aplicables,Consultar actividades.csv y revision-documental.json,Explicacion registrada,"Control documental, no validacion disciplinar",100.0,360/360 comprobaciones satisfactorias. Detalle individual en revision-documental.json.,Sin incumplimientos en este control,No detectado en este control,Ninguno,La presencia y estructura no certifican calidad pedagogica.,No aplica,NO EJECUTADO
21,Pesquería,Todos los modulos aplicables,Consultar actividades.csv y revision-documental.json,Indice AE valido,"Control documental, no validacion disciplinar",100.0,360/360 comprobaciones satisfactorias. Detalle individual en revision-documental.json.,Sin incumplimientos en este control,No detectado en este control,Ninguno,La presencia y estructura no certifican calidad pedagogica.,No aplica,NO EJECUTADO
21,Pesquería,Todos los modulos aplicables,Consultar actividades.csv y revision-documental.json,Orientacion progresiva disponible,"Control documental, no validacion disciplinar",100.0,222/222 comprobaciones satisfactorias. Detalle individual en revision-documental.json.,Sin incumplimientos en este control,No detectado en este control,Ninguno,La presencia y estructura no certifican calidad pedagogica.,No aplica,NO EJECUTADO
21,Pesquería,Todos los modulos aplicables,Consultar actividades.csv y revision-documental.json,Producto de respuesta indicado,"Control documental, no validacion disciplinar",100.0,222/222 comprobaciones satisfactorias. Detalle individual en revision-documental.json.,Sin incumplimientos en este control,No detectado en este control,Ninguno,La presencia y estructura no certifican calidad pedagogica.,No aplica,NO EJECUTADO
22,Tripulación de Naves Mercantes y Especiales,Todos los modulos aplicables,Consultar actividades.csv y revision-documental.json,Alternativas distintas y no vacias,"Control documental, no validacion disciplinar",100.0,396/396 comprobaciones satisfactorias. Detalle individual en revision-documental.json.,Sin incumplimientos en este control,No detectado en este control,Ninguno,La presencia y estructura no certifican calidad pedagogica.,No aplica,NO EJECUTADO
22,Tripulación de Naves Mercantes y Especiales,Todos los modulos aplicables,Consultar actividades.csv y revision-documental.json,Archivo de imagen existente,"Control documental, no validacion disciplinar",100.0,369/369 comprobaciones satisfactorias. Detalle individual en revision-documental.json.,Sin incumplimientos en este control,No detectado en este control,Ninguno,La presencia y estructura no certifican calidad pedagogica.,No aplica,NO EJECUTADO
22,Tripulación de Naves Mercantes y Especiales,Todos los modulos aplicables,Consultar actividades.csv y revision-documental.json,Clave dentro de alternativas,"Control documental, no validacion disciplinar",100.0,396/396 comprobaciones satisfactorias. Detalle individual en revision-documental.json.,Sin incumplimientos en este control,No detectado en este control,Ninguno,La presencia y estructura no certifican calidad pedagogica.,No aplica,NO EJECUTADO
22,Tripulación de Naves Mercantes y Especiales,Todos los modulos aplicables,Consultar actividades.csv y revision-documental.json,Consigna registrada,"Control documental, no validacion disciplinar",100.0,1178/1178 comprobaciones satisfactorias. Detalle individual en revision-documental.json.,Sin incumplimientos en este control,No detectado en este control,Ninguno,La presencia y estructura no certifican calidad pedagogica.,No aplica,NO EJECUTADO
22,Tripulación de Naves Mercantes y Especiales,Todos los modulos aplicables,Consultar actividades.csv y revision-documental.json,Criterio pertenece al AE declarado,"Control documental, no validacion disciplinar",100.0,360/360 comprobaciones satisfactorias. Detalle individual en revision-documental.json.,Sin incumplimientos en este control,No detectado en este control,Ninguno,La presencia y estructura no certifican calidad pedagogica.,No aplica,NO EJECUTADO
22,Tripulación de Naves Mercantes y Especiales,Todos los modulos aplicables,Consultar actividades.csv y revision-documental.json,Explicacion registrada,"Control documental, no validacion disciplinar",100.0,360/360 comprobaciones satisfactorias. Detalle individual en revision-documental.json.,Sin incumplimientos en este control,No detectado en este control,Ninguno,La presencia y estructura no certifican calidad pedagogica.,No aplica,NO EJECUTADO
22,Tripulación de Naves Mercantes y Especiales,Todos los modulos aplicables,Consultar actividades.csv y revision-documental.json,Indice AE valido,"Control documental, no validacion disciplinar",100.0,360/360 comprobaciones satisfactorias. Detalle individual en revision-documental.json.,Sin incumplimientos en este control,No detectado en este control,Ninguno,La presencia y estructura no certifican calidad pedagogica.,No aplica,NO EJECUTADO
22,Tripulación de Naves Mercantes y Especiales,Todos los modulos aplicables,Consultar actividades.csv y revision-documental.json,Orientacion progresiva disponible,"Control documental, no validacion disciplinar",100.0,216/216 comprobaciones satisfactorias. Detalle individual en revision-documental.json.,Sin incumplimientos en este control,No detectado en este control,Ninguno,La presencia y estructura no certifican calidad pedagogica.,No aplica,NO EJECUTADO
22,Tripulación de Naves Mercantes y Especiales,Todos los modulos aplicables,Consultar actividades.csv y revision-documental.json,Producto de respuesta indicado,"Control documental, no validacion disciplinar",100.0,216/216 comprobaciones satisfactorias. Detalle individual en revision-documental.json.,Sin incumplimientos en este control,No detectado en este control,Ninguno,La presencia y estructura no certifican calidad pedagogica.,No aplica,NO EJECUTADO
23,Construcciones Metálicas,Todos los modulos aplicables,Consultar actividades.csv y revision-documental.json,Alternativas distintas y no vacias,"Control documental, no validacion disciplinar",100.0,394/394 comprobaciones satisfactorias. Detalle individual en revision-documental.json.,Sin incumplimientos en este control,No detectado en este control,Ninguno,La presencia y estructura no certifican calidad pedagogica.,No aplica,NO EJECUTADO
23,Construcciones Metálicas,Todos los modulos aplicables,Consultar actividades.csv y revision-documental.json,Archivo de imagen existente,"Control documental, no validacion disciplinar",100.0,369/369 comprobaciones satisfactorias. Detalle individual en revision-documental.json.,Sin incumplimientos en este control,No detectado en este control,Ninguno,La presencia y estructura no certifican calidad pedagogica.,No aplica,NO EJECUTADO
23,Construcciones Metálicas,Todos los modulos aplicables,Consultar actividades.csv y revision-documental.json,Clave dentro de alternativas,"Control documental, no validacion disciplinar",100.0,394/394 comprobaciones satisfactorias. Detalle individual en revision-documental.json.,Sin incumplimientos en este control,No detectado en este control,Ninguno,La presencia y estructura no certifican calidad pedagogica.,No aplica,NO EJECUTADO
23,Construcciones Metálicas,Todos los modulos aplicables,Consultar actividades.csv y revision-documental.json,Consigna registrada,"Control documental, no validacion disciplinar",100.0,1168/1168 comprobaciones satisfactorias. Detalle individual en revision-documental.json.,Sin incumplimientos en este control,No detectado en este control,Ninguno,La presencia y estructura no certifican calidad pedagogica.,No aplica,NO EJECUTADO
23,Construcciones Metálicas,Todos los modulos aplicables,Consultar actividades.csv y revision-documental.json,Criterio pertenece al AE declarado,"Control documental, no validacion disciplinar",100.0,360/360 comprobaciones satisfactorias. Detalle individual en revision-documental.json.,Sin incumplimientos en este control,No detectado en este control,Ninguno,La presencia y estructura no certifican calidad pedagogica.,No aplica,NO EJECUTADO
23,Construcciones Metálicas,Todos los modulos aplicables,Consultar actividades.csv y revision-documental.json,Explicacion registrada,"Control documental, no validacion disciplinar",100.0,360/360 comprobaciones satisfactorias. Detalle individual en revision-documental.json.,Sin incumplimientos en este control,No detectado en este control,Ninguno,La presencia y estructura no certifican calidad pedagogica.,No aplica,NO EJECUTADO
23,Construcciones Metálicas,Todos los modulos aplicables,Consultar actividades.csv y revision-documental.json,Indice AE valido,"Control documental, no validacion disciplinar",100.0,360/360 comprobaciones satisfactorias. Detalle individual en revision-documental.json.,Sin incumplimientos en este control,No detectado en este control,Ninguno,La presencia y estructura no certifican calidad pedagogica.,No aplica,NO EJECUTADO
23,Construcciones Metálicas,Todos los modulos aplicables,Consultar actividades.csv y revision-documental.json,Orientacion progresiva disponible,"Control documental, no validacion disciplinar",100.0,204/204 comprobaciones satisfactorias. Detalle individual en revision-documental.json.,Sin incumplimientos en este control,No detectado en este control,Ninguno,La presencia y estructura no certifican calidad pedagogica.,No aplica,NO EJECUTADO
23,Construcciones Metálicas,Todos los modulos aplicables,Consultar actividades.csv y revision-documental.json,Producto de respuesta indicado,"Control documental, no validacion disciplinar",100.0,204/204 comprobaciones satisfactorias. Detalle individual en revision-documental.json.,Sin incumplimientos en este control,No detectado en este control,Ninguno,La presencia y estructura no certifican calidad pedagogica.,No aplica,NO EJECUTADO
24,Mecánica Automotriz,Todos los modulos aplicables,Consultar actividades.csv y revision-documental.json,Alternativas distintas y no vacias,"Control documental, no validacion disciplinar",100.0,437/437 comprobaciones satisfactorias. Detalle individual en revision-documental.json.,Sin incumplimientos en este control,No detectado en este control,Ninguno,La presencia y estructura no certifican calidad pedagogica.,No aplica,NO EJECUTADO
24,Mecánica Automotriz,Todos los modulos aplicables,Consultar actividades.csv y revision-documental.json,Archivo de imagen existente,"Control documental, no validacion disciplinar",100.0,410/410 comprobaciones satisfactorias. Detalle individual en revision-documental.json.,Sin incumplimientos en este control,No detectado en este control,Ninguno,La presencia y estructura no certifican calidad pedagogica.,No aplica,NO EJECUTADO
24,Mecánica Automotriz,Todos los modulos aplicables,Consultar actividades.csv y revision-documental.json,Clave dentro de alternativas,"Control documental, no validacion disciplinar",100.0,437/437 comprobaciones satisfactorias. Detalle individual en revision-documental.json.,Sin incumplimientos en este control,No detectado en este control,Ninguno,La presencia y estructura no certifican calidad pedagogica.,No aplica,NO EJECUTADO
24,Mecánica Automotriz,Todos los modulos aplicables,Consultar actividades.csv y revision-documental.json,Consigna registrada,"Control documental, no validacion disciplinar",100.0,1262/1262 comprobaciones satisfactorias. Detalle individual en revision-documental.json.,Sin incumplimientos en este control,No detectado en este control,Ninguno,La presencia y estructura no certifican calidad pedagogica.,No aplica,NO EJECUTADO
24,Mecánica Automotriz,Todos los modulos aplicables,Consultar actividades.csv y revision-documental.json,Criterio pertenece al AE declarado,"Control documental, no validacion disciplinar",100.0,400/400 comprobaciones satisfactorias. Detalle individual en revision-documental.json.,Sin incumplimientos en este control,No detectado en este control,Ninguno,La presencia y estructura no certifican calidad pedagogica.,No aplica,NO EJECUTADO
24,Mecánica Automotriz,Todos los modulos aplicables,Consultar actividades.csv y revision-documental.json,Explicacion registrada,"Control documental, no validacion disciplinar",100.0,400/400 comprobaciones satisfactorias. Detalle individual en revision-documental.json.,Sin incumplimientos en este control,No detectado en este control,Ninguno,La presencia y estructura no certifican calidad pedagogica.,No aplica,NO EJECUTADO
24,Mecánica Automotriz,Todos los modulos aplicables,Consultar actividades.csv y revision-documental.json,Indice AE valido,"Control documental, no validacion disciplinar",100.0,400/400 comprobaciones satisfactorias. Detalle individual en revision-documental.json.,Sin incumplimientos en este control,No detectado en este control,Ninguno,La presencia y estructura no certifican calidad pedagogica.,No aplica,NO EJECUTADO
24,Mecánica Automotriz,Todos los modulos aplicables,Consultar actividades.csv y revision-documental.json,Orientacion progresiva disponible,"Control documental, no validacion disciplinar",100.0,222/222 comprobaciones satisfactorias. Detalle individual en revision-documental.json.,Sin incumplimientos en este control,No detectado en este control,Ninguno,La presencia y estructura no certifican calidad pedagogica.,No aplica,NO EJECUTADO
24,Mecánica Automotriz,Todos los modulos aplicables,Consultar actividades.csv y revision-documental.json,Producto de respuesta indicado,"Control documental, no validacion disciplinar",100.0,222/222 comprobaciones satisfactorias. Detalle individual en revision-documental.json.,Sin incumplimientos en este control,No detectado en este control,Ninguno,La presencia y estructura no certifican calidad pedagogica.,No aplica,NO EJECUTADO
25,Mecánica de Mantenimiento de Aeronaves,Todos los modulos aplicables,Consultar actividades.csv y revision-documental.json,Alternativas distintas y no vacias,"Control documental, no validacion disciplinar",100.0,480/480 comprobaciones satisfactorias. Detalle individual en revision-documental.json.,Sin incumplimientos en este control,No detectado en este control,Ninguno,La presencia y estructura no certifican calidad pedagogica.,No aplica,NO EJECUTADO
25,Mecánica de Mantenimiento de Aeronaves,Todos los modulos aplicables,Consultar actividades.csv y revision-documental.json,Archivo de imagen existente,"Control documental, no validacion disciplinar",100.0,451/451 comprobaciones satisfactorias. Detalle individual en revision-documental.json.,Sin incumplimientos en este control,No detectado en este control,Ninguno,La presencia y estructura no certifican calidad pedagogica.,No aplica,NO EJECUTADO
25,Mecánica de Mantenimiento de Aeronaves,Todos los modulos aplicables,Consultar actividades.csv y revision-documental.json,Clave dentro de alternativas,"Control documental, no validacion disciplinar",100.0,480/480 comprobaciones satisfactorias. Detalle individual en revision-documental.json.,Sin incumplimientos en este control,No detectado en este control,Ninguno,La presencia y estructura no certifican calidad pedagogica.,No aplica,NO EJECUTADO
25,Mecánica de Mantenimiento de Aeronaves,Todos los modulos aplicables,Consultar actividades.csv y revision-documental.json,Consigna registrada,"Control documental, no validacion disciplinar",100.0,1356/1356 comprobaciones satisfactorias. Detalle individual en revision-documental.json.,Sin incumplimientos en este control,No detectado en este control,Ninguno,La presencia y estructura no certifican calidad pedagogica.,No aplica,NO EJECUTADO
25,Mecánica de Mantenimiento de Aeronaves,Todos los modulos aplicables,Consultar actividades.csv y revision-documental.json,Criterio pertenece al AE declarado,"Control documental, no validacion disciplinar",100.0,440/440 comprobaciones satisfactorias. Detalle individual en revision-documental.json.,Sin incumplimientos en este control,No detectado en este control,Ninguno,La presencia y estructura no certifican calidad pedagogica.,No aplica,NO EJECUTADO
25,Mecánica de Mantenimiento de Aeronaves,Todos los modulos aplicables,Consultar actividades.csv y revision-documental.json,Explicacion registrada,"Control documental, no validacion disciplinar",100.0,440/440 comprobaciones satisfactorias. Detalle individual en revision-documental.json.,Sin incumplimientos en este control,No detectado en este control,Ninguno,La presencia y estructura no certifican calidad pedagogica.,No aplica,NO EJECUTADO
25,Mecánica de Mantenimiento de Aeronaves,Todos los modulos aplicables,Consultar actividades.csv y revision-documental.json,Indice AE valido,"Control documental, no validacion disciplinar",100.0,440/440 comprobaciones satisfactorias. Detalle individual en revision-documental.json.,Sin incumplimientos en este control,No detectado en este control,Ninguno,La presencia y estructura no certifican calidad pedagogica.,No aplica,NO EJECUTADO
25,Mecánica de Mantenimiento de Aeronaves,Todos los modulos aplicables,Consultar actividades.csv y revision-documental.json,Orientacion progresiva disponible,"Control documental, no validacion disciplinar",100.0,240/240 comprobaciones satisfactorias. Detalle individual en revision-documental.json.,Sin incumplimientos en este control,No detectado en este control,Ninguno,La presencia y estructura no certifican calidad pedagogica.,No aplica,NO EJECUTADO
25,Mecánica de Mantenimiento de Aeronaves,Todos los modulos aplicables,Consultar actividades.csv y revision-documental.json,Producto de respuesta indicado,"Control documental, no validacion disciplinar",100.0,240/240 comprobaciones satisfactorias. Detalle individual en revision-documental.json.,Sin incumplimientos en este control,No detectado en este control,Ninguno,La presencia y estructura no certifican calidad pedagogica.,No aplica,NO EJECUTADO
26,Asistencia en Geología,Todos los modulos aplicables,Consultar actividades.csv y revision-documental.json,Alternativas distintas y no vacias,"Control documental, no validacion disciplinar",100.0,390/390 comprobaciones satisfactorias. Detalle individual en revision-documental.json.,Sin incumplimientos en este control,No detectado en este control,Ninguno,La presencia y estructura no certifican calidad pedagogica.,No aplica,NO EJECUTADO
26,Asistencia en Geología,Todos los modulos aplicables,Consultar actividades.csv y revision-documental.json,Archivo de imagen existente,"Control documental, no validacion disciplinar",100.0,519/519 comprobaciones satisfactorias. Detalle individual en revision-documental.json.,Sin incumplimientos en este control,No detectado en este control,Ninguno,La presencia y estructura no certifican calidad pedagogica.,No aplica,NO EJECUTADO
26,Asistencia en Geología,Todos los modulos aplicables,Consultar actividades.csv y revision-documental.json,Clave dentro de alternativas,"Control documental, no validacion disciplinar",100.0,390/390 comprobaciones satisfactorias. Detalle individual en revision-documental.json.,Sin incumplimientos en este control,No detectado en este control,Ninguno,La presencia y estructura no certifican calidad pedagogica.,No aplica,NO EJECUTADO
26,Asistencia en Geología,Todos los modulos aplicables,Consultar actividades.csv y revision-documental.json,Consigna registrada,"Control documental, no validacion disciplinar",100.0,1131/1131 comprobaciones satisfactorias. Detalle individual en revision-documental.json.,Sin incumplimientos en este control,No detectado en este control,Ninguno,La presencia y estructura no certifican calidad pedagogica.,No aplica,NO EJECUTADO
26,Asistencia en Geología,Todos los modulos aplicables,Consultar actividades.csv y revision-documental.json,Criterio pertenece al AE declarado,"Control documental, no validacion disciplinar",100.0,360/360 comprobaciones satisfactorias. Detalle individual en revision-documental.json.,Sin incumplimientos en este control,No detectado en este control,Ninguno,La presencia y estructura no certifican calidad pedagogica.,No aplica,NO EJECUTADO
26,Asistencia en Geología,Todos los modulos aplicables,Consultar actividades.csv y revision-documental.json,Explicacion registrada,"Control documental, no validacion disciplinar",100.0,360/360 comprobaciones satisfactorias. Detalle individual en revision-documental.json.,Sin incumplimientos en este control,No detectado en este control,Ninguno,La presencia y estructura no certifican calidad pedagogica.,No aplica,NO EJECUTADO
26,Asistencia en Geología,Todos los modulos aplicables,Consultar actividades.csv y revision-documental.json,Indice AE valido,"Control documental, no validacion disciplinar",100.0,360/360 comprobaciones satisfactorias. Detalle individual en revision-documental.json.,Sin incumplimientos en este control,No detectado en este control,Ninguno,La presencia y estructura no certifican calidad pedagogica.,No aplica,NO EJECUTADO
26,Asistencia en Geología,Todos los modulos aplicables,Consultar actividades.csv y revision-documental.json,Orientacion progresiva disponible,"Control documental, no validacion disciplinar",100.0,180/180 comprobaciones satisfactorias. Detalle individual en revision-documental.json.,Sin incumplimientos en este control,No detectado en este control,Ninguno,La presencia y estructura no certifican calidad pedagogica.,No aplica,NO EJECUTADO
26,Asistencia en Geología,Todos los modulos aplicables,Consultar actividades.csv y revision-documental.json,Producto de respuesta indicado,"Control documental, no validacion disciplinar",100.0,180/180 comprobaciones satisfactorias. Detalle individual en revision-documental.json.,Sin incumplimientos en este control,No detectado en este control,Ninguno,La presencia y estructura no certifican calidad pedagogica.,No aplica,NO EJECUTADO
27,Explotación Minera,Todos los modulos aplicables,Consultar actividades.csv y revision-documental.json,Alternativas distintas y no vacias,"Control documental, no validacion disciplinar",100.0,397/397 comprobaciones satisfactorias. Detalle individual en revision-documental.json.,Sin incumplimientos en este control,No detectado en este control,Ninguno,La presencia y estructura no certifican calidad pedagogica.,No aplica,NO EJECUTADO
27,Explotación Minera,Todos los modulos aplicables,Consultar actividades.csv y revision-documental.json,Archivo de imagen existente,"Control documental, no validacion disciplinar",100.0,369/369 comprobaciones satisfactorias. Detalle individual en revision-documental.json.,Sin incumplimientos en este control,No detectado en este control,Ninguno,La presencia y estructura no certifican calidad pedagogica.,No aplica,NO EJECUTADO
27,Explotación Minera,Todos los modulos aplicables,Consultar actividades.csv y revision-documental.json,Clave dentro de alternativas,"Control documental, no validacion disciplinar",100.0,397/397 comprobaciones satisfactorias. Detalle individual en revision-documental.json.,Sin incumplimientos en este control,No detectado en este control,Ninguno,La presencia y estructura no certifican calidad pedagogica.,No aplica,NO EJECUTADO
27,Explotación Minera,Todos los modulos aplicables,Consultar actividades.csv y revision-documental.json,Consigna registrada,"Control documental, no validacion disciplinar",100.0,1184/1184 comprobaciones satisfactorias. Detalle individual en revision-documental.json.,Sin incumplimientos en este control,No detectado en este control,Ninguno,La presencia y estructura no certifican calidad pedagogica.,No aplica,NO EJECUTADO
27,Explotación Minera,Todos los modulos aplicables,Consultar actividades.csv y revision-documental.json,Criterio pertenece al AE declarado,"Control documental, no validacion disciplinar",100.0,360/360 comprobaciones satisfactorias. Detalle individual en revision-documental.json.,Sin incumplimientos en este control,No detectado en este control,Ninguno,La presencia y estructura no certifican calidad pedagogica.,No aplica,NO EJECUTADO
27,Explotación Minera,Todos los modulos aplicables,Consultar actividades.csv y revision-documental.json,Explicacion registrada,"Control documental, no validacion disciplinar",100.0,360/360 comprobaciones satisfactorias. Detalle individual en revision-documental.json.,Sin incumplimientos en este control,No detectado en este control,Ninguno,La presencia y estructura no certifican calidad pedagogica.,No aplica,NO EJECUTADO
27,Explotación Minera,Todos los modulos aplicables,Consultar actividades.csv y revision-documental.json,Indice AE valido,"Control documental, no validacion disciplinar",100.0,360/360 comprobaciones satisfactorias. Detalle individual en revision-documental.json.,Sin incumplimientos en este control,No detectado en este control,Ninguno,La presencia y estructura no certifican calidad pedagogica.,No aplica,NO EJECUTADO
27,Explotación Minera,Todos los modulos aplicables,Consultar actividades.csv y revision-documental.json,Orientacion progresiva disponible,"Control documental, no validacion disciplinar",100.0,222/222 comprobaciones satisfactorias. Detalle individual en revision-documental.json.,Sin incumplimientos en este control,No detectado en este control,Ninguno,La presencia y estructura no certifican calidad pedagogica.,No aplica,NO EJECUTADO
27,Explotación Minera,Todos los modulos aplicables,Consultar actividades.csv y revision-documental.json,Producto de respuesta indicado,"Control documental, no validacion disciplinar",100.0,222/222 comprobaciones satisfactorias. Detalle individual en revision-documental.json.,Sin incumplimientos en este control,No detectado en este control,Ninguno,La presencia y estructura no certifican calidad pedagogica.,No aplica,NO EJECUTADO
28,Metalurgia Extractiva,Todos los modulos aplicables,Consultar actividades.csv y revision-documental.json,Alternativas distintas y no vacias,"Control documental, no validacion disciplinar",100.0,388/388 comprobaciones satisfactorias. Detalle individual en revision-documental.json.,Sin incumplimientos en este control,No detectado en este control,Ninguno,La presencia y estructura no certifican calidad pedagogica.,No aplica,NO EJECUTADO
28,Metalurgia Extractiva,Todos los modulos aplicables,Consultar actividades.csv y revision-documental.json,Archivo de imagen existente,"Control documental, no validacion disciplinar",100.0,369/369 comprobaciones satisfactorias. Detalle individual en revision-documental.json.,Sin incumplimientos en este control,No detectado en este control,Ninguno,La presencia y estructura no certifican calidad pedagogica.,No aplica,NO EJECUTADO
28,Metalurgia Extractiva,Todos los modulos aplicables,Consultar actividades.csv y revision-documental.json,Clave dentro de alternativas,"Control documental, no validacion disciplinar",100.0,388/388 comprobaciones satisfactorias. Detalle individual en revision-documental.json.,Sin incumplimientos en este control,No detectado en este control,Ninguno,La presencia y estructura no certifican calidad pedagogica.,No aplica,NO EJECUTADO
28,Metalurgia Extractiva,Todos los modulos aplicables,Consultar actividades.csv y revision-documental.json,Consigna registrada,"Control documental, no validacion disciplinar",100.0,1132/1132 comprobaciones satisfactorias. Detalle individual en revision-documental.json.,Sin incumplimientos en este control,No detectado en este control,Ninguno,La presencia y estructura no certifican calidad pedagogica.,No aplica,NO EJECUTADO
28,Metalurgia Extractiva,Todos los modulos aplicables,Consultar actividades.csv y revision-documental.json,Criterio pertenece al AE declarado,"Control documental, no validacion disciplinar",100.0,360/360 comprobaciones satisfactorias. Detalle individual en revision-documental.json.,Sin incumplimientos en este control,No detectado en este control,Ninguno,La presencia y estructura no certifican calidad pedagogica.,No aplica,NO EJECUTADO
28,Metalurgia Extractiva,Todos los modulos aplicables,Consultar actividades.csv y revision-documental.json,Explicacion registrada,"Control documental, no validacion disciplinar",100.0,360/360 comprobaciones satisfactorias. Detalle individual en revision-documental.json.,Sin incumplimientos en este control,No detectado en este control,Ninguno,La presencia y estructura no certifican calidad pedagogica.,No aplica,NO EJECUTADO
28,Metalurgia Extractiva,Todos los modulos aplicables,Consultar actividades.csv y revision-documental.json,Indice AE valido,"Control documental, no validacion disciplinar",100.0,360/360 comprobaciones satisfactorias. Detalle individual en revision-documental.json.,Sin incumplimientos en este control,No detectado en este control,Ninguno,La presencia y estructura no certifican calidad pedagogica.,No aplica,NO EJECUTADO
28,Metalurgia Extractiva,Todos los modulos aplicables,Consultar actividades.csv y revision-documental.json,Orientacion progresiva disponible,"Control documental, no validacion disciplinar",100.0,168/168 comprobaciones satisfactorias. Detalle individual en revision-documental.json.,Sin incumplimientos en este control,No detectado en este control,Ninguno,La presencia y estructura no certifican calidad pedagogica.,No aplica,NO EJECUTADO
28,Metalurgia Extractiva,Todos los modulos aplicables,Consultar actividades.csv y revision-documental.json,Producto de respuesta indicado,"Control documental, no validacion disciplinar",100.0,168/168 comprobaciones satisfactorias. Detalle individual en revision-documental.json.,Sin incumplimientos en este control,No detectado en este control,Ninguno,La presencia y estructura no certifican calidad pedagogica.,No aplica,NO EJECUTADO
29,Atención de Párvulos,Todos los modulos aplicables,Consultar actividades.csv y revision-documental.json,Alternativas distintas y no vacias,"Control documental, no validacion disciplinar",100.0,436/436 comprobaciones satisfactorias. Detalle individual en revision-documental.json.,Sin incumplimientos en este control,No detectado en este control,Ninguno,La presencia y estructura no certifican calidad pedagogica.,No aplica,NO EJECUTADO
29,Atención de Párvulos,Todos los modulos aplicables,Consultar actividades.csv y revision-documental.json,Archivo de imagen existente,"Control documental, no validacion disciplinar",100.0,590/590 comprobaciones satisfactorias. Detalle individual en revision-documental.json.,Sin incumplimientos en este control,No detectado en este control,Ninguno,La presencia y estructura no certifican calidad pedagogica.,No aplica,NO EJECUTADO
29,Atención de Párvulos,Todos los modulos aplicables,Consultar actividades.csv y revision-documental.json,Clave dentro de alternativas,"Control documental, no validacion disciplinar",100.0,436/436 comprobaciones satisfactorias. Detalle individual en revision-documental.json.,Sin incumplimientos en este control,No detectado en este control,Ninguno,La presencia y estructura no certifican calidad pedagogica.,No aplica,NO EJECUTADO
29,Atención de Párvulos,Todos los modulos aplicables,Consultar actividades.csv y revision-documental.json,Consigna registrada,"Control documental, no validacion disciplinar",100.0,1248/1248 comprobaciones satisfactorias. Detalle individual en revision-documental.json.,Sin incumplimientos en este control,No detectado en este control,Ninguno,La presencia y estructura no certifican calidad pedagogica.,No aplica,NO EJECUTADO
29,Atención de Párvulos,Todos los modulos aplicables,Consultar actividades.csv y revision-documental.json,Criterio pertenece al AE declarado,"Control documental, no validacion disciplinar",100.0,400/400 comprobaciones satisfactorias. Detalle individual en revision-documental.json.,Sin incumplimientos en este control,No detectado en este control,Ninguno,La presencia y estructura no certifican calidad pedagogica.,No aplica,NO EJECUTADO
29,Atención de Párvulos,Todos los modulos aplicables,Consultar actividades.csv y revision-documental.json,Explicacion registrada,"Control documental, no validacion disciplinar",100.0,400/400 comprobaciones satisfactorias. Detalle individual en revision-documental.json.,Sin incumplimientos en este control,No detectado en este control,Ninguno,La presencia y estructura no certifican calidad pedagogica.,No aplica,NO EJECUTADO
29,Atención de Párvulos,Todos los modulos aplicables,Consultar actividades.csv y revision-documental.json,Indice AE valido,"Control documental, no validacion disciplinar",100.0,400/400 comprobaciones satisfactorias. Detalle individual en revision-documental.json.,Sin incumplimientos en este control,No detectado en este control,Ninguno,La presencia y estructura no certifican calidad pedagogica.,No aplica,NO EJECUTADO
29,Atención de Párvulos,Todos los modulos aplicables,Consultar actividades.csv y revision-documental.json,Orientacion progresiva disponible,"Control documental, no validacion disciplinar",100.0,216/216 comprobaciones satisfactorias. Detalle individual en revision-documental.json.,Sin incumplimientos en este control,No detectado en este control,Ninguno,La presencia y estructura no certifican calidad pedagogica.,No aplica,NO EJECUTADO
29,Atención de Párvulos,Todos los modulos aplicables,Consultar actividades.csv y revision-documental.json,Producto de respuesta indicado,"Control documental, no validacion disciplinar",100.0,216/216 comprobaciones satisfactorias. Detalle individual en revision-documental.json.,Sin incumplimientos en este control,No detectado en este control,Ninguno,La presencia y estructura no certifican calidad pedagogica.,No aplica,NO EJECUTADO
30,Conectividad y Redes,Todos los modulos aplicables,Consultar actividades.csv y revision-documental.json,Alternativas distintas y no vacias,"Control documental, no validacion disciplinar",100.0,391/391 comprobaciones satisfactorias. Detalle individual en revision-documental.json.,Sin incumplimientos en este control,No detectado en este control,Ninguno,La presencia y estructura no certifican calidad pedagogica.,No aplica,NO EJECUTADO
30,Conectividad y Redes,Todos los modulos aplicables,Consultar actividades.csv y revision-documental.json,Archivo de imagen existente,"Control documental, no validacion disciplinar",100.0,369/369 comprobaciones satisfactorias. Detalle individual en revision-documental.json.,Sin incumplimientos en este control,No detectado en este control,Ninguno,La presencia y estructura no certifican calidad pedagogica.,No aplica,NO EJECUTADO
30,Conectividad y Redes,Todos los modulos aplicables,Consultar actividades.csv y revision-documental.json,Clave dentro de alternativas,"Control documental, no validacion disciplinar",100.0,391/391 comprobaciones satisfactorias. Detalle individual en revision-documental.json.,Sin incumplimientos en este control,No detectado en este control,Ninguno,La presencia y estructura no certifican calidad pedagogica.,No aplica,NO EJECUTADO
30,Conectividad y Redes,Todos los modulos aplicables,Consultar actividades.csv y revision-documental.json,Consigna registrada,"Control documental, no validacion disciplinar",100.0,1148/1148 comprobaciones satisfactorias. Detalle individual en revision-documental.json.,Sin incumplimientos en este control,No detectado en este control,Ninguno,La presencia y estructura no certifican calidad pedagogica.,No aplica,NO EJECUTADO
30,Conectividad y Redes,Todos los modulos aplicables,Consultar actividades.csv y revision-documental.json,Criterio pertenece al AE declarado,"Control documental, no validacion disciplinar",100.0,360/360 comprobaciones satisfactorias. Detalle individual en revision-documental.json.,Sin incumplimientos en este control,No detectado en este control,Ninguno,La presencia y estructura no certifican calidad pedagogica.,No aplica,NO EJECUTADO
30,Conectividad y Redes,Todos los modulos aplicables,Consultar actividades.csv y revision-documental.json,Explicacion registrada,"Control documental, no validacion disciplinar",100.0,360/360 comprobaciones satisfactorias. Detalle individual en revision-documental.json.,Sin incumplimientos en este control,No detectado en este control,Ninguno,La presencia y estructura no certifican calidad pedagogica.,No aplica,NO EJECUTADO
30,Conectividad y Redes,Todos los modulos aplicables,Consultar actividades.csv y revision-documental.json,Indice AE valido,"Control documental, no validacion disciplinar",100.0,360/360 comprobaciones satisfactorias. Detalle individual en revision-documental.json.,Sin incumplimientos en este control,No detectado en este control,Ninguno,La presencia y estructura no certifican calidad pedagogica.,No aplica,NO EJECUTADO
30,Conectividad y Redes,Todos los modulos aplicables,Consultar actividades.csv y revision-documental.json,Orientacion progresiva disponible,"Control documental, no validacion disciplinar",100.0,186/186 comprobaciones satisfactorias. Detalle individual en revision-documental.json.,Sin incumplimientos en este control,No detectado en este control,Ninguno,La presencia y estructura no certifican calidad pedagogica.,No aplica,NO EJECUTADO
30,Conectividad y Redes,Todos los modulos aplicables,Consultar actividades.csv y revision-documental.json,Producto de respuesta indicado,"Control documental, no validacion disciplinar",100.0,186/186 comprobaciones satisfactorias. Detalle individual en revision-documental.json.,Sin incumplimientos en este control,No detectado en este control,Ninguno,La presencia y estructura no certifican calidad pedagogica.,No aplica,NO EJECUTADO
31,Programación,Todos los modulos aplicables,Consultar actividades.csv y revision-documental.json,Alternativas distintas y no vacias,"Control documental, no validacion disciplinar",100.0,390/390 comprobaciones satisfactorias. Detalle individual en revision-documental.json.,Sin incumplimientos en este control,No detectado en este control,Ninguno,La presencia y estructura no certifican calidad pedagogica.,No aplica,NO EJECUTADO
31,Programación,Todos los modulos aplicables,Consultar actividades.csv y revision-documental.json,Archivo de imagen existente,"Control documental, no validacion disciplinar",100.0,519/519 comprobaciones satisfactorias. Detalle individual en revision-documental.json.,Sin incumplimientos en este control,No detectado en este control,Ninguno,La presencia y estructura no certifican calidad pedagogica.,No aplica,NO EJECUTADO
31,Programación,Todos los modulos aplicables,Consultar actividades.csv y revision-documental.json,Clave dentro de alternativas,"Control documental, no validacion disciplinar",100.0,390/390 comprobaciones satisfactorias. Detalle individual en revision-documental.json.,Sin incumplimientos en este control,No detectado en este control,Ninguno,La presencia y estructura no certifican calidad pedagogica.,No aplica,NO EJECUTADO
31,Programación,Todos los modulos aplicables,Consultar actividades.csv y revision-documental.json,Consigna registrada,"Control documental, no validacion disciplinar",100.0,1143/1143 comprobaciones satisfactorias. Detalle individual en revision-documental.json.,Sin incumplimientos en este control,No detectado en este control,Ninguno,La presencia y estructura no certifican calidad pedagogica.,No aplica,NO EJECUTADO
31,Programación,Todos los modulos aplicables,Consultar actividades.csv y revision-documental.json,Criterio pertenece al AE declarado,"Control documental, no validacion disciplinar",100.0,360/360 comprobaciones satisfactorias. Detalle individual en revision-documental.json.,Sin incumplimientos en este control,No detectado en este control,Ninguno,La presencia y estructura no certifican calidad pedagogica.,No aplica,NO EJECUTADO
31,Programación,Todos los modulos aplicables,Consultar actividades.csv y revision-documental.json,Explicacion registrada,"Control documental, no validacion disciplinar",100.0,360/360 comprobaciones satisfactorias. Detalle individual en revision-documental.json.,Sin incumplimientos en este control,No detectado en este control,Ninguno,La presencia y estructura no certifican calidad pedagogica.,No aplica,NO EJECUTADO
31,Programación,Todos los modulos aplicables,Consultar actividades.csv y revision-documental.json,Indice AE valido,"Control documental, no validacion disciplinar",100.0,360/360 comprobaciones satisfactorias. Detalle individual en revision-documental.json.,Sin incumplimientos en este control,No detectado en este control,Ninguno,La presencia y estructura no certifican calidad pedagogica.,No aplica,NO EJECUTADO
31,Programación,Todos los modulos aplicables,Consultar actividades.csv y revision-documental.json,Orientacion progresiva disponible,"Control documental, no validacion disciplinar",100.0,180/180 comprobaciones satisfactorias. Detalle individual en revision-documental.json.,Sin incumplimientos en este control,No detectado en este control,Ninguno,La presencia y estructura no certifican calidad pedagogica.,No aplica,NO EJECUTADO
31,Programación,Todos los modulos aplicables,Consultar actividades.csv y revision-documental.json,Producto de respuesta indicado,"Control documental, no validacion disciplinar",100.0,180/180 comprobaciones satisfactorias. Detalle individual en revision-documental.json.,Sin incumplimientos en este control,No detectado en este control,Ninguno,La presencia y estructura no certifican calidad pedagogica.,No aplica,NO EJECUTADO
32,Telecomunicaciones,Todos los modulos aplicables,Consultar actividades.csv y revision-documental.json,Alternativas distintas y no vacias,"Control documental, no validacion disciplinar",100.0,435/435 comprobaciones satisfactorias. Detalle individual en revision-documental.json.,Sin incumplimientos en este control,No detectado en este control,Ninguno,La presencia y estructura no certifican calidad pedagogica.,No aplica,NO EJECUTADO
32,Telecomunicaciones,Todos los modulos aplicables,Consultar actividades.csv y revision-documental.json,Archivo de imagen existente,"Control documental, no validacion disciplinar",100.0,410/410 comprobaciones satisfactorias. Detalle individual en revision-documental.json.,Sin incumplimientos en este control,No detectado en este control,Ninguno,La presencia y estructura no certifican calidad pedagogica.,No aplica,NO EJECUTADO
32,Telecomunicaciones,Todos los modulos aplicables,Consultar actividades.csv y revision-documental.json,Clave dentro de alternativas,"Control documental, no validacion disciplinar",100.0,435/435 comprobaciones satisfactorias. Detalle individual en revision-documental.json.,Sin incumplimientos en este control,No detectado en este control,Ninguno,La presencia y estructura no certifican calidad pedagogica.,No aplica,NO EJECUTADO
32,Telecomunicaciones,Todos los modulos aplicables,Consultar actividades.csv y revision-documental.json,Consigna registrada,"Control documental, no validacion disciplinar",100.0,1249/1249 comprobaciones satisfactorias. Detalle individual en revision-documental.json.,Sin incumplimientos en este control,No detectado en este control,Ninguno,La presencia y estructura no certifican calidad pedagogica.,No aplica,NO EJECUTADO
32,Telecomunicaciones,Todos los modulos aplicables,Consultar actividades.csv y revision-documental.json,Criterio pertenece al AE declarado,"Control documental, no validacion disciplinar",100.0,400/400 comprobaciones satisfactorias. Detalle individual en revision-documental.json.,Sin incumplimientos en este control,No detectado en este control,Ninguno,La presencia y estructura no certifican calidad pedagogica.,No aplica,NO EJECUTADO
32,Telecomunicaciones,Todos los modulos aplicables,Consultar actividades.csv y revision-documental.json,Explicacion registrada,"Control documental, no validacion disciplinar",100.0,400/400 comprobaciones satisfactorias. Detalle individual en revision-documental.json.,Sin incumplimientos en este control,No detectado en este control,Ninguno,La presencia y estructura no certifican calidad pedagogica.,No aplica,NO EJECUTADO
32,Telecomunicaciones,Todos los modulos aplicables,Consultar actividades.csv y revision-documental.json,Indice AE valido,"Control documental, no validacion disciplinar",100.0,400/400 comprobaciones satisfactorias. Detalle individual en revision-documental.json.,Sin incumplimientos en este control,No detectado en este control,Ninguno,La presencia y estructura no certifican calidad pedagogica.,No aplica,NO EJECUTADO
32,Telecomunicaciones,Todos los modulos aplicables,Consultar actividades.csv y revision-documental.json,Orientacion progresiva disponible,"Control documental, no validacion disciplinar",100.0,210/210 comprobaciones satisfactorias. Detalle individual en revision-documental.json.,Sin incumplimientos en este control,No detectado en este control,Ninguno,La presencia y estructura no certifican calidad pedagogica.,No aplica,NO EJECUTADO
32,Telecomunicaciones,Todos los modulos aplicables,Consultar actividades.csv y revision-documental.json,Producto de respuesta indicado,"Control documental, no validacion disciplinar",100.0,210/210 comprobaciones satisfactorias. Detalle individual en revision-documental.json.,Sin incumplimientos en este control,No detectado en este control,Ninguno,La presencia y estructura no certifican calidad pedagogica.,No aplica,NO EJECUTADO
33,"Administración, mención Logística",Todos los modulos aplicables,Consultar actividades.csv y revision-documental.json,Alternativas distintas y no vacias,"Control documental, no validacion disciplinar",100.0,474/474 comprobaciones satisfactorias. Detalle individual en revision-documental.json.,Sin incumplimientos en este control,No detectado en este control,Ninguno,La presencia y estructura no certifican calidad pedagogica.,No aplica,NO EJECUTADO
33,"Administración, mención Logística",Todos los modulos aplicables,Consultar actividades.csv y revision-documental.json,Archivo de imagen existente,"Control documental, no validacion disciplinar",100.0,621/621 comprobaciones satisfactorias. Detalle individual en revision-documental.json.,Sin incumplimientos en este control,No detectado en este control,Ninguno,La presencia y estructura no certifican calidad pedagogica.,No aplica,NO EJECUTADO
33,"Administración, mención Logística",Todos los modulos aplicables,Consultar actividades.csv y revision-documental.json,Clave dentro de alternativas,"Control documental, no validacion disciplinar",100.0,474/474 comprobaciones satisfactorias. Detalle individual en revision-documental.json.,Sin incumplimientos en este control,No detectado en este control,Ninguno,La presencia y estructura no certifican calidad pedagogica.,No aplica,NO EJECUTADO
33,"Administración, mención Logística",Todos los modulos aplicables,Consultar actividades.csv y revision-documental.json,Consigna registrada,"Control documental, no validacion disciplinar",100.0,1319/1319 comprobaciones satisfactorias. Detalle individual en revision-documental.json.,Sin incumplimientos en este control,No detectado en este control,Ninguno,La presencia y estructura no certifican calidad pedagogica.,No aplica,NO EJECUTADO
33,"Administración, mención Logística",Todos los modulos aplicables,Consultar actividades.csv y revision-documental.json,Criterio pertenece al AE declarado,"Control documental, no validacion disciplinar",100.0,440/440 comprobaciones satisfactorias. Detalle individual en revision-documental.json.,Sin incumplimientos en este control,No detectado en este control,Ninguno,La presencia y estructura no certifican calidad pedagogica.,No aplica,NO EJECUTADO
33,"Administración, mención Logística",Todos los modulos aplicables,Consultar actividades.csv y revision-documental.json,Explicacion registrada,"Control documental, no validacion disciplinar",100.0,440/440 comprobaciones satisfactorias. Detalle individual en revision-documental.json.,Sin incumplimientos en este control,No detectado en este control,Ninguno,La presencia y estructura no certifican calidad pedagogica.,No aplica,NO EJECUTADO
33,"Administración, mención Logística",Todos los modulos aplicables,Consultar actividades.csv y revision-documental.json,Indice AE valido,"Control documental, no validacion disciplinar",100.0,440/440 comprobaciones satisfactorias. Detalle individual en revision-documental.json.,Sin incumplimientos en este control,No detectado en este control,Ninguno,La presencia y estructura no certifican calidad pedagogica.,No aplica,NO EJECUTADO
33,"Administración, mención Logística",Todos los modulos aplicables,Consultar actividades.csv y revision-documental.json,Orientacion progresiva disponible,"Control documental, no validacion disciplinar",100.0,204/204 comprobaciones satisfactorias. Detalle individual en revision-documental.json.,Sin incumplimientos en este control,No detectado en este control,Ninguno,La presencia y estructura no certifican calidad pedagogica.,No aplica,NO EJECUTADO
33,"Administración, mención Logística",Todos los modulos aplicables,Consultar actividades.csv y revision-documental.json,Producto de respuesta indicado,"Control documental, no validacion disciplinar",100.0,204/204 comprobaciones satisfactorias. Detalle individual en revision-documental.json.,Sin incumplimientos en este control,No detectado en este control,Ninguno,La presencia y estructura no certifican calidad pedagogica.,No aplica,NO EJECUTADO
34,"Administración, mención Recursos Humanos",Todos los modulos aplicables,Consultar actividades.csv y revision-documental.json,Alternativas distintas y no vacias,"Control documental, no validacion disciplinar",100.0,471/471 comprobaciones satisfactorias. Detalle individual en revision-documental.json.,Sin incumplimientos en este control,No detectado en este control,Ninguno,La presencia y estructura no certifican calidad pedagogica.,No aplica,NO EJECUTADO
34,"Administración, mención Recursos Humanos",Todos los modulos aplicables,Consultar actividades.csv y revision-documental.json,Archivo de imagen existente,"Control documental, no validacion disciplinar",100.0,606/606 comprobaciones satisfactorias. Detalle individual en revision-documental.json.,Sin incumplimientos en este control,No detectado en este control,Ninguno,La presencia y estructura no certifican calidad pedagogica.,No aplica,NO EJECUTADO
34,"Administración, mención Recursos Humanos",Todos los modulos aplicables,Consultar actividades.csv y revision-documental.json,Clave dentro de alternativas,"Control documental, no validacion disciplinar",100.0,471/471 comprobaciones satisfactorias. Detalle individual en revision-documental.json.,Sin incumplimientos en este control,No detectado en este control,Ninguno,La presencia y estructura no certifican calidad pedagogica.,No aplica,NO EJECUTADO
34,"Administración, mención Recursos Humanos",Todos los modulos aplicables,Consultar actividades.csv y revision-documental.json,Consigna registrada,"Control documental, no validacion disciplinar",100.0,1300/1300 comprobaciones satisfactorias. Detalle individual en revision-documental.json.,Sin incumplimientos en este control,No detectado en este control,Ninguno,La presencia y estructura no certifican calidad pedagogica.,No aplica,NO EJECUTADO
34,"Administración, mención Recursos Humanos",Todos los modulos aplicables,Consultar actividades.csv y revision-documental.json,Criterio pertenece al AE declarado,"Control documental, no validacion disciplinar",100.0,440/440 comprobaciones satisfactorias. Detalle individual en revision-documental.json.,Sin incumplimientos en este control,No detectado en este control,Ninguno,La presencia y estructura no certifican calidad pedagogica.,No aplica,NO EJECUTADO
34,"Administración, mención Recursos Humanos",Todos los modulos aplicables,Consultar actividades.csv y revision-documental.json,Explicacion registrada,"Control documental, no validacion disciplinar",100.0,440/440 comprobaciones satisfactorias. Detalle individual en revision-documental.json.,Sin incumplimientos en este control,No detectado en este control,Ninguno,La presencia y estructura no certifican calidad pedagogica.,No aplica,NO EJECUTADO
34,"Administración, mención Recursos Humanos",Todos los modulos aplicables,Consultar actividades.csv y revision-documental.json,Indice AE valido,"Control documental, no validacion disciplinar",100.0,440/440 comprobaciones satisfactorias. Detalle individual en revision-documental.json.,Sin incumplimientos en este control,No detectado en este control,Ninguno,La presencia y estructura no certifican calidad pedagogica.,No aplica,NO EJECUTADO
34,"Administración, mención Recursos Humanos",Todos los modulos aplicables,Consultar actividades.csv y revision-documental.json,Orientacion progresiva disponible,"Control documental, no validacion disciplinar",100.0,186/186 comprobaciones satisfactorias. Detalle individual en revision-documental.json.,Sin incumplimientos en este control,No detectado en este control,Ninguno,La presencia y estructura no certifican calidad pedagogica.,No aplica,NO EJECUTADO
34,"Administración, mención Recursos Humanos",Todos los modulos aplicables,Consultar actividades.csv y revision-documental.json,Producto de respuesta indicado,"Control documental, no validacion disciplinar",100.0,186/186 comprobaciones satisfactorias. Detalle individual en revision-documental.json.,Sin incumplimientos en este control,No detectado en este control,Ninguno,La presencia y estructura no certifican calidad pedagogica.,No aplica,NO EJECUTADO
35,"Agropecuaria, mención Agricultura",Todos los modulos aplicables,Consultar actividades.csv y revision-documental.json,Alternativas distintas y no vacias,"Control documental, no validacion disciplinar",100.0,437/437 comprobaciones satisfactorias. Detalle individual en revision-documental.json.,Sin incumplimientos en este control,No detectado en este control,Ninguno,La presencia y estructura no certifican calidad pedagogica.,No aplica,NO EJECUTADO
35,"Agropecuaria, mención Agricultura",Todos los modulos aplicables,Consultar actividades.csv y revision-documental.json,Archivo de imagen existente,"Control documental, no validacion disciplinar",100.0,595/595 comprobaciones satisfactorias. Detalle individual en revision-documental.json.,Sin incumplimientos en este control,No detectado en este control,Ninguno,La presencia y estructura no certifican calidad pedagogica.,No aplica,NO EJECUTADO
35,"Agropecuaria, mención Agricultura",Todos los modulos aplicables,Consultar actividades.csv y revision-documental.json,Clave dentro de alternativas,"Control documental, no validacion disciplinar",100.0,437/437 comprobaciones satisfactorias. Detalle individual en revision-documental.json.,Sin incumplimientos en este control,No detectado en este control,Ninguno,La presencia y estructura no certifican calidad pedagogica.,No aplica,NO EJECUTADO
35,"Agropecuaria, mención Agricultura",Todos los modulos aplicables,Consultar actividades.csv y revision-documental.json,Consigna registrada,"Control documental, no validacion disciplinar",100.0,1261/1261 comprobaciones satisfactorias. Detalle individual en revision-documental.json.,Sin incumplimientos en este control,No detectado en este control,Ninguno,La presencia y estructura no certifican calidad pedagogica.,No aplica,NO EJECUTADO
35,"Agropecuaria, mención Agricultura",Todos los modulos aplicables,Consultar actividades.csv y revision-documental.json,Criterio pertenece al AE declarado,"Control documental, no validacion disciplinar",100.0,400/400 comprobaciones satisfactorias. Detalle individual en revision-documental.json.,Sin incumplimientos en este control,No detectado en este control,Ninguno,La presencia y estructura no certifican calidad pedagogica.,No aplica,NO EJECUTADO
35,"Agropecuaria, mención Agricultura",Todos los modulos aplicables,Consultar actividades.csv y revision-documental.json,Explicacion registrada,"Control documental, no validacion disciplinar",100.0,400/400 comprobaciones satisfactorias. Detalle individual en revision-documental.json.,Sin incumplimientos en este control,No detectado en este control,Ninguno,La presencia y estructura no certifican calidad pedagogica.,No aplica,NO EJECUTADO
35,"Agropecuaria, mención Agricultura",Todos los modulos aplicables,Consultar actividades.csv y revision-documental.json,Indice AE valido,"Control documental, no validacion disciplinar",100.0,400/400 comprobaciones satisfactorias. Detalle individual en revision-documental.json.,Sin incumplimientos en este control,No detectado en este control,Ninguno,La presencia y estructura no certifican calidad pedagogica.,No aplica,NO EJECUTADO
35,"Agropecuaria, mención Agricultura",Todos los modulos aplicables,Consultar actividades.csv y revision-documental.json,Orientacion progresiva disponible,"Control documental, no validacion disciplinar",100.0,222/222 comprobaciones satisfactorias. Detalle individual en revision-documental.json.,Sin incumplimientos en este control,No detectado en este control,Ninguno,La presencia y estructura no certifican calidad pedagogica.,No aplica,NO EJECUTADO
35,"Agropecuaria, mención Agricultura",Todos los modulos aplicables,Consultar actividades.csv y revision-documental.json,Producto de respuesta indicado,"Control documental, no validacion disciplinar",100.0,222/222 comprobaciones satisfactorias. Detalle individual en revision-documental.json.,Sin incumplimientos en este control,No detectado en este control,Ninguno,La presencia y estructura no certifican calidad pedagogica.,No aplica,NO EJECUTADO
36,"Agropecuaria, mención Pecuaria",Todos los modulos aplicables,Consultar actividades.csv y revision-documental.json,Alternativas distintas y no vacias,"Control documental, no validacion disciplinar",100.0,482/482 comprobaciones satisfactorias. Detalle individual en revision-documental.json.,Sin incumplimientos en este control,No detectado en este control,Ninguno,La presencia y estructura no certifican calidad pedagogica.,No aplica,NO EJECUTADO
36,"Agropecuaria, mención Pecuaria",Todos los modulos aplicables,Consultar actividades.csv y revision-documental.json,Archivo de imagen existente,"Control documental, no validacion disciplinar",100.0,661/661 comprobaciones satisfactorias. Detalle individual en revision-documental.json.,Sin incumplimientos en este control,No detectado en este control,Ninguno,La presencia y estructura no certifican calidad pedagogica.,No aplica,NO EJECUTADO
36,"Agropecuaria, mención Pecuaria",Todos los modulos aplicables,Consultar actividades.csv y revision-documental.json,Clave dentro de alternativas,"Control documental, no validacion disciplinar",100.0,482/482 comprobaciones satisfactorias. Detalle individual en revision-documental.json.,Sin incumplimientos en este control,No detectado en este control,Ninguno,La presencia y estructura no certifican calidad pedagogica.,No aplica,NO EJECUTADO
36,"Agropecuaria, mención Pecuaria",Todos los modulos aplicables,Consultar actividades.csv y revision-documental.json,Consigna registrada,"Control documental, no validacion disciplinar",100.0,1366/1366 comprobaciones satisfactorias. Detalle individual en revision-documental.json.,Sin incumplimientos en este control,No detectado en este control,Ninguno,La presencia y estructura no certifican calidad pedagogica.,No aplica,NO EJECUTADO
36,"Agropecuaria, mención Pecuaria",Todos los modulos aplicables,Consultar actividades.csv y revision-documental.json,Criterio pertenece al AE declarado,"Control documental, no validacion disciplinar",100.0,440/440 comprobaciones satisfactorias. Detalle individual en revision-documental.json.,Sin incumplimientos en este control,No detectado en este control,Ninguno,La presencia y estructura no certifican calidad pedagogica.,No aplica,NO EJECUTADO
36,"Agropecuaria, mención Pecuaria",Todos los modulos aplicables,Consultar actividades.csv y revision-documental.json,Explicacion registrada,"Control documental, no validacion disciplinar",100.0,440/440 comprobaciones satisfactorias. Detalle individual en revision-documental.json.,Sin incumplimientos en este control,No detectado en este control,Ninguno,La presencia y estructura no certifican calidad pedagogica.,No aplica,NO EJECUTADO
36,"Agropecuaria, mención Pecuaria",Todos los modulos aplicables,Consultar actividades.csv y revision-documental.json,Indice AE valido,"Control documental, no validacion disciplinar",100.0,440/440 comprobaciones satisfactorias. Detalle individual en revision-documental.json.,Sin incumplimientos en este control,No detectado en este control,Ninguno,La presencia y estructura no certifican calidad pedagogica.,No aplica,NO EJECUTADO
36,"Agropecuaria, mención Pecuaria",Todos los modulos aplicables,Consultar actividades.csv y revision-documental.json,Orientacion progresiva disponible,"Control documental, no validacion disciplinar",100.0,252/252 comprobaciones satisfactorias. Detalle individual en revision-documental.json.,Sin incumplimientos en este control,No detectado en este control,Ninguno,La presencia y estructura no certifican calidad pedagogica.,No aplica,NO EJECUTADO
36,"Agropecuaria, mención Pecuaria",Todos los modulos aplicables,Consultar actividades.csv y revision-documental.json,Producto de respuesta indicado,"Control documental, no validacion disciplinar",100.0,252/252 comprobaciones satisfactorias. Detalle individual en revision-documental.json.,Sin incumplimientos en este control,No detectado en este control,Ninguno,La presencia y estructura no certifican calidad pedagogica.,No aplica,NO EJECUTADO
37,"Agropecuaria, mención Vitivinícola",Todos los modulos aplicables,Consultar actividades.csv y revision-documental.json,Alternativas distintas y no vacias,"Control documental, no validacion disciplinar",100.0,480/480 comprobaciones satisfactorias. Detalle individual en revision-documental.json.,Sin incumplimientos en este control,No detectado en este control,Ninguno,La presencia y estructura no certifican calidad pedagogica.,No aplica,NO EJECUTADO
37,"Agropecuaria, mención Vitivinícola",Todos los modulos aplicables,Consultar actividades.csv y revision-documental.json,Archivo de imagen existente,"Control documental, no validacion disciplinar",100.0,651/651 comprobaciones satisfactorias. Detalle individual en revision-documental.json.,Sin incumplimientos en este control,No detectado en este control,Ninguno,La presencia y estructura no certifican calidad pedagogica.,No aplica,NO EJECUTADO
37,"Agropecuaria, mención Vitivinícola",Todos los modulos aplicables,Consultar actividades.csv y revision-documental.json,Clave dentro de alternativas,"Control documental, no validacion disciplinar",100.0,480/480 comprobaciones satisfactorias. Detalle individual en revision-documental.json.,Sin incumplimientos en este control,No detectado en este control,Ninguno,La presencia y estructura no certifican calidad pedagogica.,No aplica,NO EJECUTADO
37,"Agropecuaria, mención Vitivinícola",Todos los modulos aplicables,Consultar actividades.csv y revision-documental.json,Consigna registrada,"Control documental, no validacion disciplinar",100.0,1354/1354 comprobaciones satisfactorias. Detalle individual en revision-documental.json.,Sin incumplimientos en este control,No detectado en este control,Ninguno,La presencia y estructura no certifican calidad pedagogica.,No aplica,NO EJECUTADO
37,"Agropecuaria, mención Vitivinícola",Todos los modulos aplicables,Consultar actividades.csv y revision-documental.json,Criterio pertenece al AE declarado,"Control documental, no validacion disciplinar",100.0,440/440 comprobaciones satisfactorias. Detalle individual en revision-documental.json.,Sin incumplimientos en este control,No detectado en este control,Ninguno,La presencia y estructura no certifican calidad pedagogica.,No aplica,NO EJECUTADO
37,"Agropecuaria, mención Vitivinícola",Todos los modulos aplicables,Consultar actividades.csv y revision-documental.json,Explicacion registrada,"Control documental, no validacion disciplinar",100.0,440/440 comprobaciones satisfactorias. Detalle individual en revision-documental.json.,Sin incumplimientos en este control,No detectado en este control,Ninguno,La presencia y estructura no certifican calidad pedagogica.,No aplica,NO EJECUTADO
37,"Agropecuaria, mención Vitivinícola",Todos los modulos aplicables,Consultar actividades.csv y revision-documental.json,Indice AE valido,"Control documental, no validacion disciplinar",100.0,440/440 comprobaciones satisfactorias. Detalle individual en revision-documental.json.,Sin incumplimientos en este control,No detectado en este control,Ninguno,La presencia y estructura no certifican calidad pedagogica.,No aplica,NO EJECUTADO
37,"Agropecuaria, mención Vitivinícola",Todos los modulos aplicables,Consultar actividades.csv y revision-documental.json,Orientacion progresiva disponible,"Control documental, no validacion disciplinar",100.0,240/240 comprobaciones satisfactorias. Detalle individual en revision-documental.json.,Sin incumplimientos en este control,No detectado en este control,Ninguno,La presencia y estructura no certifican calidad pedagogica.,No aplica,NO EJECUTADO
37,"Agropecuaria, mención Vitivinícola",Todos los modulos aplicables,Consultar actividades.csv y revision-documental.json,Producto de respuesta indicado,"Control documental, no validacion disciplinar",100.0,240/240 comprobaciones satisfactorias. Detalle individual en revision-documental.json.,Sin incumplimientos en este control,No detectado en este control,Ninguno,La presencia y estructura no certifican calidad pedagogica.,No aplica,NO EJECUTADO
38,"Construcción, mención Edificación",Todos los modulos aplicables,Consultar actividades.csv y revision-documental.json,Alternativas distintas y no vacias,"Control documental, no validacion disciplinar",100.0,514/514 comprobaciones satisfactorias. Detalle individual en revision-documental.json.,Sin incumplimientos en este control,No detectado en este control,Ninguno,La presencia y estructura no certifican calidad pedagogica.,No aplica,NO EJECUTADO
38,"Construcción, mención Edificación",Todos los modulos aplicables,Consultar actividades.csv y revision-documental.json,Archivo de imagen existente,"Control documental, no validacion disciplinar",100.0,492/492 comprobaciones satisfactorias. Detalle individual en revision-documental.json.,Sin incumplimientos en este control,No detectado en este control,Ninguno,La presencia y estructura no certifican calidad pedagogica.,No aplica,NO EJECUTADO
38,"Construcción, mención Edificación",Todos los modulos aplicables,Consultar actividades.csv y revision-documental.json,Clave dentro de alternativas,"Control documental, no validacion disciplinar",100.0,514/514 comprobaciones satisfactorias. Detalle individual en revision-documental.json.,Sin incumplimientos en este control,No detectado en este control,Ninguno,La presencia y estructura no certifican calidad pedagogica.,No aplica,NO EJECUTADO
38,"Construcción, mención Edificación",Todos los modulos aplicables,Consultar actividades.csv y revision-documental.json,Consigna registrada,"Control documental, no validacion disciplinar",100.0,1394/1394 comprobaciones satisfactorias. Detalle individual en revision-documental.json.,Sin incumplimientos en este control,No detectado en este control,Ninguno,La presencia y estructura no certifican calidad pedagogica.,No aplica,NO EJECUTADO
38,"Construcción, mención Edificación",Todos los modulos aplicables,Consultar actividades.csv y revision-documental.json,Criterio pertenece al AE declarado,"Control documental, no validacion disciplinar",100.0,480/480 comprobaciones satisfactorias. Detalle individual en revision-documental.json.,Sin incumplimientos en este control,No detectado en este control,Ninguno,La presencia y estructura no certifican calidad pedagogica.,No aplica,NO EJECUTADO
38,"Construcción, mención Edificación",Todos los modulos aplicables,Consultar actividades.csv y revision-documental.json,Explicacion registrada,"Control documental, no validacion disciplinar",100.0,480/480 comprobaciones satisfactorias. Detalle individual en revision-documental.json.,Sin incumplimientos en este control,No detectado en este control,Ninguno,La presencia y estructura no certifican calidad pedagogica.,No aplica,NO EJECUTADO
38,"Construcción, mención Edificación",Todos los modulos aplicables,Consultar actividades.csv y revision-documental.json,Indice AE valido,"Control documental, no validacion disciplinar",100.0,480/480 comprobaciones satisfactorias. Detalle individual en revision-documental.json.,Sin incumplimientos en este control,No detectado en este control,Ninguno,La presencia y estructura no certifican calidad pedagogica.,No aplica,NO EJECUTADO
38,"Construcción, mención Edificación",Todos los modulos aplicables,Consultar actividades.csv y revision-documental.json,Orientacion progresiva disponible,"Control documental, no validacion disciplinar",100.0,204/204 comprobaciones satisfactorias. Detalle individual en revision-documental.json.,Sin incumplimientos en este control,No detectado en este control,Ninguno,La presencia y estructura no certifican calidad pedagogica.,No aplica,NO EJECUTADO
38,"Construcción, mención Edificación",Todos los modulos aplicables,Consultar actividades.csv y revision-documental.json,Producto de respuesta indicado,"Control documental, no validacion disciplinar",100.0,204/204 comprobaciones satisfactorias. Detalle individual en revision-documental.json.,Sin incumplimientos en este control,No detectado en este control,Ninguno,La presencia y estructura no certifican calidad pedagogica.,No aplica,NO EJECUTADO
39,"Construcción, mención Terminaciones de la Construcción",Todos los modulos aplicables,Consultar actividades.csv y revision-documental.json,Alternativas distintas y no vacias,"Control documental, no validacion disciplinar",100.0,513/513 comprobaciones satisfactorias. Detalle individual en revision-documental.json.,Sin incumplimientos en este control,No detectado en este control,Ninguno,La presencia y estructura no certifican calidad pedagogica.,No aplica,NO EJECUTADO
39,"Construcción, mención Terminaciones de la Construcción",Todos los modulos aplicables,Consultar actividades.csv y revision-documental.json,Archivo de imagen existente,"Control documental, no validacion disciplinar",100.0,492/492 comprobaciones satisfactorias. Detalle individual en revision-documental.json.,Sin incumplimientos en este control,No detectado en este control,Ninguno,La presencia y estructura no certifican calidad pedagogica.,No aplica,NO EJECUTADO
39,"Construcción, mención Terminaciones de la Construcción",Todos los modulos aplicables,Consultar actividades.csv y revision-documental.json,Clave dentro de alternativas,"Control documental, no validacion disciplinar",100.0,513/513 comprobaciones satisfactorias. Detalle individual en revision-documental.json.,Sin incumplimientos en este control,No detectado en este control,Ninguno,La presencia y estructura no certifican calidad pedagogica.,No aplica,NO EJECUTADO
39,"Construcción, mención Terminaciones de la Construcción",Todos los modulos aplicables,Consultar actividades.csv y revision-documental.json,Consigna registrada,"Control documental, no validacion disciplinar",100.0,1388/1388 comprobaciones satisfactorias. Detalle individual en revision-documental.json.,Sin incumplimientos en este control,No detectado en este control,Ninguno,La presencia y estructura no certifican calidad pedagogica.,No aplica,NO EJECUTADO
39,"Construcción, mención Terminaciones de la Construcción",Todos los modulos aplicables,Consultar actividades.csv y revision-documental.json,Criterio pertenece al AE declarado,"Control documental, no validacion disciplinar",100.0,480/480 comprobaciones satisfactorias. Detalle individual en revision-documental.json.,Sin incumplimientos en este control,No detectado en este control,Ninguno,La presencia y estructura no certifican calidad pedagogica.,No aplica,NO EJECUTADO
39,"Construcción, mención Terminaciones de la Construcción",Todos los modulos aplicables,Consultar actividades.csv y revision-documental.json,Explicacion registrada,"Control documental, no validacion disciplinar",100.0,480/480 comprobaciones satisfactorias. Detalle individual en revision-documental.json.,Sin incumplimientos en este control,No detectado en este control,Ninguno,La presencia y estructura no certifican calidad pedagogica.,No aplica,NO EJECUTADO
39,"Construcción, mención Terminaciones de la Construcción",Todos los modulos aplicables,Consultar actividades.csv y revision-documental.json,Indice AE valido,"Control documental, no validacion disciplinar",100.0,480/480 comprobaciones satisfactorias. Detalle individual en revision-documental.json.,Sin incumplimientos en este control,No detectado en este control,Ninguno,La presencia y estructura no certifican calidad pedagogica.,No aplica,NO EJECUTADO
39,"Construcción, mención Terminaciones de la Construcción",Todos los modulos aplicables,Consultar actividades.csv y revision-documental.json,Orientacion progresiva disponible,"Control documental, no validacion disciplinar",100.0,198/198 comprobaciones satisfactorias. Detalle individual en revision-documental.json.,Sin incumplimientos en este control,No detectado en este control,Ninguno,La presencia y estructura no certifican calidad pedagogica.,No aplica,NO EJECUTADO
39,"Construcción, mención Terminaciones de la Construcción",Todos los modulos aplicables,Consultar actividades.csv y revision-documental.json,Producto de respuesta indicado,"Control documental, no validacion disciplinar",100.0,198/198 comprobaciones satisfactorias. Detalle individual en revision-documental.json.,Sin incumplimientos en este control,No detectado en este control,Ninguno,La presencia y estructura no certifican calidad pedagogica.,No aplica,NO EJECUTADO
40,"Construcción, mención Obras Viales e Infraestructura",Todos los modulos aplicables,Consultar actividades.csv y revision-documental.json,Alternativas distintas y no vacias,"Control documental, no validacion disciplinar",100.0,556/556 comprobaciones satisfactorias. Detalle individual en revision-documental.json.,Sin incumplimientos en este control,No detectado en este control,Ninguno,La presencia y estructura no certifican calidad pedagogica.,No aplica,NO EJECUTADO
40,"Construcción, mención Obras Viales e Infraestructura",Todos los modulos aplicables,Consultar actividades.csv y revision-documental.json,Archivo de imagen existente,"Control documental, no validacion disciplinar",100.0,533/533 comprobaciones satisfactorias. Detalle individual en revision-documental.json.,Sin incumplimientos en este control,No detectado en este control,Ninguno,La presencia y estructura no certifican calidad pedagogica.,No aplica,NO EJECUTADO
40,"Construcción, mención Obras Viales e Infraestructura",Todos los modulos aplicables,Consultar actividades.csv y revision-documental.json,Clave dentro de alternativas,"Control documental, no validacion disciplinar",100.0,556/556 comprobaciones satisfactorias. Detalle individual en revision-documental.json.,Sin incumplimientos en este control,No detectado en este control,Ninguno,La presencia y estructura no certifican calidad pedagogica.,No aplica,NO EJECUTADO
40,"Construcción, mención Obras Viales e Infraestructura",Todos los modulos aplicables,Consultar actividades.csv y revision-documental.json,Consigna registrada,"Control documental, no validacion disciplinar",100.0,1482/1482 comprobaciones satisfactorias. Detalle individual en revision-documental.json.,Sin incumplimientos en este control,No detectado en este control,Ninguno,La presencia y estructura no certifican calidad pedagogica.,No aplica,NO EJECUTADO
40,"Construcción, mención Obras Viales e Infraestructura",Todos los modulos aplicables,Consultar actividades.csv y revision-documental.json,Criterio pertenece al AE declarado,"Control documental, no validacion disciplinar",100.0,520/520 comprobaciones satisfactorias. Detalle individual en revision-documental.json.,Sin incumplimientos en este control,No detectado en este control,Ninguno,La presencia y estructura no certifican calidad pedagogica.,No aplica,NO EJECUTADO
40,"Construcción, mención Obras Viales e Infraestructura",Todos los modulos aplicables,Consultar actividades.csv y revision-documental.json,Explicacion registrada,"Control documental, no validacion disciplinar",100.0,520/520 comprobaciones satisfactorias. Detalle individual en revision-documental.json.,Sin incumplimientos en este control,No detectado en este control,Ninguno,La presencia y estructura no certifican calidad pedagogica.,No aplica,NO EJECUTADO
40,"Construcción, mención Obras Viales e Infraestructura",Todos los modulos aplicables,Consultar actividades.csv y revision-documental.json,Indice AE valido,"Control documental, no validacion disciplinar",100.0,520/520 comprobaciones satisfactorias. Detalle individual en revision-documental.json.,Sin incumplimientos en este control,No detectado en este control,Ninguno,La presencia y estructura no certifican calidad pedagogica.,No aplica,NO EJECUTADO
40,"Construcción, mención Obras Viales e Infraestructura",Todos los modulos aplicables,Consultar actividades.csv y revision-documental.json,Orientacion progresiva disponible,"Control documental, no validacion disciplinar",100.0,216/216 comprobaciones satisfactorias. Detalle individual en revision-documental.json.,Sin incumplimientos en este control,No detectado en este control,Ninguno,La presencia y estructura no certifican calidad pedagogica.,No aplica,NO EJECUTADO
40,"Construcción, mención Obras Viales e Infraestructura",Todos los modulos aplicables,Consultar actividades.csv y revision-documental.json,Producto de respuesta indicado,"Control documental, no validacion disciplinar",100.0,216/216 comprobaciones satisfactorias. Detalle individual en revision-documental.json.,Sin incumplimientos en este control,No detectado en este control,Ninguno,La presencia y estructura no certifican calidad pedagogica.,No aplica,NO EJECUTADO
41,"Química Industrial, mención Laboratorio Químico",Todos los modulos aplicables,Consultar actividades.csv y revision-documental.json,Alternativas distintas y no vacias,"Control documental, no validacion disciplinar",100.0,438/438 comprobaciones satisfactorias. Detalle individual en revision-documental.json.,Sin incumplimientos en este control,No detectado en este control,Ninguno,La presencia y estructura no certifican calidad pedagogica.,No aplica,NO EJECUTADO
41,"Química Industrial, mención Laboratorio Químico",Todos los modulos aplicables,Consultar actividades.csv y revision-documental.json,Archivo de imagen existente,"Control documental, no validacion disciplinar",100.0,410/410 comprobaciones satisfactorias. Detalle individual en revision-documental.json.,Sin incumplimientos en este control,No detectado en este control,Ninguno,La presencia y estructura no certifican calidad pedagogica.,No aplica,NO EJECUTADO
41,"Química Industrial, mención Laboratorio Químico",Todos los modulos aplicables,Consultar actividades.csv y revision-documental.json,Clave dentro de alternativas,"Control documental, no validacion disciplinar",100.0,438/438 comprobaciones satisfactorias. Detalle individual en revision-documental.json.,Sin incumplimientos en este control,No detectado en este control,Ninguno,La presencia y estructura no certifican calidad pedagogica.,No aplica,NO EJECUTADO
41,"Química Industrial, mención Laboratorio Químico",Todos los modulos aplicables,Consultar actividades.csv y revision-documental.json,Consigna registrada,"Control documental, no validacion disciplinar",100.0,1267/1267 comprobaciones satisfactorias. Detalle individual en revision-documental.json.,Sin incumplimientos en este control,No detectado en este control,Ninguno,La presencia y estructura no certifican calidad pedagogica.,No aplica,NO EJECUTADO
41,"Química Industrial, mención Laboratorio Químico",Todos los modulos aplicables,Consultar actividades.csv y revision-documental.json,Criterio pertenece al AE declarado,"Control documental, no validacion disciplinar",100.0,400/400 comprobaciones satisfactorias. Detalle individual en revision-documental.json.,Sin incumplimientos en este control,No detectado en este control,Ninguno,La presencia y estructura no certifican calidad pedagogica.,No aplica,NO EJECUTADO
41,"Química Industrial, mención Laboratorio Químico",Todos los modulos aplicables,Consultar actividades.csv y revision-documental.json,Explicacion registrada,"Control documental, no validacion disciplinar",100.0,400/400 comprobaciones satisfactorias. Detalle individual en revision-documental.json.,Sin incumplimientos en este control,No detectado en este control,Ninguno,La presencia y estructura no certifican calidad pedagogica.,No aplica,NO EJECUTADO
41,"Química Industrial, mención Laboratorio Químico",Todos los modulos aplicables,Consultar actividades.csv y revision-documental.json,Indice AE valido,"Control documental, no validacion disciplinar",100.0,400/400 comprobaciones satisfactorias. Detalle individual en revision-documental.json.,Sin incumplimientos en este control,No detectado en este control,Ninguno,La presencia y estructura no certifican calidad pedagogica.,No aplica,NO EJECUTADO
41,"Química Industrial, mención Laboratorio Químico",Todos los modulos aplicables,Consultar actividades.csv y revision-documental.json,Orientacion progresiva disponible,"Control documental, no validacion disciplinar",100.0,228/228 comprobaciones satisfactorias. Detalle individual en revision-documental.json.,Sin incumplimientos en este control,No detectado en este control,Ninguno,La presencia y estructura no certifican calidad pedagogica.,No aplica,NO EJECUTADO
41,"Química Industrial, mención Laboratorio Químico",Todos los modulos aplicables,Consultar actividades.csv y revision-documental.json,Producto de respuesta indicado,"Control documental, no validacion disciplinar",100.0,228/228 comprobaciones satisfactorias. Detalle individual en revision-documental.json.,Sin incumplimientos en este control,No detectado en este control,Ninguno,La presencia y estructura no certifican calidad pedagogica.,No aplica,NO EJECUTADO
42,"Química Industrial, mención Planta Química",Todos los modulos aplicables,Consultar actividades.csv y revision-documental.json,Alternativas distintas y no vacias,"Control documental, no validacion disciplinar",100.0,392/392 comprobaciones satisfactorias. Detalle individual en revision-documental.json.,Sin incumplimientos en este control,No detectado en este control,Ninguno,La presencia y estructura no certifican calidad pedagogica.,No aplica,NO EJECUTADO
42,"Química Industrial, mención Planta Química",Todos los modulos aplicables,Consultar actividades.csv y revision-documental.json,Archivo de imagen existente,"Control documental, no validacion disciplinar",100.0,369/369 comprobaciones satisfactorias. Detalle individual en revision-documental.json.,Sin incumplimientos en este control,No detectado en este control,Ninguno,La presencia y estructura no certifican calidad pedagogica.,No aplica,NO EJECUTADO
42,"Química Industrial, mención Planta Química",Todos los modulos aplicables,Consultar actividades.csv y revision-documental.json,Clave dentro de alternativas,"Control documental, no validacion disciplinar",100.0,392/392 comprobaciones satisfactorias. Detalle individual en revision-documental.json.,Sin incumplimientos en este control,No detectado en este control,Ninguno,La presencia y estructura no certifican calidad pedagogica.,No aplica,NO EJECUTADO
42,"Química Industrial, mención Planta Química",Todos los modulos aplicables,Consultar actividades.csv y revision-documental.json,Consigna registrada,"Control documental, no validacion disciplinar",100.0,1155/1155 comprobaciones satisfactorias. Detalle individual en revision-documental.json.,Sin incumplimientos en este control,No detectado en este control,Ninguno,La presencia y estructura no certifican calidad pedagogica.,No aplica,NO EJECUTADO
42,"Química Industrial, mención Planta Química",Todos los modulos aplicables,Consultar actividades.csv y revision-documental.json,Criterio pertenece al AE declarado,"Control documental, no validacion disciplinar",100.0,360/360 comprobaciones satisfactorias. Detalle individual en revision-documental.json.,Sin incumplimientos en este control,No detectado en este control,Ninguno,La presencia y estructura no certifican calidad pedagogica.,No aplica,NO EJECUTADO
42,"Química Industrial, mención Planta Química",Todos los modulos aplicables,Consultar actividades.csv y revision-documental.json,Explicacion registrada,"Control documental, no validacion disciplinar",100.0,360/360 comprobaciones satisfactorias. Detalle individual en revision-documental.json.,Sin incumplimientos en este control,No detectado en este control,Ninguno,La presencia y estructura no certifican calidad pedagogica.,No aplica,NO EJECUTADO
42,"Química Industrial, mención Planta Química",Todos los modulos aplicables,Consultar actividades.csv y revision-documental.json,Indice AE valido,"Control documental, no validacion disciplinar",100.0,360/360 comprobaciones satisfactorias. Detalle individual en revision-documental.json.,Sin incumplimientos en este control,No detectado en este control,Ninguno,La presencia y estructura no certifican calidad pedagogica.,No aplica,NO EJECUTADO
42,"Química Industrial, mención Planta Química",Todos los modulos aplicables,Consultar actividades.csv y revision-documental.json,Orientacion progresiva disponible,"Control documental, no validacion disciplinar",100.0,192/192 comprobaciones satisfactorias. Detalle individual en revision-documental.json.,Sin incumplimientos en este control,No detectado en este control,Ninguno,La presencia y estructura no certifican calidad pedagogica.,No aplica,NO EJECUTADO
42,"Química Industrial, mención Planta Química",Todos los modulos aplicables,Consultar actividades.csv y revision-documental.json,Producto de respuesta indicado,"Control documental, no validacion disciplinar",100.0,192/192 comprobaciones satisfactorias. Detalle individual en revision-documental.json.,Sin incumplimientos en este control,No detectado en este control,Ninguno,La presencia y estructura no certifican calidad pedagogica.,No aplica,NO EJECUTADO
43,"Mecánica Industrial, mención Máquinas-Herramientas",Todos los modulos aplicables,Consultar actividades.csv y revision-documental.json,Alternativas distintas y no vacias,"Control documental, no validacion disciplinar",100.0,435/435 comprobaciones satisfactorias. Detalle individual en revision-documental.json.,Sin incumplimientos en este control,No detectado en este control,Ninguno,La presencia y estructura no certifican calidad pedagogica.,No aplica,NO EJECUTADO
43,"Mecánica Industrial, mención Máquinas-Herramientas",Todos los modulos aplicables,Consultar actividades.csv y revision-documental.json,Archivo de imagen existente,"Control documental, no validacion disciplinar",100.0,410/410 comprobaciones satisfactorias. Detalle individual en revision-documental.json.,Sin incumplimientos en este control,No detectado en este control,Ninguno,La presencia y estructura no certifican calidad pedagogica.,No aplica,NO EJECUTADO
43,"Mecánica Industrial, mención Máquinas-Herramientas",Todos los modulos aplicables,Consultar actividades.csv y revision-documental.json,Clave dentro de alternativas,"Control documental, no validacion disciplinar",100.0,435/435 comprobaciones satisfactorias. Detalle individual en revision-documental.json.,Sin incumplimientos en este control,No detectado en este control,Ninguno,La presencia y estructura no certifican calidad pedagogica.,No aplica,NO EJECUTADO
43,"Mecánica Industrial, mención Máquinas-Herramientas",Todos los modulos aplicables,Consultar actividades.csv y revision-documental.json,Consigna registrada,"Control documental, no validacion disciplinar",100.0,1250/1250 comprobaciones satisfactorias. Detalle individual en revision-documental.json.,Sin incumplimientos en este control,No detectado en este control,Ninguno,La presencia y estructura no certifican calidad pedagogica.,No aplica,NO EJECUTADO
43,"Mecánica Industrial, mención Máquinas-Herramientas",Todos los modulos aplicables,Consultar actividades.csv y revision-documental.json,Criterio pertenece al AE declarado,"Control documental, no validacion disciplinar",100.0,400/400 comprobaciones satisfactorias. Detalle individual en revision-documental.json.,Sin incumplimientos en este control,No detectado en este control,Ninguno,La presencia y estructura no certifican calidad pedagogica.,No aplica,NO EJECUTADO
43,"Mecánica Industrial, mención Máquinas-Herramientas",Todos los modulos aplicables,Consultar actividades.csv y revision-documental.json,Explicacion registrada,"Control documental, no validacion disciplinar",100.0,400/400 comprobaciones satisfactorias. Detalle individual en revision-documental.json.,Sin incumplimientos en este control,No detectado en este control,Ninguno,La presencia y estructura no certifican calidad pedagogica.,No aplica,NO EJECUTADO
43,"Mecánica Industrial, mención Máquinas-Herramientas",Todos los modulos aplicables,Consultar actividades.csv y revision-documental.json,Indice AE valido,"Control documental, no validacion disciplinar",100.0,400/400 comprobaciones satisfactorias. Detalle individual en revision-documental.json.,Sin incumplimientos en este control,No detectado en este control,Ninguno,La presencia y estructura no certifican calidad pedagogica.,No aplica,NO EJECUTADO
43,"Mecánica Industrial, mención Máquinas-Herramientas",Todos los modulos aplicables,Consultar actividades.csv y revision-documental.json,Orientacion progresiva disponible,"Control documental, no validacion disciplinar",100.0,210/210 comprobaciones satisfactorias. Detalle individual en revision-documental.json.,Sin incumplimientos en este control,No detectado en este control,Ninguno,La presencia y estructura no certifican calidad pedagogica.,No aplica,NO EJECUTADO
43,"Mecánica Industrial, mención Máquinas-Herramientas",Todos los modulos aplicables,Consultar actividades.csv y revision-documental.json,Producto de respuesta indicado,"Control documental, no validacion disciplinar",100.0,210/210 comprobaciones satisfactorias. Detalle individual en revision-documental.json.,Sin incumplimientos en este control,No detectado en este control,Ninguno,La presencia y estructura no certifican calidad pedagogica.,No aplica,NO EJECUTADO
44,"Mecánica Industrial, mención Matricería",Todos los modulos aplicables,Consultar actividades.csv y revision-documental.json,Alternativas distintas y no vacias,"Control documental, no validacion disciplinar",100.0,436/436 comprobaciones satisfactorias. Detalle individual en revision-documental.json.,Sin incumplimientos en este control,No detectado en este control,Ninguno,La presencia y estructura no certifican calidad pedagogica.,No aplica,NO EJECUTADO
44,"Mecánica Industrial, mención Matricería",Todos los modulos aplicables,Consultar actividades.csv y revision-documental.json,Archivo de imagen existente,"Control documental, no validacion disciplinar",100.0,410/410 comprobaciones satisfactorias. Detalle individual en revision-documental.json.,Sin incumplimientos en este control,No detectado en este control,Ninguno,La presencia y estructura no certifican calidad pedagogica.,No aplica,NO EJECUTADO
44,"Mecánica Industrial, mención Matricería",Todos los modulos aplicables,Consultar actividades.csv y revision-documental.json,Clave dentro de alternativas,"Control documental, no validacion disciplinar",100.0,436/436 comprobaciones satisfactorias. Detalle individual en revision-documental.json.,Sin incumplimientos en este control,No detectado en este control,Ninguno,La presencia y estructura no certifican calidad pedagogica.,No aplica,NO EJECUTADO
44,"Mecánica Industrial, mención Matricería",Todos los modulos aplicables,Consultar actividades.csv y revision-documental.json,Consigna registrada,"Control documental, no validacion disciplinar",100.0,1257/1257 comprobaciones satisfactorias. Detalle individual en revision-documental.json.,Sin incumplimientos en este control,No detectado en este control,Ninguno,La presencia y estructura no certifican calidad pedagogica.,No aplica,NO EJECUTADO
44,"Mecánica Industrial, mención Matricería",Todos los modulos aplicables,Consultar actividades.csv y revision-documental.json,Criterio pertenece al AE declarado,"Control documental, no validacion disciplinar",100.0,400/400 comprobaciones satisfactorias. Detalle individual en revision-documental.json.,Sin incumplimientos en este control,No detectado en este control,Ninguno,La presencia y estructura no certifican calidad pedagogica.,No aplica,NO EJECUTADO
44,"Mecánica Industrial, mención Matricería",Todos los modulos aplicables,Consultar actividades.csv y revision-documental.json,Explicacion registrada,"Control documental, no validacion disciplinar",100.0,400/400 comprobaciones satisfactorias. Detalle individual en revision-documental.json.,Sin incumplimientos en este control,No detectado en este control,Ninguno,La presencia y estructura no certifican calidad pedagogica.,No aplica,NO EJECUTADO
44,"Mecánica Industrial, mención Matricería",Todos los modulos aplicables,Consultar actividades.csv y revision-documental.json,Indice AE valido,"Control documental, no validacion disciplinar",100.0,400/400 comprobaciones satisfactorias. Detalle individual en revision-documental.json.,Sin incumplimientos en este control,No detectado en este control,Ninguno,La presencia y estructura no certifican calidad pedagogica.,No aplica,NO EJECUTADO
44,"Mecánica Industrial, mención Matricería",Todos los modulos aplicables,Consultar actividades.csv y revision-documental.json,Orientacion progresiva disponible,"Control documental, no validacion disciplinar",100.0,216/216 comprobaciones satisfactorias. Detalle individual en revision-documental.json.,Sin incumplimientos en este control,No detectado en este control,Ninguno,La presencia y estructura no certifican calidad pedagogica.,No aplica,NO EJECUTADO
44,"Mecánica Industrial, mención Matricería",Todos los modulos aplicables,Consultar actividades.csv y revision-documental.json,Producto de respuesta indicado,"Control documental, no validacion disciplinar",100.0,216/216 comprobaciones satisfactorias. Detalle individual en revision-documental.json.,Sin incumplimientos en este control,No detectado en este control,Ninguno,La presencia y estructura no certifican calidad pedagogica.,No aplica,NO EJECUTADO
45,"Mecánica Industrial, mención Mantenimiento Electromecánico",Todos los modulos aplicables,Consultar actividades.csv y revision-documental.json,Alternativas distintas y no vacias,"Control documental, no validacion disciplinar",100.0,434/434 comprobaciones satisfactorias. Detalle individual en revision-documental.json.,Sin incumplimientos en este control,No detectado en este control,Ninguno,La presencia y estructura no certifican calidad pedagogica.,No aplica,NO EJECUTADO
45,"Mecánica Industrial, mención Mantenimiento Electromecánico",Todos los modulos aplicables,Consultar actividades.csv y revision-documental.json,Archivo de imagen existente,"Control documental, no validacion disciplinar",100.0,410/410 comprobaciones satisfactorias. Detalle individual en revision-documental.json.,Sin incumplimientos en este control,No detectado en este control,Ninguno,La presencia y estructura no certifican calidad pedagogica.,No aplica,NO EJECUTADO
45,"Mecánica Industrial, mención Mantenimiento Electromecánico",Todos los modulos aplicables,Consultar actividades.csv y revision-documental.json,Clave dentro de alternativas,"Control documental, no validacion disciplinar",100.0,434/434 comprobaciones satisfactorias. Detalle individual en revision-documental.json.,Sin incumplimientos en este control,No detectado en este control,Ninguno,La presencia y estructura no certifican calidad pedagogica.,No aplica,NO EJECUTADO
45,"Mecánica Industrial, mención Mantenimiento Electromecánico",Todos los modulos aplicables,Consultar actividades.csv y revision-documental.json,Consigna registrada,"Control documental, no validacion disciplinar",100.0,1243/1243 comprobaciones satisfactorias. Detalle individual en revision-documental.json.,Sin incumplimientos en este control,No detectado en este control,Ninguno,La presencia y estructura no certifican calidad pedagogica.,No aplica,NO EJECUTADO
45,"Mecánica Industrial, mención Mantenimiento Electromecánico",Todos los modulos aplicables,Consultar actividades.csv y revision-documental.json,Criterio pertenece al AE declarado,"Control documental, no validacion disciplinar",100.0,400/400 comprobaciones satisfactorias. Detalle individual en revision-documental.json.,Sin incumplimientos en este control,No detectado en este control,Ninguno,La presencia y estructura no certifican calidad pedagogica.,No aplica,NO EJECUTADO
45,"Mecánica Industrial, mención Mantenimiento Electromecánico",Todos los modulos aplicables,Consultar actividades.csv y revision-documental.json,Explicacion registrada,"Control documental, no validacion disciplinar",100.0,400/400 comprobaciones satisfactorias. Detalle individual en revision-documental.json.,Sin incumplimientos en este control,No detectado en este control,Ninguno,La presencia y estructura no certifican calidad pedagogica.,No aplica,NO EJECUTADO
45,"Mecánica Industrial, mención Mantenimiento Electromecánico",Todos los modulos aplicables,Consultar actividades.csv y revision-documental.json,Indice AE valido,"Control documental, no validacion disciplinar",100.0,400/400 comprobaciones satisfactorias. Detalle individual en revision-documental.json.,Sin incumplimientos en este control,No detectado en este control,Ninguno,La presencia y estructura no certifican calidad pedagogica.,No aplica,NO EJECUTADO
45,"Mecánica Industrial, mención Mantenimiento Electromecánico",Todos los modulos aplicables,Consultar actividades.csv y revision-documental.json,Orientacion progresiva disponible,"Control documental, no validacion disciplinar",100.0,204/204 comprobaciones satisfactorias. Detalle individual en revision-documental.json.,Sin incumplimientos en este control,No detectado en este control,Ninguno,La presencia y estructura no certifican calidad pedagogica.,No aplica,NO EJECUTADO
45,"Mecánica Industrial, mención Mantenimiento Electromecánico",Todos los modulos aplicables,Consultar actividades.csv y revision-documental.json,Producto de respuesta indicado,"Control documental, no validacion disciplinar",100.0,204/204 comprobaciones satisfactorias. Detalle individual en revision-documental.json.,Sin incumplimientos en este control,No detectado en este control,Ninguno,La presencia y estructura no certifican calidad pedagogica.,No aplica,NO EJECUTADO
1,Refrigeración y Climatización,Todos,Todas,"Validacion pedagogica, disciplinar y visual integral",Pendiente: no revisada integralmente actividad por actividad,NV,El recorrido de estaciones y los controles de estructura no permiten calcular este porcentaje.,Falta contraste especializado de las tareas y sus respuestas y revision visual completa de los estados interactivos.,Por determinar,Completar revision antes de autorizar cambios de contenido,Evitar porcentajes estimados y modificaciones sin evidencia.,Por determinar,PENDIENTE / NO EJECUTADO
2,Electricidad,Todos,Todas,"Validacion pedagogica, disciplinar y visual integral",Pendiente: no revisada integralmente actividad por actividad,NV,El recorrido de estaciones y los controles de estructura no permiten calcular este porcentaje.,Falta contraste especializado de las tareas y sus respuestas y revision visual completa de los estados interactivos.,Por determinar,Completar revision antes de autorizar cambios de contenido,Evitar porcentajes estimados y modificaciones sin evidencia.,Por determinar,PENDIENTE / NO EJECUTADO
3,"Atención de Enfermería, mención Adulto Mayor",Todos,Todas,"Validacion pedagogica, disciplinar y visual integral",Pendiente: no revisada integralmente actividad por actividad,NV,El recorrido de estaciones y los controles de estructura no permiten calcular este porcentaje.,Falta contraste especializado de las tareas y sus respuestas y revision visual completa de los estados interactivos.,Por determinar,Completar revision antes de autorizar cambios de contenido,Evitar porcentajes estimados y modificaciones sin evidencia.,Por determinar,PENDIENTE / NO EJECUTADO
4,"Atención de Enfermería, mención Enfermería",Todos,Todas,"Validacion pedagogica, disciplinar y visual integral",Pendiente: no revisada integralmente actividad por actividad,NV,El recorrido de estaciones y los controles de estructura no permiten calcular este porcentaje.,Falta contraste especializado de las tareas y sus respuestas y revision visual completa de los estados interactivos.,Por determinar,Completar revision antes de autorizar cambios de contenido,Evitar porcentajes estimados y modificaciones sin evidencia.,Por determinar,PENDIENTE / NO EJECUTADO
5,"Gastronomía, mención Cocina",Todos,Todas,"Validacion pedagogica, disciplinar y visual integral",Pendiente: no revisada integralmente actividad por actividad,NV,El recorrido de estaciones y los controles de estructura no permiten calcular este porcentaje.,Falta contraste especializado de las tareas y sus respuestas y revision visual completa de los estados interactivos.,Por determinar,Completar revision antes de autorizar cambios de contenido,Evitar porcentajes estimados y modificaciones sin evidencia.,Por determinar,PENDIENTE / NO EJECUTADO
6,"Gastronomía, mención Pastelería y Repostería",Todos,Todas,"Validacion pedagogica, disciplinar y visual integral",Pendiente: no revisada integralmente actividad por actividad,NV,El recorrido de estaciones y los controles de estructura no permiten calcular este porcentaje.,Falta contraste especializado de las tareas y sus respuestas y revision visual completa de los estados interactivos.,Por determinar,Completar revision antes de autorizar cambios de contenido,Evitar porcentajes estimados y modificaciones sin evidencia.,Por determinar,PENDIENTE / NO EJECUTADO
7,Servicios de Hotelería,Todos,Todas,"Validacion pedagogica, disciplinar y visual integral",Pendiente: no revisada integralmente actividad por actividad,NV,El recorrido de estaciones y los controles de estructura no permiten calcular este porcentaje.,Falta contraste especializado de las tareas y sus respuestas y revision visual completa de los estados interactivos.,Por determinar,Completar revision antes de autorizar cambios de contenido,Evitar porcentajes estimados y modificaciones sin evidencia.,Por determinar,PENDIENTE / NO EJECUTADO
8,Contabilidad,Todos,Todas,"Validacion pedagogica, disciplinar y visual integral",Pendiente: no revisada integralmente actividad por actividad,NV,El recorrido de estaciones y los controles de estructura no permiten calcular este porcentaje.,Falta contraste especializado de las tareas y sus respuestas y revision visual completa de los estados interactivos.,Por determinar,Completar revision antes de autorizar cambios de contenido,Evitar porcentajes estimados y modificaciones sin evidencia.,Por determinar,PENDIENTE / NO EJECUTADO
9,Elaboración Industrial de Alimentos,Todos,Todas,"Validacion pedagogica, disciplinar y visual integral",Pendiente: no revisada integralmente actividad por actividad,NV,El recorrido de estaciones y los controles de estructura no permiten calcular este porcentaje.,Falta contraste especializado de las tareas y sus respuestas y revision visual completa de los estados interactivos.,Por determinar,Completar revision antes de autorizar cambios de contenido,Evitar porcentajes estimados y modificaciones sin evidencia.,Por determinar,PENDIENTE / NO EJECUTADO
10,Vestuario y Confección Textil,Todos,Todas,"Validacion pedagogica, disciplinar y visual integral",Pendiente: no revisada integralmente actividad por actividad,NV,El recorrido de estaciones y los controles de estructura no permiten calcular este porcentaje.,Falta contraste especializado de las tareas y sus respuestas y revision visual completa de los estados interactivos.,Por determinar,Completar revision antes de autorizar cambios de contenido,Evitar porcentajes estimados y modificaciones sin evidencia.,Por determinar,PENDIENTE / NO EJECUTADO
11,Instalaciones Sanitarias,Todos,Todas,"Validacion pedagogica, disciplinar y visual integral",Pendiente: no revisada integralmente actividad por actividad,NV,El recorrido de estaciones y los controles de estructura no permiten calcular este porcentaje.,Falta contraste especializado de las tareas y sus respuestas y revision visual completa de los estados interactivos.,Por determinar,Completar revision antes de autorizar cambios de contenido,Evitar porcentajes estimados y modificaciones sin evidencia.,Por determinar,PENDIENTE / NO EJECUTADO
12,Montaje Industrial,Todos,Todas,"Validacion pedagogica, disciplinar y visual integral",Pendiente: no revisada integralmente actividad por actividad,NV,El recorrido de estaciones y los controles de estructura no permiten calcular este porcentaje.,Falta contraste especializado de las tareas y sus respuestas y revision visual completa de los estados interactivos.,Por determinar,Completar revision antes de autorizar cambios de contenido,Evitar porcentajes estimados y modificaciones sin evidencia.,Por determinar,PENDIENTE / NO EJECUTADO
13,Electrónica,Todos,Todas,"Validacion pedagogica, disciplinar y visual integral",Pendiente: no revisada integralmente actividad por actividad,NV,El recorrido de estaciones y los controles de estructura no permiten calcular este porcentaje.,Falta contraste especializado de las tareas y sus respuestas y revision visual completa de los estados interactivos.,Por determinar,Completar revision antes de autorizar cambios de contenido,Evitar porcentajes estimados y modificaciones sin evidencia.,Por determinar,PENDIENTE / NO EJECUTADO
14,Dibujo Técnico,Todos,Todas,"Validacion pedagogica, disciplinar y visual integral",Pendiente: no revisada integralmente actividad por actividad,NV,El recorrido de estaciones y los controles de estructura no permiten calcular este porcentaje.,Falta contraste especializado de las tareas y sus respuestas y revision visual completa de los estados interactivos.,Por determinar,Completar revision antes de autorizar cambios de contenido,Evitar porcentajes estimados y modificaciones sin evidencia.,Por determinar,PENDIENTE / NO EJECUTADO
15,Gráfica,Todos,Todas,"Validacion pedagogica, disciplinar y visual integral",Pendiente: no revisada integralmente actividad por actividad,NV,El recorrido de estaciones y los controles de estructura no permiten calcular este porcentaje.,Falta contraste especializado de las tareas y sus respuestas y revision visual completa de los estados interactivos.,Por determinar,Completar revision antes de autorizar cambios de contenido,Evitar porcentajes estimados y modificaciones sin evidencia.,Por determinar,PENDIENTE / NO EJECUTADO
16,Servicios de Turismo,Todos,Todas,"Validacion pedagogica, disciplinar y visual integral",Pendiente: no revisada integralmente actividad por actividad,NV,El recorrido de estaciones y los controles de estructura no permiten calcular este porcentaje.,Falta contraste especializado de las tareas y sus respuestas y revision visual completa de los estados interactivos.,Por determinar,Completar revision antes de autorizar cambios de contenido,Evitar porcentajes estimados y modificaciones sin evidencia.,Por determinar,PENDIENTE / NO EJECUTADO
17,Forestal,Todos,Todas,"Validacion pedagogica, disciplinar y visual integral",Pendiente: no revisada integralmente actividad por actividad,NV,El recorrido de estaciones y los controles de estructura no permiten calcular este porcentaje.,Falta contraste especializado de las tareas y sus respuestas y revision visual completa de los estados interactivos.,Por determinar,Completar revision antes de autorizar cambios de contenido,Evitar porcentajes estimados y modificaciones sin evidencia.,Por determinar,PENDIENTE / NO EJECUTADO
18,Muebles y Terminaciones en Madera,Todos,Todas,"Validacion pedagogica, disciplinar y visual integral",Pendiente: no revisada integralmente actividad por actividad,NV,El recorrido de estaciones y los controles de estructura no permiten calcular este porcentaje.,Falta contraste especializado de las tareas y sus respuestas y revision visual completa de los estados interactivos.,Por determinar,Completar revision antes de autorizar cambios de contenido,Evitar porcentajes estimados y modificaciones sin evidencia.,Por determinar,PENDIENTE / NO EJECUTADO
19,Acuicultura,Todos,Todas,"Validacion pedagogica, disciplinar y visual integral",Pendiente: no revisada integralmente actividad por actividad,NV,El recorrido de estaciones y los controles de estructura no permiten calcular este porcentaje.,Falta contraste especializado de las tareas y sus respuestas y revision visual completa de los estados interactivos.,Por determinar,Completar revision antes de autorizar cambios de contenido,Evitar porcentajes estimados y modificaciones sin evidencia.,Por determinar,PENDIENTE / NO EJECUTADO
20,Operaciones Portuarias,Todos,Todas,"Validacion pedagogica, disciplinar y visual integral",Pendiente: no revisada integralmente actividad por actividad,NV,El recorrido de estaciones y los controles de estructura no permiten calcular este porcentaje.,Falta contraste especializado de las tareas y sus respuestas y revision visual completa de los estados interactivos.,Por determinar,Completar revision antes de autorizar cambios de contenido,Evitar porcentajes estimados y modificaciones sin evidencia.,Por determinar,PENDIENTE / NO EJECUTADO
21,Pesquería,Todos,Todas,"Validacion pedagogica, disciplinar y visual integral",Pendiente: no revisada integralmente actividad por actividad,NV,El recorrido de estaciones y los controles de estructura no permiten calcular este porcentaje.,Falta contraste especializado de las tareas y sus respuestas y revision visual completa de los estados interactivos.,Por determinar,Completar revision antes de autorizar cambios de contenido,Evitar porcentajes estimados y modificaciones sin evidencia.,Por determinar,PENDIENTE / NO EJECUTADO
22,Tripulación de Naves Mercantes y Especiales,Todos,Todas,"Validacion pedagogica, disciplinar y visual integral",Pendiente: no revisada integralmente actividad por actividad,NV,El recorrido de estaciones y los controles de estructura no permiten calcular este porcentaje.,Falta contraste especializado de las tareas y sus respuestas y revision visual completa de los estados interactivos.,Por determinar,Completar revision antes de autorizar cambios de contenido,Evitar porcentajes estimados y modificaciones sin evidencia.,Por determinar,PENDIENTE / NO EJECUTADO
23,Construcciones Metálicas,Todos,Todas,"Validacion pedagogica, disciplinar y visual integral",Pendiente: no revisada integralmente actividad por actividad,NV,El recorrido de estaciones y los controles de estructura no permiten calcular este porcentaje.,Falta contraste especializado de las tareas y sus respuestas y revision visual completa de los estados interactivos.,Por determinar,Completar revision antes de autorizar cambios de contenido,Evitar porcentajes estimados y modificaciones sin evidencia.,Por determinar,PENDIENTE / NO EJECUTADO
24,Mecánica Automotriz,Todos,Todas,"Validacion pedagogica, disciplinar y visual integral",Pendiente: no revisada integralmente actividad por actividad,NV,El recorrido de estaciones y los controles de estructura no permiten calcular este porcentaje.,Falta contraste especializado de las tareas y sus respuestas y revision visual completa de los estados interactivos.,Por determinar,Completar revision antes de autorizar cambios de contenido,Evitar porcentajes estimados y modificaciones sin evidencia.,Por determinar,PENDIENTE / NO EJECUTADO
25,Mecánica de Mantenimiento de Aeronaves,Todos,Todas,"Validacion pedagogica, disciplinar y visual integral",Pendiente: no revisada integralmente actividad por actividad,NV,El recorrido de estaciones y los controles de estructura no permiten calcular este porcentaje.,Falta contraste especializado de las tareas y sus respuestas y revision visual completa de los estados interactivos.,Por determinar,Completar revision antes de autorizar cambios de contenido,Evitar porcentajes estimados y modificaciones sin evidencia.,Por determinar,PENDIENTE / NO EJECUTADO
26,Asistencia en Geología,Todos,Todas,"Validacion pedagogica, disciplinar y visual integral",Pendiente: no revisada integralmente actividad por actividad,NV,El recorrido de estaciones y los controles de estructura no permiten calcular este porcentaje.,Falta contraste especializado de las tareas y sus respuestas y revision visual completa de los estados interactivos.,Por determinar,Completar revision antes de autorizar cambios de contenido,Evitar porcentajes estimados y modificaciones sin evidencia.,Por determinar,PENDIENTE / NO EJECUTADO
27,Explotación Minera,Todos,Todas,"Validacion pedagogica, disciplinar y visual integral",Pendiente: no revisada integralmente actividad por actividad,NV,El recorrido de estaciones y los controles de estructura no permiten calcular este porcentaje.,Falta contraste especializado de las tareas y sus respuestas y revision visual completa de los estados interactivos.,Por determinar,Completar revision antes de autorizar cambios de contenido,Evitar porcentajes estimados y modificaciones sin evidencia.,Por determinar,PENDIENTE / NO EJECUTADO
28,Metalurgia Extractiva,Todos,Todas,"Validacion pedagogica, disciplinar y visual integral",Pendiente: no revisada integralmente actividad por actividad,NV,El recorrido de estaciones y los controles de estructura no permiten calcular este porcentaje.,Falta contraste especializado de las tareas y sus respuestas y revision visual completa de los estados interactivos.,Por determinar,Completar revision antes de autorizar cambios de contenido,Evitar porcentajes estimados y modificaciones sin evidencia.,Por determinar,PENDIENTE / NO EJECUTADO
29,Atención de Párvulos,Todos,Todas,"Validacion pedagogica, disciplinar y visual integral",Pendiente: no revisada integralmente actividad por actividad,NV,El recorrido de estaciones y los controles de estructura no permiten calcular este porcentaje.,Falta contraste especializado de las tareas y sus respuestas y revision visual completa de los estados interactivos.,Por determinar,Completar revision antes de autorizar cambios de contenido,Evitar porcentajes estimados y modificaciones sin evidencia.,Por determinar,PENDIENTE / NO EJECUTADO
30,Conectividad y Redes,Todos,Todas,"Validacion pedagogica, disciplinar y visual integral",Pendiente: no revisada integralmente actividad por actividad,NV,El recorrido de estaciones y los controles de estructura no permiten calcular este porcentaje.,Falta contraste especializado de las tareas y sus respuestas y revision visual completa de los estados interactivos.,Por determinar,Completar revision antes de autorizar cambios de contenido,Evitar porcentajes estimados y modificaciones sin evidencia.,Por determinar,PENDIENTE / NO EJECUTADO
31,Programación,Todos,Todas,"Validacion pedagogica, disciplinar y visual integral",Pendiente: no revisada integralmente actividad por actividad,NV,El recorrido de estaciones y los controles de estructura no permiten calcular este porcentaje.,Falta contraste especializado de las tareas y sus respuestas y revision visual completa de los estados interactivos.,Por determinar,Completar revision antes de autorizar cambios de contenido,Evitar porcentajes estimados y modificaciones sin evidencia.,Por determinar,PENDIENTE / NO EJECUTADO
32,Telecomunicaciones,Todos,Todas,"Validacion pedagogica, disciplinar y visual integral",Pendiente: no revisada integralmente actividad por actividad,NV,El recorrido de estaciones y los controles de estructura no permiten calcular este porcentaje.,Falta contraste especializado de las tareas y sus respuestas y revision visual completa de los estados interactivos.,Por determinar,Completar revision antes de autorizar cambios de contenido,Evitar porcentajes estimados y modificaciones sin evidencia.,Por determinar,PENDIENTE / NO EJECUTADO
33,"Administración, mención Logística",Todos,Todas,"Validacion pedagogica, disciplinar y visual integral",Pendiente: no revisada integralmente actividad por actividad,NV,El recorrido de estaciones y los controles de estructura no permiten calcular este porcentaje.,Falta contraste especializado de las tareas y sus respuestas y revision visual completa de los estados interactivos.,Por determinar,Completar revision antes de autorizar cambios de contenido,Evitar porcentajes estimados y modificaciones sin evidencia.,Por determinar,PENDIENTE / NO EJECUTADO
34,"Administración, mención Recursos Humanos",Todos,Todas,"Validacion pedagogica, disciplinar y visual integral",Pendiente: no revisada integralmente actividad por actividad,NV,El recorrido de estaciones y los controles de estructura no permiten calcular este porcentaje.,Falta contraste especializado de las tareas y sus respuestas y revision visual completa de los estados interactivos.,Por determinar,Completar revision antes de autorizar cambios de contenido,Evitar porcentajes estimados y modificaciones sin evidencia.,Por determinar,PENDIENTE / NO EJECUTADO
35,"Agropecuaria, mención Agricultura",Todos,Todas,"Validacion pedagogica, disciplinar y visual integral",Pendiente: no revisada integralmente actividad por actividad,NV,El recorrido de estaciones y los controles de estructura no permiten calcular este porcentaje.,Falta contraste especializado de las tareas y sus respuestas y revision visual completa de los estados interactivos.,Por determinar,Completar revision antes de autorizar cambios de contenido,Evitar porcentajes estimados y modificaciones sin evidencia.,Por determinar,PENDIENTE / NO EJECUTADO
36,"Agropecuaria, mención Pecuaria",Todos,Todas,"Validacion pedagogica, disciplinar y visual integral",Pendiente: no revisada integralmente actividad por actividad,NV,El recorrido de estaciones y los controles de estructura no permiten calcular este porcentaje.,Falta contraste especializado de las tareas y sus respuestas y revision visual completa de los estados interactivos.,Por determinar,Completar revision antes de autorizar cambios de contenido,Evitar porcentajes estimados y modificaciones sin evidencia.,Por determinar,PENDIENTE / NO EJECUTADO
37,"Agropecuaria, mención Vitivinícola",Todos,Todas,"Validacion pedagogica, disciplinar y visual integral",Pendiente: no revisada integralmente actividad por actividad,NV,El recorrido de estaciones y los controles de estructura no permiten calcular este porcentaje.,Falta contraste especializado de las tareas y sus respuestas y revision visual completa de los estados interactivos.,Por determinar,Completar revision antes de autorizar cambios de contenido,Evitar porcentajes estimados y modificaciones sin evidencia.,Por determinar,PENDIENTE / NO EJECUTADO
38,"Construcción, mención Edificación",Todos,Todas,"Validacion pedagogica, disciplinar y visual integral",Pendiente: no revisada integralmente actividad por actividad,NV,El recorrido de estaciones y los controles de estructura no permiten calcular este porcentaje.,Falta contraste especializado de las tareas y sus respuestas y revision visual completa de los estados interactivos.,Por determinar,Completar revision antes de autorizar cambios de contenido,Evitar porcentajes estimados y modificaciones sin evidencia.,Por determinar,PENDIENTE / NO EJECUTADO
39,"Construcción, mención Terminaciones de la Construcción",Todos,Todas,"Validacion pedagogica, disciplinar y visual integral",Pendiente: no revisada integralmente actividad por actividad,NV,El recorrido de estaciones y los controles de estructura no permiten calcular este porcentaje.,Falta contraste especializado de las tareas y sus respuestas y revision visual completa de los estados interactivos.,Por determinar,Completar revision antes de autorizar cambios de contenido,Evitar porcentajes estimados y modificaciones sin evidencia.,Por determinar,PENDIENTE / NO EJECUTADO
40,"Construcción, mención Obras Viales e Infraestructura",Todos,Todas,"Validacion pedagogica, disciplinar y visual integral",Pendiente: no revisada integralmente actividad por actividad,NV,El recorrido de estaciones y los controles de estructura no permiten calcular este porcentaje.,Falta contraste especializado de las tareas y sus respuestas y revision visual completa de los estados interactivos.,Por determinar,Completar revision antes de autorizar cambios de contenido,Evitar porcentajes estimados y modificaciones sin evidencia.,Por determinar,PENDIENTE / NO EJECUTADO
41,"Química Industrial, mención Laboratorio Químico",Todos,Todas,"Validacion pedagogica, disciplinar y visual integral",Pendiente: no revisada integralmente actividad por actividad,NV,El recorrido de estaciones y los controles de estructura no permiten calcular este porcentaje.,Falta contraste especializado de las tareas y sus respuestas y revision visual completa de los estados interactivos.,Por determinar,Completar revision antes de autorizar cambios de contenido,Evitar porcentajes estimados y modificaciones sin evidencia.,Por determinar,PENDIENTE / NO EJECUTADO
42,"Química Industrial, mención Planta Química",Todos,Todas,"Validacion pedagogica, disciplinar y visual integral",Pendiente: no revisada integralmente actividad por actividad,NV,El recorrido de estaciones y los controles de estructura no permiten calcular este porcentaje.,Falta contraste especializado de las tareas y sus respuestas y revision visual completa de los estados interactivos.,Por determinar,Completar revision antes de autorizar cambios de contenido,Evitar porcentajes estimados y modificaciones sin evidencia.,Por determinar,PENDIENTE / NO EJECUTADO
43,"Mecánica Industrial, mención Máquinas-Herramientas",Todos,Todas,"Validacion pedagogica, disciplinar y visual integral",Pendiente: no revisada integralmente actividad por actividad,NV,El recorrido de estaciones y los controles de estructura no permiten calcular este porcentaje.,Falta contraste especializado de las tareas y sus respuestas y revision visual completa de los estados interactivos.,Por determinar,Completar revision antes de autorizar cambios de contenido,Evitar porcentajes estimados y modificaciones sin evidencia.,Por determinar,PENDIENTE / NO EJECUTADO
44,"Mecánica Industrial, mención Matricería",Todos,Todas,"Validacion pedagogica, disciplinar y visual integral",Pendiente: no revisada integralmente actividad por actividad,NV,El recorrido de estaciones y los controles de estructura no permiten calcular este porcentaje.,Falta contraste especializado de las tareas y sus respuestas y revision visual completa de los estados interactivos.,Por determinar,Completar revision antes de autorizar cambios de contenido,Evitar porcentajes estimados y modificaciones sin evidencia.,Por determinar,PENDIENTE / NO EJECUTADO
45,"Mecánica Industrial, mención Mantenimiento Electromecánico",Todos,Todas,"Validacion pedagogica, disciplinar y visual integral",Pendiente: no revisada integralmente actividad por actividad,NV,El recorrido de estaciones y los controles de estructura no permiten calcular este porcentaje.,Falta contraste especializado de las tareas y sus respuestas y revision visual completa de los estados interactivos.,Por determinar,Completar revision antes de autorizar cambios de contenido,Evitar porcentajes estimados y modificaciones sin evidencia.,Por determinar,PENDIENTE / NO EJECUTADO
5,"Gastronomía, mención Cocina",Higiene para la elaboración de alimentos,"questions: indices [3, 23]",Duplicacion exacta de tarea y evidencia,Repeticion exacta documental; alternativas contrastadas en navegador,No aplica: hallazgo individual,"Mismos enunciado, contexto, alternativas, imagen, tabla y estimulo en indices [3, 23]. Contraste registrado en duplicados-ui.jsonl.","Mismos enunciado, contexto, alternativas, imagen, tabla y estimulo en indices [3, 23].",Revisar intencionalidad antes de intervenir,"Confirmar si la repeticion es intencional; si no, diferenciar las tareas questions [3, 23] sin cambiar automaticamente sus claves.",La propuesta se limita al elemento identificado; no autoriza cambios globales.,Media,PENDIENTE / NO EJECUTADO
5,"Gastronomía, mención Cocina","Servicio de comedores, bares y salones","questions: indices [0, 20]",Duplicacion exacta de tarea y evidencia,Repeticion exacta documental; alternativas contrastadas en navegador,No aplica: hallazgo individual,"Mismos enunciado, contexto, alternativas, imagen, tabla y estimulo en indices [0, 20]. Contraste registrado en duplicados-ui.jsonl.","Mismos enunciado, contexto, alternativas, imagen, tabla y estimulo en indices [0, 20].",Revisar intencionalidad antes de intervenir,"Confirmar si la repeticion es intencional; si no, diferenciar las tareas questions [0, 20] sin cambiar automaticamente sus claves.",La propuesta se limita al elemento identificado; no autoriza cambios globales.,Media,PENDIENTE / NO EJECUTADO
5,"Gastronomía, mención Cocina",Innovación y cocina internacional,"questions: indices [0, 20]",Duplicacion exacta de tarea y evidencia,Repeticion exacta documental; alternativas contrastadas en navegador,No aplica: hallazgo individual,"Mismos enunciado, contexto, alternativas, imagen, tabla y estimulo en indices [0, 20]. Contraste registrado en duplicados-ui.jsonl.","Mismos enunciado, contexto, alternativas, imagen, tabla y estimulo en indices [0, 20].",Revisar intencionalidad antes de intervenir,"Confirmar si la repeticion es intencional; si no, diferenciar las tareas questions [0, 20] sin cambiar automaticamente sus claves.",La propuesta se limita al elemento identificado; no autoriza cambios globales.,Media,PENDIENTE / NO EJECUTADO
5,"Gastronomía, mención Cocina",Innovación y cocina internacional,"questions: indices [3, 23]",Duplicacion exacta de tarea y evidencia,Repeticion exacta documental; alternativas contrastadas en navegador,No aplica: hallazgo individual,"Mismos enunciado, contexto, alternativas, imagen, tabla y estimulo en indices [3, 23]. Contraste registrado en duplicados-ui.jsonl.","Mismos enunciado, contexto, alternativas, imagen, tabla y estimulo en indices [3, 23].",Revisar intencionalidad antes de intervenir,"Confirmar si la repeticion es intencional; si no, diferenciar las tareas questions [3, 23] sin cambiar automaticamente sus claves.",La propuesta se limita al elemento identificado; no autoriza cambios globales.,Media,PENDIENTE / NO EJECUTADO
5,"Gastronomía, mención Cocina",Elaboración de menús y carta,"questions: indices [1, 21]",Duplicacion exacta de tarea y evidencia,Repeticion exacta documental; alternativas contrastadas en navegador,No aplica: hallazgo individual,"Mismos enunciado, contexto, alternativas, imagen, tabla y estimulo en indices [1, 21]. Contraste registrado en duplicados-ui.jsonl.","Mismos enunciado, contexto, alternativas, imagen, tabla y estimulo en indices [1, 21].",Revisar intencionalidad antes de intervenir,"Confirmar si la repeticion es intencional; si no, diferenciar las tareas questions [1, 21] sin cambiar automaticamente sus claves.",La propuesta se limita al elemento identificado; no autoriza cambios globales.,Media,PENDIENTE / NO EJECUTADO
5,"Gastronomía, mención Cocina",Elaboración de menús y carta,"questions: indices [3, 23]",Duplicacion exacta de tarea y evidencia,Repeticion exacta documental; alternativas contrastadas en navegador,No aplica: hallazgo individual,"Mismos enunciado, contexto, alternativas, imagen, tabla y estimulo en indices [3, 23]. Contraste registrado en duplicados-ui.jsonl.","Mismos enunciado, contexto, alternativas, imagen, tabla y estimulo en indices [3, 23].",Revisar intencionalidad antes de intervenir,"Confirmar si la repeticion es intencional; si no, diferenciar las tareas questions [3, 23] sin cambiar automaticamente sus claves.",La propuesta se limita al elemento identificado; no autoriza cambios globales.,Media,PENDIENTE / NO EJECUTADO
6,"Gastronomía, mención Pastelería y Repostería",Higiene para la elaboración de alimentos,"questions: indices [3, 23]",Duplicacion exacta de tarea y evidencia,Repeticion exacta documental; alternativas contrastadas en navegador,No aplica: hallazgo individual,"Mismos enunciado, contexto, alternativas, imagen, tabla y estimulo en indices [3, 23]. Contraste registrado en duplicados-ui.jsonl.","Mismos enunciado, contexto, alternativas, imagen, tabla y estimulo en indices [3, 23].",Revisar intencionalidad antes de intervenir,"Confirmar si la repeticion es intencional; si no, diferenciar las tareas questions [3, 23] sin cambiar automaticamente sus claves.",La propuesta se limita al elemento identificado; no autoriza cambios globales.,Media,PENDIENTE / NO EJECUTADO
6,"Gastronomía, mención Pastelería y Repostería","Servicio de comedores, bares y salones","questions: indices [0, 20]",Duplicacion exacta de tarea y evidencia,Repeticion exacta documental; alternativas contrastadas en navegador,No aplica: hallazgo individual,"Mismos enunciado, contexto, alternativas, imagen, tabla y estimulo en indices [0, 20]. Contraste registrado en duplicados-ui.jsonl.","Mismos enunciado, contexto, alternativas, imagen, tabla y estimulo en indices [0, 20].",Revisar intencionalidad antes de intervenir,"Confirmar si la repeticion es intencional; si no, diferenciar las tareas questions [0, 20] sin cambiar automaticamente sus claves.",La propuesta se limita al elemento identificado; no autoriza cambios globales.,Media,PENDIENTE / NO EJECUTADO
6,"Gastronomía, mención Pastelería y Repostería",Elaboración de masas y pastas,"questions: indices [1, 21]",Duplicacion exacta de tarea y evidencia,Repeticion exacta documental; alternativas contrastadas en navegador,No aplica: hallazgo individual,"Mismos enunciado, contexto, alternativas, imagen, tabla y estimulo en indices [1, 21]. Contraste registrado en duplicados-ui.jsonl.","Mismos enunciado, contexto, alternativas, imagen, tabla y estimulo en indices [1, 21].",Revisar intencionalidad antes de intervenir,"Confirmar si la repeticion es intencional; si no, diferenciar las tareas questions [1, 21] sin cambiar automaticamente sus claves.",La propuesta se limita al elemento identificado; no autoriza cambios globales.,Media,PENDIENTE / NO EJECUTADO
6,"Gastronomía, mención Pastelería y Repostería",Elaboración de masas y pastas,"questions: indices [3, 23]",Duplicacion exacta de tarea y evidencia,Repeticion exacta documental; alternativas contrastadas en navegador,No aplica: hallazgo individual,"Mismos enunciado, contexto, alternativas, imagen, tabla y estimulo en indices [3, 23]. Contraste registrado en duplicados-ui.jsonl.","Mismos enunciado, contexto, alternativas, imagen, tabla y estimulo en indices [3, 23].",Revisar intencionalidad antes de intervenir,"Confirmar si la repeticion es intencional; si no, diferenciar las tareas questions [3, 23] sin cambiar automaticamente sus claves.",La propuesta se limita al elemento identificado; no autoriza cambios globales.,Media,PENDIENTE / NO EJECUTADO
6,"Gastronomía, mención Pastelería y Repostería",Elaboración de productos de repostería,"questions: indices [1, 21]",Duplicacion exacta de tarea y evidencia,Repeticion exacta documental; alternativas contrastadas en navegador,No aplica: hallazgo individual,"Mismos enunciado, contexto, alternativas, imagen, tabla y estimulo en indices [1, 21]. Contraste registrado en duplicados-ui.jsonl.","Mismos enunciado, contexto, alternativas, imagen, tabla y estimulo en indices [1, 21].",Revisar intencionalidad antes de intervenir,"Confirmar si la repeticion es intencional; si no, diferenciar las tareas questions [1, 21] sin cambiar automaticamente sus claves.",La propuesta se limita al elemento identificado; no autoriza cambios globales.,Media,PENDIENTE / NO EJECUTADO
6,"Gastronomía, mención Pastelería y Repostería",Elaboración de productos de repostería,"questions: indices [3, 23]",Duplicacion exacta de tarea y evidencia,Repeticion exacta documental; alternativas contrastadas en navegador,No aplica: hallazgo individual,"Mismos enunciado, contexto, alternativas, imagen, tabla y estimulo en indices [3, 23]. Contraste registrado en duplicados-ui.jsonl.","Mismos enunciado, contexto, alternativas, imagen, tabla y estimulo en indices [3, 23].",Revisar intencionalidad antes de intervenir,"Confirmar si la repeticion es intencional; si no, diferenciar las tareas questions [3, 23] sin cambiar automaticamente sus claves.",La propuesta se limita al elemento identificado; no autoriza cambios globales.,Media,PENDIENTE / NO EJECUTADO
6,"Gastronomía, mención Pastelería y Repostería",Elaboración de productos de pastelería,"questions: indices [1, 21]",Duplicacion exacta de tarea y evidencia,Repeticion exacta documental; alternativas contrastadas en navegador,No aplica: hallazgo individual,"Mismos enunciado, contexto, alternativas, imagen, tabla y estimulo en indices [1, 21]. Contraste registrado en duplicados-ui.jsonl.","Mismos enunciado, contexto, alternativas, imagen, tabla y estimulo en indices [1, 21].",Revisar intencionalidad antes de intervenir,"Confirmar si la repeticion es intencional; si no, diferenciar las tareas questions [1, 21] sin cambiar automaticamente sus claves.",La propuesta se limita al elemento identificado; no autoriza cambios globales.,Media,PENDIENTE / NO EJECUTADO
6,"Gastronomía, mención Pastelería y Repostería",Innovación en la pastelería y repostería,"questions: indices [0, 20]",Duplicacion exacta de tarea y evidencia,Repeticion exacta documental; alternativas contrastadas en navegador,No aplica: hallazgo individual,"Mismos enunciado, contexto, alternativas, imagen, tabla y estimulo en indices [0, 20]. Contraste registrado en duplicados-ui.jsonl.","Mismos enunciado, contexto, alternativas, imagen, tabla y estimulo en indices [0, 20].",Revisar intencionalidad antes de intervenir,"Confirmar si la repeticion es intencional; si no, diferenciar las tareas questions [0, 20] sin cambiar automaticamente sus claves.",La propuesta se limita al elemento identificado; no autoriza cambios globales.,Media,PENDIENTE / NO EJECUTADO
6,"Gastronomía, mención Pastelería y Repostería",Innovación en la pastelería y repostería,"questions: indices [1, 21]",Duplicacion exacta de tarea y evidencia,Repeticion exacta documental; alternativas contrastadas en navegador,No aplica: hallazgo individual,"Mismos enunciado, contexto, alternativas, imagen, tabla y estimulo en indices [1, 21]. Contraste registrado en duplicados-ui.jsonl.","Mismos enunciado, contexto, alternativas, imagen, tabla y estimulo en indices [1, 21].",Revisar intencionalidad antes de intervenir,"Confirmar si la repeticion es intencional; si no, diferenciar las tareas questions [1, 21] sin cambiar automaticamente sus claves.",La propuesta se limita al elemento identificado; no autoriza cambios globales.,Media,PENDIENTE / NO EJECUTADO
6,"Gastronomía, mención Pastelería y Repostería",Innovación en la pastelería y repostería,"questions: indices [3, 23]",Duplicacion exacta de tarea y evidencia,Repeticion exacta documental; alternativas contrastadas en navegador,No aplica: hallazgo individual,"Mismos enunciado, contexto, alternativas, imagen, tabla y estimulo en indices [3, 23]. Contraste registrado en duplicados-ui.jsonl.","Mismos enunciado, contexto, alternativas, imagen, tabla y estimulo en indices [3, 23].",Revisar intencionalidad antes de intervenir,"Confirmar si la repeticion es intencional; si no, diferenciar las tareas questions [3, 23] sin cambiar automaticamente sus claves.",La propuesta se limita al elemento identificado; no autoriza cambios globales.,Media,PENDIENTE / NO EJECUTADO
7,Servicios de Hotelería,Atención al cliente en servicios de hotelería,"questions: indices [1, 21]",Duplicacion exacta de tarea y evidencia,Repeticion exacta documental; alternativas contrastadas en navegador,No aplica: hallazgo individual,"Mismos enunciado, contexto, alternativas, imagen, tabla y estimulo en indices [1, 21]. Contraste registrado en duplicados-ui.jsonl.","Mismos enunciado, contexto, alternativas, imagen, tabla y estimulo en indices [1, 21].",Revisar intencionalidad antes de intervenir,"Confirmar si la repeticion es intencional; si no, diferenciar las tareas questions [1, 21] sin cambiar automaticamente sus claves.",La propuesta se limita al elemento identificado; no autoriza cambios globales.,Media,PENDIENTE / NO EJECUTADO
7,Servicios de Hotelería,Servicio de habitaciones,"questions: indices [0, 20]",Duplicacion exacta de tarea y evidencia,Repeticion exacta documental; alternativas contrastadas en navegador,No aplica: hallazgo individual,"Mismos enunciado, contexto, alternativas, imagen, tabla y estimulo en indices [0, 20]. Contraste registrado en duplicados-ui.jsonl.","Mismos enunciado, contexto, alternativas, imagen, tabla y estimulo en indices [0, 20].",Revisar intencionalidad antes de intervenir,"Confirmar si la repeticion es intencional; si no, diferenciar las tareas questions [0, 20] sin cambiar automaticamente sus claves.",La propuesta se limita al elemento identificado; no autoriza cambios globales.,Media,PENDIENTE / NO EJECUTADO
7,Servicios de Hotelería,Servicio de habitaciones,"questions: indices [3, 23]",Duplicacion exacta de tarea y evidencia,Repeticion exacta documental; alternativas contrastadas en navegador,No aplica: hallazgo individual,"Mismos enunciado, contexto, alternativas, imagen, tabla y estimulo en indices [3, 23]. Contraste registrado en duplicados-ui.jsonl.","Mismos enunciado, contexto, alternativas, imagen, tabla y estimulo en indices [3, 23].",Revisar intencionalidad antes de intervenir,"Confirmar si la repeticion es intencional; si no, diferenciar las tareas questions [3, 23] sin cambiar automaticamente sus claves.",La propuesta se limita al elemento identificado; no autoriza cambios globales.,Media,PENDIENTE / NO EJECUTADO
7,Servicios de Hotelería,Actividades recreativas y de animación,"questions: indices [1, 21]",Duplicacion exacta de tarea y evidencia,Repeticion exacta documental; alternativas contrastadas en navegador,No aplica: hallazgo individual,"Mismos enunciado, contexto, alternativas, imagen, tabla y estimulo en indices [1, 21]. Contraste registrado en duplicados-ui.jsonl.","Mismos enunciado, contexto, alternativas, imagen, tabla y estimulo en indices [1, 21].",Revisar intencionalidad antes de intervenir,"Confirmar si la repeticion es intencional; si no, diferenciar las tareas questions [1, 21] sin cambiar automaticamente sus claves.",La propuesta se limita al elemento identificado; no autoriza cambios globales.,Media,PENDIENTE / NO EJECUTADO
7,Servicios de Hotelería,Actividades recreativas y de animación,"questions: indices [3, 23]",Duplicacion exacta de tarea y evidencia,Repeticion exacta documental; alternativas contrastadas en navegador,No aplica: hallazgo individual,"Mismos enunciado, contexto, alternativas, imagen, tabla y estimulo en indices [3, 23]. Contraste registrado en duplicados-ui.jsonl.","Mismos enunciado, contexto, alternativas, imagen, tabla y estimulo en indices [3, 23].",Revisar intencionalidad antes de intervenir,"Confirmar si la repeticion es intencional; si no, diferenciar las tareas questions [3, 23] sin cambiar automaticamente sus claves.",La propuesta se limita al elemento identificado; no autoriza cambios globales.,Media,PENDIENTE / NO EJECUTADO
7,Servicios de Hotelería,Servicio de eventos,"questions: indices [0, 20]",Duplicacion exacta de tarea y evidencia,Repeticion exacta documental; alternativas contrastadas en navegador,No aplica: hallazgo individual,"Mismos enunciado, contexto, alternativas, imagen, tabla y estimulo en indices [0, 20]. Contraste registrado en duplicados-ui.jsonl.","Mismos enunciado, contexto, alternativas, imagen, tabla y estimulo en indices [0, 20].",Revisar intencionalidad antes de intervenir,"Confirmar si la repeticion es intencional; si no, diferenciar las tareas questions [0, 20] sin cambiar automaticamente sus claves.",La propuesta se limita al elemento identificado; no autoriza cambios globales.,Media,PENDIENTE / NO EJECUTADO
7,Servicios de Hotelería,Servicio de eventos,"questions: indices [1, 21]",Duplicacion exacta de tarea y evidencia,Repeticion exacta documental; alternativas contrastadas en navegador,No aplica: hallazgo individual,"Mismos enunciado, contexto, alternativas, imagen, tabla y estimulo en indices [1, 21]. Contraste registrado en duplicados-ui.jsonl.","Mismos enunciado, contexto, alternativas, imagen, tabla y estimulo en indices [1, 21].",Revisar intencionalidad antes de intervenir,"Confirmar si la repeticion es intencional; si no, diferenciar las tareas questions [1, 21] sin cambiar automaticamente sus claves.",La propuesta se limita al elemento identificado; no autoriza cambios globales.,Media,PENDIENTE / NO EJECUTADO
7,Servicios de Hotelería,Servicio de eventos,"questions: indices [3, 23]",Duplicacion exacta de tarea y evidencia,Repeticion exacta documental; alternativas contrastadas en navegador,No aplica: hallazgo individual,"Mismos enunciado, contexto, alternativas, imagen, tabla y estimulo en indices [3, 23]. Contraste registrado en duplicados-ui.jsonl.","Mismos enunciado, contexto, alternativas, imagen, tabla y estimulo en indices [3, 23].",Revisar intencionalidad antes de intervenir,"Confirmar si la repeticion es intencional; si no, diferenciar las tareas questions [3, 23] sin cambiar automaticamente sus claves.",La propuesta se limita al elemento identificado; no autoriza cambios globales.,Media,PENDIENTE / NO EJECUTADO
7,Servicios de Hotelería,Servicio de recepción y reservas,"questions: indices [0, 20]",Duplicacion exacta de tarea y evidencia,Repeticion exacta documental; alternativas contrastadas en navegador,No aplica: hallazgo individual,"Mismos enunciado, contexto, alternativas, imagen, tabla y estimulo en indices [0, 20]. Contraste registrado en duplicados-ui.jsonl.","Mismos enunciado, contexto, alternativas, imagen, tabla y estimulo en indices [0, 20].",Revisar intencionalidad antes de intervenir,"Confirmar si la repeticion es intencional; si no, diferenciar las tareas questions [0, 20] sin cambiar automaticamente sus claves.",La propuesta se limita al elemento identificado; no autoriza cambios globales.,Media,PENDIENTE / NO EJECUTADO
7,Servicios de Hotelería,Servicio de recepción y reservas,"questions: indices [1, 21]",Duplicacion exacta de tarea y evidencia,Repeticion exacta documental; alternativas contrastadas en navegador,No aplica: hallazgo individual,"Mismos enunciado, contexto, alternativas, imagen, tabla y estimulo en indices [1, 21]. Contraste registrado en duplicados-ui.jsonl.","Mismos enunciado, contexto, alternativas, imagen, tabla y estimulo en indices [1, 21].",Revisar intencionalidad antes de intervenir,"Confirmar si la repeticion es intencional; si no, diferenciar las tareas questions [1, 21] sin cambiar automaticamente sus claves.",La propuesta se limita al elemento identificado; no autoriza cambios globales.,Media,PENDIENTE / NO EJECUTADO
7,Servicios de Hotelería,Servicio de recepción y reservas,"questions: indices [3, 23]",Duplicacion exacta de tarea y evidencia,Repeticion exacta documental; alternativas contrastadas en navegador,No aplica: hallazgo individual,"Mismos enunciado, contexto, alternativas, imagen, tabla y estimulo en indices [3, 23]. Contraste registrado en duplicados-ui.jsonl.","Mismos enunciado, contexto, alternativas, imagen, tabla y estimulo en indices [3, 23].",Revisar intencionalidad antes de intervenir,"Confirmar si la repeticion es intencional; si no, diferenciar las tareas questions [3, 23] sin cambiar automaticamente sus claves.",La propuesta se limita al elemento identificado; no autoriza cambios globales.,Media,PENDIENTE / NO EJECUTADO
7,Servicios de Hotelería,Servicio de coctelería y vinos,"questions: indices [1, 21]",Duplicacion exacta de tarea y evidencia,Repeticion exacta documental; alternativas contrastadas en navegador,No aplica: hallazgo individual,"Mismos enunciado, contexto, alternativas, imagen, tabla y estimulo en indices [1, 21]. Contraste registrado en duplicados-ui.jsonl.","Mismos enunciado, contexto, alternativas, imagen, tabla y estimulo en indices [1, 21].",Revisar intencionalidad antes de intervenir,"Confirmar si la repeticion es intencional; si no, diferenciar las tareas questions [1, 21] sin cambiar automaticamente sus claves.",La propuesta se limita al elemento identificado; no autoriza cambios globales.,Media,PENDIENTE / NO EJECUTADO
7,Servicios de Hotelería,Servicio de coctelería y vinos,"questions: indices [3, 23]",Duplicacion exacta de tarea y evidencia,Repeticion exacta documental; alternativas contrastadas en navegador,No aplica: hallazgo individual,"Mismos enunciado, contexto, alternativas, imagen, tabla y estimulo en indices [3, 23]. Contraste registrado en duplicados-ui.jsonl.","Mismos enunciado, contexto, alternativas, imagen, tabla y estimulo en indices [3, 23].",Revisar intencionalidad antes de intervenir,"Confirmar si la repeticion es intencional; si no, diferenciar las tareas questions [3, 23] sin cambiar automaticamente sus claves.",La propuesta se limita al elemento identificado; no autoriza cambios globales.,Media,PENDIENTE / NO EJECUTADO
