ID,Estacion,Actividad,Instruccion actual,Estado,Problema,AE relacionado,Correccion,Implementacion
M1-E1-CTX,1,Contextualizacion,¿Qué revisarías primero y qué información necesitarías confirmar?,Completa,Las instrucciones estaban repartidas en varios bloques; el estudiante debía reconstruir por sí mismo el producto final y el criterio de término.,M1-AE1,"Observa el caso, distingue datos de suposiciones y anticipa qué debes verificar. Lee el caso profesional, abre todos los puntos del escenario y anota primero solo lo que puedes observar. Tres observaciones breves y una respuesta final que incluya un elemento reconocido, una revisión necesaria y un dato faltante. Terminas cuando abriste todos los puntos y tu respuesta final identifica un dato, una revisión y una información pendiente.",REALIZADA
M1-E2-AE1-1,2,"Lee planos de refrigeración y climatización, utilizando la simbología técnica respectiva para reconocer el espacio físico donde se instalarán las distintas redes de refrigeración y climatización, en relación con las normas de dibujo técnico establecidas de calefacción y ventilación.","Explora el escenario y abre cada punto. ¿Qué información aporta cada uno al aprendizaje Lee planos de refrigeración y climatización, utilizando la simbología técnica respectiva para reconocer el espacio físico donde se instalarán las distintas redes de refrigeración y climatización, en relación con las normas de dibujo técnico establecidas de calefacción y ventilación.?",Completa,"La consigna indica la acción principal, pero no reúne en un solo lugar el recurso, la evidencia esperada y el criterio de término.",M1-AE1,"Localiza y abre todos los puntos señalados; luego explica qué información aporta cada uno. Comienza por el recinto o elemento principal y continúa punto por punto sin inferir datos que la imagen no muestra. Todos los puntos inspeccionados y una explicación escrita basada en un dato visible. Terminas cuando abriste todos los puntos y tu explicación identifica un dato, su significado y un límite de la evidencia.",REALIZADA
M1-E2-AE1-2,2,"Lee planos de refrigeración y climatización, utilizando la simbología técnica respectiva para reconocer el espacio físico donde se instalarán las distintas redes de refrigeración y climatización, en relación con las normas de dibujo técnico establecidas de calefacción y ventilación.",Relaciona cada concepto con su significado en este módulo.,Completa,"La consigna indica la acción principal, pero no reúne en un solo lugar el recurso, la evidencia esperada y el criterio de término.",M1-AE1,"Relaciona cada concepto con su significado técnico y justifica una de las relaciones. Lee primero todos los conceptos y significados; después forma las parejas usando función, unidad o documento de respaldo. Todas las parejas correctas y una justificación escrita con vocabulario técnico. Terminas cuando no quedan tarjetas sin pareja y explicas por qué una relación es válida.",REALIZADA
M1-E2-AE1-3,2,"Lee planos de refrigeración y climatización, utilizando la simbología técnica respectiva para reconocer el espacio físico donde se instalarán las distintas redes de refrigeración y climatización, en relación con las normas de dibujo técnico establecidas de calefacción y ventilación.",Ordena el procedimiento de revisión. Arrastra o usa las flechas.,Completa,"La consigna indica la acción principal, pero no reúne en un solo lugar el recurso, la evidencia esperada y el criterio de término.",M1-AE1,Ordena el procedimiento y explica qué riesgo evita el orden elegido. Identifica el paso que prepara el trabajo y el que verifica el resultado; ubica después los pasos intermedios. Secuencia completa y una justificación escrita del orden. Terminas cuando todos los pasos están ordenados y justificas el orden con una consecuencia técnica o de seguridad.,REALIZADA
M1-E2-AE1-4,2,"Lee planos de refrigeración y climatización, utilizando la simbología técnica respectiva para reconocer el espacio físico donde se instalarán las distintas redes de refrigeración y climatización, en relación con las normas de dibujo técnico establecidas de calefacción y ventilación.",Dos líneas se cruzan en planta y no se indica unión ni cota de altura. ¿Qué harías?,Completa,"La consigna indica la acción principal, pero no reúne en un solo lugar el recurso, la evidencia esperada y el criterio de término.",M1-AE1,"Analiza la evidencia, selecciona la decisión profesional mejor fundamentada y justifícala. Identifica primero qué dato está disponible, qué falta y qué documento permitiría verificarlo. Una alternativa y una justificación escrita que cite un dato o documento. Terminas cuando seleccionas una alternativa y explicas por qué es válida sin agregar información no disponible.",REALIZADA
M1-E2-AE1-5,2,"Lee planos de refrigeración y climatización, utilizando la simbología técnica respectiva para reconocer el espacio físico donde se instalarán las distintas redes de refrigeración y climatización, en relación con las normas de dibujo técnico establecidas de calefacción y ventilación.",Compara las etiquetas UE-01 y UI-01 en la planta y en el esquema. Describe dos verificaciones para evitar confundir equipos.,Completa,"La consigna indica la acción principal, pero no reúne en un solo lugar el recurso, la evidencia esperada y el criterio de término.",M1-AE1,"Analiza la evidencia, selecciona la decisión profesional mejor fundamentada y justifícala. Identifica primero qué dato está disponible, qué falta y qué documento permitiría verificarlo. Una alternativa y una justificación escrita que cite un dato o documento. Terminas cuando seleccionas una alternativa y explicas por qué es válida sin agregar información no disponible.",REALIZADA
M1-E2-AE1-6,2,"Lee planos de refrigeración y climatización, utilizando la simbología técnica respectiva para reconocer el espacio físico donde se instalarán las distintas redes de refrigeración y climatización, en relación con las normas de dibujo técnico establecidas de calefacción y ventilación.",Revisa tus respuestas. Explica qué error de interpretación podrías cometer y qué recurso te ayudaría a corregirlo.,Completa,"La consigna indica la acción principal, pero no reúne en un solo lugar el recurso, la evidencia esperada y el criterio de término.",M1-AE1,"Revisa tu evidencia, identifica un error posible y propone una mejora verificable. Recupera la decisión de la etapa anterior y compárala con el criterio del AE. Una reflexión que nombre evidencia, error o límite, acción de mejora y forma de comprobarla. Terminas cuando la mejora puede ejecutarse y verificarse con una evidencia concreta.",REALIZADA
M1-E2-AE2-1,2,"Lee y utiliza las especificaciones técnicas de proyectos de refrigeración y climatización, para conocer las indicaciones técnicas y el tipo de material que se empleará en la ejecución de los trabajos y poder determinar posibles interferencias o dificultades en las etapas del proyecto.",Clasifica cada elemento según su función en el proyecto simulado.,Completa,"La consigna indica la acción principal, pero no reúne en un solo lugar el recurso, la evidencia esperada y el criterio de término.",M1-AE2,"Clasifica cada elemento en la categoría que corresponde y fundamenta una clasificación. Lee las categorías y decide qué función, dato o documento distingue a cada elemento. Todos los elementos clasificados y una justificación escrita. Terminas cuando cada elemento pertenece a una categoría y explicas el criterio usado.",REALIZADA
M1-E2-AE2-2,2,"Lee y utiliza las especificaciones técnicas de proyectos de refrigeración y climatización, para conocer las indicaciones técnicas y el tipo de material que se empleará en la ejecución de los trabajos y poder determinar posibles interferencias o dificultades en las etapas del proyecto.",Un accesorio no siempre aparece dibujado a escala. Explica cómo usarías la leyenda y las especificaciones para identificarlo.,Completa,"La consigna indica la acción principal, pero no reúne en un solo lugar el recurso, la evidencia esperada y el criterio de término.",M1-AE2,"Analiza la evidencia, selecciona la decisión profesional mejor fundamentada y justifícala. Identifica primero qué dato está disponible, qué falta y qué documento permitiría verificarlo. Una alternativa y una justificación escrita que cite un dato o documento. Terminas cuando seleccionas una alternativa y explicas por qué es válida sin agregar información no disponible.",REALIZADA
M1-E2-AE2-3,2,"Lee y utiliza las especificaciones técnicas de proyectos de refrigeración y climatización, para conocer las indicaciones técnicas y el tipo de material que se empleará en la ejecución de los trabajos y poder determinar posibles interferencias o dificultades en las etapas del proyecto.",Marca las comprobaciones mínimas antes de interpretar el caso.,Completa,"La consigna indica la acción principal, pero no reúne en un solo lugar el recurso, la evidencia esperada y el criterio de término.",M1-AE2,"Selecciona las comprobaciones necesarias y explica cuál realizarías primero. Distingue entre datos verificados, datos faltantes y suposiciones antes de marcar. Selección completa y una explicación escrita de la prioridad. Terminas cuando marcas todas las comprobaciones pertinentes y justificas la primera acción.",REALIZADA
M1-E2-AE2-4,2,"Lee y utiliza las especificaciones técnicas de proyectos de refrigeración y climatización, para conocer las indicaciones técnicas y el tipo de material que se empleará en la ejecución de los trabajos y poder determinar posibles interferencias o dificultades en las etapas del proyecto.",La ubicación propuesta del control no coincide entre dos planos. Justifica qué harías antes de escoger una ubicación.,Completa,"La consigna indica la acción principal, pero no reúne en un solo lugar el recurso, la evidencia esperada y el criterio de término.",M1-AE2,"Analiza la evidencia, selecciona la decisión profesional mejor fundamentada y justifícala. Identifica primero qué dato está disponible, qué falta y qué documento permitiría verificarlo. Una alternativa y una justificación escrita que cite un dato o documento. Terminas cuando seleccionas una alternativa y explicas por qué es válida sin agregar información no disponible.",REALIZADA
M1-E2-AE2-5,2,"Lee y utiliza las especificaciones técnicas de proyectos de refrigeración y climatización, para conocer las indicaciones técnicas y el tipo de material que se empleará en la ejecución de los trabajos y poder determinar posibles interferencias o dificultades en las etapas del proyecto.",Prepara una lista de tres comprobaciones para verificar que los accesorios identificados estén incluidos en el listado de materiales.,Completa,"La consigna indica la acción principal, pero no reúne en un solo lugar el recurso, la evidencia esperada y el criterio de término.",M1-AE2,"Analiza la evidencia, selecciona la decisión profesional mejor fundamentada y justifícala. Identifica primero qué dato está disponible, qué falta y qué documento permitiría verificarlo. Una alternativa y una justificación escrita que cite un dato o documento. Terminas cuando seleccionas una alternativa y explicas por qué es válida sin agregar información no disponible.",REALIZADA
M1-E2-AE2-6,2,"Lee y utiliza las especificaciones técnicas de proyectos de refrigeración y climatización, para conocer las indicaciones técnicas y el tipo de material que se empleará en la ejecución de los trabajos y poder determinar posibles interferencias o dificultades en las etapas del proyecto.",Describe una omisión que detectaste o podrías detectar y cómo comunicarías la corrección al equipo.,Completa,"La consigna indica la acción principal, pero no reúne en un solo lugar el recurso, la evidencia esperada y el criterio de término.",M1-AE2,"Revisa tu evidencia, identifica un error posible y propone una mejora verificable. Recupera la decisión de la etapa anterior y compárala con el criterio del AE. Una reflexión que nombre evidencia, error o límite, acción de mejora y forma de comprobarla. Terminas cuando la mejora puede ejecutarse y verificarse con una evidencia concreta.",REALIZADA
M1-E2-AE3-1,2,"Cubica elementos y materiales de acuerdo a los requerimientos del lugar, indicados en el plano respectivo mediante un software de diseño para determinar cantidad de materiales y elementos a emplear en la ejecución del proyecto. Se consideran las indicaciones de la Norma Chilena relativa a Cubicaciones (NCh353/2000), aplicada a proyectos de refrigeración, climatización, calefacción y ventilación.",Lee la orden de trabajo. ¿Qué decisión permite seguir con evidencia?,Completa,"La consigna indica la acción principal, pero no reúne en un solo lugar el recurso, la evidencia esperada y el criterio de término.",M1-AE3,"Analiza la evidencia, selecciona la decisión profesional mejor fundamentada y justifícala. Identifica primero qué dato está disponible, qué falta y qué documento permitiría verificarlo. Una alternativa y una justificación escrita que cite un dato o documento. Terminas cuando seleccionas una alternativa y explicas por qué es válida sin agregar información no disponible.",REALIZADA
M1-E2-AE3-2,2,"Cubica elementos y materiales de acuerdo a los requerimientos del lugar, indicados en el plano respectivo mediante un software de diseño para determinar cantidad de materiales y elementos a emplear en la ejecución del proyecto. Se consideran las indicaciones de la Norma Chilena relativa a Cubicaciones (NCh353/2000), aplicada a proyectos de refrigeración, climatización, calefacción y ventilación.",Interpreta la tabla. ¿Qué límite tiene la información?,Completa,"La consigna indica la acción principal, pero no reúne en un solo lugar el recurso, la evidencia esperada y el criterio de término.",M1-AE3,"Analiza la evidencia, selecciona la decisión profesional mejor fundamentada y justifícala. Identifica primero qué dato está disponible, qué falta y qué documento permitiría verificarlo. Una alternativa y una justificación escrita que cite un dato o documento. Terminas cuando seleccionas una alternativa y explicas por qué es válida sin agregar información no disponible.",REALIZADA
M1-E2-AE3-3,2,"Cubica elementos y materiales de acuerdo a los requerimientos del lugar, indicados en el plano respectivo mediante un software de diseño para determinar cantidad de materiales y elementos a emplear en la ejecución del proyecto. Se consideran las indicaciones de la Norma Chilena relativa a Cubicaciones (NCh353/2000), aplicada a proyectos de refrigeración, climatización, calefacción y ventilación.","Relaciona UE-01, UI-01 y su control con la leyenda del proyecto. Explica cómo rastrearías cada elemento entre documentos.",Completa,"La consigna indica la acción principal, pero no reúne en un solo lugar el recurso, la evidencia esperada y el criterio de término.",M1-AE3,"Analiza la evidencia, selecciona la decisión profesional mejor fundamentada y justifícala. Identifica primero qué dato está disponible, qué falta y qué documento permitiría verificarlo. Una alternativa y una justificación escrita que cite un dato o documento. Terminas cuando seleccionas una alternativa y explicas por qué es válida sin agregar información no disponible.",REALIZADA
M1-E2-AE3-4,2,"Cubica elementos y materiales de acuerdo a los requerimientos del lugar, indicados en el plano respectivo mediante un software de diseño para determinar cantidad de materiales y elementos a emplear en la ejecución del proyecto. Se consideran las indicaciones de la Norma Chilena relativa a Cubicaciones (NCh353/2000), aplicada a proyectos de refrigeración, climatización, calefacción y ventilación.",El recorrido atraviesa un espacio reservado a otro proyecto. Formula una consulta de coordinación con la información necesaria.,Completa,"La consigna indica la acción principal, pero no reúne en un solo lugar el recurso, la evidencia esperada y el criterio de término.",M1-AE3,"Analiza la evidencia, selecciona la decisión profesional mejor fundamentada y justifícala. Identifica primero qué dato está disponible, qué falta y qué documento permitiría verificarlo. Una alternativa y una justificación escrita que cite un dato o documento. Terminas cuando seleccionas una alternativa y explicas por qué es válida sin agregar información no disponible.",REALIZADA
M1-E2-AE3-5,2,"Cubica elementos y materiales de acuerdo a los requerimientos del lugar, indicados en el plano respectivo mediante un software de diseño para determinar cantidad de materiales y elementos a emplear en la ejecución del proyecto. Se consideran las indicaciones de la Norma Chilena relativa a Cubicaciones (NCh353/2000), aplicada a proyectos de refrigeración, climatización, calefacción y ventilación.","Explica cómo verificarías que la versión del plano, las etiquetas y el listado de materiales son coherentes.",Completa,"La consigna indica la acción principal, pero no reúne en un solo lugar el recurso, la evidencia esperada y el criterio de término.",M1-AE3,"Analiza la evidencia, selecciona la decisión profesional mejor fundamentada y justifícala. Identifica primero qué dato está disponible, qué falta y qué documento permitiría verificarlo. Una alternativa y una justificación escrita que cite un dato o documento. Terminas cuando seleccionas una alternativa y explicas por qué es válida sin agregar información no disponible.",REALIZADA
M1-E2-AE3-6,2,"Cubica elementos y materiales de acuerdo a los requerimientos del lugar, indicados en el plano respectivo mediante un software de diseño para determinar cantidad de materiales y elementos a emplear en la ejecución del proyecto. Se consideran las indicaciones de la Norma Chilena relativa a Cubicaciones (NCh353/2000), aplicada a proyectos de refrigeración, climatización, calefacción y ventilación.",Resume tu procedimiento de lectura de planos y plantea una mejora concreta para tu próxima revisión.,Completa,"La consigna indica la acción principal, pero no reúne en un solo lugar el recurso, la evidencia esperada y el criterio de término.",M1-AE3,"Revisa tu evidencia, identifica un error posible y propone una mejora verificable. Recupera la decisión de la etapa anterior y compárala con el criterio del AE. Una reflexión que nombre evidencia, error o límite, acción de mejora y forma de comprobarla. Terminas cuando la mejora puede ejecutarse y verificarse con una evidencia concreta.",REALIZADA
M1-E3-F01,3,Observación anotada,"Marca en la planta la leyenda, el trazo discontinuo y el recinto de la sala.",Completa,"La consigna original contiene un verbo observable, pero no explicita en conjunto el recurso, el producto y la condición de logro.",M1-AE1,Identifica y marca las zonas solicitadas en la imagen. Abre la imagen y comienza por la etiqueta o punto de referencia principal. Los puntos correctos marcados y una nota con el dato observado. Terminas cuando todos los puntos solicitados están marcados y la nota cita un dato visible.,REALIZADA
M1-E3-F02,3,Recorrido espacial interactivo,"Recorre UE-01, UI-01 y el control. Entra al recinto y contrasta etiquetas.",Completa,"La consigna original contiene un verbo observable, pero no explicita en conjunto el recurso, el producto y la condición de logro.",M1-AE2,"Recorre la representación espacial y examina los componentes indicados. Gira la vista, acércate al primer componente y abre cada punto. Al menos tres componentes inspeccionados y una conclusión breve. Terminas cuando inspeccionaste los componentes requeridos y relacionaste dos datos.",REALIZADA
M1-E3-F03,3,Secuencia en video,"Observa la secuencia de lectura de plano: cajetín, leyenda, trazado, interferencia.",Completa,"La consigna original contiene un verbo observable, pero no explicita en conjunto el recurso, el producto y la condición de logro.",M1-AE3,"Identifica un paso del procedimiento y registra el dato técnico que lo sustenta. Mira la secuencia una vez; luego vuelve al momento en que aparece el paso elegido. Un paso seleccionado y un dato visible del video. Terminas cuando registraste un paso y un dato, sin resumir todo el video.",REALIZADA
M1-E3-F04,3,Lectura de oficio,"Lee el cajetín: escala, revisión y recinto. Anota el dato, no el color.",Completa,"La consigna original contiene un verbo observable, pero no explicita en conjunto el recurso, el producto y la condición de logro.",M1-AE1,"Extrae el dato solicitado y conserva su unidad, etiqueta o revisión. Ubica el campo nombrado antes de copiar el valor. Dato transcrito con su unidad o referencia. Terminas cuando el dato puede rastrearse al recurso y no agregaste información supuesta.",REALIZADA
M1-E3-F05,3,Procedimiento,Ordena: identificar revisión → leer leyenda → ubicar equipos → registrar diferencias.,Completa,"La consigna original contiene un verbo observable, pero no explicita en conjunto el recurso, el producto y la condición de logro.",M1-AE2,Ordena los pasos del procedimiento y verifica su secuencia. Ubica primero la preparación y al final la comprobación. Secuencia completa en el orden técnico esperado. Terminas cuando todos los pasos están ubicados y la verificación queda al cierre.,REALIZADA
M1-E3-F06,3,Cubicación,"Los tramos A 2,5 m y B 150 cm no se suman en crudo. Unifica la unidad.",Completa,"La consigna original contiene un verbo observable, pero no explicita en conjunto el recurso, el producto y la condición de logro.",M1-AE3,Calcula el resultado solicitado usando una sola unidad. Convierte primero todas las medidas a la misma unidad y después opera. Cálculo y resultado con unidad. Terminas cuando el valor y la unidad son correctos y el cálculo usa solo los datos entregados.,REALIZADA
M1-E3-F07,3,Variación de contexto,Son las 18:40 en Valdivia y la luz del taller ya no alcanza. ¿Qué cambia en tu lectura?,Completa,"La consigna original contiene un verbo observable, pero no explicita en conjunto el recurso, el producto y la condición de logro.",M1-AE1,"Analiza la situación y registra una respuesta técnica basada en evidencia. Identifica el dato disponible y el dato que falta antes de responder. Respuesta breve con dato, decisión y pendiente. Terminas cuando la respuesta cita evidencia y distingue datos de suposiciones.",REALIZADA
M1-E3-F08,3,Antes / después,"Estado inicial: leyenda incompleta. Cierre: consulta documentada, no una suposición.",Completa,"La consigna original contiene un verbo observable, pero no explicita en conjunto el recurso, el producto y la condición de logro.",M1-AE2,"Analiza la situación y registra una respuesta técnica basada en evidencia. Identifica el dato disponible y el dato que falta antes de responder. Respuesta breve con dato, decisión y pendiente. Terminas cuando la respuesta cita evidencia y distingue datos de suposiciones.",REALIZADA
M1-E3-F09,3,Trabajo del error,Alguien pintó de azul líquido y succión. Reconstruye por qué falló la identificación.,Completa,"La consigna original contiene un verbo observable, pero no explicita en conjunto el recurso, el producto y la condición de logro.",M1-AE3,"Analiza la situación y registra una respuesta técnica basada en evidencia. Identifica el dato disponible y el dato que falta antes de responder. Respuesta breve con dato, decisión y pendiente. Terminas cuando la respuesta cita evidencia y distingue datos de suposiciones.",REALIZADA
M1-E3-F10,3,Argumentación breve,"Explica al maestro, en dos frases, por qué no se firma un plano con revisión distinta al listado.",Completa,"La consigna original contiene un verbo observable, pero no explicita en conjunto el recurso, el producto y la condición de logro.",M1-AE1,"Analiza la situación y registra una respuesta técnica basada en evidencia. Identifica el dato disponible y el dato que falta antes de responder. Respuesta breve con dato, decisión y pendiente. Terminas cuando la respuesta cita evidencia y distingue datos de suposiciones.",REALIZADA
M1-E3-F11,3,Términos pareados de oficio,Une sobre el plano: trazo discontinuo–función por leyenda; cota–medida verificada.,Completa,"La consigna original contiene un verbo observable, pero no explicita en conjunto el recurso, el producto y la condición de logro.",M1-AE2,"Relaciona cada elemento con su función, dato o proceso. Lee todas las opciones antes de formar la primera pareja. Todas las parejas completadas. Terminas cuando no quedan elementos sin relacionar y cada pareja responde al recurso.",REALIZADA
M1-E3-F12,3,Bitácora de turno,"Bitácora: qué viste, qué consultaste, qué quedó pendiente para el AE 1.",Completa,"La consigna original contiene un verbo observable, pero no explicita en conjunto el recurso, el producto y la condición de logro.",M1-AE3,"Analiza la situación y registra una respuesta técnica basada en evidencia. Identifica el dato disponible y el dato que falta antes de responder. Respuesta breve con dato, decisión y pendiente. Terminas cuando la respuesta cita evidencia y distingue datos de suposiciones.",REALIZADA
M1-E3-F13,3,Consulta acotada al Agente,"Una pregunta al Agente. Te devolverá otra pregunta, no la solución.",Completa,"La consigna original contiene un verbo observable, pero no explicita en conjunto el recurso, el producto y la condición de logro.",M1-AE1,"Analiza la situación y registra una respuesta técnica basada en evidencia. Identifica el dato disponible y el dato que falta antes de responder. Respuesta breve con dato, decisión y pendiente. Terminas cuando la respuesta cita evidencia y distingue datos de suposiciones.",REALIZADA
M1-E3-F14,3,Integración 3D,"En el mismo recinto aplica AE 1, 2 y 3: plano, especificación y cubicación.",Completa,"La consigna original contiene un verbo observable, pero no explicita en conjunto el recurso, el producto y la condición de logro.",M1-AE2,"Integra los tres AE al inspeccionar y explicar el recorrido. Recorre los componentes en orden de preparación, ejecución y verificación. Componentes inspeccionados y conclusión que conecte los tres AE. Terminas cuando la conclusión usa evidencia de los tres AE y declara lo pendiente.",REALIZADA
M1-E3-ENC001,3,Dossier sala 3°: planta R-B vs leyenda parcial,"Dossier sala 3°: planta R-B vs leyenda parcial. Producto pedido: Lista de inconsistencias con documento y revisión. Responde con un dato del plano, la leyenda, la ficha o las notas. Si no está en el documento, indica qué falta y a quién lo consultarías.",Completa,"La secuencia ya explicaba producto, recurso y evidencia; se agrega propósito y criterio de término en el mismo bloque.",M1-AE1,"Elabora el producto solicitado con evidencia trazable del oficio. Lee el producto pedido y localiza un dato en el plano, la leyenda, la ficha o las notas antes de redactar. Lista de inconsistencias con documento y revisión. Incluye dato visible, decisión y pendiente. Terminas cuando el texto tiene al menos 80 caracteres, entrega el producto pedido y señala la fuente del dato o la consulta necesaria.",REALIZADA
M1-E3-ENC002,3,Dossier cubierta: planta rev. C vs listado rev. A,"Dossier cubierta: planta rev. C vs listado rev. A. Producto pedido: Consulta: qué revisión manda y por qué. Responde con un dato del plano, la leyenda, la ficha o las notas. Si no está en el documento, indica qué falta y a quién lo consultarías.",Completa,"La secuencia ya explicaba producto, recurso y evidencia; se agrega propósito y criterio de término en el mismo bloque.",M1-AE1,"Elabora el producto solicitado con evidencia trazable del oficio. Lee el producto pedido y localiza un dato en el plano, la leyenda, la ficha o las notas antes de redactar. Consulta: qué revisión manda y por qué. Incluye dato visible, decisión y pendiente. Terminas cuando el texto tiene al menos 80 caracteres, entrega el producto pedido y señala la fuente del dato o la consulta necesaria.",REALIZADA
M1-E2-ENC003,2,"Cubicación NCh353: tramos 2,5 m + 150 cm","Cubicación NCh353: tramos 2,5 m + 150 cm. Producto pedido: Tabla en una sola unidad + total. Responde con un dato del plano, la leyenda, la ficha o las notas. Si no está en el documento, indica qué falta y a quién lo consultarías.",Completa,"La secuencia ya explicaba producto, recurso y evidencia; se agrega propósito y criterio de término en el mismo bloque.",M1-AE3,"Elabora el producto solicitado con evidencia trazable del oficio. Lee el producto pedido y localiza un dato en el plano, la leyenda, la ficha o las notas antes de redactar. Tabla en una sola unidad + total. Incluye dato visible, decisión y pendiente. Terminas cuando el texto tiene al menos 80 caracteres, entrega el producto pedido y señala la fuente del dato o la consulta necesaria.",REALIZADA
M1-E2-ENC004,2,"Cubicación: mismo vano 0,80 m y 1,10 m","Cubicación: mismo vano 0,80 m y 1,10 m. Producto pedido: Registro de discrepancia; no promediar. Responde con un dato del plano, la leyenda, la ficha o las notas. Si no está en el documento, indica qué falta y a quién lo consultarías.",Completa,"La secuencia ya explicaba producto, recurso y evidencia; se agrega propósito y criterio de término en el mismo bloque.",M1-AE3,"Elabora el producto solicitado con evidencia trazable del oficio. Lee el producto pedido y localiza un dato en el plano, la leyenda, la ficha o las notas antes de redactar. Registro de discrepancia; no promediar. Incluye dato visible, decisión y pendiente. Terminas cuando el texto tiene al menos 80 caracteres, entrega el producto pedido y señala la fuente del dato o la consulta necesaria.",REALIZADA
M1-E3-ENC005,3,Interferencia tubería/conducto sin cota,"Interferencia tubería/conducto sin cota. Producto pedido: Marca el cruce + dato que falta (altura). Responde con un dato del plano, la leyenda, la ficha o las notas. Si no está en el documento, indica qué falta y a quién lo consultarías.",Completa,"La secuencia ya explicaba producto, recurso y evidencia; se agrega propósito y criterio de término en el mismo bloque.",M1-AE1,"Elabora el producto solicitado con evidencia trazable del oficio. Lee el producto pedido y localiza un dato en el plano, la leyenda, la ficha o las notas antes de redactar. Marca el cruce + dato que falta (altura). Incluye dato visible, decisión y pendiente. Terminas cuando el texto tiene al menos 80 caracteres, entrega el producto pedido y señala la fuente del dato o la consulta necesaria.",REALIZADA
M1-E3-ENC006,3,Interferencia bandeja eléctrica vs retorno HVAC,"Interferencia bandeja eléctrica vs retorno HVAC. Producto pedido: Consulta de coordinación con ubicación. Responde con un dato del plano, la leyenda, la ficha o las notas. Si no está en el documento, indica qué falta y a quién lo consultarías.",Completa,"La secuencia ya explicaba producto, recurso y evidencia; se agrega propósito y criterio de término en el mismo bloque.",M1-AE1,"Elabora el producto solicitado con evidencia trazable del oficio. Lee el producto pedido y localiza un dato en el plano, la leyenda, la ficha o las notas antes de redactar. Consulta de coordinación con ubicación. Incluye dato visible, decisión y pendiente. Terminas cuando el texto tiene al menos 80 caracteres, entrega el producto pedido y señala la fuente del dato o la consulta necesaria.",REALIZADA
M1-E3-ENC007,3,Drenaje con origen y sin destino,"Drenaje con origen y sin destino. Producto pedido: Qué línea informa y qué no se puede afirmar. Responde con un dato del plano, la leyenda, la ficha o las notas. Si no está en el documento, indica qué falta y a quién lo consultarías.",Completa,"La secuencia ya explicaba producto, recurso y evidencia; se agrega propósito y criterio de término en el mismo bloque.",M1-AE2,"Elabora el producto solicitado con evidencia trazable del oficio. Lee el producto pedido y localiza un dato en el plano, la leyenda, la ficha o las notas antes de redactar. Qué línea informa y qué no se puede afirmar. Incluye dato visible, decisión y pendiente. Terminas cuando el texto tiene al menos 80 caracteres, entrega el producto pedido y señala la fuente del dato o la consulta necesaria.",REALIZADA
M1-E3-ENC008,3,Cruce sobre línea de lácteos (sin parar el frío),"Cruce sobre línea de lácteos (sin parar el frío). Producto pedido: Decisión + evidencia de planta/sección. Responde con un dato del plano, la leyenda, la ficha o las notas. Si no está en el documento, indica qué falta y a quién lo consultarías.",Completa,"La secuencia ya explicaba producto, recurso y evidencia; se agrega propósito y criterio de término en el mismo bloque.",M1-AE1,"Elabora el producto solicitado con evidencia trazable del oficio. Lee el producto pedido y localiza un dato en el plano, la leyenda, la ficha o las notas antes de redactar. Decisión + evidencia de planta/sección. Incluye dato visible, decisión y pendiente. Terminas cuando el texto tiene al menos 80 caracteres, entrega el producto pedido y señala la fuente del dato o la consulta necesaria.",REALIZADA
M1-E3-ENC009,3,Sprinklers vs eje de ducto,"Sprinklers vs eje de ducto. Producto pedido: Especialidades afectadas y consulta. Responde con un dato del plano, la leyenda, la ficha o las notas. Si no está en el documento, indica qué falta y a quién lo consultarías.",Completa,"La secuencia ya explicaba producto, recurso y evidencia; se agrega propósito y criterio de término en el mismo bloque.",M1-AE2,"Elabora el producto solicitado con evidencia trazable del oficio. Lee el producto pedido y localiza un dato en el plano, la leyenda, la ficha o las notas antes de redactar. Especialidades afectadas y consulta. Incluye dato visible, decisión y pendiente. Terminas cuando el texto tiene al menos 80 caracteres, entrega el producto pedido y señala la fuente del dato o la consulta necesaria.",REALIZADA
M1-E3-ENC010,3,Muro corrido vs acceso de mantención,"Muro corrido vs acceso de mantención. Producto pedido: Contraste planta vs terreno (dato ficticio). Responde con un dato del plano, la leyenda, la ficha o las notas. Si no está en el documento, indica qué falta y a quién lo consultarías.",Completa,"La secuencia ya explicaba producto, recurso y evidencia; se agrega propósito y criterio de término en el mismo bloque.",M1-AE2,"Elabora el producto solicitado con evidencia trazable del oficio. Lee el producto pedido y localiza un dato en el plano, la leyenda, la ficha o las notas antes de redactar. Contraste planta vs terreno (dato ficticio). Incluye dato visible, decisión y pendiente. Terminas cuando el texto tiene al menos 80 caracteres, entrega el producto pedido y señala la fuente del dato o la consulta necesaria.",REALIZADA
M1-E2-ENC011,2,Especificaciones: tipo de material,"Especificaciones: tipo de material. Producto pedido: Extracto del dato, no del color. Responde con un dato del plano, la leyenda, la ficha o las notas. Si no está en el documento, indica qué falta y a quién lo consultarías.",Completa,"La secuencia ya explicaba producto, recurso y evidencia; se agrega propósito y criterio de término en el mismo bloque.",M1-AE2,"Elabora el producto solicitado con evidencia trazable del oficio. Lee el producto pedido y localiza un dato en el plano, la leyenda, la ficha o las notas antes de redactar. Extracto del dato, no del color. Incluye dato visible, decisión y pendiente. Terminas cuando el texto tiene al menos 80 caracteres, entrega el producto pedido y señala la fuente del dato o la consulta necesaria.",REALIZADA
M1-E2-ENC012,2,Especificaciones: forma de ejecutar el trabajo,"Especificaciones: forma de ejecutar el trabajo. Producto pedido: 3 indicaciones rastreables al párrafo. Responde con un dato del plano, la leyenda, la ficha o las notas. Si no está en el documento, indica qué falta y a quién lo consultarías.",Completa,"La secuencia ya explicaba producto, recurso y evidencia; se agrega propósito y criterio de término en el mismo bloque.",M1-AE2,"Elabora el producto solicitado con evidencia trazable del oficio. Lee el producto pedido y localiza un dato en el plano, la leyenda, la ficha o las notas antes de redactar. 3 indicaciones rastreables al párrafo. Incluye dato visible, decisión y pendiente. Terminas cuando el texto tiene al menos 80 caracteres, entrega el producto pedido y señala la fuente del dato o la consulta necesaria.",REALIZADA
M1-E2-ENC013,2,Especificaciones: interferencia con estructura,"Especificaciones: interferencia con estructura. Producto pedido: Hallazgo + documento de respaldo. Responde con un dato del plano, la leyenda, la ficha o las notas. Si no está en el documento, indica qué falta y a quién lo consultarías.",Completa,"La secuencia ya explicaba producto, recurso y evidencia; se agrega propósito y criterio de término en el mismo bloque.",M1-AE2,"Elabora el producto solicitado con evidencia trazable del oficio. Lee el producto pedido y localiza un dato en el plano, la leyenda, la ficha o las notas antes de redactar. Hallazgo + documento de respaldo. Incluye dato visible, decisión y pendiente. Terminas cuando el texto tiene al menos 80 caracteres, entrega el producto pedido y señala la fuente del dato o la consulta necesaria.",REALIZADA
M1-E2-ENC014,2,Especificaciones: otro servicio en el mismo cielo,"Especificaciones: otro servicio en el mismo cielo. Producto pedido: Consulta a la especialidad citada. Responde con un dato del plano, la leyenda, la ficha o las notas. Si no está en el documento, indica qué falta y a quién lo consultarías.",Completa,"La secuencia ya explicaba producto, recurso y evidencia; se agrega propósito y criterio de término en el mismo bloque.",M1-AE2,"Elabora el producto solicitado con evidencia trazable del oficio. Lee el producto pedido y localiza un dato en el plano, la leyenda, la ficha o las notas antes de redactar. Consulta a la especialidad citada. Incluye dato visible, decisión y pendiente. Terminas cuando el texto tiene al menos 80 caracteres, entrega el producto pedido y señala la fuente del dato o la consulta necesaria.",REALIZADA
M1-E2-ENC015,2,Informe técnico de anomalías en planos (criterio 1.4),"Informe técnico de anomalías en planos (criterio 1.4). Producto pedido: Informe: ubicación, evidencia, consulta. Responde con un dato del plano, la leyenda, la ficha o las notas. Si no está en el documento, indica qué falta y a quién lo consultarías.",Completa,"La secuencia ya explicaba producto, recurso y evidencia; se agrega propósito y criterio de término en el mismo bloque.",M1-AE1,"Elabora el producto solicitado con evidencia trazable del oficio. Lee el producto pedido y localiza un dato en el plano, la leyenda, la ficha o las notas antes de redactar. Informe: ubicación, evidencia, consulta. Incluye dato visible, decisión y pendiente. Terminas cuando el texto tiene al menos 80 caracteres, entrega el producto pedido y señala la fuente del dato o la consulta necesaria.",REALIZADA
M1-E2-ENC016,2,Informe técnico de especificaciones (criterio 2.5),"Informe técnico de especificaciones (criterio 2.5). Producto pedido: Informe con anomalías y TIC. Responde con un dato del plano, la leyenda, la ficha o las notas. Si no está en el documento, indica qué falta y a quién lo consultarías.",Completa,"La secuencia ya explicaba producto, recurso y evidencia; se agrega propósito y criterio de término en el mismo bloque.",M1-AE2,"Elabora el producto solicitado con evidencia trazable del oficio. Lee el producto pedido y localiza un dato en el plano, la leyenda, la ficha o las notas antes de redactar. Informe con anomalías y TIC. Incluye dato visible, decisión y pendiente. Terminas cuando el texto tiene al menos 80 caracteres, entrega el producto pedido y señala la fuente del dato o la consulta necesaria.",REALIZADA
M1-E3-ENC017,3,Consulta: UI-01 duplicada en dos recintos,"Consulta: UI-01 duplicada en dos recintos. Producto pedido: Consulta con etiquetas y listado. Responde con un dato del plano, la leyenda, la ficha o las notas. Si no está en el documento, indica qué falta y a quién lo consultarías.",Completa,"La secuencia ya explicaba producto, recurso y evidencia; se agrega propósito y criterio de término en el mismo bloque.",M1-AE1,"Elabora el producto solicitado con evidencia trazable del oficio. Lee el producto pedido y localiza un dato en el plano, la leyenda, la ficha o las notas antes de redactar. Consulta con etiquetas y listado. Incluye dato visible, decisión y pendiente. Terminas cuando el texto tiene al menos 80 caracteres, entrega el producto pedido y señala la fuente del dato o la consulta necesaria.",REALIZADA
M1-E3-ENC018,3,Consulta: falta el detalle D-04,"Consulta: falta el detalle D-04. Producto pedido: Qué no se cubica hasta que llegue D-04. Responde con un dato del plano, la leyenda, la ficha o las notas. Si no está en el documento, indica qué falta y a quién lo consultarías.",Completa,"La secuencia ya explicaba producto, recurso y evidencia; se agrega propósito y criterio de término en el mismo bloque.",M1-AE1,"Elabora el producto solicitado con evidencia trazable del oficio. Lee el producto pedido y localiza un dato en el plano, la leyenda, la ficha o las notas antes de redactar. Qué no se cubica hasta que llegue D-04. Incluye dato visible, decisión y pendiente. Terminas cuando el texto tiene al menos 80 caracteres, entrega el producto pedido y señala la fuente del dato o la consulta necesaria.",REALIZADA
M1-E3-ENC019,3,Consulta: planta C vs listado A,"Consulta: planta C vs listado A. Producto pedido: Pedido de conciliación de revisión. Responde con un dato del plano, la leyenda, la ficha o las notas. Si no está en el documento, indica qué falta y a quién lo consultarías.",Completa,"La secuencia ya explicaba producto, recurso y evidencia; se agrega propósito y criterio de término en el mismo bloque.",M1-AE1,"Elabora el producto solicitado con evidencia trazable del oficio. Lee el producto pedido y localiza un dato en el plano, la leyenda, la ficha o las notas antes de redactar. Pedido de conciliación de revisión. Incluye dato visible, decisión y pendiente. Terminas cuando el texto tiene al menos 80 caracteres, entrega el producto pedido y señala la fuente del dato o la consulta necesaria.",REALIZADA
M1-E3-ENC020,3,Consulta: control en dos muros distintos,"Consulta: control en dos muros distintos. Producto pedido: Dos documentos, una pregunta. Responde con un dato del plano, la leyenda, la ficha o las notas. Si no está en el documento, indica qué falta y a quién lo consultarías.",Completa,"La secuencia ya explicaba producto, recurso y evidencia; se agrega propósito y criterio de término en el mismo bloque.",M1-AE2,"Elabora el producto solicitado con evidencia trazable del oficio. Lee el producto pedido y localiza un dato en el plano, la leyenda, la ficha o las notas antes de redactar. Dos documentos, una pregunta. Incluye dato visible, decisión y pendiente. Terminas cuando el texto tiene al menos 80 caracteres, entrega el producto pedido y señala la fuente del dato o la consulta necesaria.",REALIZADA
M1-E2-ENC021,2,Contraste UE-01 planta vs esquema,"Contraste UE-01 planta vs esquema. Producto pedido: Tabla etiqueta / vista / coincide. Responde con un dato del plano, la leyenda, la ficha o las notas. Si no está en el documento, indica qué falta y a quién lo consultarías.",Completa,"La secuencia ya explicaba producto, recurso y evidencia; se agrega propósito y criterio de término en el mismo bloque.",M1-AE3,"Elabora el producto solicitado con evidencia trazable del oficio. Lee el producto pedido y localiza un dato en el plano, la leyenda, la ficha o las notas antes de redactar. Tabla etiqueta / vista / coincide. Incluye dato visible, decisión y pendiente. Terminas cuando el texto tiene al menos 80 caracteres, entrega el producto pedido y señala la fuente del dato o la consulta necesaria.",REALIZADA
M1-E2-ENC022,2,Contraste 4 UI en planta vs 3 en compra,"Contraste 4 UI en planta vs 3 en compra. Producto pedido: Dónde queda UI-04. Responde con un dato del plano, la leyenda, la ficha o las notas. Si no está en el documento, indica qué falta y a quién lo consultarías.",Completa,"La secuencia ya explicaba producto, recurso y evidencia; se agrega propósito y criterio de término en el mismo bloque.",M1-AE3,"Elabora el producto solicitado con evidencia trazable del oficio. Lee el producto pedido y localiza un dato en el plano, la leyenda, la ficha o las notas antes de redactar. Dónde queda UI-04. Incluye dato visible, decisión y pendiente. Terminas cuando el texto tiene al menos 80 caracteres, entrega el producto pedido y señala la fuente del dato o la consulta necesaria.",REALIZADA
M1-E2-ENC023,2,Contraste soporte en detalle vs listado,"Contraste soporte en detalle vs listado. Producto pedido: No borrar el soporte del detalle. Responde con un dato del plano, la leyenda, la ficha o las notas. Si no está en el documento, indica qué falta y a quién lo consultarías.",Completa,"La secuencia ya explicaba producto, recurso y evidencia; se agrega propósito y criterio de término en el mismo bloque.",M1-AE3,"Elabora el producto solicitado con evidencia trazable del oficio. Lee el producto pedido y localiza un dato en el plano, la leyenda, la ficha o las notas antes de redactar. No borrar el soporte del detalle. Incluye dato visible, decisión y pendiente. Terminas cuando el texto tiene al menos 80 caracteres, entrega el producto pedido y señala la fuente del dato o la consulta necesaria.",REALIZADA
M1-E2-ENC024,2,Contraste escala 1:50 en copia reducida,"Contraste escala 1:50 en copia reducida. Producto pedido: Por qué no se mide con regla sobre el A3. Responde con un dato del plano, la leyenda, la ficha o las notas. Si no está en el documento, indica qué falta y a quién lo consultarías.",Completa,"La secuencia ya explicaba producto, recurso y evidencia; se agrega propósito y criterio de término en el mismo bloque.",M1-AE3,"Elabora el producto solicitado con evidencia trazable del oficio. Lee el producto pedido y localiza un dato en el plano, la leyenda, la ficha o las notas antes de redactar. Por qué no se mide con regla sobre el A3. Incluye dato visible, decisión y pendiente. Terminas cuando el texto tiene al menos 80 caracteres, entrega el producto pedido y señala la fuente del dato o la consulta necesaria.",REALIZADA
M1-E3-ENC025,3,Error: líquido y succión del mismo azul,"Error: líquido y succión del mismo azul. Producto pedido: Reconstrucción del descuido. Responde con un dato del plano, la leyenda, la ficha o las notas. Si no está en el documento, indica qué falta y a quién lo consultarías.",Completa,"La secuencia ya explicaba producto, recurso y evidencia; se agrega propósito y criterio de término en el mismo bloque.",M1-AE1,"Elabora el producto solicitado con evidencia trazable del oficio. Lee el producto pedido y localiza un dato en el plano, la leyenda, la ficha o las notas antes de redactar. Reconstrucción del descuido. Incluye dato visible, decisión y pendiente. Terminas cuando el texto tiene al menos 80 caracteres, entrega el producto pedido y señala la fuente del dato o la consulta necesaria.",REALIZADA
M1-E3-ENC026,3,Error: usar el archivo más liviano,"Error: usar el archivo más liviano. Producto pedido: Qué revisión se pierde. Responde con un dato del plano, la leyenda, la ficha o las notas. Si no está en el documento, indica qué falta y a quién lo consultarías.",Completa,"La secuencia ya explicaba producto, recurso y evidencia; se agrega propósito y criterio de término en el mismo bloque.",M1-AE1,"Elabora el producto solicitado con evidencia trazable del oficio. Lee el producto pedido y localiza un dato en el plano, la leyenda, la ficha o las notas antes de redactar. Qué revisión se pierde. Incluye dato visible, decisión y pendiente. Terminas cuando el texto tiene al menos 80 caracteres, entrega el producto pedido y señala la fuente del dato o la consulta necesaria.",REALIZADA
M1-E2-ENC027,2,Error: promediar dos cotas del mismo vano,"Error: promediar dos cotas del mismo vano. Producto pedido: Cota inventada vs cota de proyecto. Responde con un dato del plano, la leyenda, la ficha o las notas. Si no está en el documento, indica qué falta y a quién lo consultarías.",Completa,"La secuencia ya explicaba producto, recurso y evidencia; se agrega propósito y criterio de término en el mismo bloque.",M1-AE3,"Elabora el producto solicitado con evidencia trazable del oficio. Lee el producto pedido y localiza un dato en el plano, la leyenda, la ficha o las notas antes de redactar. Cota inventada vs cota de proyecto. Incluye dato visible, decisión y pendiente. Terminas cuando el texto tiene al menos 80 caracteres, entrega el producto pedido y señala la fuente del dato o la consulta necesaria.",REALIZADA
M1-E3-ENC028,3,Error: firmar a las 18:00 sin registro,"Error: firmar a las 18:00 sin registro. Producto pedido: Minuta con 3 hallazgos trazables. Responde con un dato del plano, la leyenda, la ficha o las notas. Si no está en el documento, indica qué falta y a quién lo consultarías.",Completa,"La secuencia ya explicaba producto, recurso y evidencia; se agrega propósito y criterio de término en el mismo bloque.",M1-AE1,"Elabora el producto solicitado con evidencia trazable del oficio. Lee el producto pedido y localiza un dato en el plano, la leyenda, la ficha o las notas antes de redactar. Minuta con 3 hallazgos trazables. Incluye dato visible, decisión y pendiente. Terminas cuando el texto tiene al menos 80 caracteres, entrega el producto pedido y señala la fuente del dato o la consulta necesaria.",REALIZADA
M1-E2-ENC029,2,Bitácora turno 08:15 liceo,"Bitácora turno 08:15 liceo. Producto pedido: Vi / consulté / pendiente. Responde con un dato del plano, la leyenda, la ficha o las notas. Si no está en el documento, indica qué falta y a quién lo consultarías.",Completa,"La secuencia ya explicaba producto, recurso y evidencia; se agrega propósito y criterio de término en el mismo bloque.",M1-AE1,"Elabora el producto solicitado con evidencia trazable del oficio. Lee el producto pedido y localiza un dato en el plano, la leyenda, la ficha o las notas antes de redactar. Vi / consulté / pendiente. Incluye dato visible, decisión y pendiente. Terminas cuando el texto tiene al menos 80 caracteres, entrega el producto pedido y señala la fuente del dato o la consulta necesaria.",REALIZADA
M1-E2-ENC030,2,Bitácora 11:00 · llega el inspector,"Bitácora 11:00 · llega el inspector. Producto pedido: Qué dato está listo para mostrar. Responde con un dato del plano, la leyenda, la ficha o las notas. Si no está en el documento, indica qué falta y a quién lo consultarías.",Completa,"La secuencia ya explicaba producto, recurso y evidencia; se agrega propósito y criterio de término en el mismo bloque.",M1-AE1,"Elabora el producto solicitado con evidencia trazable del oficio. Lee el producto pedido y localiza un dato en el plano, la leyenda, la ficha o las notas antes de redactar. Qué dato está listo para mostrar. Incluye dato visible, decisión y pendiente. Terminas cuando el texto tiene al menos 80 caracteres, entrega el producto pedido y señala la fuente del dato o la consulta necesaria.",REALIZADA
M1-E2-ENC031,2,Bitácora 18:40 Valdivia · poca luz,"Bitácora 18:40 Valdivia · poca luz. Producto pedido: Qué cambia en la lectura, no en el plano. Responde con un dato del plano, la leyenda, la ficha o las notas. Si no está en el documento, indica qué falta y a quién lo consultarías.",Completa,"La secuencia ya explicaba producto, recurso y evidencia; se agrega propósito y criterio de término en el mismo bloque.",M1-AE2,"Elabora el producto solicitado con evidencia trazable del oficio. Lee el producto pedido y localiza un dato en el plano, la leyenda, la ficha o las notas antes de redactar. Qué cambia en la lectura, no en el plano. Incluye dato visible, decisión y pendiente. Terminas cuando el texto tiene al menos 80 caracteres, entrega el producto pedido y señala la fuente del dato o la consulta necesaria.",REALIZADA
M1-E3-ENC032,3,Bitácora de cierre de revisión documental,"Bitácora de cierre de revisión documental. Producto pedido: Abierto / cerrado / no afirmable. Responde con un dato del plano, la leyenda, la ficha o las notas. Si no está en el documento, indica qué falta y a quién lo consultarías.",Completa,"La secuencia ya explicaba producto, recurso y evidencia; se agrega propósito y criterio de término en el mismo bloque.",M1-AE3,"Elabora el producto solicitado con evidencia trazable del oficio. Lee el producto pedido y localiza un dato en el plano, la leyenda, la ficha o las notas antes de redactar. Abierto / cerrado / no afirmable. Incluye dato visible, decisión y pendiente. Terminas cuando el texto tiene al menos 80 caracteres, entrega el producto pedido y señala la fuente del dato o la consulta necesaria.",REALIZADA
M1-E3-CAS01,3,Leyenda incompleta en la sala de 3°,¿Qué decisión permite una revisión fundada?,Completa,"La interfaz pedía elegir y justificar, pero no exigía de forma visible citar la evidencia ni declarar cómo verificar la decisión.",M1-AE1,"Analiza el caso, selecciona la decisión profesional y justifícala con evidencia. Lee la presión del contexto; separa los datos comprobables de las suposiciones y localiza el antecedente que falta. Una alternativa y una justificación de al menos 20 caracteres que cite un dato, documento o criterio. Terminas cuando la alternativa es coherente con la evidencia y la justificación explica qué harías, por qué y qué verificarías.",REALIZADA
M1-E3-CAS02,3,"Dos recintos, la misma etiqueta",¿Qué decisión permite una revisión fundada?,Completa,"La interfaz pedía elegir y justificar, pero no exigía de forma visible citar la evidencia ni declarar cómo verificar la decisión.",M1-AE2,"Analiza el caso, selecciona la decisión profesional y justifícala con evidencia. Lee la presión del contexto; separa los datos comprobables de las suposiciones y localiza el antecedente que falta. Una alternativa y una justificación de al menos 20 caracteres que cite un dato, documento o criterio. Terminas cuando la alternativa es coherente con la evidencia y la justificación explica qué harías, por qué y qué verificarías.",REALIZADA
M1-E3-CAS03,3,Cruce sobre la línea de lácteos,¿Qué decisión permite una revisión fundada?,Completa,"La interfaz pedía elegir y justificar, pero no exigía de forma visible citar la evidencia ni declarar cómo verificar la decisión.",M1-AE3,"Analiza el caso, selecciona la decisión profesional y justifícala con evidencia. Lee la presión del contexto; separa los datos comprobables de las suposiciones y localiza el antecedente que falta. Una alternativa y una justificación de al menos 20 caracteres que cite un dato, documento o criterio. Terminas cuando la alternativa es coherente con la evidencia y la justificación explica qué harías, por qué y qué verificarías.",REALIZADA
M1-E3-CAS04,3,Dos revisiones y una inauguración,¿Qué decisión permite una revisión fundada?,Completa,"La interfaz pedía elegir y justificar, pero no exigía de forma visible citar la evidencia ni declarar cómo verificar la decisión.",M1-AE1,"Analiza el caso, selecciona la decisión profesional y justifícala con evidencia. Lee la presión del contexto; separa los datos comprobables de las suposiciones y localiza el antecedente que falta. Una alternativa y una justificación de al menos 20 caracteres que cite un dato, documento o criterio. Terminas cuando la alternativa es coherente con la evidencia y la justificación explica qué harías, por qué y qué verificarías.",REALIZADA
M1-E3-CAS05,3,El rack no deja pasar,¿Qué decisión permite una revisión fundada?,Completa,"La interfaz pedía elegir y justificar, pero no exigía de forma visible citar la evidencia ni declarar cómo verificar la decisión.",M1-AE2,"Analiza el caso, selecciona la decisión profesional y justifícala con evidencia. Lee la presión del contexto; separa los datos comprobables de las suposiciones y localiza el antecedente que falta. Una alternativa y una justificación de al menos 20 caracteres que cite un dato, documento o criterio. Terminas cuando la alternativa es coherente con la evidencia y la justificación explica qué harías, por qué y qué verificarías.",REALIZADA
M1-E3-CAS06,3,El condensado no tiene destino,¿Qué decisión permite una revisión fundada?,Completa,"La interfaz pedía elegir y justificar, pero no exigía de forma visible citar la evidencia ni declarar cómo verificar la decisión.",M1-AE3,"Analiza el caso, selecciona la decisión profesional y justifícala con evidencia. Lee la presión del contexto; separa los datos comprobables de las suposiciones y localiza el antecedente que falta. Una alternativa y una justificación de al menos 20 caracteres que cite un dato, documento o criterio. Terminas cuando la alternativa es coherente con la evidencia y la justificación explica qué harías, por qué y qué verificarías.",REALIZADA
M1-E3-CAS07,3,La copia no es el original,¿Qué decisión permite una revisión fundada?,Completa,"La interfaz pedía elegir y justificar, pero no exigía de forma visible citar la evidencia ni declarar cómo verificar la decisión.",M1-AE1,"Analiza el caso, selecciona la decisión profesional y justifícala con evidencia. Lee la presión del contexto; separa los datos comprobables de las suposiciones y localiza el antecedente que falta. Una alternativa y una justificación de al menos 20 caracteres que cite un dato, documento o criterio. Terminas cuando la alternativa es coherente con la evidencia y la justificación explica qué harías, por qué y qué verificarías.",REALIZADA
M1-E3-CAS08,3,El soporte no está en el listado,¿Qué decisión permite una revisión fundada?,Completa,"La interfaz pedía elegir y justificar, pero no exigía de forma visible citar la evidencia ni declarar cómo verificar la decisión.",M1-AE2,"Analiza el caso, selecciona la decisión profesional y justifícala con evidencia. Lee la presión del contexto; separa los datos comprobables de las suposiciones y localiza el antecedente que falta. Una alternativa y una justificación de al menos 20 caracteres que cite un dato, documento o criterio. Terminas cuando la alternativa es coherente con la evidencia y la justificación explica qué harías, por qué y qué verificarías.",REALIZADA
M1-E3-CAS09,3,El control no sabe en qué muro vivir,¿Qué decisión permite una revisión fundada?,Completa,"La interfaz pedía elegir y justificar, pero no exigía de forma visible citar la evidencia ni declarar cómo verificar la decisión.",M1-AE3,"Analiza el caso, selecciona la decisión profesional y justifícala con evidencia. Lee la presión del contexto; separa los datos comprobables de las suposiciones y localiza el antecedente que falta. Una alternativa y una justificación de al menos 20 caracteres que cite un dato, documento o criterio. Terminas cuando la alternativa es coherente con la evidencia y la justificación explica qué harías, por qué y qué verificarías.",REALIZADA
M1-E3-CAS10,3,Falta el detalle D-04,¿Qué decisión permite una revisión fundada?,Completa,"La interfaz pedía elegir y justificar, pero no exigía de forma visible citar la evidencia ni declarar cómo verificar la decisión.",M1-AE1,"Analiza el caso, selecciona la decisión profesional y justifícala con evidencia. Lee la presión del contexto; separa los datos comprobables de las suposiciones y localiza el antecedente que falta. Una alternativa y una justificación de al menos 20 caracteres que cite un dato, documento o criterio. Terminas cuando la alternativa es coherente con la evidencia y la justificación explica qué harías, por qué y qué verificarías.",REALIZADA
M1-E3-CAS11,3,"Dos líneas, un solo color",¿Qué decisión permite una revisión fundada?,Completa,"La interfaz pedía elegir y justificar, pero no exigía de forma visible citar la evidencia ni declarar cómo verificar la decisión.",M1-AE2,"Analiza el caso, selecciona la decisión profesional y justifícala con evidencia. Lee la presión del contexto; separa los datos comprobables de las suposiciones y localiza el antecedente que falta. Una alternativa y una justificación de al menos 20 caracteres que cite un dato, documento o criterio. Terminas cuando la alternativa es coherente con la evidencia y la justificación explica qué harías, por qué y qué verificarías.",REALIZADA
M1-E3-CAS12,3,"La misma luz, dos medidas",¿Qué decisión permite una revisión fundada?,Completa,"La interfaz pedía elegir y justificar, pero no exigía de forma visible citar la evidencia ni declarar cómo verificar la decisión.",M1-AE3,"Analiza el caso, selecciona la decisión profesional y justifícala con evidencia. Lee la presión del contexto; separa los datos comprobables de las suposiciones y localiza el antecedente que falta. Una alternativa y una justificación de al menos 20 caracteres que cite un dato, documento o criterio. Terminas cuando la alternativa es coherente con la evidencia y la justificación explica qué harías, por qué y qué verificarías.",REALIZADA
M1-E3-CAS13,3,La bandeja eléctrica se tomó el trazado,¿Qué decisión permite una revisión fundada?,Completa,"La interfaz pedía elegir y justificar, pero no exigía de forma visible citar la evidencia ni declarar cómo verificar la decisión.",M1-AE1,"Analiza el caso, selecciona la decisión profesional y justifícala con evidencia. Lee la presión del contexto; separa los datos comprobables de las suposiciones y localiza el antecedente que falta. Una alternativa y una justificación de al menos 20 caracteres que cite un dato, documento o criterio. Terminas cuando la alternativa es coherente con la evidencia y la justificación explica qué harías, por qué y qué verificarías.",REALIZADA
M1-E3-CAS14,3,"Cuatro unidades en planta, tres en la compra",¿Qué decisión permite una revisión fundada?,Completa,"La interfaz pedía elegir y justificar, pero no exigía de forma visible citar la evidencia ni declarar cómo verificar la decisión.",M1-AE2,"Analiza el caso, selecciona la decisión profesional y justifícala con evidencia. Lee la presión del contexto; separa los datos comprobables de las suposiciones y localiza el antecedente que falta. Una alternativa y una justificación de al menos 20 caracteres que cite un dato, documento o criterio. Terminas cuando la alternativa es coherente con la evidencia y la justificación explica qué harías, por qué y qué verificarías.",REALIZADA
M1-E3-CAS15,3,Tres fallas y la firma de las 18:00,¿Qué decisión permite una revisión fundada?,Completa,"La interfaz pedía elegir y justificar, pero no exigía de forma visible citar la evidencia ni declarar cómo verificar la decisión.",M1-AE3,"Analiza el caso, selecciona la decisión profesional y justifícala con evidencia. Lee la presión del contexto; separa los datos comprobables de las suposiciones y localiza el antecedente que falta. Una alternativa y una justificación de al menos 20 caracteres que cite un dato, documento o criterio. Terminas cuando la alternativa es coherente con la evidencia y la justificación explica qué harías, por qué y qué verificarías.",REALIZADA
M1-E3-ESP,3,Recorrido espacial interactivo,"Recorre los 8 pasos: recinto, leyenda, trazado, cruce, equipo, control, drenaje y cierre. Contrasta con el listado.",Completa,"La consigna enumeraba componentes, pero no explicitaba la evidencia escrita esperada ni la relación con los tres AE.",AE 1 + AE 2 + AE 3,"Inspecciona todos los componentes del recorrido, relaciónalos y redacta una conclusión técnica. Comienza por el primer paso numerado; gira, acerca y abre cada componente en orden. Todos los componentes inspeccionados y una conclusión que conecte evidencia, decisión y pendiente. Terminas cuando inspeccionaste todos los puntos y la conclusión usa evidencia de los tres AE sin afirmar lo que el escenario no demuestra.",REALIZADA
M1-E4-P01,4,Item evaluativo 1,"Una línea discontinua aparece en la planta de la sala, pero no en la leyenda. ¿Qué decisión permite una revisión fundada?",Completa,"Sin problema crítico de instrucción; se estandariza el inicio, el recurso y el criterio de término para evitar dobles interpretaciones.",M1-AE1,"Analiza el estímulo y selecciona la alternativa mejor sustentada. Lee primero el dato visible y la pregunta completa; descarta opciones que supongan información no entregada. Una alternativa A, B, C o D. El ítem termina al seleccionar una alternativa; la evaluación se entrega al completar los ítems asignados a este módulo.",REALIZADA
M1-E4-P02,4,Item evaluativo 2,Dos unidades interiores aparecen como UI-01 en recintos distintos. ¿Qué decisión permite una revisión fundada?,Completa,"Sin problema crítico de instrucción; se estandariza el inicio, el recurso y el criterio de término para evitar dobles interpretaciones.",M1-AE2,"Analiza el estímulo y selecciona la alternativa mejor sustentada. Lee primero el dato visible y la pregunta completa; descarta opciones que supongan información no entregada. Una alternativa A, B, C o D. El ítem termina al seleccionar una alternativa; la evaluación se entrega al completar los ítems asignados a este módulo.",REALIZADA
M1-E4-P03,4,Item evaluativo 3,Una tubería cruza un conducto en la planta de la góndola refrigerada. ¿Qué decisión permite una revisión fundada?,Completa,"Sin problema crítico de instrucción; se estandariza el inicio, el recurso y el criterio de término para evitar dobles interpretaciones.",M1-AE3,"Analiza el estímulo y selecciona la alternativa mejor sustentada. Lee primero el dato visible y la pregunta completa; descarta opciones que supongan información no entregada. Una alternativa A, B, C o D. El ítem termina al seleccionar una alternativa; la evaluación se entrega al completar los ítems asignados a este módulo.",REALIZADA
M1-E4-P04,4,Item evaluativo 4,La planta es revisión C y el listado de materiales es revisión A. ¿Qué decisión permite una revisión fundada?,Completa,"Sin problema crítico de instrucción; se estandariza el inicio, el recurso y el criterio de término para evitar dobles interpretaciones.",M1-AE1,"Analiza el estímulo y selecciona la alternativa mejor sustentada. Lee primero el dato visible y la pregunta completa; descarta opciones que supongan información no entregada. Una alternativa A, B, C o D. El ítem termina al seleccionar una alternativa; la evaluación se entrega al completar los ítems asignados a este módulo.",REALIZADA
M1-E4-P05,4,Item evaluativo 5,El equipo queda junto a un muro que no aparece en la planta original. ¿Qué decisión permite una revisión fundada?,Completa,"Sin problema crítico de instrucción; se estandariza el inicio, el recurso y el criterio de término para evitar dobles interpretaciones.",M1-AE2,"Analiza el estímulo y selecciona la alternativa mejor sustentada. Lee primero el dato visible y la pregunta completa; descarta opciones que supongan información no entregada. Una alternativa A, B, C o D. El ítem termina al seleccionar una alternativa; la evaluación se entrega al completar los ítems asignados a este módulo.",REALIZADA
M1-ELibre-PRA,Libre,Practica libre,Explorador de escalas,Completa,"La herramienta calculaba en tiempo real, pero no explicitaba un producto del estudiante ni cuándo la práctica podía considerarse cerrada.",AE asociado a la práctica libre,"Modifica los valores, calcula o compara el resultado y explica qué sí permite concluir. Revisa las unidades y límites de cada campo antes de cambiar el primer valor. Resultado calculado y una interpretación limitada a los datos del ejercicio. Terminas cuando todos los valores son válidos, el resultado muestra unidad y puedes explicar su alcance y límite.",REALIZADA
M1-E5-RET,5,Retroalimentacion y cierre,Ruta de retroalimentación y cierre.,Completa,Las etapas de cierre no compartían un contrato único que indicara producto y criterio de término.,AE 1 + AE 2 + AE 3,"Analiza tus resultados, identifica una fortaleza y una necesidad, y define una acción de mejora verificable. Comienza por el resultado general; abre después cada corrección y contrástala con tu respuesta. Una reflexión sobre el logro y una acción de mejora que indique recurso, plazo y forma de comprobación. Terminas cuando identificas una fortaleza, una necesidad y un próximo paso que puedes comprobar.",REALIZADA
M2-E1-CTX,1,Contextualizacion,¿Qué información debe acompañar una lectura para que otra persona pueda interpretarla?,Completa,Las instrucciones estaban repartidas en varios bloques; el estudiante debía reconstruir por sí mismo el producto final y el criterio de término.,M2-AE1,"Observa el caso, distingue datos de suposiciones y anticipa qué debes verificar. Lee el caso profesional, abre todos los puntos del escenario y anota primero solo lo que puedes observar. Tres observaciones breves y una respuesta final que incluya un elemento reconocido, una revisión necesaria y un dato faltante. Terminas cuando abriste todos los puntos y tu respuesta final identifica un dato, una revisión y una información pendiente.",REALIZADA
M2-E2-AE1-1,2,"Utiliza instrumentos de medición y verificación de distintos parámetros, de acuerdo a las indicaciones establecidas desde fábrica, considerando técnicas apropiadas y normas de seguridad necesarias para el uso del instrumento.","Explora el escenario y abre cada punto. ¿Qué información aporta cada uno al aprendizaje Utiliza instrumentos de medición y verificación de distintos parámetros, de acuerdo a las indicaciones establecidas desde fábrica, considerando técnicas apropiadas y normas de seguridad necesarias para el uso del instrumento.?",Completa,"La consigna indica la acción principal, pero no reúne en un solo lugar el recurso, la evidencia esperada y el criterio de término.",M2-AE1,"Localiza y abre todos los puntos señalados; luego explica qué información aporta cada uno. Comienza por el recinto o elemento principal y continúa punto por punto sin inferir datos que la imagen no muestra. Todos los puntos inspeccionados y una explicación escrita basada en un dato visible. Terminas cuando abriste todos los puntos y tu explicación identifica un dato, su significado y un límite de la evidencia.",REALIZADA
M2-E2-AE1-2,2,"Utiliza instrumentos de medición y verificación de distintos parámetros, de acuerdo a las indicaciones establecidas desde fábrica, considerando técnicas apropiadas y normas de seguridad necesarias para el uso del instrumento.",Relaciona cada concepto con su significado en este módulo.,Completa,"La consigna indica la acción principal, pero no reúne en un solo lugar el recurso, la evidencia esperada y el criterio de término.",M2-AE1,"Relaciona cada concepto con su significado técnico y justifica una de las relaciones. Lee primero todos los conceptos y significados; después forma las parejas usando función, unidad o documento de respaldo. Todas las parejas correctas y una justificación escrita con vocabulario técnico. Terminas cuando no quedan tarjetas sin pareja y explicas por qué una relación es válida.",REALIZADA
M2-E2-AE1-3,2,"Utiliza instrumentos de medición y verificación de distintos parámetros, de acuerdo a las indicaciones establecidas desde fábrica, considerando técnicas apropiadas y normas de seguridad necesarias para el uso del instrumento.",Ordena el procedimiento de revisión. Arrastra o usa las flechas.,Completa,"La consigna indica la acción principal, pero no reúne en un solo lugar el recurso, la evidencia esperada y el criterio de término.",M2-AE1,Ordena el procedimiento y explica qué riesgo evita el orden elegido. Identifica el paso que prepara el trabajo y el que verifica el resultado; ubica después los pasos intermedios. Secuencia completa y una justificación escrita del orden. Terminas cuando todos los pasos están ordenados y justificas el orden con una consecuencia técnica o de seguridad.,REALIZADA
M2-E2-AE1-4,2,"Utiliza instrumentos de medición y verificación de distintos parámetros, de acuerdo a las indicaciones establecidas desde fábrica, considerando técnicas apropiadas y normas de seguridad necesarias para el uso del instrumento.","El registro muestra 25 sin unidad, punto ni instrumento. ¿Qué harías?",Completa,"La consigna indica la acción principal, pero no reúne en un solo lugar el recurso, la evidencia esperada y el criterio de término.",M2-AE1,"Analiza la evidencia, selecciona la decisión profesional mejor fundamentada y justifícala. Identifica primero qué dato está disponible, qué falta y qué documento permitiría verificarlo. Una alternativa y una justificación escrita que cite un dato o documento. Terminas cuando seleccionas una alternativa y explicas por qué es válida sin agregar información no disponible.",REALIZADA
M2-E2-AE1-5,2,"Utiliza instrumentos de medición y verificación de distintos parámetros, de acuerdo a las indicaciones establecidas desde fábrica, considerando técnicas apropiadas y normas de seguridad necesarias para el uso del instrumento.","Diseña tres comprobaciones previas a interpretar una lectura: magnitud, intervalo y condición del instrumento. Explica cada una.",Completa,"La consigna indica la acción principal, pero no reúne en un solo lugar el recurso, la evidencia esperada y el criterio de término.",M2-AE1,"Analiza la evidencia, selecciona la decisión profesional mejor fundamentada y justifícala. Identifica primero qué dato está disponible, qué falta y qué documento permitiría verificarlo. Una alternativa y una justificación escrita que cite un dato o documento. Terminas cuando seleccionas una alternativa y explicas por qué es válida sin agregar información no disponible.",REALIZADA
M2-E2-AE1-6,2,"Utiliza instrumentos de medición y verificación de distintos parámetros, de acuerdo a las indicaciones establecidas desde fábrica, considerando técnicas apropiadas y normas de seguridad necesarias para el uso del instrumento.",Revisa tu selección. Describe una confusión entre resolución e intervalo y cómo la evitarías.,Completa,"La consigna indica la acción principal, pero no reúne en un solo lugar el recurso, la evidencia esperada y el criterio de término.",M2-AE1,"Revisa tu evidencia, identifica un error posible y propone una mejora verificable. Recupera la decisión de la etapa anterior y compárala con el criterio del AE. Una reflexión que nombre evidencia, error o límite, acción de mejora y forma de comprobarla. Terminas cuando la mejora puede ejecutarse y verificarse con una evidencia concreta.",REALIZADA
M2-E2-AE2-1,2,"Verifica parámetros medidos por los instrumentos, comparándolos con datos de manuales de fabricación de los equipos, para determinar posibles ajustes que deben realizarse a equipos dentro del sistema de refrigeración.",Clasifica cada elemento según su función en el proyecto simulado.,Completa,"La consigna indica la acción principal, pero no reúne en un solo lugar el recurso, la evidencia esperada y el criterio de término.",M2-AE2,"Clasifica cada elemento en la categoría que corresponde y fundamenta una clasificación. Lee las categorías y decide qué función, dato o documento distingue a cada elemento. Todos los elementos clasificados y una justificación escrita. Terminas cuando cada elemento pertenece a una categoría y explicas el criterio usado.",REALIZADA
M2-E2-AE2-2,2,"Verifica parámetros medidos por los instrumentos, comparándolos con datos de manuales de fabricación de los equipos, para determinar posibles ajustes que deben realizarse a equipos dentro del sistema de refrigeración.",Explica por qué comparar una lectura de impulsión con otra de retorno requiere identificar ambos puntos.,Completa,"La consigna indica la acción principal, pero no reúne en un solo lugar el recurso, la evidencia esperada y el criterio de término.",M2-AE2,"Analiza la evidencia, selecciona la decisión profesional mejor fundamentada y justifícala. Identifica primero qué dato está disponible, qué falta y qué documento permitiría verificarlo. Una alternativa y una justificación escrita que cite un dato o documento. Terminas cuando seleccionas una alternativa y explicas por qué es válida sin agregar información no disponible.",REALIZADA
M2-E2-AE2-3,2,"Verifica parámetros medidos por los instrumentos, comparándolos con datos de manuales de fabricación de los equipos, para determinar posibles ajustes que deben realizarse a equipos dentro del sistema de refrigeración.",Marca las comprobaciones mínimas antes de interpretar el caso.,Completa,"La consigna indica la acción principal, pero no reúne en un solo lugar el recurso, la evidencia esperada y el criterio de término.",M2-AE2,"Selecciona las comprobaciones necesarias y explica cuál realizarías primero. Distingue entre datos verificados, datos faltantes y suposiciones antes de marcar. Selección completa y una explicación escrita de la prioridad. Terminas cuando marcas todas las comprobaciones pertinentes y justificas la primera acción.",REALIZADA
M2-E2-AE2-4,2,"Verifica parámetros medidos por los instrumentos, comparándolos con datos de manuales de fabricación de los equipos, para determinar posibles ajustes que deben realizarse a equipos dentro del sistema de refrigeración.",Una lectura de 21 °C cambia a 27 °C después de mover el sensor. ¿Cómo distinguirías un cambio de ubicación de una variación temporal?,Completa,"La consigna indica la acción principal, pero no reúne en un solo lugar el recurso, la evidencia esperada y el criterio de término.",M2-AE2,"Analiza la evidencia, selecciona la decisión profesional mejor fundamentada y justifícala. Identifica primero qué dato está disponible, qué falta y qué documento permitiría verificarlo. Una alternativa y una justificación escrita que cite un dato o documento. Terminas cuando seleccionas una alternativa y explicas por qué es válida sin agregar información no disponible.",REALIZADA
M2-E2-AE2-5,2,"Verifica parámetros medidos por los instrumentos, comparándolos con datos de manuales de fabricación de los equipos, para determinar posibles ajustes que deben realizarse a equipos dentro del sistema de refrigeración.","Con 18,0; 18,2 y 18,1 °C, calcula promedio y amplitud. Explica cómo revisarías un cuarto dato de 28,1 °C sin borrarlo.",Completa,"La consigna indica la acción principal, pero no reúne en un solo lugar el recurso, la evidencia esperada y el criterio de término.",M2-AE2,"Analiza la evidencia, selecciona la decisión profesional mejor fundamentada y justifícala. Identifica primero qué dato está disponible, qué falta y qué documento permitiría verificarlo. Una alternativa y una justificación escrita que cite un dato o documento. Terminas cuando seleccionas una alternativa y explicas por qué es válida sin agregar información no disponible.",REALIZADA
M2-E2-AE2-6,2,"Verifica parámetros medidos por los instrumentos, comparándolos con datos de manuales de fabricación de los equipos, para determinar posibles ajustes que deben realizarse a equipos dentro del sistema de refrigeración.",Propón una mejora al registro que permita a otra persona interpretar tus datos sin tener que preguntarte cómo se obtuvieron.,Completa,"La consigna indica la acción principal, pero no reúne en un solo lugar el recurso, la evidencia esperada y el criterio de término.",M2-AE2,"Revisa tu evidencia, identifica un error posible y propone una mejora verificable. Recupera la decisión de la etapa anterior y compárala con el criterio del AE. Una reflexión que nombre evidencia, error o límite, acción de mejora y forma de comprobarla. Terminas cuando la mejora puede ejecutarse y verificarse con una evidencia concreta.",REALIZADA
M2-E2-AE3-1,2,"Registra valores obtenidos de la lectura de instrumentos para elaborar informes de resultados, de acuerdo a pautas entregadas.",Lee la orden de trabajo. ¿Qué decisión permite seguir con evidencia?,Completa,"La consigna indica la acción principal, pero no reúne en un solo lugar el recurso, la evidencia esperada y el criterio de término.",M2-AE3,"Analiza la evidencia, selecciona la decisión profesional mejor fundamentada y justifícala. Identifica primero qué dato está disponible, qué falta y qué documento permitiría verificarlo. Una alternativa y una justificación escrita que cite un dato o documento. Terminas cuando seleccionas una alternativa y explicas por qué es válida sin agregar información no disponible.",REALIZADA
M2-E2-AE3-2,2,"Registra valores obtenidos de la lectura de instrumentos para elaborar informes de resultados, de acuerdo a pautas entregadas.",Interpreta la tabla. ¿Qué límite tiene la información?,Completa,"La consigna indica la acción principal, pero no reúne en un solo lugar el recurso, la evidencia esperada y el criterio de término.",M2-AE3,"Analiza la evidencia, selecciona la decisión profesional mejor fundamentada y justifícala. Identifica primero qué dato está disponible, qué falta y qué documento permitiría verificarlo. Una alternativa y una justificación escrita que cite un dato o documento. Terminas cuando seleccionas una alternativa y explicas por qué es válida sin agregar información no disponible.",REALIZADA
M2-E2-AE3-3,2,"Registra valores obtenidos de la lectura de instrumentos para elaborar informes de resultados, de acuerdo a pautas entregadas.","Relaciona un valor de 17,5 °C con un intervalo ficticio inclusivo de 18 a 22 °C. Redacta una observación limitada a esos datos.",Completa,"La consigna indica la acción principal, pero no reúne en un solo lugar el recurso, la evidencia esperada y el criterio de término.",M2-AE3,"Analiza la evidencia, selecciona la decisión profesional mejor fundamentada y justifícala. Identifica primero qué dato está disponible, qué falta y qué documento permitiría verificarlo. Una alternativa y una justificación escrita que cite un dato o documento. Terminas cuando seleccionas una alternativa y explicas por qué es válida sin agregar información no disponible.",REALIZADA
M2-E2-AE3-4,2,"Registra valores obtenidos de la lectura de instrumentos para elaborar informes de resultados, de acuerdo a pautas entregadas.",El docente no entrega criterio de aceptación. Decide cómo informarías el resultado y qué dato pedirías.,Completa,"La consigna indica la acción principal, pero no reúne en un solo lugar el recurso, la evidencia esperada y el criterio de término.",M2-AE3,"Analiza la evidencia, selecciona la decisión profesional mejor fundamentada y justifícala. Identifica primero qué dato está disponible, qué falta y qué documento permitiría verificarlo. Una alternativa y una justificación escrita que cite un dato o documento. Terminas cuando seleccionas una alternativa y explicas por qué es válida sin agregar información no disponible.",REALIZADA
M2-E2-AE3-5,2,"Registra valores obtenidos de la lectura de instrumentos para elaborar informes de resultados, de acuerdo a pautas entregadas.","Revisa un informe con fecha, punto, instrumento, resultado y criterio. Añade una limitación que debería declararse.",Completa,"La consigna indica la acción principal, pero no reúne en un solo lugar el recurso, la evidencia esperada y el criterio de término.",M2-AE3,"Analiza la evidencia, selecciona la decisión profesional mejor fundamentada y justifícala. Identifica primero qué dato está disponible, qué falta y qué documento permitiría verificarlo. Una alternativa y una justificación escrita que cite un dato o documento. Terminas cuando seleccionas una alternativa y explicas por qué es válida sin agregar información no disponible.",REALIZADA
M2-E2-AE3-6,2,"Registra valores obtenidos de la lectura de instrumentos para elaborar informes de resultados, de acuerdo a pautas entregadas.",Escribe una conclusión breve y una acción de mejora para que tu informe pueda ser revisado por otra persona.,Completa,"La consigna indica la acción principal, pero no reúne en un solo lugar el recurso, la evidencia esperada y el criterio de término.",M2-AE3,"Revisa tu evidencia, identifica un error posible y propone una mejora verificable. Recupera la decisión de la etapa anterior y compárala con el criterio del AE. Una reflexión que nombre evidencia, error o límite, acción de mejora y forma de comprobarla. Terminas cuando la mejora puede ejecutarse y verificarse con una evidencia concreta.",REALIZADA
M2-E3-F01,3,Observación anotada,"Marca visor, unidad y punto de medición en la foto del instrumento.",Completa,"La consigna original contiene un verbo observable, pero no explicita en conjunto el recurso, el producto y la condición de logro.",M2-AE1,Identifica y marca las zonas solicitadas en la imagen. Abre la imagen y comienza por la etiqueta o punto de referencia principal. Los puntos correctos marcados y una nota con el dato observado. Terminas cuando todos los puntos solicitados están marcados y la nota cita un dato visible.,REALIZADA
M2-E3-F02,3,Recorrido espacial interactivo,"Acerca TERM-01, la ficha y el registro. Entra a cada evidencia.",Completa,"La consigna original contiene un verbo observable, pero no explicita en conjunto el recurso, el producto y la condición de logro.",M2-AE2,"Recorre la representación espacial y examina los componentes indicados. Gira la vista, acércate al primer componente y abre cada punto. Al menos tres componentes inspeccionados y una conclusión breve. Terminas cuando inspeccionaste los componentes requeridos y relacionaste dos datos.",REALIZADA
M2-E3-F03,3,Secuencia en video,Secuencia: identificar magnitud → intervalo → leer visor → registrar con unidad.,Completa,"La consigna original contiene un verbo observable, pero no explicita en conjunto el recurso, el producto y la condición de logro.",M2-AE3,"Identifica un paso del procedimiento y registra el dato técnico que lo sustenta. Mira la secuencia una vez; luego vuelve al momento en que aparece el paso elegido. Un paso seleccionado y un dato visible del video. Terminas cuando registraste un paso y un dato, sin resumir todo el video.",REALIZADA
M2-E3-F04,3,Lectura de oficio,"El visor muestra 21,2 °C. Extrae valor, unidad y punto. No completes lo que no está.",Completa,"La consigna original contiene un verbo observable, pero no explicita en conjunto el recurso, el producto y la condición de logro.",M2-AE1,"Extrae el dato solicitado y conserva su unidad, etiqueta o revisión. Ubica el campo nombrado antes de copiar el valor. Dato transcrito con su unidad o referencia. Terminas cuando el dato puede rastrearse al recurso y no agregaste información supuesta.",REALIZADA
M2-E3-F05,3,Procedimiento,Ordena el protocolo de medición del fabricante antes de interpretar.,Completa,"La consigna original contiene un verbo observable, pero no explicita en conjunto el recurso, el producto y la condición de logro.",M2-AE2,Ordena los pasos del procedimiento y verifica su secuencia. Ubica primero la preparación y al final la comprobación. Secuencia completa en el orden técnico esperado. Terminas cuando todos los pasos están ubicados y la verificación queda al cierre.,REALIZADA
M2-E3-F06,3,Cubicación,"Convierte 80 cm y 0,8 m a la misma unidad. Es la misma longitud.",Completa,"La consigna original contiene un verbo observable, pero no explicita en conjunto el recurso, el producto y la condición de logro.",M2-AE3,Calcula el resultado solicitado usando una sola unidad. Convierte primero todas las medidas a la misma unidad y después opera. Cálculo y resultado con unidad. Terminas cuando el valor y la unidad son correctos y el cálculo usa solo los datos entregados.,REALIZADA
M2-E3-F07,3,Variación de contexto,"Misma sala, 14:00 en Antofagasta. El visor subió 3 °C. ¿Cambia el criterio o el contexto?",Completa,"La consigna original contiene un verbo observable, pero no explicita en conjunto el recurso, el producto y la condición de logro.",M2-AE1,"Analiza la situación y registra una respuesta técnica basada en evidencia. Identifica el dato disponible y el dato que falta antes de responder. Respuesta breve con dato, decisión y pendiente. Terminas cuando la respuesta cita evidencia y distingue datos de suposiciones.",REALIZADA
M2-E3-F08,3,Antes / después,Antes: fila “25” sin unidad. Después: la fila queda marcada como incompleta.,Completa,"La consigna original contiene un verbo observable, pero no explicita en conjunto el recurso, el producto y la condición de logro.",M2-AE2,"Analiza la situación y registra una respuesta técnica basada en evidencia. Identifica el dato disponible y el dato que falta antes de responder. Respuesta breve con dato, decisión y pendiente. Terminas cuando la respuesta cita evidencia y distingue datos de suposiciones.",REALIZADA
M2-E3-F09,3,Trabajo del error,"Se borró el 28,1 °C para “arreglar” el promedio. Reconstruye el descuido.",Completa,"La consigna original contiene un verbo observable, pero no explicita en conjunto el recurso, el producto y la condición de logro.",M2-AE3,"Analiza la situación y registra una respuesta técnica basada en evidencia. Identifica el dato disponible y el dato que falta antes de responder. Respuesta breve con dato, decisión y pendiente. Terminas cuando la respuesta cita evidencia y distingue datos de suposiciones.",REALIZADA
M2-E3-F10,3,Argumentación breve,"Dile al cliente, en dos frases, por qué 25 sin unidad no es una lectura.",Completa,"La consigna original contiene un verbo observable, pero no explicita en conjunto el recurso, el producto y la condición de logro.",M2-AE1,"Analiza la situación y registra una respuesta técnica basada en evidencia. Identifica el dato disponible y el dato que falta antes de responder. Respuesta breve con dato, decisión y pendiente. Terminas cuando la respuesta cita evidencia y distingue datos de suposiciones.",REALIZADA
M2-E3-F11,3,Términos pareados de oficio,Une lectura–falla: 25 sin unidad; intervalo 50–150 °C–valor esperado 15 °C.,Completa,"La consigna original contiene un verbo observable, pero no explicita en conjunto el recurso, el producto y la condición de logro.",M2-AE2,"Relaciona cada elemento con su función, dato o proceso. Lee todas las opciones antes de formar la primera pareja. Todas las parejas completadas. Terminas cuando no quedan elementos sin relacionar y cada pareja responde al recurso.",REALIZADA
M2-E3-F12,3,Bitácora de turno,"Bitácora de laboratorio: instrumento, punto, valor, unidad, pendiente.",Completa,"La consigna original contiene un verbo observable, pero no explicita en conjunto el recurso, el producto y la condición de logro.",M2-AE3,"Analiza la situación y registra una respuesta técnica basada en evidencia. Identifica el dato disponible y el dato que falta antes de responder. Respuesta breve con dato, decisión y pendiente. Terminas cuando la respuesta cita evidencia y distingue datos de suposiciones.",REALIZADA
M2-E3-F13,3,Consulta acotada al Agente,Una pregunta. El Agente te devolverá otra.,Completa,"La consigna original contiene un verbo observable, pero no explicita en conjunto el recurso, el producto y la condición de logro.",M2-AE1,"Analiza la situación y registra una respuesta técnica basada en evidencia. Identifica el dato disponible y el dato que falta antes de responder. Respuesta breve con dato, decisión y pendiente. Terminas cuando la respuesta cita evidencia y distingue datos de suposiciones.",REALIZADA
M2-E3-F14,3,Integración 3D,"En la mesa 3D aplica los tres AE: usar, verificar e informar.",Completa,"La consigna original contiene un verbo observable, pero no explicita en conjunto el recurso, el producto y la condición de logro.",M2-AE2,"Integra los tres AE al inspeccionar y explicar el recorrido. Recorre los componentes en orden de preparación, ejecución y verificación. Componentes inspeccionados y conclusión que conecte los tres AE. Terminas cuando la conclusión usa evidencia de los tres AE y declara lo pendiente.",REALIZADA
M2-E2-ENC001,2,"Protocolo TERM-01: magnitud, intervalo, punto","Protocolo TERM-01: magnitud, intervalo, punto. Producto pedido: Ficha de uso antes de leer el visor. Responde con un dato del plano, la leyenda, la ficha o las notas. Si no está en el documento, indica qué falta y a quién lo consultarías.",Completa,"La secuencia ya explicaba producto, recurso y evidencia; se agrega propósito y criterio de término en el mismo bloque.",M2-AE1,"Elabora el producto solicitado con evidencia trazable del oficio. Lee el producto pedido y localiza un dato en el plano, la leyenda, la ficha o las notas antes de redactar. Ficha de uso antes de leer el visor. Incluye dato visible, decisión y pendiente. Terminas cuando el texto tiene al menos 80 caracteres, entrega el producto pedido y señala la fuente del dato o la consulta necesaria.",REALIZADA
M2-E2-ENC002,2,Protocolo manómetro: unidad e intervalo 50–150,"Protocolo manómetro: unidad e intervalo 50–150. Producto pedido: Por qué 15 °C no se lee en ese instrumento. Responde con un dato del plano, la leyenda, la ficha o las notas. Si no está en el documento, indica qué falta y a quién lo consultarías.",Completa,"La secuencia ya explicaba producto, recurso y evidencia; se agrega propósito y criterio de término en el mismo bloque.",M2-AE1,"Elabora el producto solicitado con evidencia trazable del oficio. Lee el producto pedido y localiza un dato en el plano, la leyenda, la ficha o las notas antes de redactar. Por qué 15 °C no se lee en ese instrumento. Incluye dato visible, decisión y pendiente. Terminas cuando el texto tiene al menos 80 caracteres, entrega el producto pedido y señala la fuente del dato o la consulta necesaria.",REALIZADA
M2-E2-ENC003,2,"Protocolo visor 4,0 °C cadena de frío","Protocolo visor 4,0 °C cadena de frío. Producto pedido: Valor + unidad + punto de medición. Responde con un dato del plano, la leyenda, la ficha o las notas. Si no está en el documento, indica qué falta y a quién lo consultarías.",Completa,"La secuencia ya explicaba producto, recurso y evidencia; se agrega propósito y criterio de término en el mismo bloque.",M2-AE1,"Elabora el producto solicitado con evidencia trazable del oficio. Lee el producto pedido y localiza un dato en el plano, la leyenda, la ficha o las notas antes de redactar. Valor + unidad + punto de medición. Incluye dato visible, decisión y pendiente. Terminas cuando el texto tiene al menos 80 caracteres, entrega el producto pedido y señala la fuente del dato o la consulta necesaria.",REALIZADA
M2-E2-ENC004,2,"Protocolo visor 21,2 °C sala","Protocolo visor 21,2 °C sala. Producto pedido: Copia del dato del visor, no interpretado. Responde con un dato del plano, la leyenda, la ficha o las notas. Si no está en el documento, indica qué falta y a quién lo consultarías.",Completa,"La secuencia ya explicaba producto, recurso y evidencia; se agrega propósito y criterio de término en el mismo bloque.",M2-AE1,"Elabora el producto solicitado con evidencia trazable del oficio. Lee el producto pedido y localiza un dato en el plano, la leyenda, la ficha o las notas antes de redactar. Copia del dato del visor, no interpretado. Incluye dato visible, decisión y pendiente. Terminas cuando el texto tiene al menos 80 caracteres, entrega el producto pedido y señala la fuente del dato o la consulta necesaria.",REALIZADA
M2-E3-ENC005,3,Protocolo comparación de dos instrumentos,"Protocolo comparación de dos instrumentos. Producto pedido: Cuál sirve para qué intervalo. Responde con un dato del plano, la leyenda, la ficha o las notas. Si no está en el documento, indica qué falta y a quién lo consultarías.",Completa,"La secuencia ya explicaba producto, recurso y evidencia; se agrega propósito y criterio de término en el mismo bloque.",M2-AE1,"Elabora el producto solicitado con evidencia trazable del oficio. Lee el producto pedido y localiza un dato en el plano, la leyenda, la ficha o las notas antes de redactar. Cuál sirve para qué intervalo. Incluye dato visible, decisión y pendiente. Terminas cuando el texto tiene al menos 80 caracteres, entrega el producto pedido y señala la fuente del dato o la consulta necesaria.",REALIZADA
M2-E3-ENC006,3,Protocolo verificación contra ficha del fabricante,"Protocolo verificación contra ficha del fabricante. Producto pedido: Intervalo vs valor esperado. Responde con un dato del plano, la leyenda, la ficha o las notas. Si no está en el documento, indica qué falta y a quién lo consultarías.",Completa,"La secuencia ya explicaba producto, recurso y evidencia; se agrega propósito y criterio de término en el mismo bloque.",M2-AE2,"Elabora el producto solicitado con evidencia trazable del oficio. Lee el producto pedido y localiza un dato en el plano, la leyenda, la ficha o las notas antes de redactar. Intervalo vs valor esperado. Incluye dato visible, decisión y pendiente. Terminas cuando el texto tiene al menos 80 caracteres, entrega el producto pedido y señala la fuente del dato o la consulta necesaria.",REALIZADA
M2-E2-ENC007,2,"Bitácora lab: serie 19,8 / 20,0 / 20,2 °C","Bitácora lab: serie 19,8 / 20,0 / 20,2 °C. Producto pedido: Fila completa por lectura. Responde con un dato del plano, la leyenda, la ficha o las notas. Si no está en el documento, indica qué falta y a quién lo consultarías.",Completa,"La secuencia ya explicaba producto, recurso y evidencia; se agrega propósito y criterio de término en el mismo bloque.",M2-AE3,"Elabora el producto solicitado con evidencia trazable del oficio. Lee el producto pedido y localiza un dato en el plano, la leyenda, la ficha o las notas antes de redactar. Fila completa por lectura. Incluye dato visible, decisión y pendiente. Terminas cuando el texto tiene al menos 80 caracteres, entrega el producto pedido y señala la fuente del dato o la consulta necesaria.",REALIZADA
M2-E2-ENC008,2,Bitácora lab: 25 sin unidad,"Bitácora lab: 25 sin unidad. Producto pedido: Fila marcada incompleta. Responde con un dato del plano, la leyenda, la ficha o las notas. Si no está en el documento, indica qué falta y a quién lo consultarías.",Completa,"La secuencia ya explicaba producto, recurso y evidencia; se agrega propósito y criterio de término en el mismo bloque.",M2-AE3,"Elabora el producto solicitado con evidencia trazable del oficio. Lee el producto pedido y localiza un dato en el plano, la leyenda, la ficha o las notas antes de redactar. Fila marcada incompleta. Incluye dato visible, decisión y pendiente. Terminas cuando el texto tiene al menos 80 caracteres, entrega el producto pedido y señala la fuente del dato o la consulta necesaria.",REALIZADA
M2-E2-ENC009,2,Bitácora lab: valor sin punto de medición,"Bitácora lab: valor sin punto de medición. Producto pedido: Qué falta para que otra persona lea. Responde con un dato del plano, la leyenda, la ficha o las notas. Si no está en el documento, indica qué falta y a quién lo consultarías.",Completa,"La secuencia ya explicaba producto, recurso y evidencia; se agrega propósito y criterio de término en el mismo bloque.",M2-AE3,"Elabora el producto solicitado con evidencia trazable del oficio. Lee el producto pedido y localiza un dato en el plano, la leyenda, la ficha o las notas antes de redactar. Qué falta para que otra persona lea. Incluye dato visible, decisión y pendiente. Terminas cuando el texto tiene al menos 80 caracteres, entrega el producto pedido y señala la fuente del dato o la consulta necesaria.",REALIZADA
M2-E2-ENC010,2,Bitácora lab: valor sin instrumento,"Bitácora lab: valor sin instrumento. Producto pedido: No se interpreta todavía. Responde con un dato del plano, la leyenda, la ficha o las notas. Si no está en el documento, indica qué falta y a quién lo consultarías.",Completa,"La secuencia ya explicaba producto, recurso y evidencia; se agrega propósito y criterio de término en el mismo bloque.",M2-AE3,"Elabora el producto solicitado con evidencia trazable del oficio. Lee el producto pedido y localiza un dato en el plano, la leyenda, la ficha o las notas antes de redactar. No se interpreta todavía. Incluye dato visible, decisión y pendiente. Terminas cuando el texto tiene al menos 80 caracteres, entrega el producto pedido y señala la fuente del dato o la consulta necesaria.",REALIZADA
M2-E3-ENC011,3,Bitácora lab: tres puntos de la misma sala,"Bitácora lab: tres puntos de la misma sala. Producto pedido: Tabla punto / valor / unidad. Responde con un dato del plano, la leyenda, la ficha o las notas. Si no está en el documento, indica qué falta y a quién lo consultarías.",Completa,"La secuencia ya explicaba producto, recurso y evidencia; se agrega propósito y criterio de término en el mismo bloque.",M2-AE3,"Elabora el producto solicitado con evidencia trazable del oficio. Lee el producto pedido y localiza un dato en el plano, la leyenda, la ficha o las notas antes de redactar. Tabla punto / valor / unidad. Incluye dato visible, decisión y pendiente. Terminas cuando el texto tiene al menos 80 caracteres, entrega el producto pedido y señala la fuente del dato o la consulta necesaria.",REALIZADA
M2-E3-ENC012,3,Bitácora lab: cierre de turno de mediciones,"Bitácora lab: cierre de turno de mediciones. Producto pedido: Pendientes para el informe. Responde con un dato del plano, la leyenda, la ficha o las notas. Si no está en el documento, indica qué falta y a quién lo consultarías.",Completa,"La secuencia ya explicaba producto, recurso y evidencia; se agrega propósito y criterio de término en el mismo bloque.",M2-AE3,"Elabora el producto solicitado con evidencia trazable del oficio. Lee el producto pedido y localiza un dato en el plano, la leyenda, la ficha o las notas antes de redactar. Pendientes para el informe. Incluye dato visible, decisión y pendiente. Terminas cuando el texto tiene al menos 80 caracteres, entrega el producto pedido y señala la fuente del dato o la consulta necesaria.",REALIZADA
M2-E3-ENC013,3,Caso: 25 sin unidad en el registro,"Caso: 25 sin unidad en el registro. Producto pedido: Decisión: no promediar esa fila. Responde con un dato del plano, la leyenda, la ficha o las notas. Si no está en el documento, indica qué falta y a quién lo consultarías.",Completa,"La secuencia ya explicaba producto, recurso y evidencia; se agrega propósito y criterio de término en el mismo bloque.",M2-AE2,"Elabora el producto solicitado con evidencia trazable del oficio. Lee el producto pedido y localiza un dato en el plano, la leyenda, la ficha o las notas antes de redactar. Decisión: no promediar esa fila. Incluye dato visible, decisión y pendiente. Terminas cuando el texto tiene al menos 80 caracteres, entrega el producto pedido y señala la fuente del dato o la consulta necesaria.",REALIZADA
M2-E3-ENC014,3,"Caso: visor 4,0 °C y refrigerador que no se mueve","Caso: visor 4,0 °C y refrigerador que no se mueve. Producto pedido: Qué se puede afirmar sin apagar. Responde con un dato del plano, la leyenda, la ficha o las notas. Si no está en el documento, indica qué falta y a quién lo consultarías.",Completa,"La secuencia ya explicaba producto, recurso y evidencia; se agrega propósito y criterio de término en el mismo bloque.",M2-AE2,"Elabora el producto solicitado con evidencia trazable del oficio. Lee el producto pedido y localiza un dato en el plano, la leyenda, la ficha o las notas antes de redactar. Qué se puede afirmar sin apagar. Incluye dato visible, decisión y pendiente. Terminas cuando el texto tiene al menos 80 caracteres, entrega el producto pedido y señala la fuente del dato o la consulta necesaria.",REALIZADA
M2-E3-ENC015,3,Caso: intervalo 50–150 vs lectura esperada 15,"Caso: intervalo 50–150 vs lectura esperada 15. Producto pedido: Instrumento inadecuado. Responde con un dato del plano, la leyenda, la ficha o las notas. Si no está en el documento, indica qué falta y a quién lo consultarías.",Completa,"La secuencia ya explicaba producto, recurso y evidencia; se agrega propósito y criterio de término en el mismo bloque.",M2-AE2,"Elabora el producto solicitado con evidencia trazable del oficio. Lee el producto pedido y localiza un dato en el plano, la leyenda, la ficha o las notas antes de redactar. Instrumento inadecuado. Incluye dato visible, decisión y pendiente. Terminas cuando el texto tiene al menos 80 caracteres, entrega el producto pedido y señala la fuente del dato o la consulta necesaria.",REALIZADA
M2-E3-ENC016,3,"Caso: resolución 0,1 °C no es exactitud","Caso: resolución 0,1 °C no es exactitud. Producto pedido: Separar dato de ficha vs dato inferido. Responde con un dato del plano, la leyenda, la ficha o las notas. Si no está en el documento, indica qué falta y a quién lo consultarías.",Completa,"La secuencia ya explicaba producto, recurso y evidencia; se agrega propósito y criterio de término en el mismo bloque.",M2-AE1,"Elabora el producto solicitado con evidencia trazable del oficio. Lee el producto pedido y localiza un dato en el plano, la leyenda, la ficha o las notas antes de redactar. Separar dato de ficha vs dato inferido. Incluye dato visible, decisión y pendiente. Terminas cuando el texto tiene al menos 80 caracteres, entrega el producto pedido y señala la fuente del dato o la consulta necesaria.",REALIZADA
M2-E3-ENC017,3,"Caso: dos visores, misma sala, 3 °C de diferencia","Caso: dos visores, misma sala, 3 °C de diferencia. Producto pedido: Qué verificar antes de concluir falla. Responde con un dato del plano, la leyenda, la ficha o las notas. Si no está en el documento, indica qué falta y a quién lo consultarías.",Completa,"La secuencia ya explicaba producto, recurso y evidencia; se agrega propósito y criterio de término en el mismo bloque.",M2-AE2,"Elabora el producto solicitado con evidencia trazable del oficio. Lee el producto pedido y localiza un dato en el plano, la leyenda, la ficha o las notas antes de redactar. Qué verificar antes de concluir falla. Incluye dato visible, decisión y pendiente. Terminas cuando el texto tiene al menos 80 caracteres, entrega el producto pedido y señala la fuente del dato o la consulta necesaria.",REALIZADA
M2-E2-ENC018,2,"Verificar serie 19,8–20,2 contra criterio 18–22 °C","Verificar serie 19,8–20,2 contra criterio 18–22 °C. Producto pedido: Promedio, amplitud, dentro/fuera. Responde con un dato del plano, la leyenda, la ficha o las notas. Si no está en el documento, indica qué falta y a quién lo consultarías.",Completa,"La secuencia ya explicaba producto, recurso y evidencia; se agrega propósito y criterio de término en el mismo bloque.",M2-AE2,"Elabora el producto solicitado con evidencia trazable del oficio. Lee el producto pedido y localiza un dato en el plano, la leyenda, la ficha o las notas antes de redactar. Promedio, amplitud, dentro/fuera. Incluye dato visible, decisión y pendiente. Terminas cuando el texto tiene al menos 80 caracteres, entrega el producto pedido y señala la fuente del dato o la consulta necesaria.",REALIZADA
M2-E2-ENC019,2,Verificar TERM-01 intervalo −10 a 50 °C,"Verificar TERM-01 intervalo −10 a 50 °C. Producto pedido: La serie sí es interpretable. Responde con un dato del plano, la leyenda, la ficha o las notas. Si no está en el documento, indica qué falta y a quién lo consultarías.",Completa,"La secuencia ya explicaba producto, recurso y evidencia; se agrega propósito y criterio de término en el mismo bloque.",M2-AE2,"Elabora el producto solicitado con evidencia trazable del oficio. Lee el producto pedido y localiza un dato en el plano, la leyenda, la ficha o las notas antes de redactar. La serie sí es interpretable. Incluye dato visible, decisión y pendiente. Terminas cuando el texto tiene al menos 80 caracteres, entrega el producto pedido y señala la fuente del dato o la consulta necesaria.",REALIZADA
M2-E3-ENC020,3,"Verificar ficha vs visor 21,2 °C","Verificar ficha vs visor 21,2 °C. Producto pedido: Dato extraído del visor. Responde con un dato del plano, la leyenda, la ficha o las notas. Si no está en el documento, indica qué falta y a quién lo consultarías.",Completa,"La secuencia ya explicaba producto, recurso y evidencia; se agrega propósito y criterio de término en el mismo bloque.",M2-AE2,"Elabora el producto solicitado con evidencia trazable del oficio. Lee el producto pedido y localiza un dato en el plano, la leyenda, la ficha o las notas antes de redactar. Dato extraído del visor. Incluye dato visible, decisión y pendiente. Terminas cuando el texto tiene al menos 80 caracteres, entrega el producto pedido y señala la fuente del dato o la consulta necesaria.",REALIZADA
M2-E3-ENC021,3,"Verificar conversión 80 cm y 0,8 m","Verificar conversión 80 cm y 0,8 m. Producto pedido: Misma longitud, una unidad. Responde con un dato del plano, la leyenda, la ficha o las notas. Si no está en el documento, indica qué falta y a quién lo consultarías.",Completa,"La secuencia ya explicaba producto, recurso y evidencia; se agrega propósito y criterio de término en el mismo bloque.",M2-AE2,"Elabora el producto solicitado con evidencia trazable del oficio. Lee el producto pedido y localiza un dato en el plano, la leyenda, la ficha o las notas antes de redactar. Misma longitud, una unidad. Incluye dato visible, decisión y pendiente. Terminas cuando el texto tiene al menos 80 caracteres, entrega el producto pedido y señala la fuente del dato o la consulta necesaria.",REALIZADA
M2-E2-ENC022,2,Informe de mediciones del punto A,"Informe de mediciones del punto A. Producto pedido: Informe con límites de la conclusión. Responde con un dato del plano, la leyenda, la ficha o las notas. Si no está en el documento, indica qué falta y a quién lo consultarías.",Completa,"La secuencia ya explicaba producto, recurso y evidencia; se agrega propósito y criterio de término en el mismo bloque.",M2-AE3,"Elabora el producto solicitado con evidencia trazable del oficio. Lee el producto pedido y localiza un dato en el plano, la leyenda, la ficha o las notas antes de redactar. Informe con límites de la conclusión. Incluye dato visible, decisión y pendiente. Terminas cuando el texto tiene al menos 80 caracteres, entrega el producto pedido y señala la fuente del dato o la consulta necesaria.",REALIZADA
M2-E2-ENC023,2,Informe: qué no se concluye de la fila 25,"Informe: qué no se concluye de la fila 25. Producto pedido: Acción de verificación, no invención. Responde con un dato del plano, la leyenda, la ficha o las notas. Si no está en el documento, indica qué falta y a quién lo consultarías.",Completa,"La secuencia ya explicaba producto, recurso y evidencia; se agrega propósito y criterio de término en el mismo bloque.",M2-AE3,"Elabora el producto solicitado con evidencia trazable del oficio. Lee el producto pedido y localiza un dato en el plano, la leyenda, la ficha o las notas antes de redactar. Acción de verificación, no invención. Incluye dato visible, decisión y pendiente. Terminas cuando el texto tiene al menos 80 caracteres, entrega el producto pedido y señala la fuente del dato o la consulta necesaria.",REALIZADA
M2-E2-ENC024,2,Comparar dos series con el mismo criterio,"Comparar dos series con el mismo criterio. Producto pedido: Cuál cumple y con qué evidencia. Responde con un dato del plano, la leyenda, la ficha o las notas. Si no está en el documento, indica qué falta y a quién lo consultarías.",Completa,"La secuencia ya explicaba producto, recurso y evidencia; se agrega propósito y criterio de término en el mismo bloque.",M2-AE2,"Elabora el producto solicitado con evidencia trazable del oficio. Lee el producto pedido y localiza un dato en el plano, la leyenda, la ficha o las notas antes de redactar. Cuál cumple y con qué evidencia. Incluye dato visible, decisión y pendiente. Terminas cuando el texto tiene al menos 80 caracteres, entrega el producto pedido y señala la fuente del dato o la consulta necesaria.",REALIZADA
M2-E2-ENC025,2,Comparar criterio de aula vs cámara 4 °C,"Comparar criterio de aula vs cámara 4 °C. Producto pedido: No usar el mismo intervalo. Responde con un dato del plano, la leyenda, la ficha o las notas. Si no está en el documento, indica qué falta y a quién lo consultarías.",Completa,"La secuencia ya explicaba producto, recurso y evidencia; se agrega propósito y criterio de término en el mismo bloque.",M2-AE2,"Elabora el producto solicitado con evidencia trazable del oficio. Lee el producto pedido y localiza un dato en el plano, la leyenda, la ficha o las notas antes de redactar. No usar el mismo intervalo. Incluye dato visible, decisión y pendiente. Terminas cuando el texto tiene al menos 80 caracteres, entrega el producto pedido y señala la fuente del dato o la consulta necesaria.",REALIZADA
M2-E3-ENC026,3,Comparar tres lecturas y detectar la incompleta,"Comparar tres lecturas y detectar la incompleta. Producto pedido: Marca la fila que no se lee. Responde con un dato del plano, la leyenda, la ficha o las notas. Si no está en el documento, indica qué falta y a quién lo consultarías.",Completa,"La secuencia ya explicaba producto, recurso y evidencia; se agrega propósito y criterio de término en el mismo bloque.",M2-AE2,"Elabora el producto solicitado con evidencia trazable del oficio. Lee el producto pedido y localiza un dato en el plano, la leyenda, la ficha o las notas antes de redactar. Marca la fila que no se lee. Incluye dato visible, decisión y pendiente. Terminas cuando el texto tiene al menos 80 caracteres, entrega el producto pedido y señala la fuente del dato o la consulta necesaria.",REALIZADA
M2-E3-ENC027,3,Comparar registro vs ficha vs visor,"Comparar registro vs ficha vs visor. Producto pedido: Tres columnas, una discrepancia. Responde con un dato del plano, la leyenda, la ficha o las notas. Si no está en el documento, indica qué falta y a quién lo consultarías.",Completa,"La secuencia ya explicaba producto, recurso y evidencia; se agrega propósito y criterio de término en el mismo bloque.",M2-AE3,"Elabora el producto solicitado con evidencia trazable del oficio. Lee el producto pedido y localiza un dato en el plano, la leyenda, la ficha o las notas antes de redactar. Tres columnas, una discrepancia. Incluye dato visible, decisión y pendiente. Terminas cuando el texto tiene al menos 80 caracteres, entrega el producto pedido y señala la fuente del dato o la consulta necesaria.",REALIZADA
M2-E3-ENC028,3,"Error: borrar 28,1 °C para «arreglar» el promedio","Error: borrar 28,1 °C para «arreglar» el promedio. Producto pedido: Reconstrucción del descuido. Responde con un dato del plano, la leyenda, la ficha o las notas. Si no está en el documento, indica qué falta y a quién lo consultarías.",Completa,"La secuencia ya explicaba producto, recurso y evidencia; se agrega propósito y criterio de término en el mismo bloque.",M2-AE3,"Elabora el producto solicitado con evidencia trazable del oficio. Lee el producto pedido y localiza un dato en el plano, la leyenda, la ficha o las notas antes de redactar. Reconstrucción del descuido. Incluye dato visible, decisión y pendiente. Terminas cuando el texto tiene al menos 80 caracteres, entrega el producto pedido y señala la fuente del dato o la consulta necesaria.",REALIZADA
M2-E3-ENC029,3,Error: anotar 25 y asumir °C,"Error: anotar 25 y asumir °C. Producto pedido: Por qué no se firma esa fila. Responde con un dato del plano, la leyenda, la ficha o las notas. Si no está en el documento, indica qué falta y a quién lo consultarías.",Completa,"La secuencia ya explicaba producto, recurso y evidencia; se agrega propósito y criterio de término en el mismo bloque.",M2-AE3,"Elabora el producto solicitado con evidencia trazable del oficio. Lee el producto pedido y localiza un dato en el plano, la leyenda, la ficha o las notas antes de redactar. Por qué no se firma esa fila. Incluye dato visible, decisión y pendiente. Terminas cuando el texto tiene al menos 80 caracteres, entrega el producto pedido y señala la fuente del dato o la consulta necesaria.",REALIZADA
M2-E3-ENC030,3,Error: usar TERM-01 fuera de intervalo,"Error: usar TERM-01 fuera de intervalo. Producto pedido: Qué instrumento pedir. Responde con un dato del plano, la leyenda, la ficha o las notas. Si no está en el documento, indica qué falta y a quién lo consultarías.",Completa,"La secuencia ya explicaba producto, recurso y evidencia; se agrega propósito y criterio de término en el mismo bloque.",M2-AE1,"Elabora el producto solicitado con evidencia trazable del oficio. Lee el producto pedido y localiza un dato en el plano, la leyenda, la ficha o las notas antes de redactar. Qué instrumento pedir. Incluye dato visible, decisión y pendiente. Terminas cuando el texto tiene al menos 80 caracteres, entrega el producto pedido y señala la fuente del dato o la consulta necesaria.",REALIZADA
M2-E3-ENC031,3,"Contexto: 14:00 Antofagasta, visor +3 °C","Contexto: 14:00 Antofagasta, visor +3 °C. Producto pedido: Cambia el contexto, no el criterio. Responde con un dato del plano, la leyenda, la ficha o las notas. Si no está en el documento, indica qué falta y a quién lo consultarías.",Completa,"La secuencia ya explicaba producto, recurso y evidencia; se agrega propósito y criterio de término en el mismo bloque.",M2-AE1,"Elabora el producto solicitado con evidencia trazable del oficio. Lee el producto pedido y localiza un dato en el plano, la leyenda, la ficha o las notas antes de redactar. Cambia el contexto, no el criterio. Incluye dato visible, decisión y pendiente. Terminas cuando el texto tiene al menos 80 caracteres, entrega el producto pedido y señala la fuente del dato o la consulta necesaria.",REALIZADA
M2-E3-ENC032,3,"Contexto: misma sala, otro instrumento","Contexto: misma sala, otro instrumento. Producto pedido: Qué dato hay que volver a registrar. Responde con un dato del plano, la leyenda, la ficha o las notas. Si no está en el documento, indica qué falta y a quién lo consultarías.",Completa,"La secuencia ya explicaba producto, recurso y evidencia; se agrega propósito y criterio de término en el mismo bloque.",M2-AE1,"Elabora el producto solicitado con evidencia trazable del oficio. Lee el producto pedido y localiza un dato en el plano, la leyenda, la ficha o las notas antes de redactar. Qué dato hay que volver a registrar. Incluye dato visible, decisión y pendiente. Terminas cuando el texto tiene al menos 80 caracteres, entrega el producto pedido y señala la fuente del dato o la consulta necesaria.",REALIZADA
M2-E2-ENC033,2,Contexto: laboratorio vs terreno,"Contexto: laboratorio vs terreno. Producto pedido: Qué se pierde al salir del lab. Responde con un dato del plano, la leyenda, la ficha o las notas. Si no está en el documento, indica qué falta y a quién lo consultarías.",Completa,"La secuencia ya explicaba producto, recurso y evidencia; se agrega propósito y criterio de término en el mismo bloque.",M2-AE1,"Elabora el producto solicitado con evidencia trazable del oficio. Lee el producto pedido y localiza un dato en el plano, la leyenda, la ficha o las notas antes de redactar. Qué se pierde al salir del lab. Incluye dato visible, decisión y pendiente. Terminas cuando el texto tiene al menos 80 caracteres, entrega el producto pedido y señala la fuente del dato o la consulta necesaria.",REALIZADA
M2-E2-ENC034,2,Contexto: cierre de jornada de mediciones,"Contexto: cierre de jornada de mediciones. Producto pedido: Pendiente para mañana. Responde con un dato del plano, la leyenda, la ficha o las notas. Si no está en el documento, indica qué falta y a quién lo consultarías.",Completa,"La secuencia ya explicaba producto, recurso y evidencia; se agrega propósito y criterio de término en el mismo bloque.",M2-AE3,"Elabora el producto solicitado con evidencia trazable del oficio. Lee el producto pedido y localiza un dato en el plano, la leyenda, la ficha o las notas antes de redactar. Pendiente para mañana. Incluye dato visible, decisión y pendiente. Terminas cuando el texto tiene al menos 80 caracteres, entrega el producto pedido y señala la fuente del dato o la consulta necesaria.",REALIZADA
M2-E3-ENC035,3,"Caso extra: farmacia 4,0 °C y soporte sísmico","Caso extra: farmacia 4,0 °C y soporte sísmico. Producto pedido: Medición no autoriza a quitar el soporte. Responde con un dato del plano, la leyenda, la ficha o las notas. Si no está en el documento, indica qué falta y a quién lo consultarías.",Completa,"La secuencia ya explicaba producto, recurso y evidencia; se agrega propósito y criterio de término en el mismo bloque.",M2-AE2,"Elabora el producto solicitado con evidencia trazable del oficio. Lee el producto pedido y localiza un dato en el plano, la leyenda, la ficha o las notas antes de redactar. Medición no autoriza a quitar el soporte. Incluye dato visible, decisión y pendiente. Terminas cuando el texto tiene al menos 80 caracteres, entrega el producto pedido y señala la fuente del dato o la consulta necesaria.",REALIZADA
M2-E3-ENC036,3,"Caso extra: packing Rengo, dos cotas del vano","Caso extra: packing Rengo, dos cotas del vano. Producto pedido: No promediar; pedir confirmación. Responde con un dato del plano, la leyenda, la ficha o las notas. Si no está en el documento, indica qué falta y a quién lo consultarías.",Completa,"La secuencia ya explicaba producto, recurso y evidencia; se agrega propósito y criterio de término en el mismo bloque.",M2-AE2,"Elabora el producto solicitado con evidencia trazable del oficio. Lee el producto pedido y localiza un dato en el plano, la leyenda, la ficha o las notas antes de redactar. No promediar; pedir confirmación. Incluye dato visible, decisión y pendiente. Terminas cuando el texto tiene al menos 80 caracteres, entrega el producto pedido y señala la fuente del dato o la consulta necesaria.",REALIZADA
M2-E3-CAS01,3,Unidad ausente,¿Qué decisión tomarías?,Completa,"La interfaz pedía elegir y justificar, pero no exigía de forma visible citar la evidencia ni declarar cómo verificar la decisión.",M2-AE1,"Analiza el caso, selecciona la decisión profesional y justifícala con evidencia. Lee la presión del contexto; separa los datos comprobables de las suposiciones y localiza el antecedente que falta. Una alternativa y una justificación de al menos 20 caracteres que cite un dato, documento o criterio. Terminas cuando la alternativa es coherente con la evidencia y la justificación explica qué harías, por qué y qué verificarías.",REALIZADA
M2-E3-CAS02,3,Intervalo inadecuado,¿Qué decisión tomarías?,Completa,"La interfaz pedía elegir y justificar, pero no exigía de forma visible citar la evidencia ni declarar cómo verificar la decisión.",M2-AE2,"Analiza el caso, selecciona la decisión profesional y justifícala con evidencia. Lee la presión del contexto; separa los datos comprobables de las suposiciones y localiza el antecedente que falta. Una alternativa y una justificación de al menos 20 caracteres que cite un dato, documento o criterio. Terminas cuando la alternativa es coherente con la evidencia y la justificación explica qué harías, por qué y qué verificarías.",REALIZADA
M2-E3-CAS03,3,Más dígitos,¿Qué decisión tomarías?,Completa,"La interfaz pedía elegir y justificar, pero no exigía de forma visible citar la evidencia ni declarar cómo verificar la decisión.",M2-AE3,"Analiza el caso, selecciona la decisión profesional y justifícala con evidencia. Lee la presión del contexto; separa los datos comprobables de las suposiciones y localiza el antecedente que falta. Una alternativa y una justificación de al menos 20 caracteres que cite un dato, documento o criterio. Terminas cuando la alternativa es coherente con la evidencia y la justificación explica qué harías, por qué y qué verificarías.",REALIZADA
M2-E3-CAS04,3,Puntos distintos,¿Qué decisión tomarías?,Completa,"La interfaz pedía elegir y justificar, pero no exigía de forma visible citar la evidencia ni declarar cómo verificar la decisión.",M2-AE1,"Analiza el caso, selecciona la decisión profesional y justifícala con evidencia. Lee la presión del contexto; separa los datos comprobables de las suposiciones y localiza el antecedente que falta. Una alternativa y una justificación de al menos 20 caracteres que cite un dato, documento o criterio. Terminas cuando la alternativa es coherente con la evidencia y la justificación explica qué harías, por qué y qué verificarías.",REALIZADA
M2-E3-CAS05,3,Dato inesperado,¿Qué decisión tomarías?,Completa,"La interfaz pedía elegir y justificar, pero no exigía de forma visible citar la evidencia ni declarar cómo verificar la decisión.",M2-AE2,"Analiza el caso, selecciona la decisión profesional y justifícala con evidencia. Lee la presión del contexto; separa los datos comprobables de las suposiciones y localiza el antecedente que falta. Una alternativa y una justificación de al menos 20 caracteres que cite un dato, documento o criterio. Terminas cuando la alternativa es coherente con la evidencia y la justificación explica qué harías, por qué y qué verificarías.",REALIZADA
M2-E3-CAS06,3,Cambio de unidad,¿Qué decisión tomarías?,Completa,"La interfaz pedía elegir y justificar, pero no exigía de forma visible citar la evidencia ni declarar cómo verificar la decisión.",M2-AE3,"Analiza el caso, selecciona la decisión profesional y justifícala con evidencia. Lee la presión del contexto; separa los datos comprobables de las suposiciones y localiza el antecedente que falta. Una alternativa y una justificación de al menos 20 caracteres que cite un dato, documento o criterio. Terminas cuando la alternativa es coherente con la evidencia y la justificación explica qué harías, por qué y qué verificarías.",REALIZADA
M2-E3-CAS07,3,Estado desconocido,¿Qué decisión tomarías?,Completa,"La interfaz pedía elegir y justificar, pero no exigía de forma visible citar la evidencia ni declarar cómo verificar la decisión.",M2-AE1,"Analiza el caso, selecciona la decisión profesional y justifícala con evidencia. Lee la presión del contexto; separa los datos comprobables de las suposiciones y localiza el antecedente que falta. Una alternativa y una justificación de al menos 20 caracteres que cite un dato, documento o criterio. Terminas cuando la alternativa es coherente con la evidencia y la justificación explica qué harías, por qué y qué verificarías.",REALIZADA
M2-E3-CAS08,3,Criterio faltante,¿Qué decisión tomarías?,Completa,"La interfaz pedía elegir y justificar, pero no exigía de forma visible citar la evidencia ni declarar cómo verificar la decisión.",M2-AE2,"Analiza el caso, selecciona la decisión profesional y justifícala con evidencia. Lee la presión del contexto; separa los datos comprobables de las suposiciones y localiza el antecedente que falta. Una alternativa y una justificación de al menos 20 caracteres que cite un dato, documento o criterio. Terminas cuando la alternativa es coherente con la evidencia y la justificación explica qué harías, por qué y qué verificarías.",REALIZADA
M2-E3-CAS09,3,Lectura inestable,¿Qué decisión tomarías?,Completa,"La interfaz pedía elegir y justificar, pero no exigía de forma visible citar la evidencia ni declarar cómo verificar la decisión.",M2-AE3,"Analiza el caso, selecciona la decisión profesional y justifícala con evidencia. Lee la presión del contexto; separa los datos comprobables de las suposiciones y localiza el antecedente que falta. Una alternativa y una justificación de al menos 20 caracteres que cite un dato, documento o criterio. Terminas cuando la alternativa es coherente con la evidencia y la justificación explica qué harías, por qué y qué verificarías.",REALIZADA
M2-E3-CAS10,3,Identificación del instrumento,¿Qué decisión tomarías?,Completa,"La interfaz pedía elegir y justificar, pero no exigía de forma visible citar la evidencia ni declarar cómo verificar la decisión.",M2-AE1,"Analiza el caso, selecciona la decisión profesional y justifícala con evidencia. Lee la presión del contexto; separa los datos comprobables de las suposiciones y localiza el antecedente que falta. Una alternativa y una justificación de al menos 20 caracteres que cite un dato, documento o criterio. Terminas cuando la alternativa es coherente con la evidencia y la justificación explica qué harías, por qué y qué verificarías.",REALIZADA
M2-E3-CAS11,3,Límite inclusivo,¿Qué decisión tomarías?,Completa,"La interfaz pedía elegir y justificar, pero no exigía de forma visible citar la evidencia ni declarar cómo verificar la decisión.",M2-AE2,"Analiza el caso, selecciona la decisión profesional y justifícala con evidencia. Lee la presión del contexto; separa los datos comprobables de las suposiciones y localiza el antecedente que falta. Una alternativa y una justificación de al menos 20 caracteres que cite un dato, documento o criterio. Terminas cuando la alternativa es coherente con la evidencia y la justificación explica qué harías, por qué y qué verificarías.",REALIZADA
M2-E3-CAS12,3,Comparación parcial,¿Qué decisión tomarías?,Completa,"La interfaz pedía elegir y justificar, pero no exigía de forma visible citar la evidencia ni declarar cómo verificar la decisión.",M2-AE3,"Analiza el caso, selecciona la decisión profesional y justifícala con evidencia. Lee la presión del contexto; separa los datos comprobables de las suposiciones y localiza el antecedente que falta. Una alternativa y una justificación de al menos 20 caracteres que cite un dato, documento o criterio. Terminas cuando la alternativa es coherente con la evidencia y la justificación explica qué harías, por qué y qué verificarías.",REALIZADA
M2-E3-CAS13,3,Resolución de registro,¿Qué decisión tomarías?,Completa,"La interfaz pedía elegir y justificar, pero no exigía de forma visible citar la evidencia ni declarar cómo verificar la decisión.",M2-AE1,"Analiza el caso, selecciona la decisión profesional y justifícala con evidencia. Lee la presión del contexto; separa los datos comprobables de las suposiciones y localiza el antecedente que falta. Una alternativa y una justificación de al menos 20 caracteres que cite un dato, documento o criterio. Terminas cuando la alternativa es coherente con la evidencia y la justificación explica qué harías, por qué y qué verificarías.",REALIZADA
M2-E3-CAS14,3,Corrección de transcripción,¿Qué decisión tomarías?,Completa,"La interfaz pedía elegir y justificar, pero no exigía de forma visible citar la evidencia ni declarar cómo verificar la decisión.",M2-AE2,"Analiza el caso, selecciona la decisión profesional y justifícala con evidencia. Lee la presión del contexto; separa los datos comprobables de las suposiciones y localiza el antecedente que falta. Una alternativa y una justificación de al menos 20 caracteres que cite un dato, documento o criterio. Terminas cuando la alternativa es coherente con la evidencia y la justificación explica qué harías, por qué y qué verificarías.",REALIZADA
M2-E3-CAS15,3,Entrega del informe,¿Qué decisión tomarías?,Completa,"La interfaz pedía elegir y justificar, pero no exigía de forma visible citar la evidencia ni declarar cómo verificar la decisión.",M2-AE3,"Analiza el caso, selecciona la decisión profesional y justifícala con evidencia. Lee la presión del contexto; separa los datos comprobables de las suposiciones y localiza el antecedente que falta. Una alternativa y una justificación de al menos 20 caracteres que cite un dato, documento o criterio. Terminas cuando la alternativa es coherente con la evidencia y la justificación explica qué harías, por qué y qué verificarías.",REALIZADA
M2-E3-ESP,3,Recorrido espacial interactivo,"Inspecciona el instrumento, la ficha y el registro. Identifica una lectura que necesita aclaración y redacta una conclusión que conserve unidades y límites.",Completa,"La consigna enumeraba componentes, pero no explicitaba la evidencia escrita esperada ni la relación con los tres AE.",AE 1 + AE 2 + AE 3,"Inspecciona todos los componentes del recorrido, relaciónalos y redacta una conclusión técnica. Comienza por el primer paso numerado; gira, acerca y abre cada componente en orden. Todos los componentes inspeccionados y una conclusión que conecte evidencia, decisión y pendiente. Terminas cuando inspeccionaste todos los puntos y la conclusión usa evidencia de los tres AE sin afirmar lo que el escenario no demuestra.",REALIZADA
M2-E4-P01,4,Item evaluativo 1,"La planilla registra “24,5” y la columna de unidad está vacía. ¿Cuál es la decisión mejor fundamentada?",Completa,"Sin problema crítico de instrucción; se estandariza el inicio, el recurso y el criterio de término para evitar dobles interpretaciones.",M2-AE1,"Analiza el estímulo y selecciona la alternativa mejor sustentada. Lee primero el dato visible y la pregunta completa; descarta opciones que supongan información no entregada. Una alternativa A, B, C o D. El ítem termina al seleccionar una alternativa; la evaluación se entrega al completar los ítems asignados a este módulo.",REALIZADA
M2-E4-P02,4,Item evaluativo 2,Se espera 15 °C y el instrumento declara un intervalo de 50 a 150 °C. ¿Cuál es la decisión mejor fundamentada?,Completa,"Sin problema crítico de instrucción; se estandariza el inicio, el recurso y el criterio de término para evitar dobles interpretaciones.",M2-AE2,"Analiza el estímulo y selecciona la alternativa mejor sustentada. Lee primero el dato visible y la pregunta completa; descarta opciones que supongan información no entregada. Una alternativa A, B, C o D. El ítem termina al seleccionar una alternativa; la evaluación se entrega al completar los ítems asignados a este módulo.",REALIZADA
M2-E4-P03,4,Item evaluativo 3,"Dos visores muestran 20,1 y 20,100 °C sin más especificaciones. ¿Cuál es la decisión mejor fundamentada?",Completa,"Sin problema crítico de instrucción; se estandariza el inicio, el recurso y el criterio de término para evitar dobles interpretaciones.",M2-AE3,"Analiza el estímulo y selecciona la alternativa mejor sustentada. Lee primero el dato visible y la pregunta completa; descarta opciones que supongan información no entregada. Una alternativa A, B, C o D. El ítem termina al seleccionar una alternativa; la evaluación se entrega al completar los ítems asignados a este módulo.",REALIZADA
M2-E4-P04,4,Item evaluativo 4,Una lectura corresponde a retorno y otra a impulsión; las etiquetas fueron omitidas. ¿Cuál es la decisión mejor fundamentada?,Completa,"Sin problema crítico de instrucción; se estandariza el inicio, el recurso y el criterio de término para evitar dobles interpretaciones.",M2-AE1,"Analiza el estímulo y selecciona la alternativa mejor sustentada. Lee primero el dato visible y la pregunta completa; descarta opciones que supongan información no entregada. Una alternativa A, B, C o D. El ítem termina al seleccionar una alternativa; la evaluación se entrega al completar los ítems asignados a este módulo.",REALIZADA
M2-E4-P05,4,Item evaluativo 5,Una serie de lecturas contiene un valor muy diferente al resto. ¿Cuál es la decisión mejor fundamentada?,Completa,"Sin problema crítico de instrucción; se estandariza el inicio, el recurso y el criterio de término para evitar dobles interpretaciones.",M2-AE2,"Analiza el estímulo y selecciona la alternativa mejor sustentada. Lee primero el dato visible y la pregunta completa; descarta opciones que supongan información no entregada. Una alternativa A, B, C o D. El ítem termina al seleccionar una alternativa; la evaluación se entrega al completar los ítems asignados a este módulo.",REALIZADA
M2-ELibre-PRA,Libre,Practica libre,Laboratorio de lecturas,Completa,"La herramienta calculaba en tiempo real, pero no explicitaba un producto del estudiante ni cuándo la práctica podía considerarse cerrada.",AE asociado a la práctica libre,"Modifica los valores, calcula o compara el resultado y explica qué sí permite concluir. Revisa las unidades y límites de cada campo antes de cambiar el primer valor. Resultado calculado y una interpretación limitada a los datos del ejercicio. Terminas cuando todos los valores son válidos, el resultado muestra unidad y puedes explicar su alcance y límite.",REALIZADA
M2-E5-RET,5,Retroalimentacion y cierre,Ruta de retroalimentación y cierre.,Completa,Las etapas de cierre no compartían un contrato único que indicara producto y criterio de término.,AE 1 + AE 2 + AE 3,"Analiza tus resultados, identifica una fortaleza y una necesidad, y define una acción de mejora verificable. Comienza por el resultado general; abre después cada corrección y contrástala con tu respuesta. Una reflexión sobre el logro y una acción de mejora que indique recurso, plazo y forma de comprobación. Terminas cuando identificas una fortaleza, una necesidad y un próximo paso que puedes comprobar.",REALIZADA
M3-E1-CTX,1,Contextualizacion,¿Cómo comprobarías que una cantidad del listado corresponde al tramo correcto del proyecto?,Completa,Las instrucciones estaban repartidas en varios bloques; el estudiante debía reconstruir por sí mismo el producto final y el criterio de término.,M3-AE1,"Observa el caso, distingue datos de suposiciones y anticipa qué debes verificar. Lee el caso profesional, abre todos los puntos del escenario y anota primero solo lo que puedes observar. Tres observaciones breves y una respuesta final que incluya un elemento reconocido, una revisión necesaria y un dato faltante. Terminas cuando abriste todos los puntos y tu respuesta final identifica un dato, una revisión y una información pendiente.",REALIZADA
M3-E2-AE1-1,2,"Realiza unión de diferentes tipos de materiales, utilizando soldaduras autorizadas por la normativa y considerando las técnicas establecidas desde fábrica, la normativa técnica y de seguridad.","Explora el escenario y abre cada punto. ¿Qué información aporta cada uno al aprendizaje Realiza unión de diferentes tipos de materiales, utilizando soldaduras autorizadas por la normativa y considerando las técnicas establecidas desde fábrica, la normativa técnica y de seguridad.?",Completa,"La consigna indica la acción principal, pero no reúne en un solo lugar el recurso, la evidencia esperada y el criterio de término.",M3-AE1,"Localiza y abre todos los puntos señalados; luego explica qué información aporta cada uno. Comienza por el recinto o elemento principal y continúa punto por punto sin inferir datos que la imagen no muestra. Todos los puntos inspeccionados y una explicación escrita basada en un dato visible. Terminas cuando abriste todos los puntos y tu explicación identifica un dato, su significado y un límite de la evidencia.",REALIZADA
M3-E2-AE1-2,2,"Realiza unión de diferentes tipos de materiales, utilizando soldaduras autorizadas por la normativa y considerando las técnicas establecidas desde fábrica, la normativa técnica y de seguridad.",Relaciona cada concepto con su significado en este módulo.,Completa,"La consigna indica la acción principal, pero no reúne en un solo lugar el recurso, la evidencia esperada y el criterio de término.",M3-AE1,"Relaciona cada concepto con su significado técnico y justifica una de las relaciones. Lee primero todos los conceptos y significados; después forma las parejas usando función, unidad o documento de respaldo. Todas las parejas correctas y una justificación escrita con vocabulario técnico. Terminas cuando no quedan tarjetas sin pareja y explicas por qué una relación es válida.",REALIZADA
M3-E2-AE1-3,2,"Realiza unión de diferentes tipos de materiales, utilizando soldaduras autorizadas por la normativa y considerando las técnicas establecidas desde fábrica, la normativa técnica y de seguridad.",Ordena el procedimiento de revisión. Arrastra o usa las flechas.,Completa,"La consigna indica la acción principal, pero no reúne en un solo lugar el recurso, la evidencia esperada y el criterio de término.",M3-AE1,Ordena el procedimiento y explica qué riesgo evita el orden elegido. Identifica el paso que prepara el trabajo y el que verifica el resultado; ubica después los pasos intermedios. Secuencia completa y una justificación escrita del orden. Terminas cuando todos los pasos están ordenados y justificas el orden con una consecuencia técnica o de seguridad.,REALIZADA
M3-E2-AE1-4,2,"Realiza unión de diferentes tipos de materiales, utilizando soldaduras autorizadas por la normativa y considerando las técnicas establecidas desde fábrica, la normativa técnica y de seguridad.",El listado suma 2 m + 150 cm como si fueran la misma unidad. ¿Qué harías?,Completa,"La consigna indica la acción principal, pero no reúne en un solo lugar el recurso, la evidencia esperada y el criterio de término.",M3-AE1,"Analiza la evidencia, selecciona la decisión profesional mejor fundamentada y justifícala. Identifica primero qué dato está disponible, qué falta y qué documento permitiría verificarlo. Una alternativa y una justificación escrita que cite un dato o documento. Terminas cuando seleccionas una alternativa y explicas por qué es válida sin agregar información no disponible.",REALIZADA
M3-E2-AE1-5,2,"Realiza unión de diferentes tipos de materiales, utilizando soldaduras autorizadas por la normativa y considerando las técnicas establecidas desde fábrica, la normativa técnica y de seguridad.","Propón una revisión de etiquetas, niveles y referencias antes de aceptar el recorrido representado.",Completa,"La consigna indica la acción principal, pero no reúne en un solo lugar el recurso, la evidencia esperada y el criterio de término.",M3-AE1,"Analiza la evidencia, selecciona la decisión profesional mejor fundamentada y justifícala. Identifica primero qué dato está disponible, qué falta y qué documento permitiría verificarlo. Una alternativa y una justificación escrita que cite un dato o documento. Terminas cuando seleccionas una alternativa y explicas por qué es válida sin agregar información no disponible.",REALIZADA
M3-E2-AE1-6,2,"Realiza unión de diferentes tipos de materiales, utilizando soldaduras autorizadas por la normativa y considerando las técnicas establecidas desde fábrica, la normativa técnica y de seguridad.",Describe una suposición que evitaste al contrastar las dos vistas y cómo cambió tu conclusión.,Completa,"La consigna indica la acción principal, pero no reúne en un solo lugar el recurso, la evidencia esperada y el criterio de término.",M3-AE1,"Revisa tu evidencia, identifica un error posible y propone una mejora verificable. Recupera la decisión de la etapa anterior y compárala con el criterio del AE. Una reflexión que nombre evidencia, error o límite, acción de mejora y forma de comprobarla. Terminas cuando la mejora puede ejecutarse y verificarse con una evidencia concreta.",REALIZADA
M3-E2-AE2-1,2,"Arma diferentes redes de tuberías utilizando diversas soldaduras, considerando las técnicas establecidas desde fábrica, la normativa técnica y de seguridad respectiva.",Clasifica cada elemento según su función en el proyecto simulado.,Completa,"La consigna indica la acción principal, pero no reúne en un solo lugar el recurso, la evidencia esperada y el criterio de término.",M3-AE2,"Clasifica cada elemento en la categoría que corresponde y fundamenta una clasificación. Lee las categorías y decide qué función, dato o documento distingue a cada elemento. Todos los elementos clasificados y una justificación escrita. Terminas cuando cada elemento pertenece a una categoría y explicas el criterio usado.",REALIZADA
M3-E2-AE2-2,2,"Arma diferentes redes de tuberías utilizando diversas soldaduras, considerando las técnicas establecidas desde fábrica, la normativa técnica y de seguridad respectiva.","Explica la diferencia entre longitud neta, reserva especificada y cantidad de accesorios.",Completa,"La consigna indica la acción principal, pero no reúne en un solo lugar el recurso, la evidencia esperada y el criterio de término.",M3-AE2,"Analiza la evidencia, selecciona la decisión profesional mejor fundamentada y justifícala. Identifica primero qué dato está disponible, qué falta y qué documento permitiría verificarlo. Una alternativa y una justificación escrita que cite un dato o documento. Terminas cuando seleccionas una alternativa y explicas por qué es válida sin agregar información no disponible.",REALIZADA
M3-E2-AE2-3,2,"Arma diferentes redes de tuberías utilizando diversas soldaduras, considerando las técnicas establecidas desde fábrica, la normativa técnica y de seguridad respectiva.",Marca las comprobaciones mínimas antes de interpretar el caso.,Completa,"La consigna indica la acción principal, pero no reúne en un solo lugar el recurso, la evidencia esperada y el criterio de término.",M3-AE2,"Selecciona las comprobaciones necesarias y explica cuál realizarías primero. Distingue entre datos verificados, datos faltantes y suposiciones antes de marcar. Selección completa y una explicación escrita de la prioridad. Terminas cuando marcas todas las comprobaciones pertinentes y justificas la primera acción.",REALIZADA
M3-E2-AE2-4,2,"Arma diferentes redes de tuberías utilizando diversas soldaduras, considerando las técnicas establecidas desde fábrica, la normativa técnica y de seguridad respectiva.",El ejercicio pide 8 m netos y una reserva explícita del 5%. Calcula ambos valores por separado y justifica el total.,Completa,"La consigna indica la acción principal, pero no reúne en un solo lugar el recurso, la evidencia esperada y el criterio de término.",M3-AE2,"Analiza la evidencia, selecciona la decisión profesional mejor fundamentada y justifícala. Identifica primero qué dato está disponible, qué falta y qué documento permitiría verificarlo. Una alternativa y una justificación escrita que cite un dato o documento. Terminas cuando seleccionas una alternativa y explicas por qué es válida sin agregar información no disponible.",REALIZADA
M3-E2-AE2-5,2,"Arma diferentes redes de tuberías utilizando diversas soldaduras, considerando las técnicas establecidas desde fábrica, la normativa técnica y de seguridad respectiva.",Comprueba una lista con dos codos repetidos en planta y detalle. ¿Cómo evitarías contarlos dos veces?,Completa,"La consigna indica la acción principal, pero no reúne en un solo lugar el recurso, la evidencia esperada y el criterio de término.",M3-AE2,"Analiza la evidencia, selecciona la decisión profesional mejor fundamentada y justifícala. Identifica primero qué dato está disponible, qué falta y qué documento permitiría verificarlo. Una alternativa y una justificación escrita que cite un dato o documento. Terminas cuando seleccionas una alternativa y explicas por qué es válida sin agregar información no disponible.",REALIZADA
M3-E2-AE2-6,2,"Arma diferentes redes de tuberías utilizando diversas soldaduras, considerando las técnicas establecidas desde fábrica, la normativa técnica y de seguridad respectiva.",Redacta una regla de trabajo que te permita actualizar la cubicación cuando cambie una revisión del plano.,Completa,"La consigna indica la acción principal, pero no reúne en un solo lugar el recurso, la evidencia esperada y el criterio de término.",M3-AE2,"Revisa tu evidencia, identifica un error posible y propone una mejora verificable. Recupera la decisión de la etapa anterior y compárala con el criterio del AE. Una reflexión que nombre evidencia, error o límite, acción de mejora y forma de comprobarla. Terminas cuando la mejora puede ejecutarse y verificarse con una evidencia concreta.",REALIZADA
M3-E2-AE3-1,2,"Instala diferentes redes de tuberías para la conducción de agua, aire y refrigerantes, asegurando su estabilidad mediante fijaciones apropiadas al plano y al material que las sustentará, considerando las técnicas establecidas desde fábrica, la normativa técnica y de seguridad respectiva.",Lee la orden de trabajo. ¿Qué decisión permite seguir con evidencia?,Completa,"La consigna indica la acción principal, pero no reúne en un solo lugar el recurso, la evidencia esperada y el criterio de término.",M3-AE3,"Analiza la evidencia, selecciona la decisión profesional mejor fundamentada y justifícala. Identifica primero qué dato está disponible, qué falta y qué documento permitiría verificarlo. Una alternativa y una justificación escrita que cite un dato o documento. Terminas cuando seleccionas una alternativa y explicas por qué es válida sin agregar información no disponible.",REALIZADA
M3-E2-AE3-2,2,"Instala diferentes redes de tuberías para la conducción de agua, aire y refrigerantes, asegurando su estabilidad mediante fijaciones apropiadas al plano y al material que las sustentará, considerando las técnicas establecidas desde fábrica, la normativa técnica y de seguridad respectiva.",Interpreta la tabla. ¿Qué límite tiene la información?,Completa,"La consigna indica la acción principal, pero no reúne en un solo lugar el recurso, la evidencia esperada y el criterio de término.",M3-AE3,"Analiza la evidencia, selecciona la decisión profesional mejor fundamentada y justifícala. Identifica primero qué dato está disponible, qué falta y qué documento permitiría verificarlo. Una alternativa y una justificación escrita que cite un dato o documento. Terminas cuando seleccionas una alternativa y explicas por qué es válida sin agregar información no disponible.",REALIZADA
M3-E2-AE3-3,2,"Instala diferentes redes de tuberías para la conducción de agua, aire y refrigerantes, asegurando su estabilidad mediante fijaciones apropiadas al plano y al material que las sustentará, considerando las técnicas establecidas desde fábrica, la normativa técnica y de seguridad respectiva.","Relaciona el plano, el listado de materiales y el acta para seguir el estado de una discrepancia.",Completa,"La consigna indica la acción principal, pero no reúne en un solo lugar el recurso, la evidencia esperada y el criterio de término.",M3-AE3,"Analiza la evidencia, selecciona la decisión profesional mejor fundamentada y justifícala. Identifica primero qué dato está disponible, qué falta y qué documento permitiría verificarlo. Una alternativa y una justificación escrita que cite un dato o documento. Terminas cuando seleccionas una alternativa y explicas por qué es válida sin agregar información no disponible.",REALIZADA
M3-E2-AE3-4,2,"Instala diferentes redes de tuberías para la conducción de agua, aire y refrigerantes, asegurando su estabilidad mediante fijaciones apropiadas al plano y al material que las sustentará, considerando las técnicas establecidas desde fábrica, la normativa técnica y de seguridad respectiva.",Un accesorio del listado no aparece en el detalle. Decide qué información pedirías antes de darlo por instalado.,Completa,"La consigna indica la acción principal, pero no reúne en un solo lugar el recurso, la evidencia esperada y el criterio de término.",M3-AE3,"Analiza la evidencia, selecciona la decisión profesional mejor fundamentada y justifícala. Identifica primero qué dato está disponible, qué falta y qué documento permitiría verificarlo. Una alternativa y una justificación escrita que cite un dato o documento. Terminas cuando seleccionas una alternativa y explicas por qué es válida sin agregar información no disponible.",REALIZADA
M3-E2-AE3-5,2,"Instala diferentes redes de tuberías para la conducción de agua, aire y refrigerantes, asegurando su estabilidad mediante fijaciones apropiadas al plano y al material que las sustentará, considerando las técnicas establecidas desde fábrica, la normativa técnica y de seguridad respectiva.",Diseña una pauta de tres puntos con evidencia observable para verificar la maqueta documental.,Completa,"La consigna indica la acción principal, pero no reúne en un solo lugar el recurso, la evidencia esperada y el criterio de término.",M3-AE3,"Analiza la evidencia, selecciona la decisión profesional mejor fundamentada y justifícala. Identifica primero qué dato está disponible, qué falta y qué documento permitiría verificarlo. Una alternativa y una justificación escrita que cite un dato o documento. Terminas cuando seleccionas una alternativa y explicas por qué es válida sin agregar información no disponible.",REALIZADA
M3-E2-AE3-6,2,"Instala diferentes redes de tuberías para la conducción de agua, aire y refrigerantes, asegurando su estabilidad mediante fijaciones apropiadas al plano y al material que las sustentará, considerando las técnicas establecidas desde fábrica, la normativa técnica y de seguridad respectiva.",Resume cómo dejarías pendientes las diferencias no resueltas y quién debería recibir el informe.,Completa,"La consigna indica la acción principal, pero no reúne en un solo lugar el recurso, la evidencia esperada y el criterio de término.",M3-AE3,"Revisa tu evidencia, identifica un error posible y propone una mejora verificable. Recupera la decisión de la etapa anterior y compárala con el criterio del AE. Una reflexión que nombre evidencia, error o límite, acción de mejora y forma de comprobarla. Terminas cuando la mejora puede ejecutarse y verificarse con una evidencia concreta.",REALIZADA
M3-E3-F01,3,Observación anotada,"Marca uniones, tramos y el cruce sin cota de altura.",Completa,"La consigna original contiene un verbo observable, pero no explicita en conjunto el recurso, el producto y la condición de logro.",M3-AE1,Identifica y marca las zonas solicitadas en la imagen. Abre la imagen y comienza por la etiqueta o punto de referencia principal. Los puntos correctos marcados y una nota con el dato observado. Terminas cuando todos los puntos solicitados están marcados y la nota cita un dato visible.,REALIZADA
M3-E3-F02,3,Recorrido espacial interactivo,"Recorre tramo A, cruce B y accesorio C-01. Entra al trazado.",Completa,"La consigna original contiene un verbo observable, pero no explicita en conjunto el recurso, el producto y la condición de logro.",M3-AE2,"Recorre la representación espacial y examina los componentes indicados. Gira la vista, acércate al primer componente y abre cada punto. Al menos tres componentes inspeccionados y una conclusión breve. Terminas cuando inspeccionaste los componentes requeridos y relacionaste dos datos.",REALIZADA
M3-E3-F03,3,Secuencia en video,Secuencia de armado: preparar puesto → listar materiales → unir → verificar hermeticidad.,Completa,"La consigna original contiene un verbo observable, pero no explicita en conjunto el recurso, el producto y la condición de logro.",M3-AE3,"Identifica un paso del procedimiento y registra el dato técnico que lo sustenta. Mira la secuencia una vez; luego vuelve al momento en que aparece el paso elegido. Un paso seleccionado y un dato visible del video. Terminas cuando registraste un paso y un dato, sin resumir todo el video.",REALIZADA
M3-E3-F04,3,Lectura de oficio,Lee la etiqueta C-01 en planta y en el detalle. ¿Es una pieza o dos?,Completa,"La consigna original contiene un verbo observable, pero no explicita en conjunto el recurso, el producto y la condición de logro.",M3-AE1,"Extrae el dato solicitado y conserva su unidad, etiqueta o revisión. Ubica el campo nombrado antes de copiar el valor. Dato transcrito con su unidad o referencia. Terminas cuando el dato puede rastrearse al recurso y no agregaste información supuesta.",REALIZADA
M3-E3-F05,3,Procedimiento,"Ordena soldadura blanda, verificación visual y prueba de hermeticidad.",Completa,"La consigna original contiene un verbo observable, pero no explicita en conjunto el recurso, el producto y la condición de logro.",M3-AE2,Ordena los pasos del procedimiento y verifica su secuencia. Ubica primero la preparación y al final la comprobación. Secuencia completa en el orden técnico esperado. Terminas cuando todos los pasos están ubicados y la verificación queda al cierre.,REALIZADA
M3-E3-F06,3,Cubicación,"A 2,5 m + B 150 cm + C 3,0 m. Reserva 10 % solo si el enunciado la pide.",Completa,"La consigna original contiene un verbo observable, pero no explicita en conjunto el recurso, el producto y la condición de logro.",M3-AE3,Calcula el resultado solicitado usando una sola unidad. Convierte primero todas las medidas a la misma unidad y después opera. Cálculo y resultado con unidad. Terminas cuando el valor y la unidad son correctos y el cálculo usa solo los datos entregados.,REALIZADA
M3-E3-F07,3,Variación de contexto,Obra de noche en Punta Arenas. El cobre está frío. ¿Qué cambia en la unión?,Completa,"La consigna original contiene un verbo observable, pero no explicita en conjunto el recurso, el producto y la condición de logro.",M3-AE1,"Analiza la situación y registra una respuesta técnica basada en evidencia. Identifica el dato disponible y el dato que falta antes de responder. Respuesta breve con dato, decisión y pendiente. Terminas cuando la respuesta cita evidencia y distingue datos de suposiciones.",REALIZADA
M3-E3-F08,3,Antes / después,Antes: cruce sin cota. Después: consulta de altura registrada.,Completa,"La consigna original contiene un verbo observable, pero no explicita en conjunto el recurso, el producto y la condición de logro.",M3-AE2,"Analiza la situación y registra una respuesta técnica basada en evidencia. Identifica el dato disponible y el dato que falta antes de responder. Respuesta breve con dato, decisión y pendiente. Terminas cuando la respuesta cita evidencia y distingue datos de suposiciones.",REALIZADA
M3-E3-F09,3,Trabajo del error,Se soldó sin EPP. Reconstruye el descuido de seguridad (NCh3241).,Completa,"La consigna original contiene un verbo observable, pero no explicita en conjunto el recurso, el producto y la condición de logro.",M3-AE3,"Analiza la situación y registra una respuesta técnica basada en evidencia. Identifica el dato disponible y el dato que falta antes de responder. Respuesta breve con dato, decisión y pendiente. Terminas cuando la respuesta cita evidencia y distingue datos de suposiciones.",REALIZADA
M3-E3-F10,3,Argumentación breve,Explica al maestro por qué un cruce en planta no prueba colisión.,Completa,"La consigna original contiene un verbo observable, pero no explicita en conjunto el recurso, el producto y la condición de logro.",M3-AE1,"Analiza la situación y registra una respuesta técnica basada en evidencia. Identifica el dato disponible y el dato que falta antes de responder. Respuesta breve con dato, decisión y pendiente. Terminas cuando la respuesta cita evidencia y distingue datos de suposiciones.",REALIZADA
M3-E3-F11,3,Términos pareados de oficio,Une soldadura fuerte–cobre; emballetado–hojalatería.,Completa,"La consigna original contiene un verbo observable, pero no explicita en conjunto el recurso, el producto y la condición de logro.",M3-AE2,"Relaciona cada elemento con su función, dato o proceso. Lee todas las opciones antes de formar la primera pareja. Todas las parejas completadas. Terminas cuando no quedan elementos sin relacionar y cada pareja responde al recurso.",REALIZADA
M3-E3-F12,3,Bitácora de turno,"Bitácora de red: uniones hechas, prueba pendiente, consulta abierta.",Completa,"La consigna original contiene un verbo observable, pero no explicita en conjunto el recurso, el producto y la condición de logro.",M3-AE3,"Analiza la situación y registra una respuesta técnica basada en evidencia. Identifica el dato disponible y el dato que falta antes de responder. Respuesta breve con dato, decisión y pendiente. Terminas cuando la respuesta cita evidencia y distingue datos de suposiciones.",REALIZADA
M3-E3-F13,3,Consulta acotada al Agente,Una pregunta. El Agente responde con otra pregunta.,Completa,"La consigna original contiene un verbo observable, pero no explicita en conjunto el recurso, el producto y la condición de logro.",M3-AE1,"Analiza la situación y registra una respuesta técnica basada en evidencia. Identifica el dato disponible y el dato que falta antes de responder. Respuesta breve con dato, decisión y pendiente. Terminas cuando la respuesta cita evidencia y distingue datos de suposiciones.",REALIZADA
M3-E3-F14,3,Integración 3D,"En la maqueta 3D aplica unión, armado e instalación.",Completa,"La consigna original contiene un verbo observable, pero no explicita en conjunto el recurso, el producto y la condición de logro.",M3-AE2,"Integra los tres AE al inspeccionar y explicar el recorrido. Recorre los componentes en orden de preparación, ejecución y verificación. Componentes inspeccionados y conclusión que conecte los tres AE. Terminas cuando la conclusión usa evidencia de los tres AE y declara lo pendiente.",REALIZADA
M3-E3-ENC001,3,"Armado documental tramo A 2,5 m","Armado documental tramo A 2,5 m. Producto pedido: Lista de materiales + uniones + prueba pendiente. Responde con un dato del plano, la leyenda, la ficha o las notas. Si no está en el documento, indica qué falta y a quién lo consultarías.",Completa,"La secuencia ya explicaba producto, recurso y evidencia; se agrega propósito y criterio de término en el mismo bloque.",M3-AE2,"Elabora el producto solicitado con evidencia trazable del oficio. Lee el producto pedido y localiza un dato en el plano, la leyenda, la ficha o las notas antes de redactar. Lista de materiales + uniones + prueba pendiente. Incluye dato visible, decisión y pendiente. Terminas cuando el texto tiene al menos 80 caracteres, entrega el producto pedido y señala la fuente del dato o la consulta necesaria.",REALIZADA
M3-E3-ENC002,3,Armado documental tramo B 150 cm (cruzar viga),"Armado documental tramo B 150 cm (cruzar viga). Producto pedido: No unir hasta tener cota de altura. Responde con un dato del plano, la leyenda, la ficha o las notas. Si no está en el documento, indica qué falta y a quién lo consultarías.",Completa,"La secuencia ya explicaba producto, recurso y evidencia; se agrega propósito y criterio de término en el mismo bloque.",M3-AE2,"Elabora el producto solicitado con evidencia trazable del oficio. Lee el producto pedido y localiza un dato en el plano, la leyenda, la ficha o las notas antes de redactar. No unir hasta tener cota de altura. Incluye dato visible, decisión y pendiente. Terminas cuando el texto tiene al menos 80 caracteres, entrega el producto pedido y señala la fuente del dato o la consulta necesaria.",REALIZADA
M3-E3-ENC003,3,"Armado documental tramo C 3,0 m","Armado documental tramo C 3,0 m. Producto pedido: Cubicación neta de C. Responde con un dato del plano, la leyenda, la ficha o las notas. Si no está en el documento, indica qué falta y a quién lo consultarías.",Completa,"La secuencia ya explicaba producto, recurso y evidencia; se agrega propósito y criterio de término en el mismo bloque.",M3-AE2,"Elabora el producto solicitado con evidencia trazable del oficio. Lee el producto pedido y localiza un dato en el plano, la leyenda, la ficha o las notas antes de redactar. Cubicación neta de C. Incluye dato visible, decisión y pendiente. Terminas cuando el texto tiene al menos 80 caracteres, entrega el producto pedido y señala la fuente del dato o la consulta necesaria.",REALIZADA
M3-E3-ENC004,3,Armado: preparar puesto → unir → hermeticidad,"Armado: preparar puesto → unir → hermeticidad. Producto pedido: Orden de obra con evidencia de cada paso. Responde con un dato del plano, la leyenda, la ficha o las notas. Si no está en el documento, indica qué falta y a quién lo consultarías.",Completa,"La secuencia ya explicaba producto, recurso y evidencia; se agrega propósito y criterio de término en el mismo bloque.",M3-AE3,"Elabora el producto solicitado con evidencia trazable del oficio. Lee el producto pedido y localiza un dato en el plano, la leyenda, la ficha o las notas antes de redactar. Orden de obra con evidencia de cada paso. Incluye dato visible, decisión y pendiente. Terminas cuando el texto tiene al menos 80 caracteres, entrega el producto pedido y señala la fuente del dato o la consulta necesaria.",REALIZADA
M3-E2-ENC005,2,Armado: soldadura blanda según normativa (documental),"Armado: soldadura blanda según normativa (documental). Producto pedido: Qué se verifica; qué no se simula (soplete). Responde con un dato del plano, la leyenda, la ficha o las notas. Si no está en el documento, indica qué falta y a quién lo consultarías.",Completa,"La secuencia ya explicaba producto, recurso y evidencia; se agrega propósito y criterio de término en el mismo bloque.",M3-AE1,"Elabora el producto solicitado con evidencia trazable del oficio. Lee el producto pedido y localiza un dato en el plano, la leyenda, la ficha o las notas antes de redactar. Qué se verifica; qué no se simula (soplete). Incluye dato visible, decisión y pendiente. Terminas cuando el texto tiene al menos 80 caracteres, entrega el producto pedido y señala la fuente del dato o la consulta necesaria.",REALIZADA
M3-E2-ENC006,2,Armado: emballetado vs soldadura fuerte,"Armado: emballetado vs soldadura fuerte. Producto pedido: Decisión según material del tramo. Responde con un dato del plano, la leyenda, la ficha o las notas. Si no está en el documento, indica qué falta y a quién lo consultarías.",Completa,"La secuencia ya explicaba producto, recurso y evidencia; se agrega propósito y criterio de término en el mismo bloque.",M3-AE1,"Elabora el producto solicitado con evidencia trazable del oficio. Lee el producto pedido y localiza un dato en el plano, la leyenda, la ficha o las notas antes de redactar. Decisión según material del tramo. Incluye dato visible, decisión y pendiente. Terminas cuando el texto tiene al menos 80 caracteres, entrega el producto pedido y señala la fuente del dato o la consulta necesaria.",REALIZADA
M3-E3-ENC007,3,Armado extra: red de la sala del M1 (mismo liceo),"Armado extra: red de la sala del M1 (mismo liceo). Producto pedido: Reusa etiquetas UE-01 / UI-01. Responde con un dato del plano, la leyenda, la ficha o las notas. Si no está en el documento, indica qué falta y a quién lo consultarías.",Completa,"La secuencia ya explicaba producto, recurso y evidencia; se agrega propósito y criterio de término en el mismo bloque.",M3-AE3,"Elabora el producto solicitado con evidencia trazable del oficio. Lee el producto pedido y localiza un dato en el plano, la leyenda, la ficha o las notas antes de redactar. Reusa etiquetas UE-01 / UI-01. Incluye dato visible, decisión y pendiente. Terminas cuando el texto tiene al menos 80 caracteres, entrega el producto pedido y señala la fuente del dato o la consulta necesaria.",REALIZADA
M3-E2-ENC008,2,Cubicación red: A+B+C y reserva 10 %,"Cubicación red: A+B+C y reserva 10 %. Producto pedido: Neta, reserva, total; unidad única. Responde con un dato del plano, la leyenda, la ficha o las notas. Si no está en el documento, indica qué falta y a quién lo consultarías.",Completa,"La secuencia ya explicaba producto, recurso y evidencia; se agrega propósito y criterio de término en el mismo bloque.",M3-AE3,"Elabora el producto solicitado con evidencia trazable del oficio. Lee el producto pedido y localiza un dato en el plano, la leyenda, la ficha o las notas antes de redactar. Neta, reserva, total; unidad única. Incluye dato visible, decisión y pendiente. Terminas cuando el texto tiene al menos 80 caracteres, entrega el producto pedido y señala la fuente del dato o la consulta necesaria.",REALIZADA
M3-E2-ENC009,2,Cubicación: C-01 en planta y detalle (una pieza),"Cubicación: C-01 en planta y detalle (una pieza). Producto pedido: No duplicar el accesorio. Responde con un dato del plano, la leyenda, la ficha o las notas. Si no está en el documento, indica qué falta y a quién lo consultarías.",Completa,"La secuencia ya explicaba producto, recurso y evidencia; se agrega propósito y criterio de término en el mismo bloque.",M3-AE3,"Elabora el producto solicitado con evidencia trazable del oficio. Lee el producto pedido y localiza un dato en el plano, la leyenda, la ficha o las notas antes de redactar. No duplicar el accesorio. Incluye dato visible, decisión y pendiente. Terminas cuando el texto tiene al menos 80 caracteres, entrega el producto pedido y señala la fuente del dato o la consulta necesaria.",REALIZADA
M3-E2-ENC010,2,Cubicación: tramos en m y cm mezclados,"Cubicación: tramos en m y cm mezclados. Producto pedido: Tabla unificada. Responde con un dato del plano, la leyenda, la ficha o las notas. Si no está en el documento, indica qué falta y a quién lo consultarías.",Completa,"La secuencia ya explicaba producto, recurso y evidencia; se agrega propósito y criterio de término en el mismo bloque.",M3-AE3,"Elabora el producto solicitado con evidencia trazable del oficio. Lee el producto pedido y localiza un dato en el plano, la leyenda, la ficha o las notas antes de redactar. Tabla unificada. Incluye dato visible, decisión y pendiente. Terminas cuando el texto tiene al menos 80 caracteres, entrega el producto pedido y señala la fuente del dato o la consulta necesaria.",REALIZADA
M3-E3-ENC011,3,Interferencia: cruce B sin cota de altura,"Interferencia: cruce B sin cota de altura. Producto pedido: Consulta de altura con ubicación. Responde con un dato del plano, la leyenda, la ficha o las notas. Si no está en el documento, indica qué falta y a quién lo consultarías.",Completa,"La secuencia ya explicaba producto, recurso y evidencia; se agrega propósito y criterio de término en el mismo bloque.",M3-AE2,"Elabora el producto solicitado con evidencia trazable del oficio. Lee el producto pedido y localiza un dato en el plano, la leyenda, la ficha o las notas antes de redactar. Consulta de altura con ubicación. Incluye dato visible, decisión y pendiente. Terminas cuando el texto tiene al menos 80 caracteres, entrega el producto pedido y señala la fuente del dato o la consulta necesaria.",REALIZADA
M3-E3-ENC012,3,Interferencia: bandeja eléctrica en el eje HVAC,"Interferencia: bandeja eléctrica en el eje HVAC. Producto pedido: No desviar el ducto por cuenta propia. Responde con un dato del plano, la leyenda, la ficha o las notas. Si no está en el documento, indica qué falta y a quién lo consultarías.",Completa,"La secuencia ya explicaba producto, recurso y evidencia; se agrega propósito y criterio de término en el mismo bloque.",M3-AE2,"Elabora el producto solicitado con evidencia trazable del oficio. Lee el producto pedido y localiza un dato en el plano, la leyenda, la ficha o las notas antes de redactar. No desviar el ducto por cuenta propia. Incluye dato visible, decisión y pendiente. Terminas cuando el texto tiene al menos 80 caracteres, entrega el producto pedido y señala la fuente del dato o la consulta necesaria.",REALIZADA
M3-E3-ENC013,3,Interferencia: viga vs tramo B,"Interferencia: viga vs tramo B. Producto pedido: Planta no prueba colisión. Responde con un dato del plano, la leyenda, la ficha o las notas. Si no está en el documento, indica qué falta y a quién lo consultarías.",Completa,"La secuencia ya explicaba producto, recurso y evidencia; se agrega propósito y criterio de término en el mismo bloque.",M3-AE2,"Elabora el producto solicitado con evidencia trazable del oficio. Lee el producto pedido y localiza un dato en el plano, la leyenda, la ficha o las notas antes de redactar. Planta no prueba colisión. Incluye dato visible, decisión y pendiente. Terminas cuando el texto tiene al menos 80 caracteres, entrega el producto pedido y señala la fuente del dato o la consulta necesaria.",REALIZADA
M3-E3-ENC014,3,Interferencia: sprinklers,"Interferencia: sprinklers. Producto pedido: Especialidades y dato que falta. Responde con un dato del plano, la leyenda, la ficha o las notas. Si no está en el documento, indica qué falta y a quién lo consultarías.",Completa,"La secuencia ya explicaba producto, recurso y evidencia; se agrega propósito y criterio de término en el mismo bloque.",M3-AE2,"Elabora el producto solicitado con evidencia trazable del oficio. Lee el producto pedido y localiza un dato en el plano, la leyenda, la ficha o las notas antes de redactar. Especialidades y dato que falta. Incluye dato visible, decisión y pendiente. Terminas cuando el texto tiene al menos 80 caracteres, entrega el producto pedido y señala la fuente del dato o la consulta necesaria.",REALIZADA
M3-E3-ENC015,3,Interferencia: espacio reservado a otro proyecto,"Interferencia: espacio reservado a otro proyecto. Producto pedido: Consulta de coordinación. Responde con un dato del plano, la leyenda, la ficha o las notas. Si no está en el documento, indica qué falta y a quién lo consultarías.",Completa,"La secuencia ya explicaba producto, recurso y evidencia; se agrega propósito y criterio de término en el mismo bloque.",M3-AE3,"Elabora el producto solicitado con evidencia trazable del oficio. Lee el producto pedido y localiza un dato en el plano, la leyenda, la ficha o las notas antes de redactar. Consulta de coordinación. Incluye dato visible, decisión y pendiente. Terminas cuando el texto tiene al menos 80 caracteres, entrega el producto pedido y señala la fuente del dato o la consulta necesaria.",REALIZADA
M3-E3-ENC016,3,Interferencia: cielo técnico del mall,"Interferencia: cielo técnico del mall. Producto pedido: Quién cierra primero y con qué evidencia. Responde con un dato del plano, la leyenda, la ficha o las notas. Si no está en el documento, indica qué falta y a quién lo consultarías.",Completa,"La secuencia ya explicaba producto, recurso y evidencia; se agrega propósito y criterio de término en el mismo bloque.",M3-AE3,"Elabora el producto solicitado con evidencia trazable del oficio. Lee el producto pedido y localiza un dato en el plano, la leyenda, la ficha o las notas antes de redactar. Quién cierra primero y con qué evidencia. Incluye dato visible, decisión y pendiente. Terminas cuando el texto tiene al menos 80 caracteres, entrega el producto pedido y señala la fuente del dato o la consulta necesaria.",REALIZADA
M3-E2-ENC017,2,Hermeticidad: registro de prueba (no soplete),"Hermeticidad: registro de prueba (no soplete). Producto pedido: Acta: tramo, resultado, pendiente. Responde con un dato del plano, la leyenda, la ficha o las notas. Si no está en el documento, indica qué falta y a quién lo consultarías.",Completa,"La secuencia ya explicaba producto, recurso y evidencia; se agrega propósito y criterio de término en el mismo bloque.",M3-AE3,"Elabora el producto solicitado con evidencia trazable del oficio. Lee el producto pedido y localiza un dato en el plano, la leyenda, la ficha o las notas antes de redactar. Acta: tramo, resultado, pendiente. Incluye dato visible, decisión y pendiente. Terminas cuando el texto tiene al menos 80 caracteres, entrega el producto pedido y señala la fuente del dato o la consulta necesaria.",REALIZADA
M3-E2-ENC018,2,Hermeticidad: qué falta para firmar el tramo B,"Hermeticidad: qué falta para firmar el tramo B. Producto pedido: Cota de altura como prerrequisito. Responde con un dato del plano, la leyenda, la ficha o las notas. Si no está en el documento, indica qué falta y a quién lo consultarías.",Completa,"La secuencia ya explicaba producto, recurso y evidencia; se agrega propósito y criterio de término en el mismo bloque.",M3-AE3,"Elabora el producto solicitado con evidencia trazable del oficio. Lee el producto pedido y localiza un dato en el plano, la leyenda, la ficha o las notas antes de redactar. Cota de altura como prerrequisito. Incluye dato visible, decisión y pendiente. Terminas cuando el texto tiene al menos 80 caracteres, entrega el producto pedido y señala la fuente del dato o la consulta necesaria.",REALIZADA
M3-E3-ENC019,3,"Hermeticidad: tres tramos, una prueba pendiente","Hermeticidad: tres tramos, una prueba pendiente. Producto pedido: Estado por tramo. Responde con un dato del plano, la leyenda, la ficha o las notas. Si no está en el documento, indica qué falta y a quién lo consultarías.",Completa,"La secuencia ya explicaba producto, recurso y evidencia; se agrega propósito y criterio de término en el mismo bloque.",M3-AE3,"Elabora el producto solicitado con evidencia trazable del oficio. Lee el producto pedido y localiza un dato en el plano, la leyenda, la ficha o las notas antes de redactar. Estado por tramo. Incluye dato visible, decisión y pendiente. Terminas cuando el texto tiene al menos 80 caracteres, entrega el producto pedido y señala la fuente del dato o la consulta necesaria.",REALIZADA
M3-E3-ENC020,3,Hermeticidad: evidencia fotográfica de unión (simulación),"Hermeticidad: evidencia fotográfica de unión (simulación). Producto pedido: Qué se ve y qué no se afirma. Responde con un dato del plano, la leyenda, la ficha o las notas. Si no está en el documento, indica qué falta y a quién lo consultarías.",Completa,"La secuencia ya explicaba producto, recurso y evidencia; se agrega propósito y criterio de término en el mismo bloque.",M3-AE1,"Elabora el producto solicitado con evidencia trazable del oficio. Lee el producto pedido y localiza un dato en el plano, la leyenda, la ficha o las notas antes de redactar. Qué se ve y qué no se afirma. Incluye dato visible, decisión y pendiente. Terminas cuando el texto tiene al menos 80 caracteres, entrega el producto pedido y señala la fuente del dato o la consulta necesaria.",REALIZADA
M3-E2-ENC021,2,NCh3241: soldar sin EPP,"NCh3241: soldar sin EPP. Producto pedido: Reconstrucción del descuido. Responde con un dato del plano, la leyenda, la ficha o las notas. Si no está en el documento, indica qué falta y a quién lo consultarías.",Completa,"La secuencia ya explicaba producto, recurso y evidencia; se agrega propósito y criterio de término en el mismo bloque.",M3-AE1,"Elabora el producto solicitado con evidencia trazable del oficio. Lee el producto pedido y localiza un dato en el plano, la leyenda, la ficha o las notas antes de redactar. Reconstrucción del descuido. Incluye dato visible, decisión y pendiente. Terminas cuando el texto tiene al menos 80 caracteres, entrega el producto pedido y señala la fuente del dato o la consulta necesaria.",REALIZADA
M3-E2-ENC022,2,NCh3241: puesto de trabajo,"NCh3241: puesto de trabajo. Producto pedido: Lista de condiciones antes de unir. Responde con un dato del plano, la leyenda, la ficha o las notas. Si no está en el documento, indica qué falta y a quién lo consultarías.",Completa,"La secuencia ya explicaba producto, recurso y evidencia; se agrega propósito y criterio de término en el mismo bloque.",M3-AE1,"Elabora el producto solicitado con evidencia trazable del oficio. Lee el producto pedido y localiza un dato en el plano, la leyenda, la ficha o las notas antes de redactar. Lista de condiciones antes de unir. Incluye dato visible, decisión y pendiente. Terminas cuando el texto tiene al menos 80 caracteres, entrega el producto pedido y señala la fuente del dato o la consulta necesaria.",REALIZADA
M3-E3-ENC023,3,"NCh3241: obra de noche, cobre frío","NCh3241: obra de noche, cobre frío. Producto pedido: Qué cambia en la unión (documental). Responde con un dato del plano, la leyenda, la ficha o las notas. Si no está en el documento, indica qué falta y a quién lo consultarías.",Completa,"La secuencia ya explicaba producto, recurso y evidencia; se agrega propósito y criterio de término en el mismo bloque.",M3-AE1,"Elabora el producto solicitado con evidencia trazable del oficio. Lee el producto pedido y localiza un dato en el plano, la leyenda, la ficha o las notas antes de redactar. Qué cambia en la unión (documental). Incluye dato visible, decisión y pendiente. Terminas cuando el texto tiene al menos 80 caracteres, entrega el producto pedido y señala la fuente del dato o la consulta necesaria.",REALIZADA
M3-E2-ENC024,2,Unión: soldadura fuerte · cobre,"Unión: soldadura fuerte · cobre. Producto pedido: Par material–proceso con dato del plano. Responde con un dato del plano, la leyenda, la ficha o las notas. Si no está en el documento, indica qué falta y a quién lo consultarías.",Completa,"La secuencia ya explicaba producto, recurso y evidencia; se agrega propósito y criterio de término en el mismo bloque.",M3-AE1,"Elabora el producto solicitado con evidencia trazable del oficio. Lee el producto pedido y localiza un dato en el plano, la leyenda, la ficha o las notas antes de redactar. Par material–proceso con dato del plano. Incluye dato visible, decisión y pendiente. Terminas cuando el texto tiene al menos 80 caracteres, entrega el producto pedido y señala la fuente del dato o la consulta necesaria.",REALIZADA
M3-E2-ENC025,2,Unión: soldadura blanda · cuando aplica,"Unión: soldadura blanda · cuando aplica. Producto pedido: Criterio escrito, no receta. Responde con un dato del plano, la leyenda, la ficha o las notas. Si no está en el documento, indica qué falta y a quién lo consultarías.",Completa,"La secuencia ya explicaba producto, recurso y evidencia; se agrega propósito y criterio de término en el mismo bloque.",M3-AE1,"Elabora el producto solicitado con evidencia trazable del oficio. Lee el producto pedido y localiza un dato en el plano, la leyenda, la ficha o las notas antes de redactar. Criterio escrito, no receta. Incluye dato visible, decisión y pendiente. Terminas cuando el texto tiene al menos 80 caracteres, entrega el producto pedido y señala la fuente del dato o la consulta necesaria.",REALIZADA
M3-E2-ENC026,2,Unión: emballetado · hojalatería,"Unión: emballetado · hojalatería. Producto pedido: Par pieza–función. Responde con un dato del plano, la leyenda, la ficha o las notas. Si no está en el documento, indica qué falta y a quién lo consultarías.",Completa,"La secuencia ya explicaba producto, recurso y evidencia; se agrega propósito y criterio de término en el mismo bloque.",M3-AE2,"Elabora el producto solicitado con evidencia trazable del oficio. Lee el producto pedido y localiza un dato en el plano, la leyenda, la ficha o las notas antes de redactar. Par pieza–función. Incluye dato visible, decisión y pendiente. Terminas cuando el texto tiene al menos 80 caracteres, entrega el producto pedido y señala la fuente del dato o la consulta necesaria.",REALIZADA
M3-E3-ENC027,3,Unión: no mezclar procesos en el mismo tramo sin dato,"Unión: no mezclar procesos en el mismo tramo sin dato. Producto pedido: Qué especificación lo confirma. Responde con un dato del plano, la leyenda, la ficha o las notas. Si no está en el documento, indica qué falta y a quién lo consultarías.",Completa,"La secuencia ya explicaba producto, recurso y evidencia; se agrega propósito y criterio de término en el mismo bloque.",M3-AE2,"Elabora el producto solicitado con evidencia trazable del oficio. Lee el producto pedido y localiza un dato en el plano, la leyenda, la ficha o las notas antes de redactar. Qué especificación lo confirma. Incluye dato visible, decisión y pendiente. Terminas cuando el texto tiene al menos 80 caracteres, entrega el producto pedido y señala la fuente del dato o la consulta necesaria.",REALIZADA
M3-E3-ENC028,3,Bitácora red: uniones hechas,"Bitácora red: uniones hechas. Producto pedido: Vi / hice / pendiente. Responde con un dato del plano, la leyenda, la ficha o las notas. Si no está en el documento, indica qué falta y a quién lo consultarías.",Completa,"La secuencia ya explicaba producto, recurso y evidencia; se agrega propósito y criterio de término en el mismo bloque.",M3-AE3,"Elabora el producto solicitado con evidencia trazable del oficio. Lee el producto pedido y localiza un dato en el plano, la leyenda, la ficha o las notas antes de redactar. Vi / hice / pendiente. Incluye dato visible, decisión y pendiente. Terminas cuando el texto tiene al menos 80 caracteres, entrega el producto pedido y señala la fuente del dato o la consulta necesaria.",REALIZADA
M3-E3-ENC029,3,Bitácora red: prueba abierta,"Bitácora red: prueba abierta. Producto pedido: Tramo B no se cierra. Responde con un dato del plano, la leyenda, la ficha o las notas. Si no está en el documento, indica qué falta y a quién lo consultarías.",Completa,"La secuencia ya explicaba producto, recurso y evidencia; se agrega propósito y criterio de término en el mismo bloque.",M3-AE3,"Elabora el producto solicitado con evidencia trazable del oficio. Lee el producto pedido y localiza un dato en el plano, la leyenda, la ficha o las notas antes de redactar. Tramo B no se cierra. Incluye dato visible, decisión y pendiente. Terminas cuando el texto tiene al menos 80 caracteres, entrega el producto pedido y señala la fuente del dato o la consulta necesaria.",REALIZADA
M3-E2-ENC030,2,Bitácora red: consulta de altura,"Bitácora red: consulta de altura. Producto pedido: Texto de la consulta. Responde con un dato del plano, la leyenda, la ficha o las notas. Si no está en el documento, indica qué falta y a quién lo consultarías.",Completa,"La secuencia ya explicaba producto, recurso y evidencia; se agrega propósito y criterio de término en el mismo bloque.",M3-AE3,"Elabora el producto solicitado con evidencia trazable del oficio. Lee el producto pedido y localiza un dato en el plano, la leyenda, la ficha o las notas antes de redactar. Texto de la consulta. Incluye dato visible, decisión y pendiente. Terminas cuando el texto tiene al menos 80 caracteres, entrega el producto pedido y señala la fuente del dato o la consulta necesaria.",REALIZADA
M3-E2-ENC031,2,Bitácora red: cierre de jornada en obra,"Bitácora red: cierre de jornada en obra. Producto pedido: Qué queda para el otro turno. Responde con un dato del plano, la leyenda, la ficha o las notas. Si no está en el documento, indica qué falta y a quién lo consultarías.",Completa,"La secuencia ya explicaba producto, recurso y evidencia; se agrega propósito y criterio de término en el mismo bloque.",M3-AE2,"Elabora el producto solicitado con evidencia trazable del oficio. Lee el producto pedido y localiza un dato en el plano, la leyenda, la ficha o las notas antes de redactar. Qué queda para el otro turno. Incluye dato visible, decisión y pendiente. Terminas cuando el texto tiene al menos 80 caracteres, entrega el producto pedido y señala la fuente del dato o la consulta necesaria.",REALIZADA
M3-E3-ENC032,3,Transferencia: red de la sala 3° del M1,"Transferencia: red de la sala 3° del M1. Producto pedido: Mismas etiquetas, nueva red. Responde con un dato del plano, la leyenda, la ficha o las notas. Si no está en el documento, indica qué falta y a quién lo consultarías.",Completa,"La secuencia ya explicaba producto, recurso y evidencia; se agrega propósito y criterio de término en el mismo bloque.",M3-AE2,"Elabora el producto solicitado con evidencia trazable del oficio. Lee el producto pedido y localiza un dato en el plano, la leyenda, la ficha o las notas antes de redactar. Mismas etiquetas, nueva red. Incluye dato visible, decisión y pendiente. Terminas cuando el texto tiene al menos 80 caracteres, entrega el producto pedido y señala la fuente del dato o la consulta necesaria.",REALIZADA
M3-E3-ENC033,3,Transferencia: cubicación que usa el plano del M1,"Transferencia: cubicación que usa el plano del M1. Producto pedido: Cantidades rastreables a tramos M1. Responde con un dato del plano, la leyenda, la ficha o las notas. Si no está en el documento, indica qué falta y a quién lo consultarías.",Completa,"La secuencia ya explicaba producto, recurso y evidencia; se agrega propósito y criterio de término en el mismo bloque.",M3-AE3,"Elabora el producto solicitado con evidencia trazable del oficio. Lee el producto pedido y localiza un dato en el plano, la leyenda, la ficha o las notas antes de redactar. Cantidades rastreables a tramos M1. Incluye dato visible, decisión y pendiente. Terminas cuando el texto tiene al menos 80 caracteres, entrega el producto pedido y señala la fuente del dato o la consulta necesaria.",REALIZADA
M3-E3-ENC034,3,Transferencia: interferencia sobre el drenaje del M1,"Transferencia: interferencia sobre el drenaje del M1. Producto pedido: El destino del drenaje sigue abierto. Responde con un dato del plano, la leyenda, la ficha o las notas. Si no está en el documento, indica qué falta y a quién lo consultarías.",Completa,"La secuencia ya explicaba producto, recurso y evidencia; se agrega propósito y criterio de término en el mismo bloque.",M3-AE1,"Elabora el producto solicitado con evidencia trazable del oficio. Lee el producto pedido y localiza un dato en el plano, la leyenda, la ficha o las notas antes de redactar. El destino del drenaje sigue abierto. Incluye dato visible, decisión y pendiente. Terminas cuando el texto tiene al menos 80 caracteres, entrega el producto pedido y señala la fuente del dato o la consulta necesaria.",REALIZADA
M3-E3-ENC035,3,"Contexto: Punta Arenas, cobre frío","Contexto: Punta Arenas, cobre frío. Producto pedido: Cambia la lectura de la unión, no el trazado. Responde con un dato del plano, la leyenda, la ficha o las notas. Si no está en el documento, indica qué falta y a quién lo consultarías.",Completa,"La secuencia ya explicaba producto, recurso y evidencia; se agrega propósito y criterio de término en el mismo bloque.",M3-AE2,"Elabora el producto solicitado con evidencia trazable del oficio. Lee el producto pedido y localiza un dato en el plano, la leyenda, la ficha o las notas antes de redactar. Cambia la lectura de la unión, no el trazado. Incluye dato visible, decisión y pendiente. Terminas cuando el texto tiene al menos 80 caracteres, entrega el producto pedido y señala la fuente del dato o la consulta necesaria.",REALIZADA
M3-E3-ENC036,3,Contexto: obra de noche,"Contexto: obra de noche. Producto pedido: Qué dato se pierde sin luz. Responde con un dato del plano, la leyenda, la ficha o las notas. Si no está en el documento, indica qué falta y a quién lo consultarías.",Completa,"La secuencia ya explicaba producto, recurso y evidencia; se agrega propósito y criterio de término en el mismo bloque.",M3-AE2,"Elabora el producto solicitado con evidencia trazable del oficio. Lee el producto pedido y localiza un dato en el plano, la leyenda, la ficha o las notas antes de redactar. Qué dato se pierde sin luz. Incluye dato visible, decisión y pendiente. Terminas cuando el texto tiene al menos 80 caracteres, entrega el producto pedido y señala la fuente del dato o la consulta necesaria.",REALIZADA
M3-E2-ENC037,2,Contexto: capataz pide medidas ya (copia A3),"Contexto: capataz pide medidas ya (copia A3). Producto pedido: No medir sobre copia reducida. Responde con un dato del plano, la leyenda, la ficha o las notas. Si no está en el documento, indica qué falta y a quién lo consultarías.",Completa,"La secuencia ya explicaba producto, recurso y evidencia; se agrega propósito y criterio de término en el mismo bloque.",M3-AE3,"Elabora el producto solicitado con evidencia trazable del oficio. Lee el producto pedido y localiza un dato en el plano, la leyenda, la ficha o las notas antes de redactar. No medir sobre copia reducida. Incluye dato visible, decisión y pendiente. Terminas cuando el texto tiene al menos 80 caracteres, entrega el producto pedido y señala la fuente del dato o la consulta necesaria.",REALIZADA
M3-E2-ENC038,2,Contexto: electricista cierra bandeja mañana,"Contexto: electricista cierra bandeja mañana. Producto pedido: Consulta hoy, no desvío propio. Responde con un dato del plano, la leyenda, la ficha o las notas. Si no está en el documento, indica qué falta y a quién lo consultarías.",Completa,"La secuencia ya explicaba producto, recurso y evidencia; se agrega propósito y criterio de término en el mismo bloque.",M3-AE1,"Elabora el producto solicitado con evidencia trazable del oficio. Lee el producto pedido y localiza un dato en el plano, la leyenda, la ficha o las notas antes de redactar. Consulta hoy, no desvío propio. Incluye dato visible, decisión y pendiente. Terminas cuando el texto tiene al menos 80 caracteres, entrega el producto pedido y señala la fuente del dato o la consulta necesaria.",REALIZADA
M3-E3-CAS01,3,Cruce en planta,¿Qué decisión tomarías?,Completa,"La interfaz pedía elegir y justificar, pero no exigía de forma visible citar la evidencia ni declarar cómo verificar la decisión.",M3-AE1,"Analiza el caso, selecciona la decisión profesional y justifícala con evidencia. Lee la presión del contexto; separa los datos comprobables de las suposiciones y localiza el antecedente que falta. Una alternativa y una justificación de al menos 20 caracteres que cite un dato, documento o criterio. Terminas cuando la alternativa es coherente con la evidencia y la justificación explica qué harías, por qué y qué verificarías.",REALIZADA
M3-E3-CAS02,3,Unidades mezcladas,¿Qué decisión tomarías?,Completa,"La interfaz pedía elegir y justificar, pero no exigía de forma visible citar la evidencia ni declarar cómo verificar la decisión.",M3-AE2,"Analiza el caso, selecciona la decisión profesional y justifícala con evidencia. Lee la presión del contexto; separa los datos comprobables de las suposiciones y localiza el antecedente que falta. Una alternativa y una justificación de al menos 20 caracteres que cite un dato, documento o criterio. Terminas cuando la alternativa es coherente con la evidencia y la justificación explica qué harías, por qué y qué verificarías.",REALIZADA
M3-E3-CAS03,3,Accesorio duplicado,¿Qué decisión tomarías?,Completa,"La interfaz pedía elegir y justificar, pero no exigía de forma visible citar la evidencia ni declarar cómo verificar la decisión.",M3-AE3,"Analiza el caso, selecciona la decisión profesional y justifícala con evidencia. Lee la presión del contexto; separa los datos comprobables de las suposiciones y localiza el antecedente que falta. Una alternativa y una justificación de al menos 20 caracteres que cite un dato, documento o criterio. Terminas cuando la alternativa es coherente con la evidencia y la justificación explica qué harías, por qué y qué verificarías.",REALIZADA
M3-E3-CAS04,3,Revisión divergente,¿Qué decisión tomarías?,Completa,"La interfaz pedía elegir y justificar, pero no exigía de forma visible citar la evidencia ni declarar cómo verificar la decisión.",M3-AE1,"Analiza el caso, selecciona la decisión profesional y justifícala con evidencia. Lee la presión del contexto; separa los datos comprobables de las suposiciones y localiza el antecedente que falta. Una alternativa y una justificación de al menos 20 caracteres que cite un dato, documento o criterio. Terminas cuando la alternativa es coherente con la evidencia y la justificación explica qué harías, por qué y qué verificarías.",REALIZADA
M3-E3-CAS05,3,Reserva sin instrucción,¿Qué decisión tomarías?,Completa,"La interfaz pedía elegir y justificar, pero no exigía de forma visible citar la evidencia ni declarar cómo verificar la decisión.",M3-AE2,"Analiza el caso, selecciona la decisión profesional y justifícala con evidencia. Lee la presión del contexto; separa los datos comprobables de las suposiciones y localiza el antecedente que falta. Una alternativa y una justificación de al menos 20 caracteres que cite un dato, documento o criterio. Terminas cuando la alternativa es coherente con la evidencia y la justificación explica qué harías, por qué y qué verificarías.",REALIZADA
M3-E3-CAS06,3,Diámetro no identificado,¿Qué decisión tomarías?,Completa,"La interfaz pedía elegir y justificar, pero no exigía de forma visible citar la evidencia ni declarar cómo verificar la decisión.",M3-AE3,"Analiza el caso, selecciona la decisión profesional y justifícala con evidencia. Lee la presión del contexto; separa los datos comprobables de las suposiciones y localiza el antecedente que falta. Una alternativa y una justificación de al menos 20 caracteres que cite un dato, documento o criterio. Terminas cuando la alternativa es coherente con la evidencia y la justificación explica qué harías, por qué y qué verificarías.",REALIZADA
M3-E3-CAS07,3,Separación vertical,¿Qué decisión tomarías?,Completa,"La interfaz pedía elegir y justificar, pero no exigía de forma visible citar la evidencia ni declarar cómo verificar la decisión.",M3-AE1,"Analiza el caso, selecciona la decisión profesional y justifícala con evidencia. Lee la presión del contexto; separa los datos comprobables de las suposiciones y localiza el antecedente que falta. Una alternativa y una justificación de al menos 20 caracteres que cite un dato, documento o criterio. Terminas cuando la alternativa es coherente con la evidencia y la justificación explica qué harías, por qué y qué verificarías.",REALIZADA
M3-E3-CAS08,3,Cambio de recorrido,¿Qué decisión tomarías?,Completa,"La interfaz pedía elegir y justificar, pero no exigía de forma visible citar la evidencia ni declarar cómo verificar la decisión.",M3-AE2,"Analiza el caso, selecciona la decisión profesional y justifícala con evidencia. Lee la presión del contexto; separa los datos comprobables de las suposiciones y localiza el antecedente que falta. Una alternativa y una justificación de al menos 20 caracteres que cite un dato, documento o criterio. Terminas cuando la alternativa es coherente con la evidencia y la justificación explica qué harías, por qué y qué verificarías.",REALIZADA
M3-E3-CAS09,3,Componente sin etiqueta,¿Qué decisión tomarías?,Completa,"La interfaz pedía elegir y justificar, pero no exigía de forma visible citar la evidencia ni declarar cómo verificar la decisión.",M3-AE3,"Analiza el caso, selecciona la decisión profesional y justifícala con evidencia. Lee la presión del contexto; separa los datos comprobables de las suposiciones y localiza el antecedente que falta. Una alternativa y una justificación de al menos 20 caracteres que cite un dato, documento o criterio. Terminas cuando la alternativa es coherente con la evidencia y la justificación explica qué harías, por qué y qué verificarías.",REALIZADA
M3-E3-CAS10,3,Sustitución de material,¿Qué decisión tomarías?,Completa,"La interfaz pedía elegir y justificar, pero no exigía de forma visible citar la evidencia ni declarar cómo verificar la decisión.",M3-AE1,"Analiza el caso, selecciona la decisión profesional y justifícala con evidencia. Lee la presión del contexto; separa los datos comprobables de las suposiciones y localiza el antecedente que falta. Una alternativa y una justificación de al menos 20 caracteres que cite un dato, documento o criterio. Terminas cuando la alternativa es coherente con la evidencia y la justificación explica qué harías, por qué y qué verificarías.",REALIZADA
M3-E3-CAS11,3,Trazabilidad de medición,¿Qué decisión tomarías?,Completa,"La interfaz pedía elegir y justificar, pero no exigía de forma visible citar la evidencia ni declarar cómo verificar la decisión.",M3-AE2,"Analiza el caso, selecciona la decisión profesional y justifícala con evidencia. Lee la presión del contexto; separa los datos comprobables de las suposiciones y localiza el antecedente que falta. Una alternativa y una justificación de al menos 20 caracteres que cite un dato, documento o criterio. Terminas cuando la alternativa es coherente con la evidencia y la justificación explica qué harías, por qué y qué verificarías.",REALIZADA
M3-E3-CAS12,3,Estado de la observación,¿Qué decisión tomarías?,Completa,"La interfaz pedía elegir y justificar, pero no exigía de forma visible citar la evidencia ni declarar cómo verificar la decisión.",M3-AE3,"Analiza el caso, selecciona la decisión profesional y justifícala con evidencia. Lee la presión del contexto; separa los datos comprobables de las suposiciones y localiza el antecedente que falta. Una alternativa y una justificación de al menos 20 caracteres que cite un dato, documento o criterio. Terminas cuando la alternativa es coherente con la evidencia y la justificación explica qué harías, por qué y qué verificarías.",REALIZADA
M3-E3-CAS13,3,Acceso al componente,¿Qué decisión tomarías?,Completa,"La interfaz pedía elegir y justificar, pero no exigía de forma visible citar la evidencia ni declarar cómo verificar la decisión.",M3-AE1,"Analiza el caso, selecciona la decisión profesional y justifícala con evidencia. Lee la presión del contexto; separa los datos comprobables de las suposiciones y localiza el antecedente que falta. Una alternativa y una justificación de al menos 20 caracteres que cite un dato, documento o criterio. Terminas cuando la alternativa es coherente con la evidencia y la justificación explica qué harías, por qué y qué verificarías.",REALIZADA
M3-E3-CAS14,3,Acta sin evidencia,¿Qué decisión tomarías?,Completa,"La interfaz pedía elegir y justificar, pero no exigía de forma visible citar la evidencia ni declarar cómo verificar la decisión.",M3-AE2,"Analiza el caso, selecciona la decisión profesional y justifícala con evidencia. Lee la presión del contexto; separa los datos comprobables de las suposiciones y localiza el antecedente que falta. Una alternativa y una justificación de al menos 20 caracteres que cite un dato, documento o criterio. Terminas cuando la alternativa es coherente con la evidencia y la justificación explica qué harías, por qué y qué verificarías.",REALIZADA
M3-E3-CAS15,3,Cierre del dossier,¿Qué decisión tomarías?,Completa,"La interfaz pedía elegir y justificar, pero no exigía de forma visible citar la evidencia ni declarar cómo verificar la decisión.",M3-AE3,"Analiza el caso, selecciona la decisión profesional y justifícala con evidencia. Lee la presión del contexto; separa los datos comprobables de las suposiciones y localiza el antecedente que falta. Una alternativa y una justificación de al menos 20 caracteres que cite un dato, documento o criterio. Terminas cuando la alternativa es coherente con la evidencia y la justificación explica qué harías, por qué y qué verificarías.",REALIZADA
M3-E3-ESP,3,Recorrido espacial interactivo,Inspecciona los tres registros del trazado. Explica qué puede cubicarse con los datos entregados y qué falta para resolver el cruce.,Completa,"La consigna enumeraba componentes, pero no explicitaba la evidencia escrita esperada ni la relación con los tres AE.",AE 1 + AE 2 + AE 3,"Inspecciona todos los componentes del recorrido, relaciónalos y redacta una conclusión técnica. Comienza por el primer paso numerado; gira, acerca y abre cada componente en orden. Todos los componentes inspeccionados y una conclusión que conecte evidencia, decisión y pendiente. Terminas cuando inspeccionaste todos los puntos y la conclusión usa evidencia de los tres AE sin afirmar lo que el escenario no demuestra.",REALIZADA
M3-E4-P01,4,Item evaluativo 1,Dos recorridos se cruzan en planta y no se muestran sus alturas. ¿Cuál es la decisión mejor fundamentada?,Completa,"Sin problema crítico de instrucción; se estandariza el inicio, el recurso y el criterio de término para evitar dobles interpretaciones.",M3-AE1,"Analiza el estímulo y selecciona la alternativa mejor sustentada. Lee primero el dato visible y la pregunta completa; descarta opciones que supongan información no entregada. Una alternativa A, B, C o D. El ítem termina al seleccionar una alternativa; la evaluación se entrega al completar los ítems asignados a este módulo.",REALIZADA
M3-E4-P02,4,Item evaluativo 2,El listado suma un tramo de 2 m y otro de 150 cm. ¿Cuál es la decisión mejor fundamentada?,Completa,"Sin problema crítico de instrucción; se estandariza el inicio, el recurso y el criterio de término para evitar dobles interpretaciones.",M3-AE2,"Analiza el estímulo y selecciona la alternativa mejor sustentada. Lee primero el dato visible y la pregunta completa; descarta opciones que supongan información no entregada. Una alternativa A, B, C o D. El ítem termina al seleccionar una alternativa; la evaluación se entrega al completar los ítems asignados a este módulo.",REALIZADA
M3-E4-P03,4,Item evaluativo 3,El mismo codo C-01 figura en planta y en un detalle ampliado. ¿Cuál es la decisión mejor fundamentada?,Completa,"Sin problema crítico de instrucción; se estandariza el inicio, el recurso y el criterio de término para evitar dobles interpretaciones.",M3-AE3,"Analiza el estímulo y selecciona la alternativa mejor sustentada. Lee primero el dato visible y la pregunta completa; descarta opciones que supongan información no entregada. Una alternativa A, B, C o D. El ítem termina al seleccionar una alternativa; la evaluación se entrega al completar los ítems asignados a este módulo.",REALIZADA
M3-E4-P04,4,Item evaluativo 4,La cubicación proviene de R1 y el plano autorizado es R2. ¿Cuál es la decisión mejor fundamentada?,Completa,"Sin problema crítico de instrucción; se estandariza el inicio, el recurso y el criterio de término para evitar dobles interpretaciones.",M3-AE1,"Analiza el estímulo y selecciona la alternativa mejor sustentada. Lee primero el dato visible y la pregunta completa; descarta opciones que supongan información no entregada. Una alternativa A, B, C o D. El ítem termina al seleccionar una alternativa; la evaluación se entrega al completar los ítems asignados a este módulo.",REALIZADA
M3-E4-P05,4,Item evaluativo 5,El enunciado entrega una longitud neta y no define reserva. ¿Cuál es la decisión mejor fundamentada?,Completa,"Sin problema crítico de instrucción; se estandariza el inicio, el recurso y el criterio de término para evitar dobles interpretaciones.",M3-AE2,"Analiza el estímulo y selecciona la alternativa mejor sustentada. Lee primero el dato visible y la pregunta completa; descarta opciones que supongan información no entregada. Una alternativa A, B, C o D. El ítem termina al seleccionar una alternativa; la evaluación se entrega al completar los ítems asignados a este módulo.",REALIZADA
M3-E4-P06,4,Item evaluativo 6,Dos líneas del esquema no tienen diámetro ni referencia técnica. ¿Cuál es la decisión mejor fundamentada?,Completa,"Sin problema crítico de instrucción; se estandariza el inicio, el recurso y el criterio de término para evitar dobles interpretaciones.",M3-AE3,"Analiza el estímulo y selecciona la alternativa mejor sustentada. Lee primero el dato visible y la pregunta completa; descarta opciones que supongan información no entregada. Una alternativa A, B, C o D. El ítem termina al seleccionar una alternativa; la evaluación se entrega al completar los ítems asignados a este módulo.",REALIZADA
M3-E4-P07,4,Item evaluativo 7,"Los ejes de dos redes difieren en altura, pero faltan dimensiones exteriores. ¿Cuál es la decisión mejor fundamentada?",Completa,"Sin problema crítico de instrucción; se estandariza el inicio, el recurso y el criterio de término para evitar dobles interpretaciones.",M3-AE1,"Analiza el estímulo y selecciona la alternativa mejor sustentada. Lee primero el dato visible y la pregunta completa; descarta opciones que supongan información no entregada. Una alternativa A, B, C o D. El ítem termina al seleccionar una alternativa; la evaluación se entrega al completar los ítems asignados a este módulo.",REALIZADA
M3-ELibre-PRA,Libre,Practica libre,Planificador de tramos,Completa,"La herramienta calculaba en tiempo real, pero no explicitaba un producto del estudiante ni cuándo la práctica podía considerarse cerrada.",AE asociado a la práctica libre,"Modifica los valores, calcula o compara el resultado y explica qué sí permite concluir. Revisa las unidades y límites de cada campo antes de cambiar el primer valor. Resultado calculado y una interpretación limitada a los datos del ejercicio. Terminas cuando todos los valores son válidos, el resultado muestra unidad y puedes explicar su alcance y límite.",REALIZADA
M3-E5-RET,5,Retroalimentacion y cierre,Ruta de retroalimentación y cierre.,Completa,Las etapas de cierre no compartían un contrato único que indicara producto y criterio de término.,AE 1 + AE 2 + AE 3,"Analiza tus resultados, identifica una fortaleza y una necesidad, y define una acción de mejora verificable. Comienza por el resultado general; abre después cada corrección y contrástala con tu respuesta. Una reflexión sobre el logro y una acción de mejora que indique recurso, plazo y forma de comprobación. Terminas cuando identificas una fortaleza, una necesidad y un próximo paso que puedes comprobar.",REALIZADA
M4-E1-CTX,1,Contextualizacion,¿Qué comprobarías antes de considerar que un equipo y su control corresponden al proyecto?,Completa,Las instrucciones estaban repartidas en varios bloques; el estudiante debía reconstruir por sí mismo el producto final y el criterio de término.,M4-AE1,"Observa el caso, distingue datos de suposiciones y anticipa qué debes verificar. Lee el caso profesional, abre todos los puntos del escenario y anota primero solo lo que puedes observar. Tres observaciones breves y una respuesta final que incluya un elemento reconocido, una revisión necesaria y un dato faltante. Terminas cuando abriste todos los puntos y tu respuesta final identifica un dato, una revisión y una información pendiente.",REALIZADA
M4-E2-AE1-1,2,"Lee y utiliza planos, junto con las especificaciones técnicas de distintos sistemas y equipos de refrigeración y climatización, para identificar las dificultades que podrían presentar en la instalación.","Explora el escenario y abre cada punto. ¿Qué información aporta cada uno al aprendizaje Lee y utiliza planos, junto con las especificaciones técnicas de distintos sistemas y equipos de refrigeración y climatización, para identificar las dificultades que podrían presentar en la instalación.?",Completa,"La consigna indica la acción principal, pero no reúne en un solo lugar el recurso, la evidencia esperada y el criterio de término.",M4-AE1,"Localiza y abre todos los puntos señalados; luego explica qué información aporta cada uno. Comienza por el recinto o elemento principal y continúa punto por punto sin inferir datos que la imagen no muestra. Todos los puntos inspeccionados y una explicación escrita basada en un dato visible. Terminas cuando abriste todos los puntos y tu explicación identifica un dato, su significado y un límite de la evidencia.",REALIZADA
M4-E2-AE1-2,2,"Lee y utiliza planos, junto con las especificaciones técnicas de distintos sistemas y equipos de refrigeración y climatización, para identificar las dificultades que podrían presentar en la instalación.",Relaciona cada concepto con su significado en este módulo.,Completa,"La consigna indica la acción principal, pero no reúne en un solo lugar el recurso, la evidencia esperada y el criterio de término.",M4-AE1,"Relaciona cada concepto con su significado técnico y justifica una de las relaciones. Lee primero todos los conceptos y significados; después forma las parejas usando función, unidad o documento de respaldo. Todas las parejas correctas y una justificación escrita con vocabulario técnico. Terminas cuando no quedan tarjetas sin pareja y explicas por qué una relación es válida.",REALIZADA
M4-E2-AE1-3,2,"Lee y utiliza planos, junto con las especificaciones técnicas de distintos sistemas y equipos de refrigeración y climatización, para identificar las dificultades que podrían presentar en la instalación.",Ordena el procedimiento de revisión. Arrastra o usa las flechas.,Completa,"La consigna indica la acción principal, pero no reúne en un solo lugar el recurso, la evidencia esperada y el criterio de término.",M4-AE1,Ordena el procedimiento y explica qué riesgo evita el orden elegido. Identifica el paso que prepara el trabajo y el que verifica el resultado; ubica después los pasos intermedios. Secuencia completa y una justificación escrita del orden. Terminas cuando todos los pasos están ordenados y justificas el orden con una consecuencia técnica o de seguridad.,REALIZADA
M4-E2-AE1-4,2,"Lee y utiliza planos, junto con las especificaciones técnicas de distintos sistemas y equipos de refrigeración y climatización, para identificar las dificultades que podrían presentar en la instalación.",La ficha pide 30 cm de acceso y la maqueta muestra 24 cm. ¿Qué harías?,Completa,"La consigna indica la acción principal, pero no reúne en un solo lugar el recurso, la evidencia esperada y el criterio de término.",M4-AE1,"Analiza la evidencia, selecciona la decisión profesional mejor fundamentada y justifícala. Identifica primero qué dato está disponible, qué falta y qué documento permitiría verificarlo. Una alternativa y una justificación escrita que cite un dato o documento. Terminas cuando seleccionas una alternativa y explicas por qué es válida sin agregar información no disponible.",REALIZADA
M4-E2-AE1-5,2,"Lee y utiliza planos, junto con las especificaciones técnicas de distintos sistemas y equipos de refrigeración y climatización, para identificar las dificultades que podrían presentar en la instalación.",Diseña tres comprobaciones documentales previas para el recinto y el equipo.,Completa,"La consigna indica la acción principal, pero no reúne en un solo lugar el recurso, la evidencia esperada y el criterio de término.",M4-AE1,"Analiza la evidencia, selecciona la decisión profesional mejor fundamentada y justifícala. Identifica primero qué dato está disponible, qué falta y qué documento permitiría verificarlo. Una alternativa y una justificación escrita que cite un dato o documento. Terminas cuando seleccionas una alternativa y explicas por qué es válida sin agregar información no disponible.",REALIZADA
M4-E2-AE1-6,2,"Lee y utiliza planos, junto con las especificaciones técnicas de distintos sistemas y equipos de refrigeración y climatización, para identificar las dificultades que podrían presentar en la instalación.",Describe cómo evitarías usar una ficha de otro modelo aunque los equipos se parezcan.,Completa,"La consigna indica la acción principal, pero no reúne en un solo lugar el recurso, la evidencia esperada y el criterio de término.",M4-AE1,"Revisa tu evidencia, identifica un error posible y propone una mejora verificable. Recupera la decisión de la etapa anterior y compárala con el criterio del AE. Una reflexión que nombre evidencia, error o límite, acción de mejora y forma de comprobarla. Terminas cuando la mejora puede ejecutarse y verificarse con una evidencia concreta.",REALIZADA
M4-E2-AE2-1,2,"Instala equipos y componentes de sistemas de refrigeración, climatización, calefacción y ventilación disponibles para instalaciones domiciliarias, considerando las especificaciones técnicas establecidas por los manuales de instalación, la normativa técnica y de seguridad respectiva.",Clasifica cada elemento según su función en el proyecto simulado.,Completa,"La consigna indica la acción principal, pero no reúne en un solo lugar el recurso, la evidencia esperada y el criterio de término.",M4-AE2,"Clasifica cada elemento en la categoría que corresponde y fundamenta una clasificación. Lee las categorías y decide qué función, dato o documento distingue a cada elemento. Todos los elementos clasificados y una justificación escrita. Terminas cuando cada elemento pertenece a una categoría y explicas el criterio usado.",REALIZADA
M4-E2-AE2-2,2,"Instala equipos y componentes de sistemas de refrigeración, climatización, calefacción y ventilación disponibles para instalaciones domiciliarias, considerando las especificaciones técnicas establecidas por los manuales de instalación, la normativa técnica y de seguridad respectiva.",Explica la diferencia entre disponer de un recurso y tener autorizada una tarea.,Completa,"La consigna indica la acción principal, pero no reúne en un solo lugar el recurso, la evidencia esperada y el criterio de término.",M4-AE2,"Analiza la evidencia, selecciona la decisión profesional mejor fundamentada y justifícala. Identifica primero qué dato está disponible, qué falta y qué documento permitiría verificarlo. Una alternativa y una justificación escrita que cite un dato o documento. Terminas cuando seleccionas una alternativa y explicas por qué es válida sin agregar información no disponible.",REALIZADA
M4-E2-AE2-3,2,"Instala equipos y componentes de sistemas de refrigeración, climatización, calefacción y ventilación disponibles para instalaciones domiciliarias, considerando las especificaciones técnicas establecidas por los manuales de instalación, la normativa técnica y de seguridad respectiva.",Marca las comprobaciones mínimas antes de interpretar el caso.,Completa,"La consigna indica la acción principal, pero no reúne en un solo lugar el recurso, la evidencia esperada y el criterio de término.",M4-AE2,"Selecciona las comprobaciones necesarias y explica cuál realizarías primero. Distingue entre datos verificados, datos faltantes y suposiciones antes de marcar. Selección completa y una explicación escrita de la prioridad. Terminas cuando marcas todas las comprobaciones pertinentes y justificas la primera acción.",REALIZADA
M4-E2-AE2-4,2,"Instala equipos y componentes de sistemas de refrigeración, climatización, calefacción y ventilación disponibles para instalaciones domiciliarias, considerando las especificaciones técnicas establecidas por los manuales de instalación, la normativa técnica y de seguridad respectiva.",Dos actividades de 20 y 15 minutos son secuenciales según el enunciado. Calcula el bloque y justifica por qué no usarías el máximo de ambos.,Completa,"La consigna indica la acción principal, pero no reúne en un solo lugar el recurso, la evidencia esperada y el criterio de término.",M4-AE2,"Analiza la evidencia, selecciona la decisión profesional mejor fundamentada y justifícala. Identifica primero qué dato está disponible, qué falta y qué documento permitiría verificarlo. Una alternativa y una justificación escrita que cite un dato o documento. Terminas cuando seleccionas una alternativa y explicas por qué es válida sin agregar información no disponible.",REALIZADA
M4-E2-AE2-5,2,"Instala equipos y componentes de sistemas de refrigeración, climatización, calefacción y ventilación disponibles para instalaciones domiciliarias, considerando las especificaciones técnicas establecidas por los manuales de instalación, la normativa técnica y de seguridad respectiva.","Comprueba un plan que tiene responsables, recursos y plazos, pero no identifica condiciones previas. Propón la mejora.",Completa,"La consigna indica la acción principal, pero no reúne en un solo lugar el recurso, la evidencia esperada y el criterio de término.",M4-AE2,"Analiza la evidencia, selecciona la decisión profesional mejor fundamentada y justifícala. Identifica primero qué dato está disponible, qué falta y qué documento permitiría verificarlo. Una alternativa y una justificación escrita que cite un dato o documento. Terminas cuando seleccionas una alternativa y explicas por qué es válida sin agregar información no disponible.",REALIZADA
M4-E2-AE2-6,2,"Instala equipos y componentes de sistemas de refrigeración, climatización, calefacción y ventilación disponibles para instalaciones domiciliarias, considerando las especificaciones técnicas establecidas por los manuales de instalación, la normativa técnica y de seguridad respectiva.",Redacta un aprendizaje sobre coordinación que aplicarías en tu próximo plan.,Completa,"La consigna indica la acción principal, pero no reúne en un solo lugar el recurso, la evidencia esperada y el criterio de término.",M4-AE2,"Revisa tu evidencia, identifica un error posible y propone una mejora verificable. Recupera la decisión de la etapa anterior y compárala con el criterio del AE. Una reflexión que nombre evidencia, error o límite, acción de mejora y forma de comprobarla. Terminas cuando la mejora puede ejecutarse y verificarse con una evidencia concreta.",REALIZADA
M4-E2-AE3-1,2,"Instala dispositivos de control automáticos, considerando las especificaciones técnicas establecidas desde fábrica, la normativa técnica y de seguridad respectiva.",Lee la orden de trabajo. ¿Qué decisión permite seguir con evidencia?,Completa,"La consigna indica la acción principal, pero no reúne en un solo lugar el recurso, la evidencia esperada y el criterio de término.",M4-AE3,"Analiza la evidencia, selecciona la decisión profesional mejor fundamentada y justifícala. Identifica primero qué dato está disponible, qué falta y qué documento permitiría verificarlo. Una alternativa y una justificación escrita que cite un dato o documento. Terminas cuando seleccionas una alternativa y explicas por qué es válida sin agregar información no disponible.",REALIZADA
M4-E2-AE3-2,2,"Instala dispositivos de control automáticos, considerando las especificaciones técnicas establecidas desde fábrica, la normativa técnica y de seguridad respectiva.",Interpreta la tabla. ¿Qué límite tiene la información?,Completa,"La consigna indica la acción principal, pero no reúne en un solo lugar el recurso, la evidencia esperada y el criterio de término.",M4-AE3,"Analiza la evidencia, selecciona la decisión profesional mejor fundamentada y justifícala. Identifica primero qué dato está disponible, qué falta y qué documento permitiría verificarlo. Una alternativa y una justificación escrita que cite un dato o documento. Terminas cuando seleccionas una alternativa y explicas por qué es válida sin agregar información no disponible.",REALIZADA
M4-E2-AE3-3,2,"Instala dispositivos de control automáticos, considerando las especificaciones técnicas establecidas desde fábrica, la normativa técnica y de seguridad respectiva.","Relaciona EQ-01, su control CTRL-01 y la ficha que declara su vínculo. Indica cómo quedaría registrado.",Completa,"La consigna indica la acción principal, pero no reúne en un solo lugar el recurso, la evidencia esperada y el criterio de término.",M4-AE3,"Analiza la evidencia, selecciona la decisión profesional mejor fundamentada y justifícala. Identifica primero qué dato está disponible, qué falta y qué documento permitiría verificarlo. Una alternativa y una justificación escrita que cite un dato o documento. Terminas cuando seleccionas una alternativa y explicas por qué es válida sin agregar información no disponible.",REALIZADA
M4-E2-AE3-4,2,"Instala dispositivos de control automáticos, considerando las especificaciones técnicas establecidas desde fábrica, la normativa técnica y de seguridad respectiva.","Se solicita dar por finalizada la entrega, pero falta la confirmación de un control. Redacta un estado de entrega fiel a la evidencia.",Completa,"La consigna indica la acción principal, pero no reúne en un solo lugar el recurso, la evidencia esperada y el criterio de término.",M4-AE3,"Analiza la evidencia, selecciona la decisión profesional mejor fundamentada y justifícala. Identifica primero qué dato está disponible, qué falta y qué documento permitiría verificarlo. Una alternativa y una justificación escrita que cite un dato o documento. Terminas cuando seleccionas una alternativa y explicas por qué es válida sin agregar información no disponible.",REALIZADA
M4-E2-AE3-5,2,"Instala dispositivos de control automáticos, considerando las especificaciones técnicas establecidas desde fábrica, la normativa técnica y de seguridad respectiva.","Diseña una pauta de identificación, referencia de compatibilidad y observaciones pendientes.",Completa,"La consigna indica la acción principal, pero no reúne en un solo lugar el recurso, la evidencia esperada y el criterio de término.",M4-AE3,"Analiza la evidencia, selecciona la decisión profesional mejor fundamentada y justifícala. Identifica primero qué dato está disponible, qué falta y qué documento permitiría verificarlo. Una alternativa y una justificación escrita que cite un dato o documento. Terminas cuando seleccionas una alternativa y explicas por qué es válida sin agregar información no disponible.",REALIZADA
M4-E2-AE3-6,2,"Instala dispositivos de control automáticos, considerando las especificaciones técnicas establecidas desde fábrica, la normativa técnica y de seguridad respectiva.",Propón una mejora para que el destinatario entienda qué fue comprobado y qué requiere seguimiento.,Completa,"La consigna indica la acción principal, pero no reúne en un solo lugar el recurso, la evidencia esperada y el criterio de término.",M4-AE3,"Revisa tu evidencia, identifica un error posible y propone una mejora verificable. Recupera la decisión de la etapa anterior y compárala con el criterio del AE. Una reflexión que nombre evidencia, error o límite, acción de mejora y forma de comprobarla. Terminas cuando la mejora puede ejecutarse y verificarse con una evidencia concreta.",REALIZADA
M4-E3-F01,3,Observación anotada,"Marca equipo, acceso lateral y control en el recinto.",Completa,"La consigna original contiene un verbo observable, pero no explicita en conjunto el recurso, el producto y la condición de logro.",M4-AE1,Identifica y marca las zonas solicitadas en la imagen. Abre la imagen y comienza por la etiqueta o punto de referencia principal. Los puntos correctos marcados y una nota con el dato observado. Terminas cuando todos los puntos solicitados están marcados y la nota cita un dato visible.,REALIZADA
M4-E3-F02,3,Recorrido espacial interactivo,Gira alrededor de EQ-02. Entra al acceso de 24 cm y al control.,Completa,"La consigna original contiene un verbo observable, pero no explicita en conjunto el recurso, el producto y la condición de logro.",M4-AE2,"Recorre la representación espacial y examina los componentes indicados. Gira la vista, acércate al primer componente y abre cada punto. Al menos tres componentes inspeccionados y una conclusión breve. Terminas cuando inspeccionaste los componentes requeridos y relacionaste dos datos.",REALIZADA
M4-E3-F03,3,Secuencia en video,Secuencia: obras previas → listado → montaje → verificar control.,Completa,"La consigna original contiene un verbo observable, pero no explicita en conjunto el recurso, el producto y la condición de logro.",M4-AE3,"Identifica un paso del procedimiento y registra el dato técnico que lo sustenta. Mira la secuencia una vez; luego vuelve al momento en que aparece el paso elegido. Un paso seleccionado y un dato visible del video. Terminas cuando registraste un paso y un dato, sin resumir todo el video.",REALIZADA
M4-E3-F04,3,Lectura de oficio,Lee la ficha: 30 cm de acceso. Lee la maqueta: 24 cm.,Completa,"La consigna original contiene un verbo observable, pero no explicita en conjunto el recurso, el producto y la condición de logro.",M4-AE1,"Extrae el dato solicitado y conserva su unidad, etiqueta o revisión. Ubica el campo nombrado antes de copiar el valor. Dato transcrito con su unidad o referencia. Terminas cuando el dato puede rastrearse al recurso y no agregaste información supuesta.",REALIZADA
M4-E3-F05,3,Procedimiento,"Ordena preparación del lugar, montaje y verificación NCh3241.",Completa,"La consigna original contiene un verbo observable, pero no explicita en conjunto el recurso, el producto y la condición de logro.",M4-AE2,Ordena los pasos del procedimiento y verifica su secuencia. Ubica primero la preparación y al final la comprobación. Secuencia completa en el orden técnico esperado. Terminas cuando todos los pasos están ubicados y la verificación queda al cierre.,REALIZADA
M4-E3-F06,3,Cubicación,Lista los materiales que aparecen en el plano para EQ-02 y CTRL.,Completa,"La consigna original contiene un verbo observable, pero no explicita en conjunto el recurso, el producto y la condición de logro.",M4-AE3,Calcula el resultado solicitado usando una sola unidad. Convierte primero todas las medidas a la misma unidad y después opera. Cálculo y resultado con unidad. Terminas cuando el valor y la unidad son correctos y el cálculo usa solo los datos entregados.,REALIZADA
M4-E3-F07,3,Variación de contexto,"Mismo closet, 08:00 en Iquique. El rack no se apaga. ¿Qué cambia?",Completa,"La consigna original contiene un verbo observable, pero no explicita en conjunto el recurso, el producto y la condición de logro.",M4-AE1,"Analiza la situación y registra una respuesta técnica basada en evidencia. Identifica el dato disponible y el dato que falta antes de responder. Respuesta breve con dato, decisión y pendiente. Terminas cuando la respuesta cita evidencia y distingue datos de suposiciones.",REALIZADA
M4-E3-F08,3,Antes / después,Antes: CTRL-02 recibido. Después: pendiente de compatibilidad con CTRL-01.,Completa,"La consigna original contiene un verbo observable, pero no explicita en conjunto el recurso, el producto y la condición de logro.",M4-AE2,"Analiza la situación y registra una respuesta técnica basada en evidencia. Identifica el dato disponible y el dato que falta antes de responder. Respuesta breve con dato, decisión y pendiente. Terminas cuando la respuesta cita evidencia y distingue datos de suposiciones.",REALIZADA
M4-E3-F09,3,Trabajo del error,Se firmó la instalación con 24 cm. Reconstruye por qué falla el acceso.,Completa,"La consigna original contiene un verbo observable, pero no explicita en conjunto el recurso, el producto y la condición de logro.",M4-AE3,"Analiza la situación y registra una respuesta técnica basada en evidencia. Identifica el dato disponible y el dato que falta antes de responder. Respuesta breve con dato, decisión y pendiente. Terminas cuando la respuesta cita evidencia y distingue datos de suposiciones.",REALIZADA
M4-E3-F10,3,Argumentación breve,"Dile al cliente, en dos frases, por qué no se certifica el control sin ficha.",Completa,"La consigna original contiene un verbo observable, pero no explicita en conjunto el recurso, el producto y la condición de logro.",M4-AE1,"Analiza la situación y registra una respuesta técnica basada en evidencia. Identifica el dato disponible y el dato que falta antes de responder. Respuesta breve con dato, decisión y pendiente. Terminas cuando la respuesta cita evidencia y distingue datos de suposiciones.",REALIZADA
M4-E3-F11,3,Términos pareados de oficio,Une EQ-02–equipo recibido; 24 cm–acceso insuficiente según ficha.,Completa,"La consigna original contiene un verbo observable, pero no explicita en conjunto el recurso, el producto y la condición de logro.",M4-AE2,"Relaciona cada elemento con su función, dato o proceso. Lee todas las opciones antes de formar la primera pareja. Todas las parejas completadas. Terminas cuando no quedan elementos sin relacionar y cada pareja responde al recurso.",REALIZADA
M4-E3-F12,3,Bitácora de turno,"Bitácora de montaje: qué se instaló, qué se verificó, qué quedó abierto.",Completa,"La consigna original contiene un verbo observable, pero no explicita en conjunto el recurso, el producto y la condición de logro.",M4-AE3,"Analiza la situación y registra una respuesta técnica basada en evidencia. Identifica el dato disponible y el dato que falta antes de responder. Respuesta breve con dato, decisión y pendiente. Terminas cuando la respuesta cita evidencia y distingue datos de suposiciones.",REALIZADA
M4-E3-F13,3,Consulta acotada al Agente,Una pregunta. El Agente no entrega la respuesta.,Completa,"La consigna original contiene un verbo observable, pero no explicita en conjunto el recurso, el producto y la condición de logro.",M4-AE1,"Analiza la situación y registra una respuesta técnica basada en evidencia. Identifica el dato disponible y el dato que falta antes de responder. Respuesta breve con dato, decisión y pendiente. Terminas cuando la respuesta cita evidencia y distingue datos de suposiciones.",REALIZADA
M4-E3-F14,3,Integración 3D,"En el recinto 3D aplica planos, montaje y control automático.",Completa,"La consigna original contiene un verbo observable, pero no explicita en conjunto el recurso, el producto y la condición de logro.",M4-AE2,"Integra los tres AE al inspeccionar y explicar el recorrido. Recorre los componentes en orden de preparación, ejecución y verificación. Componentes inspeccionados y conclusión que conecte los tres AE. Terminas cuando la conclusión usa evidencia de los tres AE y declara lo pendiente.",REALIZADA
M4-E3-ENC001,3,Condiciones previas EQ-02: ficha vs recinto,"Condiciones previas EQ-02: ficha vs recinto. Producto pedido: Lista: cabe / no cabe / no se afirma. Responde con un dato del plano, la leyenda, la ficha o las notas. Si no está en el documento, indica qué falta y a quién lo consultarías.",Completa,"La secuencia ya explicaba producto, recurso y evidencia; se agrega propósito y criterio de término en el mismo bloque.",M4-AE1,"Elabora el producto solicitado con evidencia trazable del oficio. Lee el producto pedido y localiza un dato en el plano, la leyenda, la ficha o las notas antes de redactar. Lista: cabe / no cabe / no se afirma. Incluye dato visible, decisión y pendiente. Terminas cuando el texto tiene al menos 80 caracteres, entrega el producto pedido y señala la fuente del dato o la consulta necesaria.",REALIZADA
M4-E3-ENC002,3,Condiciones previas: 24 cm vs 30 cm de acceso,"Condiciones previas: 24 cm vs 30 cm de acceso. Producto pedido: Diferencia y consulta. Responde con un dato del plano, la leyenda, la ficha o las notas. Si no está en el documento, indica qué falta y a quién lo consultarías.",Completa,"La secuencia ya explicaba producto, recurso y evidencia; se agrega propósito y criterio de término en el mismo bloque.",M4-AE1,"Elabora el producto solicitado con evidencia trazable del oficio. Lee el producto pedido y localiza un dato en el plano, la leyenda, la ficha o las notas antes de redactar. Diferencia y consulta. Incluye dato visible, decisión y pendiente. Terminas cuando el texto tiene al menos 80 caracteres, entrega el producto pedido y señala la fuente del dato o la consulta necesaria.",REALIZADA
M4-E2-ENC003,2,Condiciones previas: CTRL-01 vs CTRL-02 recibido,"Condiciones previas: CTRL-01 vs CTRL-02 recibido. Producto pedido: No firmar compatibilidad. Responde con un dato del plano, la leyenda, la ficha o las notas. Si no está en el documento, indica qué falta y a quién lo consultarías.",Completa,"La secuencia ya explicaba producto, recurso y evidencia; se agrega propósito y criterio de término en el mismo bloque.",M4-AE1,"Elabora el producto solicitado con evidencia trazable del oficio. Lee el producto pedido y localiza un dato en el plano, la leyenda, la ficha o las notas antes de redactar. No firmar compatibilidad. Incluye dato visible, decisión y pendiente. Terminas cuando el texto tiene al menos 80 caracteres, entrega el producto pedido y señala la fuente del dato o la consulta necesaria.",REALIZADA
M4-E2-ENC004,2,Condiciones previas: obras civiles incompletas,"Condiciones previas: obras civiles incompletas. Producto pedido: Qué debe existir antes del montaje. Responde con un dato del plano, la leyenda, la ficha o las notas. Si no está en el documento, indica qué falta y a quién lo consultarías.",Completa,"La secuencia ya explicaba producto, recurso y evidencia; se agrega propósito y criterio de término en el mismo bloque.",M4-AE2,"Elabora el producto solicitado con evidencia trazable del oficio. Lee el producto pedido y localiza un dato en el plano, la leyenda, la ficha o las notas antes de redactar. Qué debe existir antes del montaje. Incluye dato visible, decisión y pendiente. Terminas cuando el texto tiene al menos 80 caracteres, entrega el producto pedido y señala la fuente del dato o la consulta necesaria.",REALIZADA
M4-E3-ENC005,3,Equipo recibido vs dossier EQ-02,"Equipo recibido vs dossier EQ-02. Producto pedido: Coincide modelo; falta acceso. Responde con un dato del plano, la leyenda, la ficha o las notas. Si no está en el documento, indica qué falta y a quién lo consultarías.",Completa,"La secuencia ya explicaba producto, recurso y evidencia; se agrega propósito y criterio de término en el mismo bloque.",M4-AE2,"Elabora el producto solicitado con evidencia trazable del oficio. Lee el producto pedido y localiza un dato en el plano, la leyenda, la ficha o las notas antes de redactar. Coincide modelo; falta acceso. Incluye dato visible, decisión y pendiente. Terminas cuando el texto tiene al menos 80 caracteres, entrega el producto pedido y señala la fuente del dato o la consulta necesaria.",REALIZADA
M4-E3-ENC006,3,Control recibido CTRL-02 vs CTRL-01 del proyecto,"Control recibido CTRL-02 vs CTRL-01 del proyecto. Producto pedido: Consulta de compatibilidad. Responde con un dato del plano, la leyenda, la ficha o las notas. Si no está en el documento, indica qué falta y a quién lo consultarías.",Completa,"La secuencia ya explicaba producto, recurso y evidencia; se agrega propósito y criterio de término en el mismo bloque.",M4-AE3,"Elabora el producto solicitado con evidencia trazable del oficio. Lee el producto pedido y localiza un dato en el plano, la leyenda, la ficha o las notas antes de redactar. Consulta de compatibilidad. Incluye dato visible, decisión y pendiente. Terminas cuando el texto tiene al menos 80 caracteres, entrega el producto pedido y señala la fuente del dato o la consulta necesaria.",REALIZADA
M4-E3-ENC007,3,Split 9000 BTU a 8 cm del rack,"Split 9000 BTU a 8 cm del rack. Producto pedido: Cabe el equipo; no hay mantención. Responde con un dato del plano, la leyenda, la ficha o las notas. Si no está en el documento, indica qué falta y a quién lo consultarías.",Completa,"La secuencia ya explicaba producto, recurso y evidencia; se agrega propósito y criterio de término en el mismo bloque.",M4-AE2,"Elabora el producto solicitado con evidencia trazable del oficio. Lee el producto pedido y localiza un dato en el plano, la leyenda, la ficha o las notas antes de redactar. Cabe el equipo; no hay mantención. Incluye dato visible, decisión y pendiente. Terminas cuando el texto tiene al menos 80 caracteres, entrega el producto pedido y señala la fuente del dato o la consulta necesaria.",REALIZADA
M4-E3-ENC008,3,"Cassette UI-01 ya en techo, leyenda incompleta","Cassette UI-01 ya en techo, leyenda incompleta. Producto pedido: Reusa hallazgo M1. Responde con un dato del plano, la leyenda, la ficha o las notas. Si no está en el documento, indica qué falta y a quién lo consultarías.",Completa,"La secuencia ya explicaba producto, recurso y evidencia; se agrega propósito y criterio de término en el mismo bloque.",M4-AE2,"Elabora el producto solicitado con evidencia trazable del oficio. Lee el producto pedido y localiza un dato en el plano, la leyenda, la ficha o las notas antes de redactar. Reusa hallazgo M1. Incluye dato visible, decisión y pendiente. Terminas cuando el texto tiene al menos 80 caracteres, entrega el producto pedido y señala la fuente del dato o la consulta necesaria.",REALIZADA
M4-E3-ENC009,3,"Tres UE en planta C, dos en listado A","Tres UE en planta C, dos en listado A. Producto pedido: No comprar con el listado viejo. Responde con un dato del plano, la leyenda, la ficha o las notas. Si no está en el documento, indica qué falta y a quién lo consultarías.",Completa,"La secuencia ya explicaba producto, recurso y evidencia; se agrega propósito y criterio de término en el mismo bloque.",M4-AE1,"Elabora el producto solicitado con evidencia trazable del oficio. Lee el producto pedido y localiza un dato en el plano, la leyenda, la ficha o las notas antes de redactar. No comprar con el listado viejo. Incluye dato visible, decisión y pendiente. Terminas cuando el texto tiene al menos 80 caracteres, entrega el producto pedido y señala la fuente del dato o la consulta necesaria.",REALIZADA
M4-E2-ENC010,2,Plan de montaje: secuencia de 20+15 min,"Plan de montaje: secuencia de 20+15 min. Producto pedido: Orden y duración del bloque. Responde con un dato del plano, la leyenda, la ficha o las notas. Si no está en el documento, indica qué falta y a quién lo consultarías.",Completa,"La secuencia ya explicaba producto, recurso y evidencia; se agrega propósito y criterio de término en el mismo bloque.",M4-AE2,"Elabora el producto solicitado con evidencia trazable del oficio. Lee el producto pedido y localiza un dato en el plano, la leyenda, la ficha o las notas antes de redactar. Orden y duración del bloque. Incluye dato visible, decisión y pendiente. Terminas cuando el texto tiene al menos 80 caracteres, entrega el producto pedido y señala la fuente del dato o la consulta necesaria.",REALIZADA
M4-E2-ENC011,2,Plan de montaje: recursos y no apagar el rack,"Plan de montaje: recursos y no apagar el rack. Producto pedido: Plan que conserva el servicio de TI. Responde con un dato del plano, la leyenda, la ficha o las notas. Si no está en el documento, indica qué falta y a quién lo consultarías.",Completa,"La secuencia ya explicaba producto, recurso y evidencia; se agrega propósito y criterio de término en el mismo bloque.",M4-AE2,"Elabora el producto solicitado con evidencia trazable del oficio. Lee el producto pedido y localiza un dato en el plano, la leyenda, la ficha o las notas antes de redactar. Plan que conserva el servicio de TI. Incluye dato visible, decisión y pendiente. Terminas cuando el texto tiene al menos 80 caracteres, entrega el producto pedido y señala la fuente del dato o la consulta necesaria.",REALIZADA
M4-E2-ENC012,2,"Plan de montaje: cubierta de hotel, check-in viernes","Plan de montaje: cubierta de hotel, check-in viernes. Producto pedido: Qué se puede montar con la revisión C. Responde con un dato del plano, la leyenda, la ficha o las notas. Si no está en el documento, indica qué falta y a quién lo consultarías.",Completa,"La secuencia ya explicaba producto, recurso y evidencia; se agrega propósito y criterio de término en el mismo bloque.",M4-AE2,"Elabora el producto solicitado con evidencia trazable del oficio. Lee el producto pedido y localiza un dato en el plano, la leyenda, la ficha o las notas antes de redactar. Qué se puede montar con la revisión C. Incluye dato visible, decisión y pendiente. Terminas cuando el texto tiene al menos 80 caracteres, entrega el producto pedido y señala la fuente del dato o la consulta necesaria.",REALIZADA
M4-E3-ENC013,3,Plan de montaje: gimnasio 4 UI vs 3 en compra,"Plan de montaje: gimnasio 4 UI vs 3 en compra. Producto pedido: Dónde queda el cuarto cuadrante. Responde con un dato del plano, la leyenda, la ficha o las notas. Si no está en el documento, indica qué falta y a quién lo consultarías.",Completa,"La secuencia ya explicaba producto, recurso y evidencia; se agrega propósito y criterio de término en el mismo bloque.",M4-AE2,"Elabora el producto solicitado con evidencia trazable del oficio. Lee el producto pedido y localiza un dato en el plano, la leyenda, la ficha o las notas antes de redactar. Dónde queda el cuarto cuadrante. Incluye dato visible, decisión y pendiente. Terminas cuando el texto tiene al menos 80 caracteres, entrega el producto pedido y señala la fuente del dato o la consulta necesaria.",REALIZADA
M4-E3-ENC014,3,Acceso lateral 24 vs 30 cm (closet servidores),"Acceso lateral 24 vs 30 cm (closet servidores). Producto pedido: No certificar mantención. Responde con un dato del plano, la leyenda, la ficha o las notas. Si no está en el documento, indica qué falta y a quién lo consultarías.",Completa,"La secuencia ya explicaba producto, recurso y evidencia; se agrega propósito y criterio de término en el mismo bloque.",M4-AE2,"Elabora el producto solicitado con evidencia trazable del oficio. Lee el producto pedido y localiza un dato en el plano, la leyenda, la ficha o las notas antes de redactar. No certificar mantención. Incluye dato visible, decisión y pendiente. Terminas cuando el texto tiene al menos 80 caracteres, entrega el producto pedido y señala la fuente del dato o la consulta necesaria.",REALIZADA
M4-E3-ENC015,3,Acceso: equipo cabe y aun así falta espacio,"Acceso: equipo cabe y aun así falta espacio. Producto pedido: Dato de ficha, no de apariencia. Responde con un dato del plano, la leyenda, la ficha o las notas. Si no está en el documento, indica qué falta y a quién lo consultarías.",Completa,"La secuencia ya explicaba producto, recurso y evidencia; se agrega propósito y criterio de término en el mismo bloque.",M4-AE2,"Elabora el producto solicitado con evidencia trazable del oficio. Lee el producto pedido y localiza un dato en el plano, la leyenda, la ficha o las notas antes de redactar. Dato de ficha, no de apariencia. Incluye dato visible, decisión y pendiente. Terminas cuando el texto tiene al menos 80 caracteres, entrega el producto pedido y señala la fuente del dato o la consulta necesaria.",REALIZADA
M4-E2-ENC016,2,Acceso: filtro que no se puede cambiar,"Acceso: filtro que no se puede cambiar. Producto pedido: Consecuencia de firmar el 24 cm. Responde con un dato del plano, la leyenda, la ficha o las notas. Si no está en el documento, indica qué falta y a quién lo consultarías.",Completa,"La secuencia ya explicaba producto, recurso y evidencia; se agrega propósito y criterio de término en el mismo bloque.",M4-AE2,"Elabora el producto solicitado con evidencia trazable del oficio. Lee el producto pedido y localiza un dato en el plano, la leyenda, la ficha o las notas antes de redactar. Consecuencia de firmar el 24 cm. Incluye dato visible, decisión y pendiente. Terminas cuando el texto tiene al menos 80 caracteres, entrega el producto pedido y señala la fuente del dato o la consulta necesaria.",REALIZADA
M4-E2-ENC017,2,Control automático: conector ≠ compatibilidad,"Control automático: conector ≠ compatibilidad. Producto pedido: Dato de documentación. Responde con un dato del plano, la leyenda, la ficha o las notas. Si no está en el documento, indica qué falta y a quién lo consultarías.",Completa,"La secuencia ya explicaba producto, recurso y evidencia; se agrega propósito y criterio de término en el mismo bloque.",M4-AE3,"Elabora el producto solicitado con evidencia trazable del oficio. Lee el producto pedido y localiza un dato en el plano, la leyenda, la ficha o las notas antes de redactar. Dato de documentación. Incluye dato visible, decisión y pendiente. Terminas cuando el texto tiene al menos 80 caracteres, entrega el producto pedido y señala la fuente del dato o la consulta necesaria.",REALIZADA
M4-E2-ENC018,2,Control: muro este vs muro oeste (sol de tarde),"Control: muro este vs muro oeste (sol de tarde). Producto pedido: Cuál documento manda. Responde con un dato del plano, la leyenda, la ficha o las notas. Si no está en el documento, indica qué falta y a quién lo consultarías.",Completa,"La secuencia ya explicaba producto, recurso y evidencia; se agrega propósito y criterio de término en el mismo bloque.",M4-AE3,"Elabora el producto solicitado con evidencia trazable del oficio. Lee el producto pedido y localiza un dato en el plano, la leyenda, la ficha o las notas antes de redactar. Cuál documento manda. Incluye dato visible, decisión y pendiente. Terminas cuando el texto tiene al menos 80 caracteres, entrega el producto pedido y señala la fuente del dato o la consulta necesaria.",REALIZADA
M4-E3-ENC019,3,Control: sensor al sol o detrás del escritorio,"Control: sensor al sol o detrás del escritorio. Producto pedido: Riesgo de cada muro. Responde con un dato del plano, la leyenda, la ficha o las notas. Si no está en el documento, indica qué falta y a quién lo consultarías.",Completa,"La secuencia ya explicaba producto, recurso y evidencia; se agrega propósito y criterio de término en el mismo bloque.",M4-AE3,"Elabora el producto solicitado con evidencia trazable del oficio. Lee el producto pedido y localiza un dato en el plano, la leyenda, la ficha o las notas antes de redactar. Riesgo de cada muro. Incluye dato visible, decisión y pendiente. Terminas cuando el texto tiene al menos 80 caracteres, entrega el producto pedido y señala la fuente del dato o la consulta necesaria.",REALIZADA
M4-E3-ENC020,3,Control: ficha vs conector recibido,"Control: ficha vs conector recibido. Producto pedido: Consulta, no instalación. Responde con un dato del plano, la leyenda, la ficha o las notas. Si no está en el documento, indica qué falta y a quién lo consultarías.",Completa,"La secuencia ya explicaba producto, recurso y evidencia; se agrega propósito y criterio de término en el mismo bloque.",M4-AE3,"Elabora el producto solicitado con evidencia trazable del oficio. Lee el producto pedido y localiza un dato en el plano, la leyenda, la ficha o las notas antes de redactar. Consulta, no instalación. Incluye dato visible, decisión y pendiente. Terminas cuando el texto tiene al menos 80 caracteres, entrega el producto pedido y señala la fuente del dato o la consulta necesaria.",REALIZADA
M4-E3-ENC021,3,Estado de entrega: EQ-02 verificado / acceso pendiente,"Estado de entrega: EQ-02 verificado / acceso pendiente. Producto pedido: Acta de recepción parcial. Responde con un dato del plano, la leyenda, la ficha o las notas. Si no está en el documento, indica qué falta y a quién lo consultarías.",Completa,"La secuencia ya explicaba producto, recurso y evidencia; se agrega propósito y criterio de término en el mismo bloque.",M4-AE2,"Elabora el producto solicitado con evidencia trazable del oficio. Lee el producto pedido y localiza un dato en el plano, la leyenda, la ficha o las notas antes de redactar. Acta de recepción parcial. Incluye dato visible, decisión y pendiente. Terminas cuando el texto tiene al menos 80 caracteres, entrega el producto pedido y señala la fuente del dato o la consulta necesaria.",REALIZADA
M4-E3-ENC022,3,Estado de entrega: CTRL no compatible,"Estado de entrega: CTRL no compatible. Producto pedido: Abierto / no afirmable. Responde con un dato del plano, la leyenda, la ficha o las notas. Si no está en el documento, indica qué falta y a quién lo consultarías.",Completa,"La secuencia ya explicaba producto, recurso y evidencia; se agrega propósito y criterio de término en el mismo bloque.",M4-AE2,"Elabora el producto solicitado con evidencia trazable del oficio. Lee el producto pedido y localiza un dato en el plano, la leyenda, la ficha o las notas antes de redactar. Abierto / no afirmable. Incluye dato visible, decisión y pendiente. Terminas cuando el texto tiene al menos 80 caracteres, entrega el producto pedido y señala la fuente del dato o la consulta necesaria.",REALIZADA
M4-E2-ENC023,2,Estado de entrega: tres hallazgos del M1 que siguen abiertos,"Estado de entrega: tres hallazgos del M1 que siguen abiertos. Producto pedido: Cita etiqueta duplicada, drenaje, D-04. Responde con un dato del plano, la leyenda, la ficha o las notas. Si no está en el documento, indica qué falta y a quién lo consultarías.",Completa,"La secuencia ya explicaba producto, recurso y evidencia; se agrega propósito y criterio de término en el mismo bloque.",M4-AE3,"Elabora el producto solicitado con evidencia trazable del oficio. Lee el producto pedido y localiza un dato en el plano, la leyenda, la ficha o las notas antes de redactar. Cita etiqueta duplicada, drenaje, D-04. Incluye dato visible, decisión y pendiente. Terminas cuando el texto tiene al menos 80 caracteres, entrega el producto pedido y señala la fuente del dato o la consulta necesaria.",REALIZADA
M4-E2-ENC024,2,"Estado de entrega: red del M3, prueba B pendiente","Estado de entrega: red del M3, prueba B pendiente. Producto pedido: No dar conformidad de equipos sobre red abierta. Responde con un dato del plano, la leyenda, la ficha o las notas. Si no está en el documento, indica qué falta y a quién lo consultarías.",Completa,"La secuencia ya explicaba producto, recurso y evidencia; se agrega propósito y criterio de término en el mismo bloque.",M4-AE3,"Elabora el producto solicitado con evidencia trazable del oficio. Lee el producto pedido y localiza un dato en el plano, la leyenda, la ficha o las notas antes de redactar. No dar conformidad de equipos sobre red abierta. Incluye dato visible, decisión y pendiente. Terminas cuando el texto tiene al menos 80 caracteres, entrega el producto pedido y señala la fuente del dato o la consulta necesaria.",REALIZADA
M4-E3-ENC025,3,Estado de entrega: cierre documental del liceo,"Estado de entrega: cierre documental del liceo. Producto pedido: Qué se entrega al inspector. Responde con un dato del plano, la leyenda, la ficha o las notas. Si no está en el documento, indica qué falta y a quién lo consultarías.",Completa,"La secuencia ya explicaba producto, recurso y evidencia; se agrega propósito y criterio de término en el mismo bloque.",M4-AE1,"Elabora el producto solicitado con evidencia trazable del oficio. Lee el producto pedido y localiza un dato en el plano, la leyenda, la ficha o las notas antes de redactar. Qué se entrega al inspector. Incluye dato visible, decisión y pendiente. Terminas cuando el texto tiene al menos 80 caracteres, entrega el producto pedido y señala la fuente del dato o la consulta necesaria.",REALIZADA
M4-E3-ENC026,3,Estado de entrega: firma 18:00 vs registro trazable,"Estado de entrega: firma 18:00 vs registro trazable. Producto pedido: Minuta, no WhatsApp. Responde con un dato del plano, la leyenda, la ficha o las notas. Si no está en el documento, indica qué falta y a quién lo consultarías.",Completa,"La secuencia ya explicaba producto, recurso y evidencia; se agrega propósito y criterio de término en el mismo bloque.",M4-AE1,"Elabora el producto solicitado con evidencia trazable del oficio. Lee el producto pedido y localiza un dato en el plano, la leyenda, la ficha o las notas antes de redactar. Minuta, no WhatsApp. Incluye dato visible, decisión y pendiente. Terminas cuando el texto tiene al menos 80 caracteres, entrega el producto pedido y señala la fuente del dato o la consulta necesaria.",REALIZADA
M4-E3-ENC027,3,Citar M1: leyenda incompleta de la sala 3°,"Citar M1: leyenda incompleta de la sala 3°. Producto pedido: El montaje no cierra esa leyenda. Responde con un dato del plano, la leyenda, la ficha o las notas. Si no está en el documento, indica qué falta y a quién lo consultarías.",Completa,"La secuencia ya explicaba producto, recurso y evidencia; se agrega propósito y criterio de término en el mismo bloque.",M4-AE1,"Elabora el producto solicitado con evidencia trazable del oficio. Lee el producto pedido y localiza un dato en el plano, la leyenda, la ficha o las notas antes de redactar. El montaje no cierra esa leyenda. Incluye dato visible, decisión y pendiente. Terminas cuando el texto tiene al menos 80 caracteres, entrega el producto pedido y señala la fuente del dato o la consulta necesaria.",REALIZADA
M4-E3-ENC028,3,Citar M2: visor 4 °C no autoriza a mover el equipo,"Citar M2: visor 4 °C no autoriza a mover el equipo. Producto pedido: Medición ≠ permiso de ubicación. Responde con un dato del plano, la leyenda, la ficha o las notas. Si no está en el documento, indica qué falta y a quién lo consultarías.",Completa,"La secuencia ya explicaba producto, recurso y evidencia; se agrega propósito y criterio de término en el mismo bloque.",M4-AE2,"Elabora el producto solicitado con evidencia trazable del oficio. Lee el producto pedido y localiza un dato en el plano, la leyenda, la ficha o las notas antes de redactar. Medición ≠ permiso de ubicación. Incluye dato visible, decisión y pendiente. Terminas cuando el texto tiene al menos 80 caracteres, entrega el producto pedido y señala la fuente del dato o la consulta necesaria.",REALIZADA
M4-E3-ENC029,3,"Citar M3: cruce B sin cota, no montar sobre interferencia","Citar M3: cruce B sin cota, no montar sobre interferencia. Producto pedido: Dependencia de red abierta. Responde con un dato del plano, la leyenda, la ficha o las notas. Si no está en el documento, indica qué falta y a quién lo consultarías.",Completa,"La secuencia ya explicaba producto, recurso y evidencia; se agrega propósito y criterio de término en el mismo bloque.",M4-AE3,"Elabora el producto solicitado con evidencia trazable del oficio. Lee el producto pedido y localiza un dato en el plano, la leyenda, la ficha o las notas antes de redactar. Dependencia de red abierta. Incluye dato visible, decisión y pendiente. Terminas cuando el texto tiene al menos 80 caracteres, entrega el producto pedido y señala la fuente del dato o la consulta necesaria.",REALIZADA
M4-E3-ENC030,3,Recinto rack / servidores,"Recinto rack / servidores. Producto pedido: Plan que no apaga el correo. Responde con un dato del plano, la leyenda, la ficha o las notas. Si no está en el documento, indica qué falta y a quién lo consultarías.",Completa,"La secuencia ya explicaba producto, recurso y evidencia; se agrega propósito y criterio de término en el mismo bloque.",M4-AE2,"Elabora el producto solicitado con evidencia trazable del oficio. Lee el producto pedido y localiza un dato en el plano, la leyenda, la ficha o las notas antes de redactar. Plan que no apaga el correo. Incluye dato visible, decisión y pendiente. Terminas cuando el texto tiene al menos 80 caracteres, entrega el producto pedido y señala la fuente del dato o la consulta necesaria.",REALIZADA
M4-E3-ENC031,3,Recinto cassette de aula,"Recinto cassette de aula. Producto pedido: UI-01 vs leyenda del M1. Responde con un dato del plano, la leyenda, la ficha o las notas. Si no está en el documento, indica qué falta y a quién lo consultarías.",Completa,"La secuencia ya explicaba producto, recurso y evidencia; se agrega propósito y criterio de término en el mismo bloque.",M4-AE2,"Elabora el producto solicitado con evidencia trazable del oficio. Lee el producto pedido y localiza un dato en el plano, la leyenda, la ficha o las notas antes de redactar. UI-01 vs leyenda del M1. Incluye dato visible, decisión y pendiente. Terminas cuando el texto tiene al menos 80 caracteres, entrega el producto pedido y señala la fuente del dato o la consulta necesaria.",REALIZADA
M4-E3-ENC032,3,Recinto cubierta de hotel,"Recinto cubierta de hotel. Producto pedido: Tres UE, listado de dos. Responde con un dato del plano, la leyenda, la ficha o las notas. Si no está en el documento, indica qué falta y a quién lo consultarías.",Completa,"La secuencia ya explicaba producto, recurso y evidencia; se agrega propósito y criterio de término en el mismo bloque.",M4-AE1,"Elabora el producto solicitado con evidencia trazable del oficio. Lee el producto pedido y localiza un dato en el plano, la leyenda, la ficha o las notas antes de redactar. Tres UE, listado de dos. Incluye dato visible, decisión y pendiente. Terminas cuando el texto tiene al menos 80 caracteres, entrega el producto pedido y señala la fuente del dato o la consulta necesaria.",REALIZADA
M4-E3-ENC033,3,Recinto gimnasio municipal,"Recinto gimnasio municipal. Producto pedido: Cuatro cuadrantes, tres equipos. Responde con un dato del plano, la leyenda, la ficha o las notas. Si no está en el documento, indica qué falta y a quién lo consultarías.",Completa,"La secuencia ya explicaba producto, recurso y evidencia; se agrega propósito y criterio de término en el mismo bloque.",M4-AE1,"Elabora el producto solicitado con evidencia trazable del oficio. Lee el producto pedido y localiza un dato en el plano, la leyenda, la ficha o las notas antes de redactar. Cuatro cuadrantes, tres equipos. Incluye dato visible, decisión y pendiente. Terminas cuando el texto tiene al menos 80 caracteres, entrega el producto pedido y señala la fuente del dato o la consulta necesaria.",REALIZADA
M4-E3-ENC034,3,Presión: TI no apaga el rack,"Presión: TI no apaga el rack. Producto pedido: Decisión sin cortar servicio. Responde con un dato del plano, la leyenda, la ficha o las notas. Si no está en el documento, indica qué falta y a quién lo consultarías.",Completa,"La secuencia ya explicaba producto, recurso y evidencia; se agrega propósito y criterio de término en el mismo bloque.",M4-AE2,"Elabora el producto solicitado con evidencia trazable del oficio. Lee el producto pedido y localiza un dato en el plano, la leyenda, la ficha o las notas antes de redactar. Decisión sin cortar servicio. Incluye dato visible, decisión y pendiente. Terminas cuando el texto tiene al menos 80 caracteres, entrega el producto pedido y señala la fuente del dato o la consulta necesaria.",REALIZADA
M4-E3-ENC035,3,"Presión: cadena de frío 4,0 °C","Presión: cadena de frío 4,0 °C. Producto pedido: No mover el refrigerador. Responde con un dato del plano, la leyenda, la ficha o las notas. Si no está en el documento, indica qué falta y a quién lo consultarías.",Completa,"La secuencia ya explicaba producto, recurso y evidencia; se agrega propósito y criterio de término en el mismo bloque.",M4-AE2,"Elabora el producto solicitado con evidencia trazable del oficio. Lee el producto pedido y localiza un dato en el plano, la leyenda, la ficha o las notas antes de redactar. No mover el refrigerador. Incluye dato visible, decisión y pendiente. Terminas cuando el texto tiene al menos 80 caracteres, entrega el producto pedido y señala la fuente del dato o la consulta necesaria.",REALIZADA
M4-E2-ENC036,2,Presión: check-in el viernes,"Presión: check-in el viernes. Producto pedido: Qué se puede firmar hoy. Responde con un dato del plano, la leyenda, la ficha o las notas. Si no está en el documento, indica qué falta y a quién lo consultarías.",Completa,"La secuencia ya explicaba producto, recurso y evidencia; se agrega propósito y criterio de término en el mismo bloque.",M4-AE3,"Elabora el producto solicitado con evidencia trazable del oficio. Lee el producto pedido y localiza un dato en el plano, la leyenda, la ficha o las notas antes de redactar. Qué se puede firmar hoy. Incluye dato visible, decisión y pendiente. Terminas cuando el texto tiene al menos 80 caracteres, entrega el producto pedido y señala la fuente del dato o la consulta necesaria.",REALIZADA
M4-E3-CAS01,3,Modelo diferente,¿Qué decisión tomarías?,Completa,"La interfaz pedía elegir y justificar, pero no exigía de forma visible citar la evidencia ni declarar cómo verificar la decisión.",M4-AE1,"Analiza el caso, selecciona la decisión profesional y justifícala con evidencia. Lee la presión del contexto; separa los datos comprobables de las suposiciones y localiza el antecedente que falta. Una alternativa y una justificación de al menos 20 caracteres que cite un dato, documento o criterio. Terminas cuando la alternativa es coherente con la evidencia y la justificación explica qué harías, por qué y qué verificarías.",REALIZADA
M4-E3-CAS02,3,Acceso insuficiente,¿Qué decisión tomarías?,Completa,"La interfaz pedía elegir y justificar, pero no exigía de forma visible citar la evidencia ni declarar cómo verificar la decisión.",M4-AE2,"Analiza el caso, selecciona la decisión profesional y justifícala con evidencia. Lee la presión del contexto; separa los datos comprobables de las suposiciones y localiza el antecedente que falta. Una alternativa y una justificación de al menos 20 caracteres que cite un dato, documento o criterio. Terminas cuando la alternativa es coherente con la evidencia y la justificación explica qué harías, por qué y qué verificarías.",REALIZADA
M4-E3-CAS03,3,Obra previa pendiente,¿Qué decisión tomarías?,Completa,"La interfaz pedía elegir y justificar, pero no exigía de forma visible citar la evidencia ni declarar cómo verificar la decisión.",M4-AE3,"Analiza el caso, selecciona la decisión profesional y justifícala con evidencia. Lee la presión del contexto; separa los datos comprobables de las suposiciones y localiza el antecedente que falta. Una alternativa y una justificación de al menos 20 caracteres que cite un dato, documento o criterio. Terminas cuando la alternativa es coherente con la evidencia y la justificación explica qué harías, por qué y qué verificarías.",REALIZADA
M4-E3-CAS04,3,Inventario incompleto,¿Qué decisión tomarías?,Completa,"La interfaz pedía elegir y justificar, pero no exigía de forma visible citar la evidencia ni declarar cómo verificar la decisión.",M4-AE1,"Analiza el caso, selecciona la decisión profesional y justifícala con evidencia. Lee la presión del contexto; separa los datos comprobables de las suposiciones y localiza el antecedente que falta. Una alternativa y una justificación de al menos 20 caracteres que cite un dato, documento o criterio. Terminas cuando la alternativa es coherente con la evidencia y la justificación explica qué harías, por qué y qué verificarías.",REALIZADA
M4-E3-CAS05,3,Cambio de ubicación,¿Qué decisión tomarías?,Completa,"La interfaz pedía elegir y justificar, pero no exigía de forma visible citar la evidencia ni declarar cómo verificar la decisión.",M4-AE2,"Analiza el caso, selecciona la decisión profesional y justifícala con evidencia. Lee la presión del contexto; separa los datos comprobables de las suposiciones y localiza el antecedente que falta. Una alternativa y una justificación de al menos 20 caracteres que cite un dato, documento o criterio. Terminas cuando la alternativa es coherente con la evidencia y la justificación explica qué harías, por qué y qué verificarías.",REALIZADA
M4-E3-CAS06,3,Control no declarado,¿Qué decisión tomarías?,Completa,"La interfaz pedía elegir y justificar, pero no exigía de forma visible citar la evidencia ni declarar cómo verificar la decisión.",M4-AE3,"Analiza el caso, selecciona la decisión profesional y justifícala con evidencia. Lee la presión del contexto; separa los datos comprobables de las suposiciones y localiza el antecedente que falta. Una alternativa y una justificación de al menos 20 caracteres que cite un dato, documento o criterio. Terminas cuando la alternativa es coherente con la evidencia y la justificación explica qué harías, por qué y qué verificarías.",REALIZADA
M4-E3-CAS07,3,Etiqueta ilegible,¿Qué decisión tomarías?,Completa,"La interfaz pedía elegir y justificar, pero no exigía de forma visible citar la evidencia ni declarar cómo verificar la decisión.",M4-AE1,"Analiza el caso, selecciona la decisión profesional y justifícala con evidencia. Lee la presión del contexto; separa los datos comprobables de las suposiciones y localiza el antecedente que falta. Una alternativa y una justificación de al menos 20 caracteres que cite un dato, documento o criterio. Terminas cuando la alternativa es coherente con la evidencia y la justificación explica qué harías, por qué y qué verificarías.",REALIZADA
M4-E3-CAS08,3,Actividades dependientes,¿Qué decisión tomarías?,Completa,"La interfaz pedía elegir y justificar, pero no exigía de forma visible citar la evidencia ni declarar cómo verificar la decisión.",M4-AE2,"Analiza el caso, selecciona la decisión profesional y justifícala con evidencia. Lee la presión del contexto; separa los datos comprobables de las suposiciones y localiza el antecedente que falta. Una alternativa y una justificación de al menos 20 caracteres que cite un dato, documento o criterio. Terminas cuando la alternativa es coherente con la evidencia y la justificación explica qué harías, por qué y qué verificarías.",REALIZADA
M4-E3-CAS09,3,Responsable ausente,¿Qué decisión tomarías?,Completa,"La interfaz pedía elegir y justificar, pero no exigía de forma visible citar la evidencia ni declarar cómo verificar la decisión.",M4-AE3,"Analiza el caso, selecciona la decisión profesional y justifícala con evidencia. Lee la presión del contexto; separa los datos comprobables de las suposiciones y localiza el antecedente que falta. Una alternativa y una justificación de al menos 20 caracteres que cite un dato, documento o criterio. Terminas cuando la alternativa es coherente con la evidencia y la justificación explica qué harías, por qué y qué verificarías.",REALIZADA
M4-E3-CAS10,3,Compatibilidad supuesta,¿Qué decisión tomarías?,Completa,"La interfaz pedía elegir y justificar, pero no exigía de forma visible citar la evidencia ni declarar cómo verificar la decisión.",M4-AE1,"Analiza el caso, selecciona la decisión profesional y justifícala con evidencia. Lee la presión del contexto; separa los datos comprobables de las suposiciones y localiza el antecedente que falta. Una alternativa y una justificación de al menos 20 caracteres que cite un dato, documento o criterio. Terminas cuando la alternativa es coherente con la evidencia y la justificación explica qué harías, por qué y qué verificarías.",REALIZADA
M4-E3-CAS11,3,Entrega con pendientes,¿Qué decisión tomarías?,Completa,"La interfaz pedía elegir y justificar, pero no exigía de forma visible citar la evidencia ni declarar cómo verificar la decisión.",M4-AE2,"Analiza el caso, selecciona la decisión profesional y justifícala con evidencia. Lee la presión del contexto; separa los datos comprobables de las suposiciones y localiza el antecedente que falta. Una alternativa y una justificación de al menos 20 caracteres que cite un dato, documento o criterio. Terminas cuando la alternativa es coherente con la evidencia y la justificación explica qué harías, por qué y qué verificarías.",REALIZADA
M4-E3-CAS12,3,Distancia sin referencia,¿Qué decisión tomarías?,Completa,"La interfaz pedía elegir y justificar, pero no exigía de forma visible citar la evidencia ni declarar cómo verificar la decisión.",M4-AE3,"Analiza el caso, selecciona la decisión profesional y justifícala con evidencia. Lee la presión del contexto; separa los datos comprobables de las suposiciones y localiza el antecedente que falta. Una alternativa y una justificación de al menos 20 caracteres que cite un dato, documento o criterio. Terminas cuando la alternativa es coherente con la evidencia y la justificación explica qué harías, por qué y qué verificarías.",REALIZADA
M4-E3-CAS13,3,Secuencia de revisión,¿Qué decisión tomarías?,Completa,"La interfaz pedía elegir y justificar, pero no exigía de forma visible citar la evidencia ni declarar cómo verificar la decisión.",M4-AE1,"Analiza el caso, selecciona la decisión profesional y justifícala con evidencia. Lee la presión del contexto; separa los datos comprobables de las suposiciones y localiza el antecedente que falta. Una alternativa y una justificación de al menos 20 caracteres que cite un dato, documento o criterio. Terminas cuando la alternativa es coherente con la evidencia y la justificación explica qué harías, por qué y qué verificarías.",REALIZADA
M4-E3-CAS14,3,Documento actualizado,¿Qué decisión tomarías?,Completa,"La interfaz pedía elegir y justificar, pero no exigía de forma visible citar la evidencia ni declarar cómo verificar la decisión.",M4-AE2,"Analiza el caso, selecciona la decisión profesional y justifícala con evidencia. Lee la presión del contexto; separa los datos comprobables de las suposiciones y localiza el antecedente que falta. Una alternativa y una justificación de al menos 20 caracteres que cite un dato, documento o criterio. Terminas cuando la alternativa es coherente con la evidencia y la justificación explica qué harías, por qué y qué verificarías.",REALIZADA
M4-E3-CAS15,3,Registro final,¿Qué decisión tomarías?,Completa,"La interfaz pedía elegir y justificar, pero no exigía de forma visible citar la evidencia ni declarar cómo verificar la decisión.",M4-AE3,"Analiza el caso, selecciona la decisión profesional y justifícala con evidencia. Lee la presión del contexto; separa los datos comprobables de las suposiciones y localiza el antecedente que falta. Una alternativa y una justificación de al menos 20 caracteres que cite un dato, documento o criterio. Terminas cuando la alternativa es coherente con la evidencia y la justificación explica qué harías, por qué y qué verificarías.",REALIZADA
M4-E3-ESP,3,Recorrido espacial interactivo,"Inspecciona equipo, acceso y control. Registra dos diferencias con el dossier y decide qué información solicitarías antes de dar por terminada la revisión.",Completa,"La consigna enumeraba componentes, pero no explicitaba la evidencia escrita esperada ni la relación con los tres AE.",AE 1 + AE 2 + AE 3,"Inspecciona todos los componentes del recorrido, relaciónalos y redacta una conclusión técnica. Comienza por el primer paso numerado; gira, acerca y abre cada componente en orden. Todos los componentes inspeccionados y una conclusión que conecte evidencia, decisión y pendiente. Terminas cuando inspeccionaste todos los puntos y la conclusión usa evidencia de los tres AE sin afirmar lo que el escenario no demuestra.",REALIZADA
M4-E4-P01,4,Item evaluativo 1,El equipo recibido es EQ-02 y la ficha adjunta corresponde a EQ-01. ¿Cuál es la decisión mejor fundamentada?,Completa,"Sin problema crítico de instrucción; se estandariza el inicio, el recurso y el criterio de término para evitar dobles interpretaciones.",M4-AE1,"Analiza el estímulo y selecciona la alternativa mejor sustentada. Lee primero el dato visible y la pregunta completa; descarta opciones que supongan información no entregada. Una alternativa A, B, C o D. El ítem termina al seleccionar una alternativa; la evaluación se entrega al completar los ítems asignados a este módulo.",REALIZADA
M4-E4-P02,4,Item evaluativo 2,La ficha ficticia pide 30 cm de acceso y la maqueta muestra 24 cm. ¿Cuál es la decisión mejor fundamentada?,Completa,"Sin problema crítico de instrucción; se estandariza el inicio, el recurso y el criterio de término para evitar dobles interpretaciones.",M4-AE2,"Analiza el estímulo y selecciona la alternativa mejor sustentada. Lee primero el dato visible y la pregunta completa; descarta opciones que supongan información no entregada. Una alternativa A, B, C o D. El ítem termina al seleccionar una alternativa; la evaluación se entrega al completar los ítems asignados a este módulo.",REALIZADA
M4-E4-P03,4,Item evaluativo 3,El plan depende de una condición previa que aún no tiene conformidad documentada. ¿Cuál es la decisión mejor fundamentada?,Completa,"Sin problema crítico de instrucción; se estandariza el inicio, el recurso y el criterio de término para evitar dobles interpretaciones.",M4-AE3,"Analiza el estímulo y selecciona la alternativa mejor sustentada. Lee primero el dato visible y la pregunta completa; descarta opciones que supongan información no entregada. Una alternativa A, B, C o D. El ítem termina al seleccionar una alternativa; la evaluación se entrega al completar los ítems asignados a este módulo.",REALIZADA
M4-E4-P04,4,Item evaluativo 4,El plan necesita cuatro soportes definidos y el inventario contiene tres. ¿Cuál es la decisión mejor fundamentada?,Completa,"Sin problema crítico de instrucción; se estandariza el inicio, el recurso y el criterio de término para evitar dobles interpretaciones.",M4-AE1,"Analiza el estímulo y selecciona la alternativa mejor sustentada. Lee primero el dato visible y la pregunta completa; descarta opciones que supongan información no entregada. Una alternativa A, B, C o D. El ítem termina al seleccionar una alternativa; la evaluación se entrega al completar los ítems asignados a este módulo.",REALIZADA
M4-E4-P05,4,Item evaluativo 5,"La ubicación cambia de recinto, pero se conserva el plano anterior. ¿Cuál es la decisión mejor fundamentada?",Completa,"Sin problema crítico de instrucción; se estandariza el inicio, el recurso y el criterio de término para evitar dobles interpretaciones.",M4-AE2,"Analiza el estímulo y selecciona la alternativa mejor sustentada. Lee primero el dato visible y la pregunta completa; descarta opciones que supongan información no entregada. Una alternativa A, B, C o D. El ítem termina al seleccionar una alternativa; la evaluación se entrega al completar los ítems asignados a este módulo.",REALIZADA
M4-E4-P06,4,Item evaluativo 6,Se propone CTRL-02 y la ficha solo documenta CTRL-01 para ese equipo. ¿Cuál es la decisión mejor fundamentada?,Completa,"Sin problema crítico de instrucción; se estandariza el inicio, el recurso y el criterio de término para evitar dobles interpretaciones.",M4-AE3,"Analiza el estímulo y selecciona la alternativa mejor sustentada. Lee primero el dato visible y la pregunta completa; descarta opciones que supongan información no entregada. Una alternativa A, B, C o D. El ítem termina al seleccionar una alternativa; la evaluación se entrega al completar los ítems asignados a este módulo.",REALIZADA
M4-E4-P07,4,Item evaluativo 7,No se puede leer la identificación del componente recibido. ¿Cuál es la decisión mejor fundamentada?,Completa,"Sin problema crítico de instrucción; se estandariza el inicio, el recurso y el criterio de término para evitar dobles interpretaciones.",M4-AE1,"Analiza el estímulo y selecciona la alternativa mejor sustentada. Lee primero el dato visible y la pregunta completa; descarta opciones que supongan información no entregada. Una alternativa A, B, C o D. El ítem termina al seleccionar una alternativa; la evaluación se entrega al completar los ítems asignados a este módulo.",REALIZADA
M4-E4-P08,4,Item evaluativo 8,"La actividad B requiere terminar A, pero ambas están programadas al mismo tiempo. ¿Cuál es la decisión mejor fundamentada?",Completa,"Sin problema crítico de instrucción; se estandariza el inicio, el recurso y el criterio de término para evitar dobles interpretaciones.",M4-AE2,"Analiza el estímulo y selecciona la alternativa mejor sustentada. Lee primero el dato visible y la pregunta completa; descarta opciones que supongan información no entregada. Una alternativa A, B, C o D. El ítem termina al seleccionar una alternativa; la evaluación se entrega al completar los ítems asignados a este módulo.",REALIZADA
M4-E4-DES,4,Desarrollo integrador final,"El dossier ficticio identifica EQ-02 y declara CTRL-01 como su control asociado. El inventario contiene EQ-02 y CTRL-02. La ficha pide al menos 30 cm de acceso lateral y la maqueta muestra 24 cm. Dos revisiones de 20 y 15 minutos deben realizarse secuencialmente antes de decidir el siguiente paso. Identifica las discrepancias, calcula la diferencia de espacio y duración del bloque, explica qué consultas harías y redacta un estado de entrega que distinga lo verificado de lo pendiente.",Completa,"La situación era rica en antecedentes, pero la longitud mínima podía confundirse con suficiencia y no guiaba la estructura de la evidencia.",AE 1 + AE 2 + AE 3,"Representa las evidencias, resuelve los cálculos, decide, argumenta y explica cómo verificarías. Organiza la respuesta en cinco apartados: evidencias, modelo o cálculo, decisión, argumento y verificación. Un desarrollo escrito de al menos 80 caracteres que responda los cinco apartados y distinga datos de pendientes. Terminas cuando abordas los cinco criterios de la rúbrica y cada conclusión se puede rastrear a un dato del caso.",REALIZADA
M4-ELibre-PRA,Libre,Practica libre,Comprobador de condiciones,Completa,"La herramienta calculaba en tiempo real, pero no explicitaba un producto del estudiante ni cuándo la práctica podía considerarse cerrada.",AE asociado a la práctica libre,"Modifica los valores, calcula o compara el resultado y explica qué sí permite concluir. Revisa las unidades y límites de cada campo antes de cambiar el primer valor. Resultado calculado y una interpretación limitada a los datos del ejercicio. Terminas cuando todos los valores son válidos, el resultado muestra unidad y puedes explicar su alcance y límite.",REALIZADA
M4-E5-RET,5,Retroalimentacion y cierre,Ruta de retroalimentación y cierre.,Completa,Las etapas de cierre no compartían un contrato único que indicara producto y criterio de término.,AE 1 + AE 2 + AE 3,"Analiza tus resultados, identifica una fortaleza y una necesidad, y define una acción de mejora verificable. Comienza por el resultado general; abre después cada corrección y contrástala con tu respuesta. Una reflexión sobre el logro y una acción de mejora que indique recurso, plazo y forma de comprobación. Terminas cuando identificas una fortaleza, una necesidad y un próximo paso que puedes comprobar.",REALIZADA
