avance,ticket,curso,experto,dimension_numero,dimension,porcentaje_inicial,severidad,estado
1/45,ATP-360-01,Refrigeración y Climatización,Especialista HVAC y refrigeración,1,Curricular MINEDUC,57.1,MEDIO,Parcial
1/45,ATP-360-01,Refrigeración y Climatización,Especialista HVAC y refrigeración,2,Contenido técnico,40.8,ALTO,No verificado
1/45,ATP-360-01,Refrigeración y Climatización,Especialista HVAC y refrigeración,3,Pedagógica,90.0,BAJO,Parcial
1/45,ATP-360-01,Refrigeración y Climatización,Especialista HVAC y refrigeración,4,Didáctica,80.0,BAJO,Parcial
1/45,ATP-360-01,Refrigeración y Climatización,Especialista HVAC y refrigeración,5,Instrucciones,100.0,CONFORME,Verificado
1/45,ATP-360-01,Refrigeración y Climatización,Especialista HVAC y refrigeración,6,Actividades,90.0,BAJO,Parcial
1/45,ATP-360-01,Refrigeración y Climatización,Especialista HVAC y refrigeración,7,Evaluación,74.7,MEDIO,Parcial
1/45,ATP-360-01,Refrigeración y Climatización,Especialista HVAC y refrigeración,8,Situación Integradora,80.0,BAJO,Parcial
1/45,ATP-360-01,Refrigeración y Climatización,Especialista HVAC y refrigeración,9,Simuladores,38.9,ALTO,No verificado
1/45,ATP-360-01,Refrigeración y Climatización,Especialista HVAC y refrigeración,10,Multimedia,32.5,ALTO,No verificado
1/45,ATP-360-01,Refrigeración y Climatización,Especialista HVAC y refrigeración,11,Accesibilidad WCAG 2.2 AA,58.3,MEDIO,Parcial
1/45,ATP-360-01,Refrigeración y Climatización,Especialista HVAC y refrigeración,12,UX/UI pedagógica,80.0,BAJO,Parcial
1/45,ATP-360-01,Refrigeración y Climatización,Especialista HVAC y refrigeración,13,Carga cognitiva,62.5,MEDIO,Parcial
1/45,ATP-360-01,Refrigeración y Climatización,Especialista HVAC y refrigeración,14,Contextualización laboral,70.8,MEDIO,Parcial
1/45,ATP-360-01,Refrigeración y Climatización,Especialista HVAC y refrigeración,15,Seguridad,33.3,ALTO,No verificado
1/45,ATP-360-01,Refrigeración y Climatización,Especialista HVAC y refrigeración,16,Progresión entre estaciones,100.0,CONFORME,Verificado
1/45,ATP-360-01,Refrigeración y Climatización,Especialista HVAC y refrigeración,17,Estación 5,100.0,CONFORME,Verificado
1/45,ATP-360-01,Refrigeración y Climatización,Especialista HVAC y refrigeración,18,Tiempo pedagógico,100.0,CONFORME,Verificado
1/45,ATP-360-01,Refrigeración y Climatización,Especialista HVAC y refrigeración,19,QA funcional,62.5,MEDIO,Parcial
1/45,ATP-360-01,Refrigeración y Climatización,Especialista HVAC y refrigeración,20,Coherencia global y recorrido estudiante,83.3,BAJO,Parcial
1/45,ATP-360-01,Refrigeración y Climatización,Especialista HVAC y refrigeración,21,Prerrequisitos,75.0,BAJO,Parcial
1/45,ATP-360-01,Refrigeración y Climatización,Especialista HVAC y refrigeración,22,Conceptos erróneos,31.5,ALTO,No verificado
1/45,ATP-360-01,Refrigeración y Climatización,Especialista HVAC y refrigeración,23,Profundidad cognitiva,100.0,CONFORME,Verificado
1/45,ATP-360-01,Refrigeración y Climatización,Especialista HVAC y refrigeración,24,Transferencia,75.0,BAJO,Parcial
1/45,ATP-360-01,Refrigeración y Climatización,Especialista HVAC y refrigeración,25,Autonomía progresiva,75.0,BAJO,Parcial
1/45,ATP-360-01,Refrigeración y Climatización,Especialista HVAC y refrigeración,26,Calidad del feedback,54.2,MEDIO,Parcial
1/45,ATP-360-01,Refrigeración y Climatización,Especialista HVAC y refrigeración,27,Autenticidad laboral,44.4,ALTO,No verificado
1/45,ATP-360-01,Refrigeración y Climatización,Especialista HVAC y refrigeración,28,Toma de decisiones,83.3,BAJO,Parcial
1/45,ATP-360-01,Refrigeración y Climatización,Especialista HVAC y refrigeración,29,Diagnóstico de fallas,38.9,ALTO,No verificado
1/45,ATP-360-01,Refrigeración y Climatización,Especialista HVAC y refrigeración,30,Aprendizaje desde el error,66.7,MEDIO,Parcial
1/45,ATP-360-01,Refrigeración y Climatización,Especialista HVAC y refrigeración,31,Seguridad integrada,33.3,ALTO,No verificado
1/45,ATP-360-01,Refrigeración y Climatización,Especialista HVAC y refrigeración,32,Evidencia de desempeño,83.3,BAJO,Parcial
1/45,ATP-360-01,Refrigeración y Climatización,Especialista HVAC y refrigeración,33,Progresión 3°→4° medio,35.2,ALTO,No verificado
1/45,ATP-360-01,Refrigeración y Climatización,Especialista HVAC y refrigeración,34,Redundancia curricular,66.7,MEDIO,Parcial
1/45,ATP-360-01,Refrigeración y Climatización,Especialista HVAC y refrigeración,35,Vacíos curriculares,83.3,BAJO,Parcial
1/45,ATP-360-01,Refrigeración y Climatización,Especialista HVAC y refrigeración,36,Calidad de distractores,68.5,MEDIO,Parcial
1/45,ATP-360-01,Refrigeración y Climatización,Especialista HVAC y refrigeración,37,Sesgo de evaluación,16.7,ALTO,No verificado
1/45,ATP-360-01,Refrigeración y Climatización,Especialista HVAC y refrigeración,38,Consistencia terminológica,25.0,ALTO,No verificado
1/45,ATP-360-01,Refrigeración y Climatización,Especialista HVAC y refrigeración,39,Alfabetización digital TP,58.3,MEDIO,Parcial
1/45,ATP-360-01,Refrigeración y Climatización,Especialista HVAC y refrigeración,40,Datos y documentación laboral,83.3,BAJO,Parcial
1/45,ATP-360-01,Refrigeración y Climatización,Especialista HVAC y refrigeración,41,Interdisciplinariedad,25.0,ALTO,No verificado
1/45,ATP-360-01,Refrigeración y Climatización,Especialista HVAC y refrigeración,42,Accesibilidad cognitiva,62.5,MEDIO,Parcial
1/45,ATP-360-01,Refrigeración y Climatización,Especialista HVAC y refrigeración,43,Responsive,33.3,ALTO,No verificado
1/45,ATP-360-01,Refrigeración y Climatización,Especialista HVAC y refrigeración,44,Recuperación de errores UX,100.0,CONFORME,Verificado
1/45,ATP-360-01,Refrigeración y Climatización,Especialista HVAC y refrigeración,45,Analítica educativa,83.3,BAJO,Parcial
1/45,ATP-360-01,Refrigeración y Climatización,Especialista HVAC y refrigeración,46,Calidad de evidencias,83.3,BAJO,Parcial
1/45,ATP-360-01,Refrigeración y Climatización,Especialista HVAC y refrigeración,47,Coherencia Portal Docente–Curso,83.3,BAJO,Parcial
1/45,ATP-360-01,Refrigeración y Climatización,Especialista HVAC y refrigeración,48,Coherencia Mi Progreso–Curso,100.0,CONFORME,Verificado
1/45,ATP-360-01,Refrigeración y Climatización,Especialista HVAC y refrigeración,49,Regresión,75.0,BAJO,Parcial
1/45,ATP-360-01,Refrigeración y Climatización,Especialista HVAC y refrigeración,50,Auditoría adversarial final,16.7,ALTO,No verificado
2/45,ATP-360-02,Electricidad,Especialista eléctrico SEC,1,Curricular MINEDUC,57.1,MEDIO,Parcial
2/45,ATP-360-02,Electricidad,Especialista eléctrico SEC,2,Contenido técnico,57.4,MEDIO,Parcial
2/45,ATP-360-02,Electricidad,Especialista eléctrico SEC,3,Pedagógica,90.0,BAJO,Parcial
2/45,ATP-360-02,Electricidad,Especialista eléctrico SEC,4,Didáctica,80.0,BAJO,Parcial
2/45,ATP-360-02,Electricidad,Especialista eléctrico SEC,5,Instrucciones,100.0,CONFORME,Verificado
2/45,ATP-360-02,Electricidad,Especialista eléctrico SEC,6,Actividades,90.0,BAJO,Parcial
2/45,ATP-360-02,Electricidad,Especialista eléctrico SEC,7,Evaluación,82.7,BAJO,Parcial
2/45,ATP-360-02,Electricidad,Especialista eléctrico SEC,8,Situación Integradora,80.0,BAJO,Parcial
2/45,ATP-360-02,Electricidad,Especialista eléctrico SEC,9,Simuladores,50.0,MEDIO,Parcial
2/45,ATP-360-02,Electricidad,Especialista eléctrico SEC,10,Multimedia,35.7,ALTO,No verificado
2/45,ATP-360-02,Electricidad,Especialista eléctrico SEC,11,Accesibilidad WCAG 2.2 AA,58.3,MEDIO,Parcial
2/45,ATP-360-02,Electricidad,Especialista eléctrico SEC,12,UX/UI pedagógica,80.0,BAJO,Parcial
2/45,ATP-360-02,Electricidad,Especialista eléctrico SEC,13,Carga cognitiva,62.5,MEDIO,Parcial
2/45,ATP-360-02,Electricidad,Especialista eléctrico SEC,14,Contextualización laboral,69.4,MEDIO,Parcial
2/45,ATP-360-02,Electricidad,Especialista eléctrico SEC,15,Seguridad,66.7,MEDIO,Parcial
2/45,ATP-360-02,Electricidad,Especialista eléctrico SEC,16,Progresión entre estaciones,100.0,CONFORME,Verificado
2/45,ATP-360-02,Electricidad,Especialista eléctrico SEC,17,Estación 5,100.0,CONFORME,Verificado
2/45,ATP-360-02,Electricidad,Especialista eléctrico SEC,18,Tiempo pedagógico,100.0,CONFORME,Verificado
2/45,ATP-360-02,Electricidad,Especialista eléctrico SEC,19,QA funcional,62.5,MEDIO,Parcial
2/45,ATP-360-02,Electricidad,Especialista eléctrico SEC,20,Coherencia global y recorrido estudiante,83.3,BAJO,Parcial
2/45,ATP-360-02,Electricidad,Especialista eléctrico SEC,21,Prerrequisitos,75.0,BAJO,Parcial
2/45,ATP-360-02,Electricidad,Especialista eléctrico SEC,22,Conceptos erróneos,16.7,ALTO,No verificado
2/45,ATP-360-02,Electricidad,Especialista eléctrico SEC,23,Profundidad cognitiva,100.0,CONFORME,Verificado
2/45,ATP-360-02,Electricidad,Especialista eléctrico SEC,24,Transferencia,75.0,BAJO,Parcial
2/45,ATP-360-02,Electricidad,Especialista eléctrico SEC,25,Autonomía progresiva,75.0,BAJO,Parcial
2/45,ATP-360-02,Electricidad,Especialista eléctrico SEC,26,Calidad del feedback,61.1,MEDIO,Parcial
2/45,ATP-360-02,Electricidad,Especialista eléctrico SEC,27,Autenticidad laboral,66.7,MEDIO,Parcial
2/45,ATP-360-02,Electricidad,Especialista eléctrico SEC,28,Toma de decisiones,83.3,BAJO,Parcial
2/45,ATP-360-02,Electricidad,Especialista eléctrico SEC,29,Diagnóstico de fallas,2.8,ALTO,No verificado
2/45,ATP-360-02,Electricidad,Especialista eléctrico SEC,30,Aprendizaje desde el error,66.7,MEDIO,Parcial
2/45,ATP-360-02,Electricidad,Especialista eléctrico SEC,31,Seguridad integrada,66.7,MEDIO,Parcial
2/45,ATP-360-02,Electricidad,Especialista eléctrico SEC,32,Evidencia de desempeño,83.3,BAJO,Parcial
2/45,ATP-360-02,Electricidad,Especialista eléctrico SEC,33,Progresión 3°→4° medio,50.0,MEDIO,Parcial
2/45,ATP-360-02,Electricidad,Especialista eléctrico SEC,34,Redundancia curricular,66.7,MEDIO,Parcial
2/45,ATP-360-02,Electricidad,Especialista eléctrico SEC,35,Vacíos curriculares,83.3,BAJO,Parcial
2/45,ATP-360-02,Electricidad,Especialista eléctrico SEC,36,Calidad de distractores,83.3,BAJO,Parcial
2/45,ATP-360-02,Electricidad,Especialista eléctrico SEC,37,Sesgo de evaluación,16.7,ALTO,No verificado
2/45,ATP-360-02,Electricidad,Especialista eléctrico SEC,38,Consistencia terminológica,25.0,ALTO,No verificado
2/45,ATP-360-02,Electricidad,Especialista eléctrico SEC,39,Alfabetización digital TP,75.0,BAJO,Parcial
2/45,ATP-360-02,Electricidad,Especialista eléctrico SEC,40,Datos y documentación laboral,83.3,BAJO,Parcial
2/45,ATP-360-02,Electricidad,Especialista eléctrico SEC,41,Interdisciplinariedad,25.0,ALTO,No verificado
2/45,ATP-360-02,Electricidad,Especialista eléctrico SEC,42,Accesibilidad cognitiva,62.5,MEDIO,Parcial
2/45,ATP-360-02,Electricidad,Especialista eléctrico SEC,43,Responsive,33.3,ALTO,No verificado
2/45,ATP-360-02,Electricidad,Especialista eléctrico SEC,44,Recuperación de errores UX,100.0,CONFORME,Verificado
2/45,ATP-360-02,Electricidad,Especialista eléctrico SEC,45,Analítica educativa,83.3,BAJO,Parcial
2/45,ATP-360-02,Electricidad,Especialista eléctrico SEC,46,Calidad de evidencias,83.3,BAJO,Parcial
2/45,ATP-360-02,Electricidad,Especialista eléctrico SEC,47,Coherencia Portal Docente–Curso,83.3,BAJO,Parcial
2/45,ATP-360-02,Electricidad,Especialista eléctrico SEC,48,Coherencia Mi Progreso–Curso,100.0,CONFORME,Verificado
2/45,ATP-360-02,Electricidad,Especialista eléctrico SEC,49,Regresión,75.0,BAJO,Parcial
2/45,ATP-360-02,Electricidad,Especialista eléctrico SEC,50,Auditoría adversarial final,16.7,ALTO,No verificado
3/45,ATP-360-03,"Atención de Enfermería, mención Adulto Mayor",Enfermera gerontológica,1,Curricular MINEDUC,57.1,MEDIO,Parcial
3/45,ATP-360-03,"Atención de Enfermería, mención Adulto Mayor",Enfermera gerontológica,2,Contenido técnico,41.1,ALTO,No verificado
3/45,ATP-360-03,"Atención de Enfermería, mención Adulto Mayor",Enfermera gerontológica,3,Pedagógica,90.0,BAJO,Parcial
3/45,ATP-360-03,"Atención de Enfermería, mención Adulto Mayor",Enfermera gerontológica,4,Didáctica,80.0,BAJO,Parcial
3/45,ATP-360-03,"Atención de Enfermería, mención Adulto Mayor",Enfermera gerontológica,5,Instrucciones,100.0,CONFORME,Verificado
3/45,ATP-360-03,"Atención de Enfermería, mención Adulto Mayor",Enfermera gerontológica,6,Actividades,90.0,BAJO,Parcial
3/45,ATP-360-03,"Atención de Enfermería, mención Adulto Mayor",Enfermera gerontológica,7,Evaluación,82.9,BAJO,Parcial
3/45,ATP-360-03,"Atención de Enfermería, mención Adulto Mayor",Enfermera gerontológica,8,Situación Integradora,80.0,BAJO,Parcial
3/45,ATP-360-03,"Atención de Enfermería, mención Adulto Mayor",Enfermera gerontológica,9,Simuladores,33.3,ALTO,No verificado
3/45,ATP-360-03,"Atención de Enfermería, mención Adulto Mayor",Enfermera gerontológica,10,Multimedia,35.7,ALTO,No verificado
3/45,ATP-360-03,"Atención de Enfermería, mención Adulto Mayor",Enfermera gerontológica,11,Accesibilidad WCAG 2.2 AA,58.3,MEDIO,Parcial
3/45,ATP-360-03,"Atención de Enfermería, mención Adulto Mayor",Enfermera gerontológica,12,UX/UI pedagógica,80.0,BAJO,Parcial
3/45,ATP-360-03,"Atención de Enfermería, mención Adulto Mayor",Enfermera gerontológica,13,Carga cognitiva,62.5,MEDIO,Parcial
3/45,ATP-360-03,"Atención de Enfermería, mención Adulto Mayor",Enfermera gerontológica,14,Contextualización laboral,75.0,BAJO,Parcial
3/45,ATP-360-03,"Atención de Enfermería, mención Adulto Mayor",Enfermera gerontológica,15,Seguridad,33.3,ALTO,No verificado
3/45,ATP-360-03,"Atención de Enfermería, mención Adulto Mayor",Enfermera gerontológica,16,Progresión entre estaciones,100.0,CONFORME,Verificado
3/45,ATP-360-03,"Atención de Enfermería, mención Adulto Mayor",Enfermera gerontológica,17,Estación 5,100.0,CONFORME,Verificado
3/45,ATP-360-03,"Atención de Enfermería, mención Adulto Mayor",Enfermera gerontológica,18,Tiempo pedagógico,100.0,CONFORME,Verificado
3/45,ATP-360-03,"Atención de Enfermería, mención Adulto Mayor",Enfermera gerontológica,19,QA funcional,62.5,MEDIO,Parcial
3/45,ATP-360-03,"Atención de Enfermería, mención Adulto Mayor",Enfermera gerontológica,20,Coherencia global y recorrido estudiante,83.3,BAJO,Parcial
3/45,ATP-360-03,"Atención de Enfermería, mención Adulto Mayor",Enfermera gerontológica,21,Prerrequisitos,75.0,BAJO,Parcial
3/45,ATP-360-03,"Atención de Enfermería, mención Adulto Mayor",Enfermera gerontológica,22,Conceptos erróneos,16.7,ALTO,No verificado
3/45,ATP-360-03,"Atención de Enfermería, mención Adulto Mayor",Enfermera gerontológica,23,Profundidad cognitiva,100.0,CONFORME,Verificado
3/45,ATP-360-03,"Atención de Enfermería, mención Adulto Mayor",Enfermera gerontológica,24,Transferencia,75.0,BAJO,Parcial
3/45,ATP-360-03,"Atención de Enfermería, mención Adulto Mayor",Enfermera gerontológica,25,Autonomía progresiva,75.0,BAJO,Parcial
3/45,ATP-360-03,"Atención de Enfermería, mención Adulto Mayor",Enfermera gerontológica,26,Calidad del feedback,61.5,MEDIO,Parcial
3/45,ATP-360-03,"Atención de Enfermería, mención Adulto Mayor",Enfermera gerontológica,27,Autenticidad laboral,33.3,ALTO,No verificado
3/45,ATP-360-03,"Atención de Enfermería, mención Adulto Mayor",Enfermera gerontológica,28,Toma de decisiones,83.3,BAJO,Parcial
3/45,ATP-360-03,"Atención de Enfermería, mención Adulto Mayor",Enfermera gerontológica,29,Diagnóstico de fallas,0.0,ALTO,No verificado
3/45,ATP-360-03,"Atención de Enfermería, mención Adulto Mayor",Enfermera gerontológica,30,Aprendizaje desde el error,66.7,MEDIO,Parcial
3/45,ATP-360-03,"Atención de Enfermería, mención Adulto Mayor",Enfermera gerontológica,31,Seguridad integrada,33.3,ALTO,No verificado
3/45,ATP-360-03,"Atención de Enfermería, mención Adulto Mayor",Enfermera gerontológica,32,Evidencia de desempeño,83.3,BAJO,Parcial
3/45,ATP-360-03,"Atención de Enfermería, mención Adulto Mayor",Enfermera gerontológica,33,Progresión 3°→4° medio,50.0,MEDIO,Parcial
3/45,ATP-360-03,"Atención de Enfermería, mención Adulto Mayor",Enfermera gerontológica,34,Redundancia curricular,66.7,MEDIO,Parcial
3/45,ATP-360-03,"Atención de Enfermería, mención Adulto Mayor",Enfermera gerontológica,35,Vacíos curriculares,83.3,BAJO,Parcial
3/45,ATP-360-03,"Atención de Enfermería, mención Adulto Mayor",Enfermera gerontológica,36,Calidad de distractores,83.3,BAJO,Parcial
3/45,ATP-360-03,"Atención de Enfermería, mención Adulto Mayor",Enfermera gerontológica,37,Sesgo de evaluación,16.7,ALTO,No verificado
3/45,ATP-360-03,"Atención de Enfermería, mención Adulto Mayor",Enfermera gerontológica,38,Consistencia terminológica,25.0,ALTO,No verificado
3/45,ATP-360-03,"Atención de Enfermería, mención Adulto Mayor",Enfermera gerontológica,39,Alfabetización digital TP,50.0,MEDIO,Parcial
3/45,ATP-360-03,"Atención de Enfermería, mención Adulto Mayor",Enfermera gerontológica,40,Datos y documentación laboral,83.3,BAJO,Parcial
3/45,ATP-360-03,"Atención de Enfermería, mención Adulto Mayor",Enfermera gerontológica,41,Interdisciplinariedad,25.0,ALTO,No verificado
3/45,ATP-360-03,"Atención de Enfermería, mención Adulto Mayor",Enfermera gerontológica,42,Accesibilidad cognitiva,62.5,MEDIO,Parcial
3/45,ATP-360-03,"Atención de Enfermería, mención Adulto Mayor",Enfermera gerontológica,43,Responsive,33.3,ALTO,No verificado
3/45,ATP-360-03,"Atención de Enfermería, mención Adulto Mayor",Enfermera gerontológica,44,Recuperación de errores UX,100.0,CONFORME,Verificado
3/45,ATP-360-03,"Atención de Enfermería, mención Adulto Mayor",Enfermera gerontológica,45,Analítica educativa,83.3,BAJO,Parcial
3/45,ATP-360-03,"Atención de Enfermería, mención Adulto Mayor",Enfermera gerontológica,46,Calidad de evidencias,83.3,BAJO,Parcial
3/45,ATP-360-03,"Atención de Enfermería, mención Adulto Mayor",Enfermera gerontológica,47,Coherencia Portal Docente–Curso,83.3,BAJO,Parcial
3/45,ATP-360-03,"Atención de Enfermería, mención Adulto Mayor",Enfermera gerontológica,48,Coherencia Mi Progreso–Curso,100.0,CONFORME,Verificado
3/45,ATP-360-03,"Atención de Enfermería, mención Adulto Mayor",Enfermera gerontológica,49,Regresión,75.0,BAJO,Parcial
3/45,ATP-360-03,"Atención de Enfermería, mención Adulto Mayor",Enfermera gerontológica,50,Auditoría adversarial final,16.7,ALTO,No verificado
4/45,ATP-360-04,"Atención de Enfermería, mención Enfermería",Enfermera clínica,1,Curricular MINEDUC,57.1,MEDIO,Parcial
4/45,ATP-360-04,"Atención de Enfermería, mención Enfermería",Enfermera clínica,2,Contenido técnico,40.9,ALTO,No verificado
4/45,ATP-360-04,"Atención de Enfermería, mención Enfermería",Enfermera clínica,3,Pedagógica,90.0,BAJO,Parcial
4/45,ATP-360-04,"Atención de Enfermería, mención Enfermería",Enfermera clínica,4,Didáctica,80.0,BAJO,Parcial
4/45,ATP-360-04,"Atención de Enfermería, mención Enfermería",Enfermera clínica,5,Instrucciones,100.0,CONFORME,Verificado
4/45,ATP-360-04,"Atención de Enfermería, mención Enfermería",Enfermera clínica,6,Actividades,90.0,BAJO,Parcial
4/45,ATP-360-04,"Atención de Enfermería, mención Enfermería",Enfermera clínica,7,Evaluación,82.8,BAJO,Parcial
4/45,ATP-360-04,"Atención de Enfermería, mención Enfermería",Enfermera clínica,8,Situación Integradora,80.0,BAJO,Parcial
4/45,ATP-360-04,"Atención de Enfermería, mención Enfermería",Enfermera clínica,9,Simuladores,33.3,ALTO,No verificado
4/45,ATP-360-04,"Atención de Enfermería, mención Enfermería",Enfermera clínica,10,Multimedia,35.7,ALTO,No verificado
4/45,ATP-360-04,"Atención de Enfermería, mención Enfermería",Enfermera clínica,11,Accesibilidad WCAG 2.2 AA,58.3,MEDIO,Parcial
4/45,ATP-360-04,"Atención de Enfermería, mención Enfermería",Enfermera clínica,12,UX/UI pedagógica,80.0,BAJO,Parcial
4/45,ATP-360-04,"Atención de Enfermería, mención Enfermería",Enfermera clínica,13,Carga cognitiva,62.5,MEDIO,Parcial
4/45,ATP-360-04,"Atención de Enfermería, mención Enfermería",Enfermera clínica,14,Contextualización laboral,75.0,BAJO,Parcial
4/45,ATP-360-04,"Atención de Enfermería, mención Enfermería",Enfermera clínica,15,Seguridad,33.3,ALTO,No verificado
4/45,ATP-360-04,"Atención de Enfermería, mención Enfermería",Enfermera clínica,16,Progresión entre estaciones,100.0,CONFORME,Verificado
4/45,ATP-360-04,"Atención de Enfermería, mención Enfermería",Enfermera clínica,17,Estación 5,100.0,CONFORME,Verificado
4/45,ATP-360-04,"Atención de Enfermería, mención Enfermería",Enfermera clínica,18,Tiempo pedagógico,100.0,CONFORME,Verificado
4/45,ATP-360-04,"Atención de Enfermería, mención Enfermería",Enfermera clínica,19,QA funcional,62.5,MEDIO,Parcial
4/45,ATP-360-04,"Atención de Enfermería, mención Enfermería",Enfermera clínica,20,Coherencia global y recorrido estudiante,83.3,BAJO,Parcial
4/45,ATP-360-04,"Atención de Enfermería, mención Enfermería",Enfermera clínica,21,Prerrequisitos,75.0,BAJO,Parcial
4/45,ATP-360-04,"Atención de Enfermería, mención Enfermería",Enfermera clínica,22,Conceptos erróneos,16.7,ALTO,No verificado
4/45,ATP-360-04,"Atención de Enfermería, mención Enfermería",Enfermera clínica,23,Profundidad cognitiva,100.0,CONFORME,Verificado
4/45,ATP-360-04,"Atención de Enfermería, mención Enfermería",Enfermera clínica,24,Transferencia,75.0,BAJO,Parcial
4/45,ATP-360-04,"Atención de Enfermería, mención Enfermería",Enfermera clínica,25,Autonomía progresiva,75.0,BAJO,Parcial
4/45,ATP-360-04,"Atención de Enfermería, mención Enfermería",Enfermera clínica,26,Calidad del feedback,61.2,MEDIO,Parcial
4/45,ATP-360-04,"Atención de Enfermería, mención Enfermería",Enfermera clínica,27,Autenticidad laboral,33.3,ALTO,No verificado
4/45,ATP-360-04,"Atención de Enfermería, mención Enfermería",Enfermera clínica,28,Toma de decisiones,83.3,BAJO,Parcial
4/45,ATP-360-04,"Atención de Enfermería, mención Enfermería",Enfermera clínica,29,Diagnóstico de fallas,0.0,ALTO,No verificado
4/45,ATP-360-04,"Atención de Enfermería, mención Enfermería",Enfermera clínica,30,Aprendizaje desde el error,66.7,MEDIO,Parcial
4/45,ATP-360-04,"Atención de Enfermería, mención Enfermería",Enfermera clínica,31,Seguridad integrada,33.3,ALTO,No verificado
4/45,ATP-360-04,"Atención de Enfermería, mención Enfermería",Enfermera clínica,32,Evidencia de desempeño,83.3,BAJO,Parcial
4/45,ATP-360-04,"Atención de Enfermería, mención Enfermería",Enfermera clínica,33,Progresión 3°→4° medio,50.0,MEDIO,Parcial
4/45,ATP-360-04,"Atención de Enfermería, mención Enfermería",Enfermera clínica,34,Redundancia curricular,66.7,MEDIO,Parcial
4/45,ATP-360-04,"Atención de Enfermería, mención Enfermería",Enfermera clínica,35,Vacíos curriculares,83.3,BAJO,Parcial
4/45,ATP-360-04,"Atención de Enfermería, mención Enfermería",Enfermera clínica,36,Calidad de distractores,83.3,BAJO,Parcial
4/45,ATP-360-04,"Atención de Enfermería, mención Enfermería",Enfermera clínica,37,Sesgo de evaluación,16.7,ALTO,No verificado
4/45,ATP-360-04,"Atención de Enfermería, mención Enfermería",Enfermera clínica,38,Consistencia terminológica,25.0,ALTO,No verificado
4/45,ATP-360-04,"Atención de Enfermería, mención Enfermería",Enfermera clínica,39,Alfabetización digital TP,50.0,MEDIO,Parcial
4/45,ATP-360-04,"Atención de Enfermería, mención Enfermería",Enfermera clínica,40,Datos y documentación laboral,83.3,BAJO,Parcial
4/45,ATP-360-04,"Atención de Enfermería, mención Enfermería",Enfermera clínica,41,Interdisciplinariedad,25.0,ALTO,No verificado
4/45,ATP-360-04,"Atención de Enfermería, mención Enfermería",Enfermera clínica,42,Accesibilidad cognitiva,62.5,MEDIO,Parcial
4/45,ATP-360-04,"Atención de Enfermería, mención Enfermería",Enfermera clínica,43,Responsive,33.3,ALTO,No verificado
4/45,ATP-360-04,"Atención de Enfermería, mención Enfermería",Enfermera clínica,44,Recuperación de errores UX,100.0,CONFORME,Verificado
4/45,ATP-360-04,"Atención de Enfermería, mención Enfermería",Enfermera clínica,45,Analítica educativa,83.3,BAJO,Parcial
4/45,ATP-360-04,"Atención de Enfermería, mención Enfermería",Enfermera clínica,46,Calidad de evidencias,83.3,BAJO,Parcial
4/45,ATP-360-04,"Atención de Enfermería, mención Enfermería",Enfermera clínica,47,Coherencia Portal Docente–Curso,83.3,BAJO,Parcial
4/45,ATP-360-04,"Atención de Enfermería, mención Enfermería",Enfermera clínica,48,Coherencia Mi Progreso–Curso,100.0,CONFORME,Verificado
4/45,ATP-360-04,"Atención de Enfermería, mención Enfermería",Enfermera clínica,49,Regresión,75.0,BAJO,Parcial
4/45,ATP-360-04,"Atención de Enfermería, mención Enfermería",Enfermera clínica,50,Auditoría adversarial final,16.7,ALTO,No verificado
5/45,ATP-360-05,"Gastronomía, mención Cocina",Chef y especialista en inocuidad,1,Curricular MINEDUC,57.1,MEDIO,Parcial
5/45,ATP-360-05,"Gastronomía, mención Cocina",Chef y especialista en inocuidad,2,Contenido técnico,40.9,ALTO,No verificado
5/45,ATP-360-05,"Gastronomía, mención Cocina",Chef y especialista en inocuidad,3,Pedagógica,90.0,BAJO,Parcial
5/45,ATP-360-05,"Gastronomía, mención Cocina",Chef y especialista en inocuidad,4,Didáctica,80.0,BAJO,Parcial
5/45,ATP-360-05,"Gastronomía, mención Cocina",Chef y especialista en inocuidad,5,Instrucciones,100.0,CONFORME,Verificado
5/45,ATP-360-05,"Gastronomía, mención Cocina",Chef y especialista en inocuidad,6,Actividades,90.0,BAJO,Parcial
5/45,ATP-360-05,"Gastronomía, mención Cocina",Chef y especialista en inocuidad,7,Evaluación,83.3,BAJO,Parcial
5/45,ATP-360-05,"Gastronomía, mención Cocina",Chef y especialista en inocuidad,8,Situación Integradora,80.0,BAJO,Parcial
5/45,ATP-360-05,"Gastronomía, mención Cocina",Chef y especialista en inocuidad,9,Simuladores,33.3,ALTO,No verificado
5/45,ATP-360-05,"Gastronomía, mención Cocina",Chef y especialista en inocuidad,10,Multimedia,28.6,ALTO,No verificado
5/45,ATP-360-05,"Gastronomía, mención Cocina",Chef y especialista en inocuidad,11,Accesibilidad WCAG 2.2 AA,58.3,MEDIO,Parcial
5/45,ATP-360-05,"Gastronomía, mención Cocina",Chef y especialista en inocuidad,12,UX/UI pedagógica,80.0,BAJO,Parcial
5/45,ATP-360-05,"Gastronomía, mención Cocina",Chef y especialista en inocuidad,13,Carga cognitiva,62.5,MEDIO,Parcial
5/45,ATP-360-05,"Gastronomía, mención Cocina",Chef y especialista en inocuidad,14,Contextualización laboral,69.3,MEDIO,Parcial
5/45,ATP-360-05,"Gastronomía, mención Cocina",Chef y especialista en inocuidad,15,Seguridad,33.3,ALTO,No verificado
5/45,ATP-360-05,"Gastronomía, mención Cocina",Chef y especialista en inocuidad,16,Progresión entre estaciones,100.0,CONFORME,Verificado
5/45,ATP-360-05,"Gastronomía, mención Cocina",Chef y especialista en inocuidad,17,Estación 5,100.0,CONFORME,Verificado
5/45,ATP-360-05,"Gastronomía, mención Cocina",Chef y especialista en inocuidad,18,Tiempo pedagógico,100.0,CONFORME,Verificado
5/45,ATP-360-05,"Gastronomía, mención Cocina",Chef y especialista en inocuidad,19,QA funcional,62.5,MEDIO,Parcial
5/45,ATP-360-05,"Gastronomía, mención Cocina",Chef y especialista en inocuidad,20,Coherencia global y recorrido estudiante,83.3,BAJO,Parcial
5/45,ATP-360-05,"Gastronomía, mención Cocina",Chef y especialista en inocuidad,21,Prerrequisitos,75.0,BAJO,Parcial
5/45,ATP-360-05,"Gastronomía, mención Cocina",Chef y especialista en inocuidad,22,Conceptos erróneos,16.7,ALTO,No verificado
5/45,ATP-360-05,"Gastronomía, mención Cocina",Chef y especialista en inocuidad,23,Profundidad cognitiva,100.0,CONFORME,Verificado
5/45,ATP-360-05,"Gastronomía, mención Cocina",Chef y especialista en inocuidad,24,Transferencia,75.0,BAJO,Parcial
5/45,ATP-360-05,"Gastronomía, mención Cocina",Chef y especialista en inocuidad,25,Autonomía progresiva,75.0,BAJO,Parcial
5/45,ATP-360-05,"Gastronomía, mención Cocina",Chef y especialista en inocuidad,26,Calidad del feedback,62.5,MEDIO,Parcial
5/45,ATP-360-05,"Gastronomía, mención Cocina",Chef y especialista en inocuidad,27,Autenticidad laboral,33.3,ALTO,No verificado
5/45,ATP-360-05,"Gastronomía, mención Cocina",Chef y especialista en inocuidad,28,Toma de decisiones,83.3,BAJO,Parcial
5/45,ATP-360-05,"Gastronomía, mención Cocina",Chef y especialista en inocuidad,29,Diagnóstico de fallas,0.0,ALTO,No verificado
5/45,ATP-360-05,"Gastronomía, mención Cocina",Chef y especialista en inocuidad,30,Aprendizaje desde el error,66.7,MEDIO,Parcial
5/45,ATP-360-05,"Gastronomía, mención Cocina",Chef y especialista en inocuidad,31,Seguridad integrada,33.3,ALTO,No verificado
5/45,ATP-360-05,"Gastronomía, mención Cocina",Chef y especialista en inocuidad,32,Evidencia de desempeño,83.3,BAJO,Parcial
5/45,ATP-360-05,"Gastronomía, mención Cocina",Chef y especialista en inocuidad,33,Progresión 3°→4° medio,16.7,ALTO,No verificado
5/45,ATP-360-05,"Gastronomía, mención Cocina",Chef y especialista en inocuidad,34,Redundancia curricular,66.7,MEDIO,Parcial
5/45,ATP-360-05,"Gastronomía, mención Cocina",Chef y especialista en inocuidad,35,Vacíos curriculares,83.3,BAJO,Parcial
5/45,ATP-360-05,"Gastronomía, mención Cocina",Chef y especialista en inocuidad,36,Calidad de distractores,83.3,BAJO,Parcial
5/45,ATP-360-05,"Gastronomía, mención Cocina",Chef y especialista en inocuidad,37,Sesgo de evaluación,16.7,ALTO,No verificado
5/45,ATP-360-05,"Gastronomía, mención Cocina",Chef y especialista en inocuidad,38,Consistencia terminológica,25.0,ALTO,No verificado
5/45,ATP-360-05,"Gastronomía, mención Cocina",Chef y especialista en inocuidad,39,Alfabetización digital TP,50.0,MEDIO,Parcial
5/45,ATP-360-05,"Gastronomía, mención Cocina",Chef y especialista en inocuidad,40,Datos y documentación laboral,83.3,BAJO,Parcial
5/45,ATP-360-05,"Gastronomía, mención Cocina",Chef y especialista en inocuidad,41,Interdisciplinariedad,25.0,ALTO,No verificado
5/45,ATP-360-05,"Gastronomía, mención Cocina",Chef y especialista en inocuidad,42,Accesibilidad cognitiva,62.5,MEDIO,Parcial
5/45,ATP-360-05,"Gastronomía, mención Cocina",Chef y especialista en inocuidad,43,Responsive,33.3,ALTO,No verificado
5/45,ATP-360-05,"Gastronomía, mención Cocina",Chef y especialista en inocuidad,44,Recuperación de errores UX,100.0,CONFORME,Verificado
5/45,ATP-360-05,"Gastronomía, mención Cocina",Chef y especialista en inocuidad,45,Analítica educativa,83.3,BAJO,Parcial
5/45,ATP-360-05,"Gastronomía, mención Cocina",Chef y especialista en inocuidad,46,Calidad de evidencias,83.3,BAJO,Parcial
5/45,ATP-360-05,"Gastronomía, mención Cocina",Chef y especialista en inocuidad,47,Coherencia Portal Docente–Curso,83.3,BAJO,Parcial
5/45,ATP-360-05,"Gastronomía, mención Cocina",Chef y especialista en inocuidad,48,Coherencia Mi Progreso–Curso,100.0,CONFORME,Verificado
5/45,ATP-360-05,"Gastronomía, mención Cocina",Chef y especialista en inocuidad,49,Regresión,75.0,BAJO,Parcial
5/45,ATP-360-05,"Gastronomía, mención Cocina",Chef y especialista en inocuidad,50,Auditoría adversarial final,16.7,ALTO,No verificado
6/45,ATP-360-06,"Gastronomía, mención Pastelería y Repostería",Maestro pastelero,1,Curricular MINEDUC,57.1,MEDIO,Parcial
6/45,ATP-360-06,"Gastronomía, mención Pastelería y Repostería",Maestro pastelero,2,Contenido técnico,40.9,ALTO,No verificado
6/45,ATP-360-06,"Gastronomía, mención Pastelería y Repostería",Maestro pastelero,3,Pedagógica,90.0,BAJO,Parcial
6/45,ATP-360-06,"Gastronomía, mención Pastelería y Repostería",Maestro pastelero,4,Didáctica,80.0,BAJO,Parcial
6/45,ATP-360-06,"Gastronomía, mención Pastelería y Repostería",Maestro pastelero,5,Instrucciones,100.0,CONFORME,Verificado
6/45,ATP-360-06,"Gastronomía, mención Pastelería y Repostería",Maestro pastelero,6,Actividades,90.0,BAJO,Parcial
6/45,ATP-360-06,"Gastronomía, mención Pastelería y Repostería",Maestro pastelero,7,Evaluación,83.3,BAJO,Parcial
6/45,ATP-360-06,"Gastronomía, mención Pastelería y Repostería",Maestro pastelero,8,Situación Integradora,80.0,BAJO,Parcial
6/45,ATP-360-06,"Gastronomía, mención Pastelería y Repostería",Maestro pastelero,9,Simuladores,33.3,ALTO,No verificado
6/45,ATP-360-06,"Gastronomía, mención Pastelería y Repostería",Maestro pastelero,10,Multimedia,28.6,ALTO,No verificado
6/45,ATP-360-06,"Gastronomía, mención Pastelería y Repostería",Maestro pastelero,11,Accesibilidad WCAG 2.2 AA,58.3,MEDIO,Parcial
6/45,ATP-360-06,"Gastronomía, mención Pastelería y Repostería",Maestro pastelero,12,UX/UI pedagógica,80.0,BAJO,Parcial
6/45,ATP-360-06,"Gastronomía, mención Pastelería y Repostería",Maestro pastelero,13,Carga cognitiva,62.5,MEDIO,Parcial
6/45,ATP-360-06,"Gastronomía, mención Pastelería y Repostería",Maestro pastelero,14,Contextualización laboral,67.0,MEDIO,Parcial
6/45,ATP-360-06,"Gastronomía, mención Pastelería y Repostería",Maestro pastelero,15,Seguridad,33.3,ALTO,No verificado
6/45,ATP-360-06,"Gastronomía, mención Pastelería y Repostería",Maestro pastelero,16,Progresión entre estaciones,100.0,CONFORME,Verificado
6/45,ATP-360-06,"Gastronomía, mención Pastelería y Repostería",Maestro pastelero,17,Estación 5,100.0,CONFORME,Verificado
6/45,ATP-360-06,"Gastronomía, mención Pastelería y Repostería",Maestro pastelero,18,Tiempo pedagógico,100.0,CONFORME,Verificado
6/45,ATP-360-06,"Gastronomía, mención Pastelería y Repostería",Maestro pastelero,19,QA funcional,62.5,MEDIO,Parcial
6/45,ATP-360-06,"Gastronomía, mención Pastelería y Repostería",Maestro pastelero,20,Coherencia global y recorrido estudiante,83.3,BAJO,Parcial
6/45,ATP-360-06,"Gastronomía, mención Pastelería y Repostería",Maestro pastelero,21,Prerrequisitos,75.0,BAJO,Parcial
6/45,ATP-360-06,"Gastronomía, mención Pastelería y Repostería",Maestro pastelero,22,Conceptos erróneos,16.7,ALTO,No verificado
6/45,ATP-360-06,"Gastronomía, mención Pastelería y Repostería",Maestro pastelero,23,Profundidad cognitiva,100.0,CONFORME,Verificado
6/45,ATP-360-06,"Gastronomía, mención Pastelería y Repostería",Maestro pastelero,24,Transferencia,75.0,BAJO,Parcial
6/45,ATP-360-06,"Gastronomía, mención Pastelería y Repostería",Maestro pastelero,25,Autonomía progresiva,75.0,BAJO,Parcial
6/45,ATP-360-06,"Gastronomía, mención Pastelería y Repostería",Maestro pastelero,26,Calidad del feedback,62.5,MEDIO,Parcial
6/45,ATP-360-06,"Gastronomía, mención Pastelería y Repostería",Maestro pastelero,27,Autenticidad laboral,33.3,ALTO,No verificado
6/45,ATP-360-06,"Gastronomía, mención Pastelería y Repostería",Maestro pastelero,28,Toma de decisiones,83.3,BAJO,Parcial
6/45,ATP-360-06,"Gastronomía, mención Pastelería y Repostería",Maestro pastelero,29,Diagnóstico de fallas,0.0,ALTO,No verificado
6/45,ATP-360-06,"Gastronomía, mención Pastelería y Repostería",Maestro pastelero,30,Aprendizaje desde el error,66.7,MEDIO,Parcial
6/45,ATP-360-06,"Gastronomía, mención Pastelería y Repostería",Maestro pastelero,31,Seguridad integrada,33.3,ALTO,No verificado
6/45,ATP-360-06,"Gastronomía, mención Pastelería y Repostería",Maestro pastelero,32,Evidencia de desempeño,83.3,BAJO,Parcial
6/45,ATP-360-06,"Gastronomía, mención Pastelería y Repostería",Maestro pastelero,33,Progresión 3°→4° medio,16.7,ALTO,No verificado
6/45,ATP-360-06,"Gastronomía, mención Pastelería y Repostería",Maestro pastelero,34,Redundancia curricular,66.7,MEDIO,Parcial
6/45,ATP-360-06,"Gastronomía, mención Pastelería y Repostería",Maestro pastelero,35,Vacíos curriculares,83.3,BAJO,Parcial
6/45,ATP-360-06,"Gastronomía, mención Pastelería y Repostería",Maestro pastelero,36,Calidad de distractores,83.3,BAJO,Parcial
6/45,ATP-360-06,"Gastronomía, mención Pastelería y Repostería",Maestro pastelero,37,Sesgo de evaluación,16.7,ALTO,No verificado
6/45,ATP-360-06,"Gastronomía, mención Pastelería y Repostería",Maestro pastelero,38,Consistencia terminológica,25.0,ALTO,No verificado
6/45,ATP-360-06,"Gastronomía, mención Pastelería y Repostería",Maestro pastelero,39,Alfabetización digital TP,50.0,MEDIO,Parcial
6/45,ATP-360-06,"Gastronomía, mención Pastelería y Repostería",Maestro pastelero,40,Datos y documentación laboral,83.3,BAJO,Parcial
6/45,ATP-360-06,"Gastronomía, mención Pastelería y Repostería",Maestro pastelero,41,Interdisciplinariedad,25.0,ALTO,No verificado
6/45,ATP-360-06,"Gastronomía, mención Pastelería y Repostería",Maestro pastelero,42,Accesibilidad cognitiva,62.5,MEDIO,Parcial
6/45,ATP-360-06,"Gastronomía, mención Pastelería y Repostería",Maestro pastelero,43,Responsive,33.3,ALTO,No verificado
6/45,ATP-360-06,"Gastronomía, mención Pastelería y Repostería",Maestro pastelero,44,Recuperación de errores UX,100.0,CONFORME,Verificado
6/45,ATP-360-06,"Gastronomía, mención Pastelería y Repostería",Maestro pastelero,45,Analítica educativa,83.3,BAJO,Parcial
6/45,ATP-360-06,"Gastronomía, mención Pastelería y Repostería",Maestro pastelero,46,Calidad de evidencias,83.3,BAJO,Parcial
6/45,ATP-360-06,"Gastronomía, mención Pastelería y Repostería",Maestro pastelero,47,Coherencia Portal Docente–Curso,83.3,BAJO,Parcial
6/45,ATP-360-06,"Gastronomía, mención Pastelería y Repostería",Maestro pastelero,48,Coherencia Mi Progreso–Curso,100.0,CONFORME,Verificado
6/45,ATP-360-06,"Gastronomía, mención Pastelería y Repostería",Maestro pastelero,49,Regresión,75.0,BAJO,Parcial
6/45,ATP-360-06,"Gastronomía, mención Pastelería y Repostería",Maestro pastelero,50,Auditoría adversarial final,16.7,ALTO,No verificado
7/45,ATP-360-07,Servicios de Hotelería,Especialista en operación hotelera,1,Curricular MINEDUC,57.1,MEDIO,Parcial
7/45,ATP-360-07,Servicios de Hotelería,Especialista en operación hotelera,2,Contenido técnico,40.9,ALTO,No verificado
7/45,ATP-360-07,Servicios de Hotelería,Especialista en operación hotelera,3,Pedagógica,90.0,BAJO,Parcial
7/45,ATP-360-07,Servicios de Hotelería,Especialista en operación hotelera,4,Didáctica,80.0,BAJO,Parcial
7/45,ATP-360-07,Servicios de Hotelería,Especialista en operación hotelera,5,Instrucciones,100.0,CONFORME,Verificado
7/45,ATP-360-07,Servicios de Hotelería,Especialista en operación hotelera,6,Actividades,90.0,BAJO,Parcial
7/45,ATP-360-07,Servicios de Hotelería,Especialista en operación hotelera,7,Evaluación,83.3,BAJO,Parcial
7/45,ATP-360-07,Servicios de Hotelería,Especialista en operación hotelera,8,Situación Integradora,80.0,BAJO,Parcial
7/45,ATP-360-07,Servicios de Hotelería,Especialista en operación hotelera,9,Simuladores,33.3,ALTO,No verificado
7/45,ATP-360-07,Servicios de Hotelería,Especialista en operación hotelera,10,Multimedia,28.6,ALTO,No verificado
7/45,ATP-360-07,Servicios de Hotelería,Especialista en operación hotelera,11,Accesibilidad WCAG 2.2 AA,58.3,MEDIO,Parcial
7/45,ATP-360-07,Servicios de Hotelería,Especialista en operación hotelera,12,UX/UI pedagógica,80.0,BAJO,Parcial
7/45,ATP-360-07,Servicios de Hotelería,Especialista en operación hotelera,13,Carga cognitiva,62.5,MEDIO,Parcial
7/45,ATP-360-07,Servicios de Hotelería,Especialista en operación hotelera,14,Contextualización laboral,65.0,MEDIO,Parcial
7/45,ATP-360-07,Servicios de Hotelería,Especialista en operación hotelera,15,Seguridad,33.3,ALTO,No verificado
7/45,ATP-360-07,Servicios de Hotelería,Especialista en operación hotelera,16,Progresión entre estaciones,100.0,CONFORME,Verificado
7/45,ATP-360-07,Servicios de Hotelería,Especialista en operación hotelera,17,Estación 5,100.0,CONFORME,Verificado
7/45,ATP-360-07,Servicios de Hotelería,Especialista en operación hotelera,18,Tiempo pedagógico,100.0,CONFORME,Verificado
7/45,ATP-360-07,Servicios de Hotelería,Especialista en operación hotelera,19,QA funcional,62.5,MEDIO,Parcial
7/45,ATP-360-07,Servicios de Hotelería,Especialista en operación hotelera,20,Coherencia global y recorrido estudiante,83.3,BAJO,Parcial
7/45,ATP-360-07,Servicios de Hotelería,Especialista en operación hotelera,21,Prerrequisitos,75.0,BAJO,Parcial
7/45,ATP-360-07,Servicios de Hotelería,Especialista en operación hotelera,22,Conceptos erróneos,16.7,ALTO,No verificado
7/45,ATP-360-07,Servicios de Hotelería,Especialista en operación hotelera,23,Profundidad cognitiva,100.0,CONFORME,Verificado
7/45,ATP-360-07,Servicios de Hotelería,Especialista en operación hotelera,24,Transferencia,75.0,BAJO,Parcial
7/45,ATP-360-07,Servicios de Hotelería,Especialista en operación hotelera,25,Autonomía progresiva,75.0,BAJO,Parcial
7/45,ATP-360-07,Servicios de Hotelería,Especialista en operación hotelera,26,Calidad del feedback,62.5,MEDIO,Parcial
7/45,ATP-360-07,Servicios de Hotelería,Especialista en operación hotelera,27,Autenticidad laboral,33.3,ALTO,No verificado
7/45,ATP-360-07,Servicios de Hotelería,Especialista en operación hotelera,28,Toma de decisiones,83.3,BAJO,Parcial
7/45,ATP-360-07,Servicios de Hotelería,Especialista en operación hotelera,29,Diagnóstico de fallas,0.0,ALTO,No verificado
7/45,ATP-360-07,Servicios de Hotelería,Especialista en operación hotelera,30,Aprendizaje desde el error,66.7,MEDIO,Parcial
7/45,ATP-360-07,Servicios de Hotelería,Especialista en operación hotelera,31,Seguridad integrada,33.3,ALTO,No verificado
7/45,ATP-360-07,Servicios de Hotelería,Especialista en operación hotelera,32,Evidencia de desempeño,83.3,BAJO,Parcial
7/45,ATP-360-07,Servicios de Hotelería,Especialista en operación hotelera,33,Progresión 3°→4° medio,16.7,ALTO,No verificado
7/45,ATP-360-07,Servicios de Hotelería,Especialista en operación hotelera,34,Redundancia curricular,66.7,MEDIO,Parcial
7/45,ATP-360-07,Servicios de Hotelería,Especialista en operación hotelera,35,Vacíos curriculares,83.3,BAJO,Parcial
7/45,ATP-360-07,Servicios de Hotelería,Especialista en operación hotelera,36,Calidad de distractores,83.3,BAJO,Parcial
7/45,ATP-360-07,Servicios de Hotelería,Especialista en operación hotelera,37,Sesgo de evaluación,16.7,ALTO,No verificado
7/45,ATP-360-07,Servicios de Hotelería,Especialista en operación hotelera,38,Consistencia terminológica,25.0,ALTO,No verificado
7/45,ATP-360-07,Servicios de Hotelería,Especialista en operación hotelera,39,Alfabetización digital TP,50.0,MEDIO,Parcial
7/45,ATP-360-07,Servicios de Hotelería,Especialista en operación hotelera,40,Datos y documentación laboral,83.3,BAJO,Parcial
7/45,ATP-360-07,Servicios de Hotelería,Especialista en operación hotelera,41,Interdisciplinariedad,25.0,ALTO,No verificado
7/45,ATP-360-07,Servicios de Hotelería,Especialista en operación hotelera,42,Accesibilidad cognitiva,62.5,MEDIO,Parcial
7/45,ATP-360-07,Servicios de Hotelería,Especialista en operación hotelera,43,Responsive,33.3,ALTO,No verificado
7/45,ATP-360-07,Servicios de Hotelería,Especialista en operación hotelera,44,Recuperación de errores UX,100.0,CONFORME,Verificado
7/45,ATP-360-07,Servicios de Hotelería,Especialista en operación hotelera,45,Analítica educativa,83.3,BAJO,Parcial
7/45,ATP-360-07,Servicios de Hotelería,Especialista en operación hotelera,46,Calidad de evidencias,83.3,BAJO,Parcial
7/45,ATP-360-07,Servicios de Hotelería,Especialista en operación hotelera,47,Coherencia Portal Docente–Curso,83.3,BAJO,Parcial
7/45,ATP-360-07,Servicios de Hotelería,Especialista en operación hotelera,48,Coherencia Mi Progreso–Curso,100.0,CONFORME,Verificado
7/45,ATP-360-07,Servicios de Hotelería,Especialista en operación hotelera,49,Regresión,75.0,BAJO,Parcial
7/45,ATP-360-07,Servicios de Hotelería,Especialista en operación hotelera,50,Auditoría adversarial final,16.7,ALTO,No verificado
8/45,ATP-360-08,Contabilidad,Contador auditor,1,Curricular MINEDUC,57.1,MEDIO,Parcial
8/45,ATP-360-08,Contabilidad,Contador auditor,2,Contenido técnico,40.9,ALTO,No verificado
8/45,ATP-360-08,Contabilidad,Contador auditor,3,Pedagógica,90.0,BAJO,Parcial
8/45,ATP-360-08,Contabilidad,Contador auditor,4,Didáctica,80.0,BAJO,Parcial
8/45,ATP-360-08,Contabilidad,Contador auditor,5,Instrucciones,100.0,CONFORME,Verificado
8/45,ATP-360-08,Contabilidad,Contador auditor,6,Actividades,90.0,BAJO,Parcial
8/45,ATP-360-08,Contabilidad,Contador auditor,7,Evaluación,72.2,MEDIO,Parcial
8/45,ATP-360-08,Contabilidad,Contador auditor,8,Situación Integradora,80.0,BAJO,Parcial
8/45,ATP-360-08,Contabilidad,Contador auditor,9,Simuladores,33.3,ALTO,No verificado
8/45,ATP-360-08,Contabilidad,Contador auditor,10,Multimedia,35.7,ALTO,No verificado
8/45,ATP-360-08,Contabilidad,Contador auditor,11,Accesibilidad WCAG 2.2 AA,58.3,MEDIO,Parcial
8/45,ATP-360-08,Contabilidad,Contador auditor,12,UX/UI pedagógica,80.0,BAJO,Parcial
8/45,ATP-360-08,Contabilidad,Contador auditor,13,Carga cognitiva,62.5,MEDIO,Parcial
8/45,ATP-360-08,Contabilidad,Contador auditor,14,Contextualización laboral,67.5,MEDIO,Parcial
8/45,ATP-360-08,Contabilidad,Contador auditor,15,Seguridad,33.3,ALTO,No verificado
8/45,ATP-360-08,Contabilidad,Contador auditor,16,Progresión entre estaciones,100.0,CONFORME,Verificado
8/45,ATP-360-08,Contabilidad,Contador auditor,17,Estación 5,100.0,CONFORME,Verificado
8/45,ATP-360-08,Contabilidad,Contador auditor,18,Tiempo pedagógico,100.0,CONFORME,Verificado
8/45,ATP-360-08,Contabilidad,Contador auditor,19,QA funcional,62.5,MEDIO,Parcial
8/45,ATP-360-08,Contabilidad,Contador auditor,20,Coherencia global y recorrido estudiante,83.3,BAJO,Parcial
8/45,ATP-360-08,Contabilidad,Contador auditor,21,Prerrequisitos,75.0,BAJO,Parcial
8/45,ATP-360-08,Contabilidad,Contador auditor,22,Conceptos erróneos,16.7,ALTO,No verificado
8/45,ATP-360-08,Contabilidad,Contador auditor,23,Profundidad cognitiva,100.0,CONFORME,Verificado
8/45,ATP-360-08,Contabilidad,Contador auditor,24,Transferencia,75.0,BAJO,Parcial
8/45,ATP-360-08,Contabilidad,Contador auditor,25,Autonomía progresiva,75.0,BAJO,Parcial
8/45,ATP-360-08,Contabilidad,Contador auditor,26,Calidad del feedback,62.5,MEDIO,Parcial
8/45,ATP-360-08,Contabilidad,Contador auditor,27,Autenticidad laboral,33.3,ALTO,No verificado
8/45,ATP-360-08,Contabilidad,Contador auditor,28,Toma de decisiones,83.3,BAJO,Parcial
8/45,ATP-360-08,Contabilidad,Contador auditor,29,Diagnóstico de fallas,0.0,ALTO,No verificado
8/45,ATP-360-08,Contabilidad,Contador auditor,30,Aprendizaje desde el error,66.7,MEDIO,Parcial
8/45,ATP-360-08,Contabilidad,Contador auditor,31,Seguridad integrada,33.3,ALTO,No verificado
8/45,ATP-360-08,Contabilidad,Contador auditor,32,Evidencia de desempeño,83.3,BAJO,Parcial
8/45,ATP-360-08,Contabilidad,Contador auditor,33,Progresión 3°→4° medio,50.0,MEDIO,Parcial
8/45,ATP-360-08,Contabilidad,Contador auditor,34,Redundancia curricular,66.7,MEDIO,Parcial
8/45,ATP-360-08,Contabilidad,Contador auditor,35,Vacíos curriculares,83.3,BAJO,Parcial
8/45,ATP-360-08,Contabilidad,Contador auditor,36,Calidad de distractores,50.0,MEDIO,Parcial
8/45,ATP-360-08,Contabilidad,Contador auditor,37,Sesgo de evaluación,16.7,ALTO,No verificado
8/45,ATP-360-08,Contabilidad,Contador auditor,38,Consistencia terminológica,25.0,ALTO,No verificado
8/45,ATP-360-08,Contabilidad,Contador auditor,39,Alfabetización digital TP,50.0,MEDIO,Parcial
8/45,ATP-360-08,Contabilidad,Contador auditor,40,Datos y documentación laboral,83.3,BAJO,Parcial
8/45,ATP-360-08,Contabilidad,Contador auditor,41,Interdisciplinariedad,25.0,ALTO,No verificado
8/45,ATP-360-08,Contabilidad,Contador auditor,42,Accesibilidad cognitiva,62.5,MEDIO,Parcial
8/45,ATP-360-08,Contabilidad,Contador auditor,43,Responsive,33.3,ALTO,No verificado
8/45,ATP-360-08,Contabilidad,Contador auditor,44,Recuperación de errores UX,100.0,CONFORME,Verificado
8/45,ATP-360-08,Contabilidad,Contador auditor,45,Analítica educativa,83.3,BAJO,Parcial
8/45,ATP-360-08,Contabilidad,Contador auditor,46,Calidad de evidencias,83.3,BAJO,Parcial
8/45,ATP-360-08,Contabilidad,Contador auditor,47,Coherencia Portal Docente–Curso,83.3,BAJO,Parcial
8/45,ATP-360-08,Contabilidad,Contador auditor,48,Coherencia Mi Progreso–Curso,100.0,CONFORME,Verificado
8/45,ATP-360-08,Contabilidad,Contador auditor,49,Regresión,75.0,BAJO,Parcial
8/45,ATP-360-08,Contabilidad,Contador auditor,50,Auditoría adversarial final,16.7,ALTO,No verificado
9/45,ATP-360-09,Elaboración Industrial de Alimentos,Ingeniero en alimentos,1,Curricular MINEDUC,57.1,MEDIO,Parcial
9/45,ATP-360-09,Elaboración Industrial de Alimentos,Ingeniero en alimentos,2,Contenido técnico,40.8,ALTO,No verificado
9/45,ATP-360-09,Elaboración Industrial de Alimentos,Ingeniero en alimentos,3,Pedagógica,90.0,BAJO,Parcial
9/45,ATP-360-09,Elaboración Industrial de Alimentos,Ingeniero en alimentos,4,Didáctica,80.0,BAJO,Parcial
9/45,ATP-360-09,Elaboración Industrial de Alimentos,Ingeniero en alimentos,5,Instrucciones,100.0,CONFORME,Verificado
9/45,ATP-360-09,Elaboración Industrial de Alimentos,Ingeniero en alimentos,6,Actividades,90.0,BAJO,Parcial
9/45,ATP-360-09,Elaboración Industrial de Alimentos,Ingeniero en alimentos,7,Evaluación,72.2,MEDIO,Parcial
9/45,ATP-360-09,Elaboración Industrial de Alimentos,Ingeniero en alimentos,8,Situación Integradora,80.0,BAJO,Parcial
9/45,ATP-360-09,Elaboración Industrial de Alimentos,Ingeniero en alimentos,9,Simuladores,33.3,ALTO,No verificado
9/45,ATP-360-09,Elaboración Industrial de Alimentos,Ingeniero en alimentos,10,Multimedia,28.6,ALTO,No verificado
9/45,ATP-360-09,Elaboración Industrial de Alimentos,Ingeniero en alimentos,11,Accesibilidad WCAG 2.2 AA,58.3,MEDIO,Parcial
9/45,ATP-360-09,Elaboración Industrial de Alimentos,Ingeniero en alimentos,12,UX/UI pedagógica,80.0,BAJO,Parcial
9/45,ATP-360-09,Elaboración Industrial de Alimentos,Ingeniero en alimentos,13,Carga cognitiva,62.5,MEDIO,Parcial
9/45,ATP-360-09,Elaboración Industrial de Alimentos,Ingeniero en alimentos,14,Contextualización laboral,73.6,MEDIO,Parcial
9/45,ATP-360-09,Elaboración Industrial de Alimentos,Ingeniero en alimentos,15,Seguridad,33.3,ALTO,No verificado
9/45,ATP-360-09,Elaboración Industrial de Alimentos,Ingeniero en alimentos,16,Progresión entre estaciones,100.0,CONFORME,Verificado
9/45,ATP-360-09,Elaboración Industrial de Alimentos,Ingeniero en alimentos,17,Estación 5,100.0,CONFORME,Verificado
9/45,ATP-360-09,Elaboración Industrial de Alimentos,Ingeniero en alimentos,18,Tiempo pedagógico,100.0,CONFORME,Verificado
9/45,ATP-360-09,Elaboración Industrial de Alimentos,Ingeniero en alimentos,19,QA funcional,62.5,MEDIO,Parcial
9/45,ATP-360-09,Elaboración Industrial de Alimentos,Ingeniero en alimentos,20,Coherencia global y recorrido estudiante,83.3,BAJO,Parcial
9/45,ATP-360-09,Elaboración Industrial de Alimentos,Ingeniero en alimentos,21,Prerrequisitos,75.0,BAJO,Parcial
9/45,ATP-360-09,Elaboración Industrial de Alimentos,Ingeniero en alimentos,22,Conceptos erróneos,16.7,ALTO,No verificado
9/45,ATP-360-09,Elaboración Industrial de Alimentos,Ingeniero en alimentos,23,Profundidad cognitiva,100.0,CONFORME,Verificado
9/45,ATP-360-09,Elaboración Industrial de Alimentos,Ingeniero en alimentos,24,Transferencia,75.0,BAJO,Parcial
9/45,ATP-360-09,Elaboración Industrial de Alimentos,Ingeniero en alimentos,25,Autonomía progresiva,75.0,BAJO,Parcial
9/45,ATP-360-09,Elaboración Industrial de Alimentos,Ingeniero en alimentos,26,Calidad del feedback,62.5,MEDIO,Parcial
9/45,ATP-360-09,Elaboración Industrial de Alimentos,Ingeniero en alimentos,27,Autenticidad laboral,33.3,ALTO,No verificado
9/45,ATP-360-09,Elaboración Industrial de Alimentos,Ingeniero en alimentos,28,Toma de decisiones,83.3,BAJO,Parcial
9/45,ATP-360-09,Elaboración Industrial de Alimentos,Ingeniero en alimentos,29,Diagnóstico de fallas,5.6,ALTO,No verificado
9/45,ATP-360-09,Elaboración Industrial de Alimentos,Ingeniero en alimentos,30,Aprendizaje desde el error,66.7,MEDIO,Parcial
9/45,ATP-360-09,Elaboración Industrial de Alimentos,Ingeniero en alimentos,31,Seguridad integrada,33.3,ALTO,No verificado
9/45,ATP-360-09,Elaboración Industrial de Alimentos,Ingeniero en alimentos,32,Evidencia de desempeño,83.3,BAJO,Parcial
9/45,ATP-360-09,Elaboración Industrial de Alimentos,Ingeniero en alimentos,33,Progresión 3°→4° medio,50.0,MEDIO,Parcial
9/45,ATP-360-09,Elaboración Industrial de Alimentos,Ingeniero en alimentos,34,Redundancia curricular,66.7,MEDIO,Parcial
9/45,ATP-360-09,Elaboración Industrial de Alimentos,Ingeniero en alimentos,35,Vacíos curriculares,83.3,BAJO,Parcial
9/45,ATP-360-09,Elaboración Industrial de Alimentos,Ingeniero en alimentos,36,Calidad de distractores,50.0,MEDIO,Parcial
9/45,ATP-360-09,Elaboración Industrial de Alimentos,Ingeniero en alimentos,37,Sesgo de evaluación,16.7,ALTO,No verificado
9/45,ATP-360-09,Elaboración Industrial de Alimentos,Ingeniero en alimentos,38,Consistencia terminológica,25.0,ALTO,No verificado
9/45,ATP-360-09,Elaboración Industrial de Alimentos,Ingeniero en alimentos,39,Alfabetización digital TP,50.0,MEDIO,Parcial
9/45,ATP-360-09,Elaboración Industrial de Alimentos,Ingeniero en alimentos,40,Datos y documentación laboral,83.3,BAJO,Parcial
9/45,ATP-360-09,Elaboración Industrial de Alimentos,Ingeniero en alimentos,41,Interdisciplinariedad,25.0,ALTO,No verificado
9/45,ATP-360-09,Elaboración Industrial de Alimentos,Ingeniero en alimentos,42,Accesibilidad cognitiva,62.5,MEDIO,Parcial
9/45,ATP-360-09,Elaboración Industrial de Alimentos,Ingeniero en alimentos,43,Responsive,33.3,ALTO,No verificado
9/45,ATP-360-09,Elaboración Industrial de Alimentos,Ingeniero en alimentos,44,Recuperación de errores UX,100.0,CONFORME,Verificado
9/45,ATP-360-09,Elaboración Industrial de Alimentos,Ingeniero en alimentos,45,Analítica educativa,83.3,BAJO,Parcial
9/45,ATP-360-09,Elaboración Industrial de Alimentos,Ingeniero en alimentos,46,Calidad de evidencias,83.3,BAJO,Parcial
9/45,ATP-360-09,Elaboración Industrial de Alimentos,Ingeniero en alimentos,47,Coherencia Portal Docente–Curso,83.3,BAJO,Parcial
9/45,ATP-360-09,Elaboración Industrial de Alimentos,Ingeniero en alimentos,48,Coherencia Mi Progreso–Curso,100.0,CONFORME,Verificado
9/45,ATP-360-09,Elaboración Industrial de Alimentos,Ingeniero en alimentos,49,Regresión,75.0,BAJO,Parcial
9/45,ATP-360-09,Elaboración Industrial de Alimentos,Ingeniero en alimentos,50,Auditoría adversarial final,16.7,ALTO,No verificado
10/45,ATP-360-10,Vestuario y Confección Textil,Especialista textil y confección,1,Curricular MINEDUC,57.1,MEDIO,Parcial
10/45,ATP-360-10,Vestuario y Confección Textil,Especialista textil y confección,2,Contenido técnico,40.9,ALTO,No verificado
10/45,ATP-360-10,Vestuario y Confección Textil,Especialista textil y confección,3,Pedagógica,90.0,BAJO,Parcial
10/45,ATP-360-10,Vestuario y Confección Textil,Especialista textil y confección,4,Didáctica,80.0,BAJO,Parcial
10/45,ATP-360-10,Vestuario y Confección Textil,Especialista textil y confección,5,Instrucciones,100.0,CONFORME,Verificado
10/45,ATP-360-10,Vestuario y Confección Textil,Especialista textil y confección,6,Actividades,90.0,BAJO,Parcial
10/45,ATP-360-10,Vestuario y Confección Textil,Especialista textil y confección,7,Evaluación,72.2,MEDIO,Parcial
10/45,ATP-360-10,Vestuario y Confección Textil,Especialista textil y confección,8,Situación Integradora,80.0,BAJO,Parcial
10/45,ATP-360-10,Vestuario y Confección Textil,Especialista textil y confección,9,Simuladores,33.3,ALTO,No verificado
10/45,ATP-360-10,Vestuario y Confección Textil,Especialista textil y confección,10,Multimedia,28.6,ALTO,No verificado
10/45,ATP-360-10,Vestuario y Confección Textil,Especialista textil y confección,11,Accesibilidad WCAG 2.2 AA,58.3,MEDIO,Parcial
10/45,ATP-360-10,Vestuario y Confección Textil,Especialista textil y confección,12,UX/UI pedagógica,80.0,BAJO,Parcial
10/45,ATP-360-10,Vestuario y Confección Textil,Especialista textil y confección,13,Carga cognitiva,62.5,MEDIO,Parcial
10/45,ATP-360-10,Vestuario y Confección Textil,Especialista textil y confección,14,Contextualización laboral,71.2,MEDIO,Parcial
10/45,ATP-360-10,Vestuario y Confección Textil,Especialista textil y confección,15,Seguridad,33.3,ALTO,No verificado
10/45,ATP-360-10,Vestuario y Confección Textil,Especialista textil y confección,16,Progresión entre estaciones,100.0,CONFORME,Verificado
10/45,ATP-360-10,Vestuario y Confección Textil,Especialista textil y confección,17,Estación 5,100.0,CONFORME,Verificado
10/45,ATP-360-10,Vestuario y Confección Textil,Especialista textil y confección,18,Tiempo pedagógico,100.0,CONFORME,Verificado
10/45,ATP-360-10,Vestuario y Confección Textil,Especialista textil y confección,19,QA funcional,62.5,MEDIO,Parcial
10/45,ATP-360-10,Vestuario y Confección Textil,Especialista textil y confección,20,Coherencia global y recorrido estudiante,83.3,BAJO,Parcial
10/45,ATP-360-10,Vestuario y Confección Textil,Especialista textil y confección,21,Prerrequisitos,75.0,BAJO,Parcial
10/45,ATP-360-10,Vestuario y Confección Textil,Especialista textil y confección,22,Conceptos erróneos,16.7,ALTO,No verificado
10/45,ATP-360-10,Vestuario y Confección Textil,Especialista textil y confección,23,Profundidad cognitiva,100.0,CONFORME,Verificado
10/45,ATP-360-10,Vestuario y Confección Textil,Especialista textil y confección,24,Transferencia,75.0,BAJO,Parcial
10/45,ATP-360-10,Vestuario y Confección Textil,Especialista textil y confección,25,Autonomía progresiva,75.0,BAJO,Parcial
10/45,ATP-360-10,Vestuario y Confección Textil,Especialista textil y confección,26,Calidad del feedback,62.5,MEDIO,Parcial
10/45,ATP-360-10,Vestuario y Confección Textil,Especialista textil y confección,27,Autenticidad laboral,33.3,ALTO,No verificado
10/45,ATP-360-10,Vestuario y Confección Textil,Especialista textil y confección,28,Toma de decisiones,83.3,BAJO,Parcial
10/45,ATP-360-10,Vestuario y Confección Textil,Especialista textil y confección,29,Diagnóstico de fallas,2.5,ALTO,No verificado
10/45,ATP-360-10,Vestuario y Confección Textil,Especialista textil y confección,30,Aprendizaje desde el error,66.7,MEDIO,Parcial
10/45,ATP-360-10,Vestuario y Confección Textil,Especialista textil y confección,31,Seguridad integrada,33.3,ALTO,No verificado
10/45,ATP-360-10,Vestuario y Confección Textil,Especialista textil y confección,32,Evidencia de desempeño,83.3,BAJO,Parcial
10/45,ATP-360-10,Vestuario y Confección Textil,Especialista textil y confección,33,Progresión 3°→4° medio,50.0,MEDIO,Parcial
10/45,ATP-360-10,Vestuario y Confección Textil,Especialista textil y confección,34,Redundancia curricular,66.7,MEDIO,Parcial
10/45,ATP-360-10,Vestuario y Confección Textil,Especialista textil y confección,35,Vacíos curriculares,83.3,BAJO,Parcial
10/45,ATP-360-10,Vestuario y Confección Textil,Especialista textil y confección,36,Calidad de distractores,50.0,MEDIO,Parcial
10/45,ATP-360-10,Vestuario y Confección Textil,Especialista textil y confección,37,Sesgo de evaluación,16.7,ALTO,No verificado
10/45,ATP-360-10,Vestuario y Confección Textil,Especialista textil y confección,38,Consistencia terminológica,25.0,ALTO,No verificado
10/45,ATP-360-10,Vestuario y Confección Textil,Especialista textil y confección,39,Alfabetización digital TP,50.0,MEDIO,Parcial
10/45,ATP-360-10,Vestuario y Confección Textil,Especialista textil y confección,40,Datos y documentación laboral,83.3,BAJO,Parcial
10/45,ATP-360-10,Vestuario y Confección Textil,Especialista textil y confección,41,Interdisciplinariedad,25.0,ALTO,No verificado
10/45,ATP-360-10,Vestuario y Confección Textil,Especialista textil y confección,42,Accesibilidad cognitiva,62.5,MEDIO,Parcial
10/45,ATP-360-10,Vestuario y Confección Textil,Especialista textil y confección,43,Responsive,33.3,ALTO,No verificado
10/45,ATP-360-10,Vestuario y Confección Textil,Especialista textil y confección,44,Recuperación de errores UX,100.0,CONFORME,Verificado
10/45,ATP-360-10,Vestuario y Confección Textil,Especialista textil y confección,45,Analítica educativa,83.3,BAJO,Parcial
10/45,ATP-360-10,Vestuario y Confección Textil,Especialista textil y confección,46,Calidad de evidencias,83.3,BAJO,Parcial
10/45,ATP-360-10,Vestuario y Confección Textil,Especialista textil y confección,47,Coherencia Portal Docente–Curso,83.3,BAJO,Parcial
10/45,ATP-360-10,Vestuario y Confección Textil,Especialista textil y confección,48,Coherencia Mi Progreso–Curso,100.0,CONFORME,Verificado
10/45,ATP-360-10,Vestuario y Confección Textil,Especialista textil y confección,49,Regresión,75.0,BAJO,Parcial
10/45,ATP-360-10,Vestuario y Confección Textil,Especialista textil y confección,50,Auditoría adversarial final,16.7,ALTO,No verificado
11/45,ATP-360-11,Instalaciones Sanitarias,Instalador sanitario,1,Curricular MINEDUC,57.1,MEDIO,Parcial
11/45,ATP-360-11,Instalaciones Sanitarias,Instalador sanitario,2,Contenido técnico,40.9,ALTO,No verificado
11/45,ATP-360-11,Instalaciones Sanitarias,Instalador sanitario,3,Pedagógica,90.0,BAJO,Parcial
11/45,ATP-360-11,Instalaciones Sanitarias,Instalador sanitario,4,Didáctica,80.0,BAJO,Parcial
11/45,ATP-360-11,Instalaciones Sanitarias,Instalador sanitario,5,Instrucciones,100.0,CONFORME,Verificado
11/45,ATP-360-11,Instalaciones Sanitarias,Instalador sanitario,6,Actividades,90.0,BAJO,Parcial
11/45,ATP-360-11,Instalaciones Sanitarias,Instalador sanitario,7,Evaluación,72.2,MEDIO,Parcial
11/45,ATP-360-11,Instalaciones Sanitarias,Instalador sanitario,8,Situación Integradora,80.0,BAJO,Parcial
11/45,ATP-360-11,Instalaciones Sanitarias,Instalador sanitario,9,Simuladores,33.3,ALTO,No verificado
11/45,ATP-360-11,Instalaciones Sanitarias,Instalador sanitario,10,Multimedia,28.6,ALTO,No verificado
11/45,ATP-360-11,Instalaciones Sanitarias,Instalador sanitario,11,Accesibilidad WCAG 2.2 AA,58.3,MEDIO,Parcial
11/45,ATP-360-11,Instalaciones Sanitarias,Instalador sanitario,12,UX/UI pedagógica,80.0,BAJO,Parcial
11/45,ATP-360-11,Instalaciones Sanitarias,Instalador sanitario,13,Carga cognitiva,62.5,MEDIO,Parcial
11/45,ATP-360-11,Instalaciones Sanitarias,Instalador sanitario,14,Contextualización laboral,63.8,MEDIO,Parcial
11/45,ATP-360-11,Instalaciones Sanitarias,Instalador sanitario,15,Seguridad,33.3,ALTO,No verificado
11/45,ATP-360-11,Instalaciones Sanitarias,Instalador sanitario,16,Progresión entre estaciones,100.0,CONFORME,Verificado
11/45,ATP-360-11,Instalaciones Sanitarias,Instalador sanitario,17,Estación 5,100.0,CONFORME,Verificado
11/45,ATP-360-11,Instalaciones Sanitarias,Instalador sanitario,18,Tiempo pedagógico,100.0,CONFORME,Verificado
11/45,ATP-360-11,Instalaciones Sanitarias,Instalador sanitario,19,QA funcional,62.5,MEDIO,Parcial
11/45,ATP-360-11,Instalaciones Sanitarias,Instalador sanitario,20,Coherencia global y recorrido estudiante,83.3,BAJO,Parcial
11/45,ATP-360-11,Instalaciones Sanitarias,Instalador sanitario,21,Prerrequisitos,75.0,BAJO,Parcial
11/45,ATP-360-11,Instalaciones Sanitarias,Instalador sanitario,22,Conceptos erróneos,16.7,ALTO,No verificado
11/45,ATP-360-11,Instalaciones Sanitarias,Instalador sanitario,23,Profundidad cognitiva,100.0,CONFORME,Verificado
11/45,ATP-360-11,Instalaciones Sanitarias,Instalador sanitario,24,Transferencia,75.0,BAJO,Parcial
11/45,ATP-360-11,Instalaciones Sanitarias,Instalador sanitario,25,Autonomía progresiva,75.0,BAJO,Parcial
11/45,ATP-360-11,Instalaciones Sanitarias,Instalador sanitario,26,Calidad del feedback,62.5,MEDIO,Parcial
11/45,ATP-360-11,Instalaciones Sanitarias,Instalador sanitario,27,Autenticidad laboral,33.3,ALTO,No verificado
11/45,ATP-360-11,Instalaciones Sanitarias,Instalador sanitario,28,Toma de decisiones,83.3,BAJO,Parcial
11/45,ATP-360-11,Instalaciones Sanitarias,Instalador sanitario,29,Diagnóstico de fallas,2.5,ALTO,No verificado
11/45,ATP-360-11,Instalaciones Sanitarias,Instalador sanitario,30,Aprendizaje desde el error,66.7,MEDIO,Parcial
11/45,ATP-360-11,Instalaciones Sanitarias,Instalador sanitario,31,Seguridad integrada,33.3,ALTO,No verificado
11/45,ATP-360-11,Instalaciones Sanitarias,Instalador sanitario,32,Evidencia de desempeño,83.3,BAJO,Parcial
11/45,ATP-360-11,Instalaciones Sanitarias,Instalador sanitario,33,Progresión 3°→4° medio,50.0,MEDIO,Parcial
11/45,ATP-360-11,Instalaciones Sanitarias,Instalador sanitario,34,Redundancia curricular,66.7,MEDIO,Parcial
11/45,ATP-360-11,Instalaciones Sanitarias,Instalador sanitario,35,Vacíos curriculares,83.3,BAJO,Parcial
11/45,ATP-360-11,Instalaciones Sanitarias,Instalador sanitario,36,Calidad de distractores,50.0,MEDIO,Parcial
11/45,ATP-360-11,Instalaciones Sanitarias,Instalador sanitario,37,Sesgo de evaluación,16.7,ALTO,No verificado
11/45,ATP-360-11,Instalaciones Sanitarias,Instalador sanitario,38,Consistencia terminológica,25.0,ALTO,No verificado
11/45,ATP-360-11,Instalaciones Sanitarias,Instalador sanitario,39,Alfabetización digital TP,50.0,MEDIO,Parcial
11/45,ATP-360-11,Instalaciones Sanitarias,Instalador sanitario,40,Datos y documentación laboral,83.3,BAJO,Parcial
11/45,ATP-360-11,Instalaciones Sanitarias,Instalador sanitario,41,Interdisciplinariedad,25.0,ALTO,No verificado
11/45,ATP-360-11,Instalaciones Sanitarias,Instalador sanitario,42,Accesibilidad cognitiva,62.5,MEDIO,Parcial
11/45,ATP-360-11,Instalaciones Sanitarias,Instalador sanitario,43,Responsive,33.3,ALTO,No verificado
11/45,ATP-360-11,Instalaciones Sanitarias,Instalador sanitario,44,Recuperación de errores UX,100.0,CONFORME,Verificado
11/45,ATP-360-11,Instalaciones Sanitarias,Instalador sanitario,45,Analítica educativa,83.3,BAJO,Parcial
11/45,ATP-360-11,Instalaciones Sanitarias,Instalador sanitario,46,Calidad de evidencias,83.3,BAJO,Parcial
11/45,ATP-360-11,Instalaciones Sanitarias,Instalador sanitario,47,Coherencia Portal Docente–Curso,83.3,BAJO,Parcial
11/45,ATP-360-11,Instalaciones Sanitarias,Instalador sanitario,48,Coherencia Mi Progreso–Curso,100.0,CONFORME,Verificado
11/45,ATP-360-11,Instalaciones Sanitarias,Instalador sanitario,49,Regresión,75.0,BAJO,Parcial
11/45,ATP-360-11,Instalaciones Sanitarias,Instalador sanitario,50,Auditoría adversarial final,16.7,ALTO,No verificado
12/45,ATP-360-12,Montaje Industrial,Especialista en montaje industrial,1,Curricular MINEDUC,57.1,MEDIO,Parcial
12/45,ATP-360-12,Montaje Industrial,Especialista en montaje industrial,2,Contenido técnico,40.8,ALTO,No verificado
12/45,ATP-360-12,Montaje Industrial,Especialista en montaje industrial,3,Pedagógica,90.0,BAJO,Parcial
12/45,ATP-360-12,Montaje Industrial,Especialista en montaje industrial,4,Didáctica,80.0,BAJO,Parcial
12/45,ATP-360-12,Montaje Industrial,Especialista en montaje industrial,5,Instrucciones,100.0,CONFORME,Verificado
12/45,ATP-360-12,Montaje Industrial,Especialista en montaje industrial,6,Actividades,90.0,BAJO,Parcial
12/45,ATP-360-12,Montaje Industrial,Especialista en montaje industrial,7,Evaluación,72.2,MEDIO,Parcial
12/45,ATP-360-12,Montaje Industrial,Especialista en montaje industrial,8,Situación Integradora,80.0,BAJO,Parcial
12/45,ATP-360-12,Montaje Industrial,Especialista en montaje industrial,9,Simuladores,33.3,ALTO,No verificado
12/45,ATP-360-12,Montaje Industrial,Especialista en montaje industrial,10,Multimedia,28.6,ALTO,No verificado
12/45,ATP-360-12,Montaje Industrial,Especialista en montaje industrial,11,Accesibilidad WCAG 2.2 AA,58.3,MEDIO,Parcial
12/45,ATP-360-12,Montaje Industrial,Especialista en montaje industrial,12,UX/UI pedagógica,80.0,BAJO,Parcial
12/45,ATP-360-12,Montaje Industrial,Especialista en montaje industrial,13,Carga cognitiva,62.5,MEDIO,Parcial
12/45,ATP-360-12,Montaje Industrial,Especialista en montaje industrial,14,Contextualización laboral,75.0,BAJO,Parcial
12/45,ATP-360-12,Montaje Industrial,Especialista en montaje industrial,15,Seguridad,33.3,ALTO,No verificado
12/45,ATP-360-12,Montaje Industrial,Especialista en montaje industrial,16,Progresión entre estaciones,100.0,CONFORME,Verificado
12/45,ATP-360-12,Montaje Industrial,Especialista en montaje industrial,17,Estación 5,100.0,CONFORME,Verificado
12/45,ATP-360-12,Montaje Industrial,Especialista en montaje industrial,18,Tiempo pedagógico,100.0,CONFORME,Verificado
12/45,ATP-360-12,Montaje Industrial,Especialista en montaje industrial,19,QA funcional,62.5,MEDIO,Parcial
12/45,ATP-360-12,Montaje Industrial,Especialista en montaje industrial,20,Coherencia global y recorrido estudiante,83.3,BAJO,Parcial
12/45,ATP-360-12,Montaje Industrial,Especialista en montaje industrial,21,Prerrequisitos,75.0,BAJO,Parcial
12/45,ATP-360-12,Montaje Industrial,Especialista en montaje industrial,22,Conceptos erróneos,16.7,ALTO,No verificado
12/45,ATP-360-12,Montaje Industrial,Especialista en montaje industrial,23,Profundidad cognitiva,100.0,CONFORME,Verificado
12/45,ATP-360-12,Montaje Industrial,Especialista en montaje industrial,24,Transferencia,75.0,BAJO,Parcial
12/45,ATP-360-12,Montaje Industrial,Especialista en montaje industrial,25,Autonomía progresiva,75.0,BAJO,Parcial
12/45,ATP-360-12,Montaje Industrial,Especialista en montaje industrial,26,Calidad del feedback,62.5,MEDIO,Parcial
12/45,ATP-360-12,Montaje Industrial,Especialista en montaje industrial,27,Autenticidad laboral,33.3,ALTO,No verificado
12/45,ATP-360-12,Montaje Industrial,Especialista en montaje industrial,28,Toma de decisiones,83.3,BAJO,Parcial
12/45,ATP-360-12,Montaje Industrial,Especialista en montaje industrial,29,Diagnóstico de fallas,2.8,ALTO,No verificado
12/45,ATP-360-12,Montaje Industrial,Especialista en montaje industrial,30,Aprendizaje desde el error,66.7,MEDIO,Parcial
12/45,ATP-360-12,Montaje Industrial,Especialista en montaje industrial,31,Seguridad integrada,33.3,ALTO,No verificado
12/45,ATP-360-12,Montaje Industrial,Especialista en montaje industrial,32,Evidencia de desempeño,83.3,BAJO,Parcial
12/45,ATP-360-12,Montaje Industrial,Especialista en montaje industrial,33,Progresión 3°→4° medio,50.0,MEDIO,Parcial
12/45,ATP-360-12,Montaje Industrial,Especialista en montaje industrial,34,Redundancia curricular,66.7,MEDIO,Parcial
12/45,ATP-360-12,Montaje Industrial,Especialista en montaje industrial,35,Vacíos curriculares,83.3,BAJO,Parcial
12/45,ATP-360-12,Montaje Industrial,Especialista en montaje industrial,36,Calidad de distractores,50.0,MEDIO,Parcial
12/45,ATP-360-12,Montaje Industrial,Especialista en montaje industrial,37,Sesgo de evaluación,16.7,ALTO,No verificado
12/45,ATP-360-12,Montaje Industrial,Especialista en montaje industrial,38,Consistencia terminológica,25.0,ALTO,No verificado
12/45,ATP-360-12,Montaje Industrial,Especialista en montaje industrial,39,Alfabetización digital TP,50.0,MEDIO,Parcial
12/45,ATP-360-12,Montaje Industrial,Especialista en montaje industrial,40,Datos y documentación laboral,83.3,BAJO,Parcial
12/45,ATP-360-12,Montaje Industrial,Especialista en montaje industrial,41,Interdisciplinariedad,25.0,ALTO,No verificado
12/45,ATP-360-12,Montaje Industrial,Especialista en montaje industrial,42,Accesibilidad cognitiva,62.5,MEDIO,Parcial
12/45,ATP-360-12,Montaje Industrial,Especialista en montaje industrial,43,Responsive,33.3,ALTO,No verificado
12/45,ATP-360-12,Montaje Industrial,Especialista en montaje industrial,44,Recuperación de errores UX,100.0,CONFORME,Verificado
12/45,ATP-360-12,Montaje Industrial,Especialista en montaje industrial,45,Analítica educativa,83.3,BAJO,Parcial
12/45,ATP-360-12,Montaje Industrial,Especialista en montaje industrial,46,Calidad de evidencias,83.3,BAJO,Parcial
12/45,ATP-360-12,Montaje Industrial,Especialista en montaje industrial,47,Coherencia Portal Docente–Curso,83.3,BAJO,Parcial
12/45,ATP-360-12,Montaje Industrial,Especialista en montaje industrial,48,Coherencia Mi Progreso–Curso,100.0,CONFORME,Verificado
12/45,ATP-360-12,Montaje Industrial,Especialista en montaje industrial,49,Regresión,75.0,BAJO,Parcial
12/45,ATP-360-12,Montaje Industrial,Especialista en montaje industrial,50,Auditoría adversarial final,16.7,ALTO,No verificado
13/45,ATP-360-13,Electrónica,Ingeniero electrónico,1,Curricular MINEDUC,57.1,MEDIO,Parcial
13/45,ATP-360-13,Electrónica,Ingeniero electrónico,2,Contenido técnico,40.9,ALTO,No verificado
13/45,ATP-360-13,Electrónica,Ingeniero electrónico,3,Pedagógica,90.0,BAJO,Parcial
13/45,ATP-360-13,Electrónica,Ingeniero electrónico,4,Didáctica,80.0,BAJO,Parcial
13/45,ATP-360-13,Electrónica,Ingeniero electrónico,5,Instrucciones,100.0,CONFORME,Verificado
13/45,ATP-360-13,Electrónica,Ingeniero electrónico,6,Actividades,90.0,BAJO,Parcial
13/45,ATP-360-13,Electrónica,Ingeniero electrónico,7,Evaluación,72.2,MEDIO,Parcial
13/45,ATP-360-13,Electrónica,Ingeniero electrónico,8,Situación Integradora,80.0,BAJO,Parcial
13/45,ATP-360-13,Electrónica,Ingeniero electrónico,9,Simuladores,33.3,ALTO,No verificado
13/45,ATP-360-13,Electrónica,Ingeniero electrónico,10,Multimedia,28.6,ALTO,No verificado
13/45,ATP-360-13,Electrónica,Ingeniero electrónico,11,Accesibilidad WCAG 2.2 AA,58.3,MEDIO,Parcial
13/45,ATP-360-13,Electrónica,Ingeniero electrónico,12,UX/UI pedagógica,80.0,BAJO,Parcial
13/45,ATP-360-13,Electrónica,Ingeniero electrónico,13,Carga cognitiva,62.5,MEDIO,Parcial
13/45,ATP-360-13,Electrónica,Ingeniero electrónico,14,Contextualización laboral,71.2,MEDIO,Parcial
13/45,ATP-360-13,Electrónica,Ingeniero electrónico,15,Seguridad,33.3,ALTO,No verificado
13/45,ATP-360-13,Electrónica,Ingeniero electrónico,16,Progresión entre estaciones,100.0,CONFORME,Verificado
13/45,ATP-360-13,Electrónica,Ingeniero electrónico,17,Estación 5,100.0,CONFORME,Verificado
13/45,ATP-360-13,Electrónica,Ingeniero electrónico,18,Tiempo pedagógico,100.0,CONFORME,Verificado
13/45,ATP-360-13,Electrónica,Ingeniero electrónico,19,QA funcional,62.5,MEDIO,Parcial
13/45,ATP-360-13,Electrónica,Ingeniero electrónico,20,Coherencia global y recorrido estudiante,83.3,BAJO,Parcial
13/45,ATP-360-13,Electrónica,Ingeniero electrónico,21,Prerrequisitos,75.0,BAJO,Parcial
13/45,ATP-360-13,Electrónica,Ingeniero electrónico,22,Conceptos erróneos,16.7,ALTO,No verificado
13/45,ATP-360-13,Electrónica,Ingeniero electrónico,23,Profundidad cognitiva,100.0,CONFORME,Verificado
13/45,ATP-360-13,Electrónica,Ingeniero electrónico,24,Transferencia,75.0,BAJO,Parcial
13/45,ATP-360-13,Electrónica,Ingeniero electrónico,25,Autonomía progresiva,75.0,BAJO,Parcial
13/45,ATP-360-13,Electrónica,Ingeniero electrónico,26,Calidad del feedback,62.5,MEDIO,Parcial
13/45,ATP-360-13,Electrónica,Ingeniero electrónico,27,Autenticidad laboral,33.3,ALTO,No verificado
13/45,ATP-360-13,Electrónica,Ingeniero electrónico,28,Toma de decisiones,83.3,BAJO,Parcial
13/45,ATP-360-13,Electrónica,Ingeniero electrónico,29,Diagnóstico de fallas,12.5,ALTO,No verificado
13/45,ATP-360-13,Electrónica,Ingeniero electrónico,30,Aprendizaje desde el error,66.7,MEDIO,Parcial
13/45,ATP-360-13,Electrónica,Ingeniero electrónico,31,Seguridad integrada,33.3,ALTO,No verificado
13/45,ATP-360-13,Electrónica,Ingeniero electrónico,32,Evidencia de desempeño,83.3,BAJO,Parcial
13/45,ATP-360-13,Electrónica,Ingeniero electrónico,33,Progresión 3°→4° medio,50.0,MEDIO,Parcial
13/45,ATP-360-13,Electrónica,Ingeniero electrónico,34,Redundancia curricular,66.7,MEDIO,Parcial
13/45,ATP-360-13,Electrónica,Ingeniero electrónico,35,Vacíos curriculares,83.3,BAJO,Parcial
13/45,ATP-360-13,Electrónica,Ingeniero electrónico,36,Calidad de distractores,50.0,MEDIO,Parcial
13/45,ATP-360-13,Electrónica,Ingeniero electrónico,37,Sesgo de evaluación,16.7,ALTO,No verificado
13/45,ATP-360-13,Electrónica,Ingeniero electrónico,38,Consistencia terminológica,25.0,ALTO,No verificado
13/45,ATP-360-13,Electrónica,Ingeniero electrónico,39,Alfabetización digital TP,50.0,MEDIO,Parcial
13/45,ATP-360-13,Electrónica,Ingeniero electrónico,40,Datos y documentación laboral,83.3,BAJO,Parcial
13/45,ATP-360-13,Electrónica,Ingeniero electrónico,41,Interdisciplinariedad,25.0,ALTO,No verificado
13/45,ATP-360-13,Electrónica,Ingeniero electrónico,42,Accesibilidad cognitiva,62.5,MEDIO,Parcial
13/45,ATP-360-13,Electrónica,Ingeniero electrónico,43,Responsive,33.3,ALTO,No verificado
13/45,ATP-360-13,Electrónica,Ingeniero electrónico,44,Recuperación de errores UX,100.0,CONFORME,Verificado
13/45,ATP-360-13,Electrónica,Ingeniero electrónico,45,Analítica educativa,83.3,BAJO,Parcial
13/45,ATP-360-13,Electrónica,Ingeniero electrónico,46,Calidad de evidencias,83.3,BAJO,Parcial
13/45,ATP-360-13,Electrónica,Ingeniero electrónico,47,Coherencia Portal Docente–Curso,83.3,BAJO,Parcial
13/45,ATP-360-13,Electrónica,Ingeniero electrónico,48,Coherencia Mi Progreso–Curso,100.0,CONFORME,Verificado
13/45,ATP-360-13,Electrónica,Ingeniero electrónico,49,Regresión,75.0,BAJO,Parcial
13/45,ATP-360-13,Electrónica,Ingeniero electrónico,50,Auditoría adversarial final,16.7,ALTO,No verificado
14/45,ATP-360-14,Dibujo Técnico,Proyectista de dibujo técnico,1,Curricular MINEDUC,57.1,MEDIO,Parcial
14/45,ATP-360-14,Dibujo Técnico,Proyectista de dibujo técnico,2,Contenido técnico,40.9,ALTO,No verificado
14/45,ATP-360-14,Dibujo Técnico,Proyectista de dibujo técnico,3,Pedagógica,90.0,BAJO,Parcial
14/45,ATP-360-14,Dibujo Técnico,Proyectista de dibujo técnico,4,Didáctica,80.0,BAJO,Parcial
14/45,ATP-360-14,Dibujo Técnico,Proyectista de dibujo técnico,5,Instrucciones,100.0,CONFORME,Verificado
14/45,ATP-360-14,Dibujo Técnico,Proyectista de dibujo técnico,6,Actividades,90.0,BAJO,Parcial
14/45,ATP-360-14,Dibujo Técnico,Proyectista de dibujo técnico,7,Evaluación,72.2,MEDIO,Parcial
14/45,ATP-360-14,Dibujo Técnico,Proyectista de dibujo técnico,8,Situación Integradora,80.0,BAJO,Parcial
14/45,ATP-360-14,Dibujo Técnico,Proyectista de dibujo técnico,9,Simuladores,33.3,ALTO,No verificado
14/45,ATP-360-14,Dibujo Técnico,Proyectista de dibujo técnico,10,Multimedia,28.6,ALTO,No verificado
14/45,ATP-360-14,Dibujo Técnico,Proyectista de dibujo técnico,11,Accesibilidad WCAG 2.2 AA,58.3,MEDIO,Parcial
14/45,ATP-360-14,Dibujo Técnico,Proyectista de dibujo técnico,12,UX/UI pedagógica,80.0,BAJO,Parcial
14/45,ATP-360-14,Dibujo Técnico,Proyectista de dibujo técnico,13,Carga cognitiva,62.5,MEDIO,Parcial
14/45,ATP-360-14,Dibujo Técnico,Proyectista de dibujo técnico,14,Contextualización laboral,69.3,MEDIO,Parcial
14/45,ATP-360-14,Dibujo Técnico,Proyectista de dibujo técnico,15,Seguridad,33.3,ALTO,No verificado
14/45,ATP-360-14,Dibujo Técnico,Proyectista de dibujo técnico,16,Progresión entre estaciones,100.0,CONFORME,Verificado
14/45,ATP-360-14,Dibujo Técnico,Proyectista de dibujo técnico,17,Estación 5,100.0,CONFORME,Verificado
14/45,ATP-360-14,Dibujo Técnico,Proyectista de dibujo técnico,18,Tiempo pedagógico,100.0,CONFORME,Verificado
14/45,ATP-360-14,Dibujo Técnico,Proyectista de dibujo técnico,19,QA funcional,62.5,MEDIO,Parcial
14/45,ATP-360-14,Dibujo Técnico,Proyectista de dibujo técnico,20,Coherencia global y recorrido estudiante,83.3,BAJO,Parcial
14/45,ATP-360-14,Dibujo Técnico,Proyectista de dibujo técnico,21,Prerrequisitos,75.0,BAJO,Parcial
14/45,ATP-360-14,Dibujo Técnico,Proyectista de dibujo técnico,22,Conceptos erróneos,16.7,ALTO,No verificado
14/45,ATP-360-14,Dibujo Técnico,Proyectista de dibujo técnico,23,Profundidad cognitiva,100.0,CONFORME,Verificado
14/45,ATP-360-14,Dibujo Técnico,Proyectista de dibujo técnico,24,Transferencia,75.0,BAJO,Parcial
14/45,ATP-360-14,Dibujo Técnico,Proyectista de dibujo técnico,25,Autonomía progresiva,75.0,BAJO,Parcial
14/45,ATP-360-14,Dibujo Técnico,Proyectista de dibujo técnico,26,Calidad del feedback,62.5,MEDIO,Parcial
14/45,ATP-360-14,Dibujo Técnico,Proyectista de dibujo técnico,27,Autenticidad laboral,33.3,ALTO,No verificado
14/45,ATP-360-14,Dibujo Técnico,Proyectista de dibujo técnico,28,Toma de decisiones,83.3,BAJO,Parcial
14/45,ATP-360-14,Dibujo Técnico,Proyectista de dibujo técnico,29,Diagnóstico de fallas,0.0,ALTO,No verificado
14/45,ATP-360-14,Dibujo Técnico,Proyectista de dibujo técnico,30,Aprendizaje desde el error,66.7,MEDIO,Parcial
14/45,ATP-360-14,Dibujo Técnico,Proyectista de dibujo técnico,31,Seguridad integrada,33.3,ALTO,No verificado
14/45,ATP-360-14,Dibujo Técnico,Proyectista de dibujo técnico,32,Evidencia de desempeño,83.3,BAJO,Parcial
14/45,ATP-360-14,Dibujo Técnico,Proyectista de dibujo técnico,33,Progresión 3°→4° medio,50.0,MEDIO,Parcial
14/45,ATP-360-14,Dibujo Técnico,Proyectista de dibujo técnico,34,Redundancia curricular,66.7,MEDIO,Parcial
14/45,ATP-360-14,Dibujo Técnico,Proyectista de dibujo técnico,35,Vacíos curriculares,83.3,BAJO,Parcial
14/45,ATP-360-14,Dibujo Técnico,Proyectista de dibujo técnico,36,Calidad de distractores,50.0,MEDIO,Parcial
14/45,ATP-360-14,Dibujo Técnico,Proyectista de dibujo técnico,37,Sesgo de evaluación,16.7,ALTO,No verificado
14/45,ATP-360-14,Dibujo Técnico,Proyectista de dibujo técnico,38,Consistencia terminológica,25.0,ALTO,No verificado
14/45,ATP-360-14,Dibujo Técnico,Proyectista de dibujo técnico,39,Alfabetización digital TP,50.0,MEDIO,Parcial
14/45,ATP-360-14,Dibujo Técnico,Proyectista de dibujo técnico,40,Datos y documentación laboral,83.3,BAJO,Parcial
14/45,ATP-360-14,Dibujo Técnico,Proyectista de dibujo técnico,41,Interdisciplinariedad,25.0,ALTO,No verificado
14/45,ATP-360-14,Dibujo Técnico,Proyectista de dibujo técnico,42,Accesibilidad cognitiva,62.5,MEDIO,Parcial
14/45,ATP-360-14,Dibujo Técnico,Proyectista de dibujo técnico,43,Responsive,33.3,ALTO,No verificado
14/45,ATP-360-14,Dibujo Técnico,Proyectista de dibujo técnico,44,Recuperación de errores UX,100.0,CONFORME,Verificado
14/45,ATP-360-14,Dibujo Técnico,Proyectista de dibujo técnico,45,Analítica educativa,83.3,BAJO,Parcial
14/45,ATP-360-14,Dibujo Técnico,Proyectista de dibujo técnico,46,Calidad de evidencias,83.3,BAJO,Parcial
14/45,ATP-360-14,Dibujo Técnico,Proyectista de dibujo técnico,47,Coherencia Portal Docente–Curso,83.3,BAJO,Parcial
14/45,ATP-360-14,Dibujo Técnico,Proyectista de dibujo técnico,48,Coherencia Mi Progreso–Curso,100.0,CONFORME,Verificado
14/45,ATP-360-14,Dibujo Técnico,Proyectista de dibujo técnico,49,Regresión,75.0,BAJO,Parcial
14/45,ATP-360-14,Dibujo Técnico,Proyectista de dibujo técnico,50,Auditoría adversarial final,16.7,ALTO,No verificado
15/45,ATP-360-15,Gráfica,Diseñador gráfico de producción,1,Curricular MINEDUC,57.1,MEDIO,Parcial
15/45,ATP-360-15,Gráfica,Diseñador gráfico de producción,2,Contenido técnico,40.8,ALTO,No verificado
15/45,ATP-360-15,Gráfica,Diseñador gráfico de producción,3,Pedagógica,90.0,BAJO,Parcial
15/45,ATP-360-15,Gráfica,Diseñador gráfico de producción,4,Didáctica,80.0,BAJO,Parcial
15/45,ATP-360-15,Gráfica,Diseñador gráfico de producción,5,Instrucciones,100.0,CONFORME,Verificado
15/45,ATP-360-15,Gráfica,Diseñador gráfico de producción,6,Actividades,90.0,BAJO,Parcial
15/45,ATP-360-15,Gráfica,Diseñador gráfico de producción,7,Evaluación,72.2,MEDIO,Parcial
15/45,ATP-360-15,Gráfica,Diseñador gráfico de producción,8,Situación Integradora,80.0,BAJO,Parcial
15/45,ATP-360-15,Gráfica,Diseñador gráfico de producción,9,Simuladores,33.3,ALTO,No verificado
15/45,ATP-360-15,Gráfica,Diseñador gráfico de producción,10,Multimedia,28.6,ALTO,No verificado
15/45,ATP-360-15,Gráfica,Diseñador gráfico de producción,11,Accesibilidad WCAG 2.2 AA,58.3,MEDIO,Parcial
15/45,ATP-360-15,Gráfica,Diseñador gráfico de producción,12,UX/UI pedagógica,80.0,BAJO,Parcial
15/45,ATP-360-15,Gráfica,Diseñador gráfico de producción,13,Carga cognitiva,62.5,MEDIO,Parcial
15/45,ATP-360-15,Gráfica,Diseñador gráfico de producción,14,Contextualización laboral,72.2,MEDIO,Parcial
15/45,ATP-360-15,Gráfica,Diseñador gráfico de producción,15,Seguridad,33.3,ALTO,No verificado
15/45,ATP-360-15,Gráfica,Diseñador gráfico de producción,16,Progresión entre estaciones,100.0,CONFORME,Verificado
15/45,ATP-360-15,Gráfica,Diseñador gráfico de producción,17,Estación 5,100.0,CONFORME,Verificado
15/45,ATP-360-15,Gráfica,Diseñador gráfico de producción,18,Tiempo pedagógico,100.0,CONFORME,Verificado
15/45,ATP-360-15,Gráfica,Diseñador gráfico de producción,19,QA funcional,62.5,MEDIO,Parcial
15/45,ATP-360-15,Gráfica,Diseñador gráfico de producción,20,Coherencia global y recorrido estudiante,83.3,BAJO,Parcial
15/45,ATP-360-15,Gráfica,Diseñador gráfico de producción,21,Prerrequisitos,75.0,BAJO,Parcial
15/45,ATP-360-15,Gráfica,Diseñador gráfico de producción,22,Conceptos erróneos,16.7,ALTO,No verificado
15/45,ATP-360-15,Gráfica,Diseñador gráfico de producción,23,Profundidad cognitiva,100.0,CONFORME,Verificado
15/45,ATP-360-15,Gráfica,Diseñador gráfico de producción,24,Transferencia,75.0,BAJO,Parcial
15/45,ATP-360-15,Gráfica,Diseñador gráfico de producción,25,Autonomía progresiva,75.0,BAJO,Parcial
15/45,ATP-360-15,Gráfica,Diseñador gráfico de producción,26,Calidad del feedback,62.5,MEDIO,Parcial
15/45,ATP-360-15,Gráfica,Diseñador gráfico de producción,27,Autenticidad laboral,33.3,ALTO,No verificado
15/45,ATP-360-15,Gráfica,Diseñador gráfico de producción,28,Toma de decisiones,83.3,BAJO,Parcial
15/45,ATP-360-15,Gráfica,Diseñador gráfico de producción,29,Diagnóstico de fallas,2.8,ALTO,No verificado
15/45,ATP-360-15,Gráfica,Diseñador gráfico de producción,30,Aprendizaje desde el error,66.7,MEDIO,Parcial
15/45,ATP-360-15,Gráfica,Diseñador gráfico de producción,31,Seguridad integrada,33.3,ALTO,No verificado
15/45,ATP-360-15,Gráfica,Diseñador gráfico de producción,32,Evidencia de desempeño,83.3,BAJO,Parcial
15/45,ATP-360-15,Gráfica,Diseñador gráfico de producción,33,Progresión 3°→4° medio,50.0,MEDIO,Parcial
15/45,ATP-360-15,Gráfica,Diseñador gráfico de producción,34,Redundancia curricular,66.7,MEDIO,Parcial
15/45,ATP-360-15,Gráfica,Diseñador gráfico de producción,35,Vacíos curriculares,83.3,BAJO,Parcial
15/45,ATP-360-15,Gráfica,Diseñador gráfico de producción,36,Calidad de distractores,50.0,MEDIO,Parcial
15/45,ATP-360-15,Gráfica,Diseñador gráfico de producción,37,Sesgo de evaluación,16.7,ALTO,No verificado
15/45,ATP-360-15,Gráfica,Diseñador gráfico de producción,38,Consistencia terminológica,25.0,ALTO,No verificado
15/45,ATP-360-15,Gráfica,Diseñador gráfico de producción,39,Alfabetización digital TP,50.0,MEDIO,Parcial
15/45,ATP-360-15,Gráfica,Diseñador gráfico de producción,40,Datos y documentación laboral,83.3,BAJO,Parcial
15/45,ATP-360-15,Gráfica,Diseñador gráfico de producción,41,Interdisciplinariedad,25.0,ALTO,No verificado
15/45,ATP-360-15,Gráfica,Diseñador gráfico de producción,42,Accesibilidad cognitiva,62.5,MEDIO,Parcial
15/45,ATP-360-15,Gráfica,Diseñador gráfico de producción,43,Responsive,33.3,ALTO,No verificado
15/45,ATP-360-15,Gráfica,Diseñador gráfico de producción,44,Recuperación de errores UX,100.0,CONFORME,Verificado
15/45,ATP-360-15,Gráfica,Diseñador gráfico de producción,45,Analítica educativa,83.3,BAJO,Parcial
15/45,ATP-360-15,Gráfica,Diseñador gráfico de producción,46,Calidad de evidencias,83.3,BAJO,Parcial
15/45,ATP-360-15,Gráfica,Diseñador gráfico de producción,47,Coherencia Portal Docente–Curso,83.3,BAJO,Parcial
15/45,ATP-360-15,Gráfica,Diseñador gráfico de producción,48,Coherencia Mi Progreso–Curso,100.0,CONFORME,Verificado
15/45,ATP-360-15,Gráfica,Diseñador gráfico de producción,49,Regresión,75.0,BAJO,Parcial
15/45,ATP-360-15,Gráfica,Diseñador gráfico de producción,50,Auditoría adversarial final,16.7,ALTO,No verificado
16/45,ATP-360-16,Servicios de Turismo,Especialista en turismo,1,Curricular MINEDUC,57.1,MEDIO,Parcial
16/45,ATP-360-16,Servicios de Turismo,Especialista en turismo,2,Contenido técnico,40.9,ALTO,No verificado
16/45,ATP-360-16,Servicios de Turismo,Especialista en turismo,3,Pedagógica,90.0,BAJO,Parcial
16/45,ATP-360-16,Servicios de Turismo,Especialista en turismo,4,Didáctica,80.0,BAJO,Parcial
16/45,ATP-360-16,Servicios de Turismo,Especialista en turismo,5,Instrucciones,100.0,CONFORME,Verificado
16/45,ATP-360-16,Servicios de Turismo,Especialista en turismo,6,Actividades,90.0,BAJO,Parcial
16/45,ATP-360-16,Servicios de Turismo,Especialista en turismo,7,Evaluación,72.2,MEDIO,Parcial
16/45,ATP-360-16,Servicios de Turismo,Especialista en turismo,8,Situación Integradora,80.0,BAJO,Parcial
16/45,ATP-360-16,Servicios de Turismo,Especialista en turismo,9,Simuladores,33.3,ALTO,No verificado
16/45,ATP-360-16,Servicios de Turismo,Especialista en turismo,10,Multimedia,28.6,ALTO,No verificado
16/45,ATP-360-16,Servicios de Turismo,Especialista en turismo,11,Accesibilidad WCAG 2.2 AA,58.3,MEDIO,Parcial
16/45,ATP-360-16,Servicios de Turismo,Especialista en turismo,12,UX/UI pedagógica,80.0,BAJO,Parcial
16/45,ATP-360-16,Servicios de Turismo,Especialista en turismo,13,Carga cognitiva,62.5,MEDIO,Parcial
16/45,ATP-360-16,Servicios de Turismo,Especialista en turismo,14,Contextualización laboral,65.0,MEDIO,Parcial
16/45,ATP-360-16,Servicios de Turismo,Especialista en turismo,15,Seguridad,33.3,ALTO,No verificado
16/45,ATP-360-16,Servicios de Turismo,Especialista en turismo,16,Progresión entre estaciones,100.0,CONFORME,Verificado
16/45,ATP-360-16,Servicios de Turismo,Especialista en turismo,17,Estación 5,100.0,CONFORME,Verificado
16/45,ATP-360-16,Servicios de Turismo,Especialista en turismo,18,Tiempo pedagógico,100.0,CONFORME,Verificado
16/45,ATP-360-16,Servicios de Turismo,Especialista en turismo,19,QA funcional,62.5,MEDIO,Parcial
16/45,ATP-360-16,Servicios de Turismo,Especialista en turismo,20,Coherencia global y recorrido estudiante,83.3,BAJO,Parcial
16/45,ATP-360-16,Servicios de Turismo,Especialista en turismo,21,Prerrequisitos,75.0,BAJO,Parcial
16/45,ATP-360-16,Servicios de Turismo,Especialista en turismo,22,Conceptos erróneos,16.7,ALTO,No verificado
16/45,ATP-360-16,Servicios de Turismo,Especialista en turismo,23,Profundidad cognitiva,100.0,CONFORME,Verificado
16/45,ATP-360-16,Servicios de Turismo,Especialista en turismo,24,Transferencia,75.0,BAJO,Parcial
16/45,ATP-360-16,Servicios de Turismo,Especialista en turismo,25,Autonomía progresiva,75.0,BAJO,Parcial
16/45,ATP-360-16,Servicios de Turismo,Especialista en turismo,26,Calidad del feedback,62.5,MEDIO,Parcial
16/45,ATP-360-16,Servicios de Turismo,Especialista en turismo,27,Autenticidad laboral,33.3,ALTO,No verificado
16/45,ATP-360-16,Servicios de Turismo,Especialista en turismo,28,Toma de decisiones,83.3,BAJO,Parcial
16/45,ATP-360-16,Servicios de Turismo,Especialista en turismo,29,Diagnóstico de fallas,0.0,ALTO,No verificado
16/45,ATP-360-16,Servicios de Turismo,Especialista en turismo,30,Aprendizaje desde el error,66.7,MEDIO,Parcial
16/45,ATP-360-16,Servicios de Turismo,Especialista en turismo,31,Seguridad integrada,33.3,ALTO,No verificado
16/45,ATP-360-16,Servicios de Turismo,Especialista en turismo,32,Evidencia de desempeño,83.3,BAJO,Parcial
16/45,ATP-360-16,Servicios de Turismo,Especialista en turismo,33,Progresión 3°→4° medio,50.0,MEDIO,Parcial
16/45,ATP-360-16,Servicios de Turismo,Especialista en turismo,34,Redundancia curricular,66.7,MEDIO,Parcial
16/45,ATP-360-16,Servicios de Turismo,Especialista en turismo,35,Vacíos curriculares,83.3,BAJO,Parcial
16/45,ATP-360-16,Servicios de Turismo,Especialista en turismo,36,Calidad de distractores,50.0,MEDIO,Parcial
16/45,ATP-360-16,Servicios de Turismo,Especialista en turismo,37,Sesgo de evaluación,16.7,ALTO,No verificado
16/45,ATP-360-16,Servicios de Turismo,Especialista en turismo,38,Consistencia terminológica,25.0,ALTO,No verificado
16/45,ATP-360-16,Servicios de Turismo,Especialista en turismo,39,Alfabetización digital TP,50.0,MEDIO,Parcial
16/45,ATP-360-16,Servicios de Turismo,Especialista en turismo,40,Datos y documentación laboral,83.3,BAJO,Parcial
16/45,ATP-360-16,Servicios de Turismo,Especialista en turismo,41,Interdisciplinariedad,25.0,ALTO,No verificado
16/45,ATP-360-16,Servicios de Turismo,Especialista en turismo,42,Accesibilidad cognitiva,62.5,MEDIO,Parcial
16/45,ATP-360-16,Servicios de Turismo,Especialista en turismo,43,Responsive,33.3,ALTO,No verificado
16/45,ATP-360-16,Servicios de Turismo,Especialista en turismo,44,Recuperación de errores UX,100.0,CONFORME,Verificado
16/45,ATP-360-16,Servicios de Turismo,Especialista en turismo,45,Analítica educativa,83.3,BAJO,Parcial
16/45,ATP-360-16,Servicios de Turismo,Especialista en turismo,46,Calidad de evidencias,83.3,BAJO,Parcial
16/45,ATP-360-16,Servicios de Turismo,Especialista en turismo,47,Coherencia Portal Docente–Curso,83.3,BAJO,Parcial
16/45,ATP-360-16,Servicios de Turismo,Especialista en turismo,48,Coherencia Mi Progreso–Curso,100.0,CONFORME,Verificado
16/45,ATP-360-16,Servicios de Turismo,Especialista en turismo,49,Regresión,75.0,BAJO,Parcial
16/45,ATP-360-16,Servicios de Turismo,Especialista en turismo,50,Auditoría adversarial final,16.7,ALTO,No verificado
17/45,ATP-360-17,Forestal,Ingeniero forestal,1,Curricular MINEDUC,57.1,MEDIO,Parcial
17/45,ATP-360-17,Forestal,Ingeniero forestal,2,Contenido técnico,40.8,ALTO,No verificado
17/45,ATP-360-17,Forestal,Ingeniero forestal,3,Pedagógica,90.0,BAJO,Parcial
17/45,ATP-360-17,Forestal,Ingeniero forestal,4,Didáctica,80.0,BAJO,Parcial
17/45,ATP-360-17,Forestal,Ingeniero forestal,5,Instrucciones,100.0,CONFORME,Verificado
17/45,ATP-360-17,Forestal,Ingeniero forestal,6,Actividades,90.0,BAJO,Parcial
17/45,ATP-360-17,Forestal,Ingeniero forestal,7,Evaluación,72.2,MEDIO,Parcial
17/45,ATP-360-17,Forestal,Ingeniero forestal,8,Situación Integradora,80.0,BAJO,Parcial
17/45,ATP-360-17,Forestal,Ingeniero forestal,9,Simuladores,33.3,ALTO,No verificado
17/45,ATP-360-17,Forestal,Ingeniero forestal,10,Multimedia,28.6,ALTO,No verificado
17/45,ATP-360-17,Forestal,Ingeniero forestal,11,Accesibilidad WCAG 2.2 AA,58.3,MEDIO,Parcial
17/45,ATP-360-17,Forestal,Ingeniero forestal,12,UX/UI pedagógica,80.0,BAJO,Parcial
17/45,ATP-360-17,Forestal,Ingeniero forestal,13,Carga cognitiva,62.5,MEDIO,Parcial
17/45,ATP-360-17,Forestal,Ingeniero forestal,14,Contextualización laboral,70.8,MEDIO,Parcial
17/45,ATP-360-17,Forestal,Ingeniero forestal,15,Seguridad,33.3,ALTO,No verificado
17/45,ATP-360-17,Forestal,Ingeniero forestal,16,Progresión entre estaciones,100.0,CONFORME,Verificado
17/45,ATP-360-17,Forestal,Ingeniero forestal,17,Estación 5,100.0,CONFORME,Verificado
17/45,ATP-360-17,Forestal,Ingeniero forestal,18,Tiempo pedagógico,100.0,CONFORME,Verificado
17/45,ATP-360-17,Forestal,Ingeniero forestal,19,QA funcional,62.5,MEDIO,Parcial
17/45,ATP-360-17,Forestal,Ingeniero forestal,20,Coherencia global y recorrido estudiante,83.3,BAJO,Parcial
17/45,ATP-360-17,Forestal,Ingeniero forestal,21,Prerrequisitos,75.0,BAJO,Parcial
17/45,ATP-360-17,Forestal,Ingeniero forestal,22,Conceptos erróneos,16.7,ALTO,No verificado
17/45,ATP-360-17,Forestal,Ingeniero forestal,23,Profundidad cognitiva,100.0,CONFORME,Verificado
17/45,ATP-360-17,Forestal,Ingeniero forestal,24,Transferencia,75.0,BAJO,Parcial
17/45,ATP-360-17,Forestal,Ingeniero forestal,25,Autonomía progresiva,75.0,BAJO,Parcial
17/45,ATP-360-17,Forestal,Ingeniero forestal,26,Calidad del feedback,62.5,MEDIO,Parcial
17/45,ATP-360-17,Forestal,Ingeniero forestal,27,Autenticidad laboral,33.3,ALTO,No verificado
17/45,ATP-360-17,Forestal,Ingeniero forestal,28,Toma de decisiones,83.3,BAJO,Parcial
17/45,ATP-360-17,Forestal,Ingeniero forestal,29,Diagnóstico de fallas,2.8,ALTO,No verificado
17/45,ATP-360-17,Forestal,Ingeniero forestal,30,Aprendizaje desde el error,66.7,MEDIO,Parcial
17/45,ATP-360-17,Forestal,Ingeniero forestal,31,Seguridad integrada,33.3,ALTO,No verificado
17/45,ATP-360-17,Forestal,Ingeniero forestal,32,Evidencia de desempeño,83.3,BAJO,Parcial
17/45,ATP-360-17,Forestal,Ingeniero forestal,33,Progresión 3°→4° medio,50.0,MEDIO,Parcial
17/45,ATP-360-17,Forestal,Ingeniero forestal,34,Redundancia curricular,66.7,MEDIO,Parcial
17/45,ATP-360-17,Forestal,Ingeniero forestal,35,Vacíos curriculares,83.3,BAJO,Parcial
17/45,ATP-360-17,Forestal,Ingeniero forestal,36,Calidad de distractores,50.0,MEDIO,Parcial
17/45,ATP-360-17,Forestal,Ingeniero forestal,37,Sesgo de evaluación,16.7,ALTO,No verificado
17/45,ATP-360-17,Forestal,Ingeniero forestal,38,Consistencia terminológica,25.0,ALTO,No verificado
17/45,ATP-360-17,Forestal,Ingeniero forestal,39,Alfabetización digital TP,50.0,MEDIO,Parcial
17/45,ATP-360-17,Forestal,Ingeniero forestal,40,Datos y documentación laboral,83.3,BAJO,Parcial
17/45,ATP-360-17,Forestal,Ingeniero forestal,41,Interdisciplinariedad,25.0,ALTO,No verificado
17/45,ATP-360-17,Forestal,Ingeniero forestal,42,Accesibilidad cognitiva,62.5,MEDIO,Parcial
17/45,ATP-360-17,Forestal,Ingeniero forestal,43,Responsive,33.3,ALTO,No verificado
17/45,ATP-360-17,Forestal,Ingeniero forestal,44,Recuperación de errores UX,100.0,CONFORME,Verificado
17/45,ATP-360-17,Forestal,Ingeniero forestal,45,Analítica educativa,83.3,BAJO,Parcial
17/45,ATP-360-17,Forestal,Ingeniero forestal,46,Calidad de evidencias,83.3,BAJO,Parcial
17/45,ATP-360-17,Forestal,Ingeniero forestal,47,Coherencia Portal Docente–Curso,83.3,BAJO,Parcial
17/45,ATP-360-17,Forestal,Ingeniero forestal,48,Coherencia Mi Progreso–Curso,100.0,CONFORME,Verificado
17/45,ATP-360-17,Forestal,Ingeniero forestal,49,Regresión,75.0,BAJO,Parcial
17/45,ATP-360-17,Forestal,Ingeniero forestal,50,Auditoría adversarial final,16.7,ALTO,No verificado
18/45,ATP-360-18,Muebles y Terminaciones en Madera,Maestro mueblista,1,Curricular MINEDUC,57.1,MEDIO,Parcial
18/45,ATP-360-18,Muebles y Terminaciones en Madera,Maestro mueblista,2,Contenido técnico,40.9,ALTO,No verificado
18/45,ATP-360-18,Muebles y Terminaciones en Madera,Maestro mueblista,3,Pedagógica,90.0,BAJO,Parcial
18/45,ATP-360-18,Muebles y Terminaciones en Madera,Maestro mueblista,4,Didáctica,80.0,BAJO,Parcial
18/45,ATP-360-18,Muebles y Terminaciones en Madera,Maestro mueblista,5,Instrucciones,100.0,CONFORME,Verificado
18/45,ATP-360-18,Muebles y Terminaciones en Madera,Maestro mueblista,6,Actividades,90.0,BAJO,Parcial
18/45,ATP-360-18,Muebles y Terminaciones en Madera,Maestro mueblista,7,Evaluación,72.2,MEDIO,Parcial
18/45,ATP-360-18,Muebles y Terminaciones en Madera,Maestro mueblista,8,Situación Integradora,80.0,BAJO,Parcial
18/45,ATP-360-18,Muebles y Terminaciones en Madera,Maestro mueblista,9,Simuladores,33.3,ALTO,No verificado
18/45,ATP-360-18,Muebles y Terminaciones en Madera,Maestro mueblista,10,Multimedia,28.6,ALTO,No verificado
18/45,ATP-360-18,Muebles y Terminaciones en Madera,Maestro mueblista,11,Accesibilidad WCAG 2.2 AA,58.3,MEDIO,Parcial
18/45,ATP-360-18,Muebles y Terminaciones en Madera,Maestro mueblista,12,UX/UI pedagógica,80.0,BAJO,Parcial
18/45,ATP-360-18,Muebles y Terminaciones en Madera,Maestro mueblista,13,Carga cognitiva,62.5,MEDIO,Parcial
18/45,ATP-360-18,Muebles y Terminaciones en Madera,Maestro mueblista,14,Contextualización laboral,70.0,MEDIO,Parcial
18/45,ATP-360-18,Muebles y Terminaciones en Madera,Maestro mueblista,15,Seguridad,33.3,ALTO,No verificado
18/45,ATP-360-18,Muebles y Terminaciones en Madera,Maestro mueblista,16,Progresión entre estaciones,100.0,CONFORME,Verificado
18/45,ATP-360-18,Muebles y Terminaciones en Madera,Maestro mueblista,17,Estación 5,100.0,CONFORME,Verificado
18/45,ATP-360-18,Muebles y Terminaciones en Madera,Maestro mueblista,18,Tiempo pedagógico,100.0,CONFORME,Verificado
18/45,ATP-360-18,Muebles y Terminaciones en Madera,Maestro mueblista,19,QA funcional,62.5,MEDIO,Parcial
18/45,ATP-360-18,Muebles y Terminaciones en Madera,Maestro mueblista,20,Coherencia global y recorrido estudiante,83.3,BAJO,Parcial
18/45,ATP-360-18,Muebles y Terminaciones en Madera,Maestro mueblista,21,Prerrequisitos,75.0,BAJO,Parcial
18/45,ATP-360-18,Muebles y Terminaciones en Madera,Maestro mueblista,22,Conceptos erróneos,16.7,ALTO,No verificado
18/45,ATP-360-18,Muebles y Terminaciones en Madera,Maestro mueblista,23,Profundidad cognitiva,100.0,CONFORME,Verificado
18/45,ATP-360-18,Muebles y Terminaciones en Madera,Maestro mueblista,24,Transferencia,75.0,BAJO,Parcial
18/45,ATP-360-18,Muebles y Terminaciones en Madera,Maestro mueblista,25,Autonomía progresiva,75.0,BAJO,Parcial
18/45,ATP-360-18,Muebles y Terminaciones en Madera,Maestro mueblista,26,Calidad del feedback,62.5,MEDIO,Parcial
18/45,ATP-360-18,Muebles y Terminaciones en Madera,Maestro mueblista,27,Autenticidad laboral,33.3,ALTO,No verificado
18/45,ATP-360-18,Muebles y Terminaciones en Madera,Maestro mueblista,28,Toma de decisiones,83.3,BAJO,Parcial
18/45,ATP-360-18,Muebles y Terminaciones en Madera,Maestro mueblista,29,Diagnóstico de fallas,2.5,ALTO,No verificado
18/45,ATP-360-18,Muebles y Terminaciones en Madera,Maestro mueblista,30,Aprendizaje desde el error,66.7,MEDIO,Parcial
18/45,ATP-360-18,Muebles y Terminaciones en Madera,Maestro mueblista,31,Seguridad integrada,33.3,ALTO,No verificado
18/45,ATP-360-18,Muebles y Terminaciones en Madera,Maestro mueblista,32,Evidencia de desempeño,83.3,BAJO,Parcial
18/45,ATP-360-18,Muebles y Terminaciones en Madera,Maestro mueblista,33,Progresión 3°→4° medio,50.0,MEDIO,Parcial
18/45,ATP-360-18,Muebles y Terminaciones en Madera,Maestro mueblista,34,Redundancia curricular,66.7,MEDIO,Parcial
18/45,ATP-360-18,Muebles y Terminaciones en Madera,Maestro mueblista,35,Vacíos curriculares,83.3,BAJO,Parcial
18/45,ATP-360-18,Muebles y Terminaciones en Madera,Maestro mueblista,36,Calidad de distractores,50.0,MEDIO,Parcial
18/45,ATP-360-18,Muebles y Terminaciones en Madera,Maestro mueblista,37,Sesgo de evaluación,16.7,ALTO,No verificado
18/45,ATP-360-18,Muebles y Terminaciones en Madera,Maestro mueblista,38,Consistencia terminológica,25.0,ALTO,No verificado
18/45,ATP-360-18,Muebles y Terminaciones en Madera,Maestro mueblista,39,Alfabetización digital TP,50.0,MEDIO,Parcial
18/45,ATP-360-18,Muebles y Terminaciones en Madera,Maestro mueblista,40,Datos y documentación laboral,83.3,BAJO,Parcial
18/45,ATP-360-18,Muebles y Terminaciones en Madera,Maestro mueblista,41,Interdisciplinariedad,25.0,ALTO,No verificado
18/45,ATP-360-18,Muebles y Terminaciones en Madera,Maestro mueblista,42,Accesibilidad cognitiva,62.5,MEDIO,Parcial
18/45,ATP-360-18,Muebles y Terminaciones en Madera,Maestro mueblista,43,Responsive,33.3,ALTO,No verificado
18/45,ATP-360-18,Muebles y Terminaciones en Madera,Maestro mueblista,44,Recuperación de errores UX,100.0,CONFORME,Verificado
18/45,ATP-360-18,Muebles y Terminaciones en Madera,Maestro mueblista,45,Analítica educativa,83.3,BAJO,Parcial
18/45,ATP-360-18,Muebles y Terminaciones en Madera,Maestro mueblista,46,Calidad de evidencias,83.3,BAJO,Parcial
18/45,ATP-360-18,Muebles y Terminaciones en Madera,Maestro mueblista,47,Coherencia Portal Docente–Curso,83.3,BAJO,Parcial
18/45,ATP-360-18,Muebles y Terminaciones en Madera,Maestro mueblista,48,Coherencia Mi Progreso–Curso,100.0,CONFORME,Verificado
18/45,ATP-360-18,Muebles y Terminaciones en Madera,Maestro mueblista,49,Regresión,75.0,BAJO,Parcial
18/45,ATP-360-18,Muebles y Terminaciones en Madera,Maestro mueblista,50,Auditoría adversarial final,16.7,ALTO,No verificado
19/45,ATP-360-19,Acuicultura,Especialista en acuicultura,1,Curricular MINEDUC,57.1,MEDIO,Parcial
19/45,ATP-360-19,Acuicultura,Especialista en acuicultura,2,Contenido técnico,40.8,ALTO,No verificado
19/45,ATP-360-19,Acuicultura,Especialista en acuicultura,3,Pedagógica,90.0,BAJO,Parcial
19/45,ATP-360-19,Acuicultura,Especialista en acuicultura,4,Didáctica,80.0,BAJO,Parcial
19/45,ATP-360-19,Acuicultura,Especialista en acuicultura,5,Instrucciones,100.0,CONFORME,Verificado
19/45,ATP-360-19,Acuicultura,Especialista en acuicultura,6,Actividades,90.0,BAJO,Parcial
19/45,ATP-360-19,Acuicultura,Especialista en acuicultura,7,Evaluación,72.2,MEDIO,Parcial
19/45,ATP-360-19,Acuicultura,Especialista en acuicultura,8,Situación Integradora,80.0,BAJO,Parcial
19/45,ATP-360-19,Acuicultura,Especialista en acuicultura,9,Simuladores,33.3,ALTO,No verificado
19/45,ATP-360-19,Acuicultura,Especialista en acuicultura,10,Multimedia,28.6,ALTO,No verificado
19/45,ATP-360-19,Acuicultura,Especialista en acuicultura,11,Accesibilidad WCAG 2.2 AA,58.3,MEDIO,Parcial
19/45,ATP-360-19,Acuicultura,Especialista en acuicultura,12,UX/UI pedagógica,80.0,BAJO,Parcial
19/45,ATP-360-19,Acuicultura,Especialista en acuicultura,13,Carga cognitiva,62.5,MEDIO,Parcial
19/45,ATP-360-19,Acuicultura,Especialista en acuicultura,14,Contextualización laboral,69.4,MEDIO,Parcial
19/45,ATP-360-19,Acuicultura,Especialista en acuicultura,15,Seguridad,33.3,ALTO,No verificado
19/45,ATP-360-19,Acuicultura,Especialista en acuicultura,16,Progresión entre estaciones,100.0,CONFORME,Verificado
19/45,ATP-360-19,Acuicultura,Especialista en acuicultura,17,Estación 5,100.0,CONFORME,Verificado
19/45,ATP-360-19,Acuicultura,Especialista en acuicultura,18,Tiempo pedagógico,100.0,CONFORME,Verificado
19/45,ATP-360-19,Acuicultura,Especialista en acuicultura,19,QA funcional,62.5,MEDIO,Parcial
19/45,ATP-360-19,Acuicultura,Especialista en acuicultura,20,Coherencia global y recorrido estudiante,83.3,BAJO,Parcial
19/45,ATP-360-19,Acuicultura,Especialista en acuicultura,21,Prerrequisitos,75.0,BAJO,Parcial
19/45,ATP-360-19,Acuicultura,Especialista en acuicultura,22,Conceptos erróneos,16.7,ALTO,No verificado
19/45,ATP-360-19,Acuicultura,Especialista en acuicultura,23,Profundidad cognitiva,100.0,CONFORME,Verificado
19/45,ATP-360-19,Acuicultura,Especialista en acuicultura,24,Transferencia,75.0,BAJO,Parcial
19/45,ATP-360-19,Acuicultura,Especialista en acuicultura,25,Autonomía progresiva,75.0,BAJO,Parcial
19/45,ATP-360-19,Acuicultura,Especialista en acuicultura,26,Calidad del feedback,62.5,MEDIO,Parcial
19/45,ATP-360-19,Acuicultura,Especialista en acuicultura,27,Autenticidad laboral,33.3,ALTO,No verificado
19/45,ATP-360-19,Acuicultura,Especialista en acuicultura,28,Toma de decisiones,83.3,BAJO,Parcial
19/45,ATP-360-19,Acuicultura,Especialista en acuicultura,29,Diagnóstico de fallas,8.3,ALTO,No verificado
19/45,ATP-360-19,Acuicultura,Especialista en acuicultura,30,Aprendizaje desde el error,66.7,MEDIO,Parcial
19/45,ATP-360-19,Acuicultura,Especialista en acuicultura,31,Seguridad integrada,33.3,ALTO,No verificado
19/45,ATP-360-19,Acuicultura,Especialista en acuicultura,32,Evidencia de desempeño,83.3,BAJO,Parcial
19/45,ATP-360-19,Acuicultura,Especialista en acuicultura,33,Progresión 3°→4° medio,50.0,MEDIO,Parcial
19/45,ATP-360-19,Acuicultura,Especialista en acuicultura,34,Redundancia curricular,66.7,MEDIO,Parcial
19/45,ATP-360-19,Acuicultura,Especialista en acuicultura,35,Vacíos curriculares,83.3,BAJO,Parcial
19/45,ATP-360-19,Acuicultura,Especialista en acuicultura,36,Calidad de distractores,50.0,MEDIO,Parcial
19/45,ATP-360-19,Acuicultura,Especialista en acuicultura,37,Sesgo de evaluación,16.7,ALTO,No verificado
19/45,ATP-360-19,Acuicultura,Especialista en acuicultura,38,Consistencia terminológica,25.0,ALTO,No verificado
19/45,ATP-360-19,Acuicultura,Especialista en acuicultura,39,Alfabetización digital TP,50.0,MEDIO,Parcial
19/45,ATP-360-19,Acuicultura,Especialista en acuicultura,40,Datos y documentación laboral,83.3,BAJO,Parcial
19/45,ATP-360-19,Acuicultura,Especialista en acuicultura,41,Interdisciplinariedad,25.0,ALTO,No verificado
19/45,ATP-360-19,Acuicultura,Especialista en acuicultura,42,Accesibilidad cognitiva,62.5,MEDIO,Parcial
19/45,ATP-360-19,Acuicultura,Especialista en acuicultura,43,Responsive,33.3,ALTO,No verificado
19/45,ATP-360-19,Acuicultura,Especialista en acuicultura,44,Recuperación de errores UX,100.0,CONFORME,Verificado
19/45,ATP-360-19,Acuicultura,Especialista en acuicultura,45,Analítica educativa,83.3,BAJO,Parcial
19/45,ATP-360-19,Acuicultura,Especialista en acuicultura,46,Calidad de evidencias,83.3,BAJO,Parcial
19/45,ATP-360-19,Acuicultura,Especialista en acuicultura,47,Coherencia Portal Docente–Curso,83.3,BAJO,Parcial
19/45,ATP-360-19,Acuicultura,Especialista en acuicultura,48,Coherencia Mi Progreso–Curso,100.0,CONFORME,Verificado
19/45,ATP-360-19,Acuicultura,Especialista en acuicultura,49,Regresión,75.0,BAJO,Parcial
19/45,ATP-360-19,Acuicultura,Especialista en acuicultura,50,Auditoría adversarial final,16.7,ALTO,No verificado
20/45,ATP-360-20,Operaciones Portuarias,Especialista en operaciones portuarias,1,Curricular MINEDUC,57.1,MEDIO,Parcial
20/45,ATP-360-20,Operaciones Portuarias,Especialista en operaciones portuarias,2,Contenido técnico,40.8,ALTO,No verificado
20/45,ATP-360-20,Operaciones Portuarias,Especialista en operaciones portuarias,3,Pedagógica,90.0,BAJO,Parcial
20/45,ATP-360-20,Operaciones Portuarias,Especialista en operaciones portuarias,4,Didáctica,80.0,BAJO,Parcial
20/45,ATP-360-20,Operaciones Portuarias,Especialista en operaciones portuarias,5,Instrucciones,100.0,CONFORME,Verificado
20/45,ATP-360-20,Operaciones Portuarias,Especialista en operaciones portuarias,6,Actividades,90.0,BAJO,Parcial
20/45,ATP-360-20,Operaciones Portuarias,Especialista en operaciones portuarias,7,Evaluación,72.2,MEDIO,Parcial
20/45,ATP-360-20,Operaciones Portuarias,Especialista en operaciones portuarias,8,Situación Integradora,80.0,BAJO,Parcial
20/45,ATP-360-20,Operaciones Portuarias,Especialista en operaciones portuarias,9,Simuladores,33.3,ALTO,No verificado
20/45,ATP-360-20,Operaciones Portuarias,Especialista en operaciones portuarias,10,Multimedia,28.6,ALTO,No verificado
20/45,ATP-360-20,Operaciones Portuarias,Especialista en operaciones portuarias,11,Accesibilidad WCAG 2.2 AA,58.3,MEDIO,Parcial
20/45,ATP-360-20,Operaciones Portuarias,Especialista en operaciones portuarias,12,UX/UI pedagógica,80.0,BAJO,Parcial
20/45,ATP-360-20,Operaciones Portuarias,Especialista en operaciones portuarias,13,Carga cognitiva,62.5,MEDIO,Parcial
20/45,ATP-360-20,Operaciones Portuarias,Especialista en operaciones portuarias,14,Contextualización laboral,68.1,MEDIO,Parcial
20/45,ATP-360-20,Operaciones Portuarias,Especialista en operaciones portuarias,15,Seguridad,33.3,ALTO,No verificado
20/45,ATP-360-20,Operaciones Portuarias,Especialista en operaciones portuarias,16,Progresión entre estaciones,100.0,CONFORME,Verificado
20/45,ATP-360-20,Operaciones Portuarias,Especialista en operaciones portuarias,17,Estación 5,100.0,CONFORME,Verificado
20/45,ATP-360-20,Operaciones Portuarias,Especialista en operaciones portuarias,18,Tiempo pedagógico,100.0,CONFORME,Verificado
20/45,ATP-360-20,Operaciones Portuarias,Especialista en operaciones portuarias,19,QA funcional,62.5,MEDIO,Parcial
20/45,ATP-360-20,Operaciones Portuarias,Especialista en operaciones portuarias,20,Coherencia global y recorrido estudiante,83.3,BAJO,Parcial
20/45,ATP-360-20,Operaciones Portuarias,Especialista en operaciones portuarias,21,Prerrequisitos,75.0,BAJO,Parcial
20/45,ATP-360-20,Operaciones Portuarias,Especialista en operaciones portuarias,22,Conceptos erróneos,16.7,ALTO,No verificado
20/45,ATP-360-20,Operaciones Portuarias,Especialista en operaciones portuarias,23,Profundidad cognitiva,100.0,CONFORME,Verificado
20/45,ATP-360-20,Operaciones Portuarias,Especialista en operaciones portuarias,24,Transferencia,75.0,BAJO,Parcial
20/45,ATP-360-20,Operaciones Portuarias,Especialista en operaciones portuarias,25,Autonomía progresiva,75.0,BAJO,Parcial
20/45,ATP-360-20,Operaciones Portuarias,Especialista en operaciones portuarias,26,Calidad del feedback,62.5,MEDIO,Parcial
20/45,ATP-360-20,Operaciones Portuarias,Especialista en operaciones portuarias,27,Autenticidad laboral,33.3,ALTO,No verificado
20/45,ATP-360-20,Operaciones Portuarias,Especialista en operaciones portuarias,28,Toma de decisiones,83.3,BAJO,Parcial
20/45,ATP-360-20,Operaciones Portuarias,Especialista en operaciones portuarias,29,Diagnóstico de fallas,0.0,ALTO,No verificado
20/45,ATP-360-20,Operaciones Portuarias,Especialista en operaciones portuarias,30,Aprendizaje desde el error,66.7,MEDIO,Parcial
20/45,ATP-360-20,Operaciones Portuarias,Especialista en operaciones portuarias,31,Seguridad integrada,33.3,ALTO,No verificado
20/45,ATP-360-20,Operaciones Portuarias,Especialista en operaciones portuarias,32,Evidencia de desempeño,83.3,BAJO,Parcial
20/45,ATP-360-20,Operaciones Portuarias,Especialista en operaciones portuarias,33,Progresión 3°→4° medio,50.0,MEDIO,Parcial
20/45,ATP-360-20,Operaciones Portuarias,Especialista en operaciones portuarias,34,Redundancia curricular,66.7,MEDIO,Parcial
20/45,ATP-360-20,Operaciones Portuarias,Especialista en operaciones portuarias,35,Vacíos curriculares,83.3,BAJO,Parcial
20/45,ATP-360-20,Operaciones Portuarias,Especialista en operaciones portuarias,36,Calidad de distractores,50.0,MEDIO,Parcial
20/45,ATP-360-20,Operaciones Portuarias,Especialista en operaciones portuarias,37,Sesgo de evaluación,16.7,ALTO,No verificado
20/45,ATP-360-20,Operaciones Portuarias,Especialista en operaciones portuarias,38,Consistencia terminológica,25.0,ALTO,No verificado
20/45,ATP-360-20,Operaciones Portuarias,Especialista en operaciones portuarias,39,Alfabetización digital TP,50.0,MEDIO,Parcial
20/45,ATP-360-20,Operaciones Portuarias,Especialista en operaciones portuarias,40,Datos y documentación laboral,83.3,BAJO,Parcial
20/45,ATP-360-20,Operaciones Portuarias,Especialista en operaciones portuarias,41,Interdisciplinariedad,25.0,ALTO,No verificado
20/45,ATP-360-20,Operaciones Portuarias,Especialista en operaciones portuarias,42,Accesibilidad cognitiva,62.5,MEDIO,Parcial
20/45,ATP-360-20,Operaciones Portuarias,Especialista en operaciones portuarias,43,Responsive,33.3,ALTO,No verificado
20/45,ATP-360-20,Operaciones Portuarias,Especialista en operaciones portuarias,44,Recuperación de errores UX,100.0,CONFORME,Verificado
20/45,ATP-360-20,Operaciones Portuarias,Especialista en operaciones portuarias,45,Analítica educativa,83.3,BAJO,Parcial
20/45,ATP-360-20,Operaciones Portuarias,Especialista en operaciones portuarias,46,Calidad de evidencias,83.3,BAJO,Parcial
20/45,ATP-360-20,Operaciones Portuarias,Especialista en operaciones portuarias,47,Coherencia Portal Docente–Curso,83.3,BAJO,Parcial
20/45,ATP-360-20,Operaciones Portuarias,Especialista en operaciones portuarias,48,Coherencia Mi Progreso–Curso,100.0,CONFORME,Verificado
20/45,ATP-360-20,Operaciones Portuarias,Especialista en operaciones portuarias,49,Regresión,75.0,BAJO,Parcial
20/45,ATP-360-20,Operaciones Portuarias,Especialista en operaciones portuarias,50,Auditoría adversarial final,16.7,ALTO,No verificado
21/45,ATP-360-21,Pesquería,Especialista pesquero,1,Curricular MINEDUC,57.1,MEDIO,Parcial
21/45,ATP-360-21,Pesquería,Especialista pesquero,2,Contenido técnico,40.8,ALTO,No verificado
21/45,ATP-360-21,Pesquería,Especialista pesquero,3,Pedagógica,90.0,BAJO,Parcial
21/45,ATP-360-21,Pesquería,Especialista pesquero,4,Didáctica,80.0,BAJO,Parcial
21/45,ATP-360-21,Pesquería,Especialista pesquero,5,Instrucciones,100.0,CONFORME,Verificado
21/45,ATP-360-21,Pesquería,Especialista pesquero,6,Actividades,90.0,BAJO,Parcial
21/45,ATP-360-21,Pesquería,Especialista pesquero,7,Evaluación,72.2,MEDIO,Parcial
21/45,ATP-360-21,Pesquería,Especialista pesquero,8,Situación Integradora,80.0,BAJO,Parcial
21/45,ATP-360-21,Pesquería,Especialista pesquero,9,Simuladores,33.3,ALTO,No verificado
21/45,ATP-360-21,Pesquería,Especialista pesquero,10,Multimedia,28.6,ALTO,No verificado
21/45,ATP-360-21,Pesquería,Especialista pesquero,11,Accesibilidad WCAG 2.2 AA,58.3,MEDIO,Parcial
21/45,ATP-360-21,Pesquería,Especialista pesquero,12,UX/UI pedagógica,80.0,BAJO,Parcial
21/45,ATP-360-21,Pesquería,Especialista pesquero,13,Carga cognitiva,62.5,MEDIO,Parcial
21/45,ATP-360-21,Pesquería,Especialista pesquero,14,Contextualización laboral,70.8,MEDIO,Parcial
21/45,ATP-360-21,Pesquería,Especialista pesquero,15,Seguridad,33.3,ALTO,No verificado
21/45,ATP-360-21,Pesquería,Especialista pesquero,16,Progresión entre estaciones,100.0,CONFORME,Verificado
21/45,ATP-360-21,Pesquería,Especialista pesquero,17,Estación 5,100.0,CONFORME,Verificado
21/45,ATP-360-21,Pesquería,Especialista pesquero,18,Tiempo pedagógico,100.0,CONFORME,Verificado
21/45,ATP-360-21,Pesquería,Especialista pesquero,19,QA funcional,62.5,MEDIO,Parcial
21/45,ATP-360-21,Pesquería,Especialista pesquero,20,Coherencia global y recorrido estudiante,83.3,BAJO,Parcial
21/45,ATP-360-21,Pesquería,Especialista pesquero,21,Prerrequisitos,75.0,BAJO,Parcial
21/45,ATP-360-21,Pesquería,Especialista pesquero,22,Conceptos erróneos,16.7,ALTO,No verificado
21/45,ATP-360-21,Pesquería,Especialista pesquero,23,Profundidad cognitiva,100.0,CONFORME,Verificado
21/45,ATP-360-21,Pesquería,Especialista pesquero,24,Transferencia,75.0,BAJO,Parcial
21/45,ATP-360-21,Pesquería,Especialista pesquero,25,Autonomía progresiva,75.0,BAJO,Parcial
21/45,ATP-360-21,Pesquería,Especialista pesquero,26,Calidad del feedback,62.5,MEDIO,Parcial
21/45,ATP-360-21,Pesquería,Especialista pesquero,27,Autenticidad laboral,33.3,ALTO,No verificado
21/45,ATP-360-21,Pesquería,Especialista pesquero,28,Toma de decisiones,83.3,BAJO,Parcial
21/45,ATP-360-21,Pesquería,Especialista pesquero,29,Diagnóstico de fallas,8.3,ALTO,No verificado
21/45,ATP-360-21,Pesquería,Especialista pesquero,30,Aprendizaje desde el error,66.7,MEDIO,Parcial
21/45,ATP-360-21,Pesquería,Especialista pesquero,31,Seguridad integrada,33.3,ALTO,No verificado
21/45,ATP-360-21,Pesquería,Especialista pesquero,32,Evidencia de desempeño,83.3,BAJO,Parcial
21/45,ATP-360-21,Pesquería,Especialista pesquero,33,Progresión 3°→4° medio,50.0,MEDIO,Parcial
21/45,ATP-360-21,Pesquería,Especialista pesquero,34,Redundancia curricular,66.7,MEDIO,Parcial
21/45,ATP-360-21,Pesquería,Especialista pesquero,35,Vacíos curriculares,83.3,BAJO,Parcial
21/45,ATP-360-21,Pesquería,Especialista pesquero,36,Calidad de distractores,50.0,MEDIO,Parcial
21/45,ATP-360-21,Pesquería,Especialista pesquero,37,Sesgo de evaluación,16.7,ALTO,No verificado
21/45,ATP-360-21,Pesquería,Especialista pesquero,38,Consistencia terminológica,25.0,ALTO,No verificado
21/45,ATP-360-21,Pesquería,Especialista pesquero,39,Alfabetización digital TP,50.0,MEDIO,Parcial
21/45,ATP-360-21,Pesquería,Especialista pesquero,40,Datos y documentación laboral,83.3,BAJO,Parcial
21/45,ATP-360-21,Pesquería,Especialista pesquero,41,Interdisciplinariedad,25.0,ALTO,No verificado
21/45,ATP-360-21,Pesquería,Especialista pesquero,42,Accesibilidad cognitiva,62.5,MEDIO,Parcial
21/45,ATP-360-21,Pesquería,Especialista pesquero,43,Responsive,33.3,ALTO,No verificado
21/45,ATP-360-21,Pesquería,Especialista pesquero,44,Recuperación de errores UX,100.0,CONFORME,Verificado
21/45,ATP-360-21,Pesquería,Especialista pesquero,45,Analítica educativa,83.3,BAJO,Parcial
21/45,ATP-360-21,Pesquería,Especialista pesquero,46,Calidad de evidencias,83.3,BAJO,Parcial
21/45,ATP-360-21,Pesquería,Especialista pesquero,47,Coherencia Portal Docente–Curso,83.3,BAJO,Parcial
21/45,ATP-360-21,Pesquería,Especialista pesquero,48,Coherencia Mi Progreso–Curso,100.0,CONFORME,Verificado
21/45,ATP-360-21,Pesquería,Especialista pesquero,49,Regresión,75.0,BAJO,Parcial
21/45,ATP-360-21,Pesquería,Especialista pesquero,50,Auditoría adversarial final,16.7,ALTO,No verificado
22/45,ATP-360-22,Tripulación de Naves Mercantes y Especiales,Oficial de marina mercante,1,Curricular MINEDUC,57.1,MEDIO,Parcial
22/45,ATP-360-22,Tripulación de Naves Mercantes y Especiales,Oficial de marina mercante,2,Contenido técnico,40.8,ALTO,No verificado
22/45,ATP-360-22,Tripulación de Naves Mercantes y Especiales,Oficial de marina mercante,3,Pedagógica,90.0,BAJO,Parcial
22/45,ATP-360-22,Tripulación de Naves Mercantes y Especiales,Oficial de marina mercante,4,Didáctica,80.0,BAJO,Parcial
22/45,ATP-360-22,Tripulación de Naves Mercantes y Especiales,Oficial de marina mercante,5,Instrucciones,100.0,CONFORME,Verificado
22/45,ATP-360-22,Tripulación de Naves Mercantes y Especiales,Oficial de marina mercante,6,Actividades,90.0,BAJO,Parcial
22/45,ATP-360-22,Tripulación de Naves Mercantes y Especiales,Oficial de marina mercante,7,Evaluación,72.2,MEDIO,Parcial
22/45,ATP-360-22,Tripulación de Naves Mercantes y Especiales,Oficial de marina mercante,8,Situación Integradora,80.0,BAJO,Parcial
22/45,ATP-360-22,Tripulación de Naves Mercantes y Especiales,Oficial de marina mercante,9,Simuladores,33.3,ALTO,No verificado
22/45,ATP-360-22,Tripulación de Naves Mercantes y Especiales,Oficial de marina mercante,10,Multimedia,28.6,ALTO,No verificado
22/45,ATP-360-22,Tripulación de Naves Mercantes y Especiales,Oficial de marina mercante,11,Accesibilidad WCAG 2.2 AA,58.3,MEDIO,Parcial
22/45,ATP-360-22,Tripulación de Naves Mercantes y Especiales,Oficial de marina mercante,12,UX/UI pedagógica,80.0,BAJO,Parcial
22/45,ATP-360-22,Tripulación de Naves Mercantes y Especiales,Oficial de marina mercante,13,Carga cognitiva,62.5,MEDIO,Parcial
22/45,ATP-360-22,Tripulación de Naves Mercantes y Especiales,Oficial de marina mercante,14,Contextualización laboral,69.4,MEDIO,Parcial
22/45,ATP-360-22,Tripulación de Naves Mercantes y Especiales,Oficial de marina mercante,15,Seguridad,33.3,ALTO,No verificado
22/45,ATP-360-22,Tripulación de Naves Mercantes y Especiales,Oficial de marina mercante,16,Progresión entre estaciones,100.0,CONFORME,Verificado
22/45,ATP-360-22,Tripulación de Naves Mercantes y Especiales,Oficial de marina mercante,17,Estación 5,100.0,CONFORME,Verificado
22/45,ATP-360-22,Tripulación de Naves Mercantes y Especiales,Oficial de marina mercante,18,Tiempo pedagógico,100.0,CONFORME,Verificado
22/45,ATP-360-22,Tripulación de Naves Mercantes y Especiales,Oficial de marina mercante,19,QA funcional,62.5,MEDIO,Parcial
22/45,ATP-360-22,Tripulación de Naves Mercantes y Especiales,Oficial de marina mercante,20,Coherencia global y recorrido estudiante,83.3,BAJO,Parcial
22/45,ATP-360-22,Tripulación de Naves Mercantes y Especiales,Oficial de marina mercante,21,Prerrequisitos,75.0,BAJO,Parcial
22/45,ATP-360-22,Tripulación de Naves Mercantes y Especiales,Oficial de marina mercante,22,Conceptos erróneos,16.7,ALTO,No verificado
22/45,ATP-360-22,Tripulación de Naves Mercantes y Especiales,Oficial de marina mercante,23,Profundidad cognitiva,100.0,CONFORME,Verificado
22/45,ATP-360-22,Tripulación de Naves Mercantes y Especiales,Oficial de marina mercante,24,Transferencia,75.0,BAJO,Parcial
22/45,ATP-360-22,Tripulación de Naves Mercantes y Especiales,Oficial de marina mercante,25,Autonomía progresiva,75.0,BAJO,Parcial
22/45,ATP-360-22,Tripulación de Naves Mercantes y Especiales,Oficial de marina mercante,26,Calidad del feedback,62.5,MEDIO,Parcial
22/45,ATP-360-22,Tripulación de Naves Mercantes y Especiales,Oficial de marina mercante,27,Autenticidad laboral,33.3,ALTO,No verificado
22/45,ATP-360-22,Tripulación de Naves Mercantes y Especiales,Oficial de marina mercante,28,Toma de decisiones,83.3,BAJO,Parcial
22/45,ATP-360-22,Tripulación de Naves Mercantes y Especiales,Oficial de marina mercante,29,Diagnóstico de fallas,22.2,ALTO,No verificado
22/45,ATP-360-22,Tripulación de Naves Mercantes y Especiales,Oficial de marina mercante,30,Aprendizaje desde el error,66.7,MEDIO,Parcial
22/45,ATP-360-22,Tripulación de Naves Mercantes y Especiales,Oficial de marina mercante,31,Seguridad integrada,33.3,ALTO,No verificado
22/45,ATP-360-22,Tripulación de Naves Mercantes y Especiales,Oficial de marina mercante,32,Evidencia de desempeño,83.3,BAJO,Parcial
22/45,ATP-360-22,Tripulación de Naves Mercantes y Especiales,Oficial de marina mercante,33,Progresión 3°→4° medio,50.0,MEDIO,Parcial
22/45,ATP-360-22,Tripulación de Naves Mercantes y Especiales,Oficial de marina mercante,34,Redundancia curricular,66.7,MEDIO,Parcial
22/45,ATP-360-22,Tripulación de Naves Mercantes y Especiales,Oficial de marina mercante,35,Vacíos curriculares,83.3,BAJO,Parcial
22/45,ATP-360-22,Tripulación de Naves Mercantes y Especiales,Oficial de marina mercante,36,Calidad de distractores,50.0,MEDIO,Parcial
22/45,ATP-360-22,Tripulación de Naves Mercantes y Especiales,Oficial de marina mercante,37,Sesgo de evaluación,16.7,ALTO,No verificado
22/45,ATP-360-22,Tripulación de Naves Mercantes y Especiales,Oficial de marina mercante,38,Consistencia terminológica,25.0,ALTO,No verificado
22/45,ATP-360-22,Tripulación de Naves Mercantes y Especiales,Oficial de marina mercante,39,Alfabetización digital TP,50.0,MEDIO,Parcial
22/45,ATP-360-22,Tripulación de Naves Mercantes y Especiales,Oficial de marina mercante,40,Datos y documentación laboral,83.3,BAJO,Parcial
22/45,ATP-360-22,Tripulación de Naves Mercantes y Especiales,Oficial de marina mercante,41,Interdisciplinariedad,25.0,ALTO,No verificado
22/45,ATP-360-22,Tripulación de Naves Mercantes y Especiales,Oficial de marina mercante,42,Accesibilidad cognitiva,62.5,MEDIO,Parcial
22/45,ATP-360-22,Tripulación de Naves Mercantes y Especiales,Oficial de marina mercante,43,Responsive,33.3,ALTO,No verificado
22/45,ATP-360-22,Tripulación de Naves Mercantes y Especiales,Oficial de marina mercante,44,Recuperación de errores UX,100.0,CONFORME,Verificado
22/45,ATP-360-22,Tripulación de Naves Mercantes y Especiales,Oficial de marina mercante,45,Analítica educativa,83.3,BAJO,Parcial
22/45,ATP-360-22,Tripulación de Naves Mercantes y Especiales,Oficial de marina mercante,46,Calidad de evidencias,83.3,BAJO,Parcial
22/45,ATP-360-22,Tripulación de Naves Mercantes y Especiales,Oficial de marina mercante,47,Coherencia Portal Docente–Curso,83.3,BAJO,Parcial
22/45,ATP-360-22,Tripulación de Naves Mercantes y Especiales,Oficial de marina mercante,48,Coherencia Mi Progreso–Curso,100.0,CONFORME,Verificado
22/45,ATP-360-22,Tripulación de Naves Mercantes y Especiales,Oficial de marina mercante,49,Regresión,75.0,BAJO,Parcial
22/45,ATP-360-22,Tripulación de Naves Mercantes y Especiales,Oficial de marina mercante,50,Auditoría adversarial final,16.7,ALTO,No verificado
23/45,ATP-360-23,Construcciones Metálicas,Especialista en construcciones metálicas y soldadura,1,Curricular MINEDUC,57.1,MEDIO,Parcial
23/45,ATP-360-23,Construcciones Metálicas,Especialista en construcciones metálicas y soldadura,2,Contenido técnico,40.8,ALTO,No verificado
23/45,ATP-360-23,Construcciones Metálicas,Especialista en construcciones metálicas y soldadura,3,Pedagógica,90.0,BAJO,Parcial
23/45,ATP-360-23,Construcciones Metálicas,Especialista en construcciones metálicas y soldadura,4,Didáctica,80.0,BAJO,Parcial
23/45,ATP-360-23,Construcciones Metálicas,Especialista en construcciones metálicas y soldadura,5,Instrucciones,100.0,CONFORME,Verificado
23/45,ATP-360-23,Construcciones Metálicas,Especialista en construcciones metálicas y soldadura,6,Actividades,90.0,BAJO,Parcial
23/45,ATP-360-23,Construcciones Metálicas,Especialista en construcciones metálicas y soldadura,7,Evaluación,72.2,MEDIO,Parcial
23/45,ATP-360-23,Construcciones Metálicas,Especialista en construcciones metálicas y soldadura,8,Situación Integradora,80.0,BAJO,Parcial
23/45,ATP-360-23,Construcciones Metálicas,Especialista en construcciones metálicas y soldadura,9,Simuladores,33.3,ALTO,No verificado
23/45,ATP-360-23,Construcciones Metálicas,Especialista en construcciones metálicas y soldadura,10,Multimedia,28.6,ALTO,No verificado
23/45,ATP-360-23,Construcciones Metálicas,Especialista en construcciones metálicas y soldadura,11,Accesibilidad WCAG 2.2 AA,58.3,MEDIO,Parcial
23/45,ATP-360-23,Construcciones Metálicas,Especialista en construcciones metálicas y soldadura,12,UX/UI pedagógica,80.0,BAJO,Parcial
23/45,ATP-360-23,Construcciones Metálicas,Especialista en construcciones metálicas y soldadura,13,Carga cognitiva,62.5,MEDIO,Parcial
23/45,ATP-360-23,Construcciones Metálicas,Especialista en construcciones metálicas y soldadura,14,Contextualización laboral,69.4,MEDIO,Parcial
23/45,ATP-360-23,Construcciones Metálicas,Especialista en construcciones metálicas y soldadura,15,Seguridad,33.3,ALTO,No verificado
23/45,ATP-360-23,Construcciones Metálicas,Especialista en construcciones metálicas y soldadura,16,Progresión entre estaciones,100.0,CONFORME,Verificado
23/45,ATP-360-23,Construcciones Metálicas,Especialista en construcciones metálicas y soldadura,17,Estación 5,100.0,CONFORME,Verificado
23/45,ATP-360-23,Construcciones Metálicas,Especialista en construcciones metálicas y soldadura,18,Tiempo pedagógico,100.0,CONFORME,Verificado
23/45,ATP-360-23,Construcciones Metálicas,Especialista en construcciones metálicas y soldadura,19,QA funcional,62.5,MEDIO,Parcial
23/45,ATP-360-23,Construcciones Metálicas,Especialista en construcciones metálicas y soldadura,20,Coherencia global y recorrido estudiante,79.6,BAJO,Parcial
23/45,ATP-360-23,Construcciones Metálicas,Especialista en construcciones metálicas y soldadura,21,Prerrequisitos,75.0,BAJO,Parcial
23/45,ATP-360-23,Construcciones Metálicas,Especialista en construcciones metálicas y soldadura,22,Conceptos erróneos,16.7,ALTO,No verificado
23/45,ATP-360-23,Construcciones Metálicas,Especialista en construcciones metálicas y soldadura,23,Profundidad cognitiva,100.0,CONFORME,Verificado
23/45,ATP-360-23,Construcciones Metálicas,Especialista en construcciones metálicas y soldadura,24,Transferencia,75.0,BAJO,Parcial
23/45,ATP-360-23,Construcciones Metálicas,Especialista en construcciones metálicas y soldadura,25,Autonomía progresiva,75.0,BAJO,Parcial
23/45,ATP-360-23,Construcciones Metálicas,Especialista en construcciones metálicas y soldadura,26,Calidad del feedback,62.5,MEDIO,Parcial
23/45,ATP-360-23,Construcciones Metálicas,Especialista en construcciones metálicas y soldadura,27,Autenticidad laboral,33.3,ALTO,No verificado
23/45,ATP-360-23,Construcciones Metálicas,Especialista en construcciones metálicas y soldadura,28,Toma de decisiones,83.3,BAJO,Parcial
23/45,ATP-360-23,Construcciones Metálicas,Especialista en construcciones metálicas y soldadura,29,Diagnóstico de fallas,13.9,ALTO,No verificado
23/45,ATP-360-23,Construcciones Metálicas,Especialista en construcciones metálicas y soldadura,30,Aprendizaje desde el error,66.7,MEDIO,Parcial
23/45,ATP-360-23,Construcciones Metálicas,Especialista en construcciones metálicas y soldadura,31,Seguridad integrada,33.3,ALTO,No verificado
23/45,ATP-360-23,Construcciones Metálicas,Especialista en construcciones metálicas y soldadura,32,Evidencia de desempeño,83.3,BAJO,Parcial
23/45,ATP-360-23,Construcciones Metálicas,Especialista en construcciones metálicas y soldadura,33,Progresión 3°→4° medio,50.0,MEDIO,Parcial
23/45,ATP-360-23,Construcciones Metálicas,Especialista en construcciones metálicas y soldadura,34,Redundancia curricular,63.0,MEDIO,Parcial
23/45,ATP-360-23,Construcciones Metálicas,Especialista en construcciones metálicas y soldadura,35,Vacíos curriculares,83.3,BAJO,Parcial
23/45,ATP-360-23,Construcciones Metálicas,Especialista en construcciones metálicas y soldadura,36,Calidad de distractores,50.0,MEDIO,Parcial
23/45,ATP-360-23,Construcciones Metálicas,Especialista en construcciones metálicas y soldadura,37,Sesgo de evaluación,16.7,ALTO,No verificado
23/45,ATP-360-23,Construcciones Metálicas,Especialista en construcciones metálicas y soldadura,38,Consistencia terminológica,25.0,ALTO,No verificado
23/45,ATP-360-23,Construcciones Metálicas,Especialista en construcciones metálicas y soldadura,39,Alfabetización digital TP,50.0,MEDIO,Parcial
23/45,ATP-360-23,Construcciones Metálicas,Especialista en construcciones metálicas y soldadura,40,Datos y documentación laboral,83.3,BAJO,Parcial
23/45,ATP-360-23,Construcciones Metálicas,Especialista en construcciones metálicas y soldadura,41,Interdisciplinariedad,25.0,ALTO,No verificado
23/45,ATP-360-23,Construcciones Metálicas,Especialista en construcciones metálicas y soldadura,42,Accesibilidad cognitiva,62.5,MEDIO,Parcial
23/45,ATP-360-23,Construcciones Metálicas,Especialista en construcciones metálicas y soldadura,43,Responsive,33.3,ALTO,No verificado
23/45,ATP-360-23,Construcciones Metálicas,Especialista en construcciones metálicas y soldadura,44,Recuperación de errores UX,100.0,CONFORME,Verificado
23/45,ATP-360-23,Construcciones Metálicas,Especialista en construcciones metálicas y soldadura,45,Analítica educativa,83.3,BAJO,Parcial
23/45,ATP-360-23,Construcciones Metálicas,Especialista en construcciones metálicas y soldadura,46,Calidad de evidencias,83.3,BAJO,Parcial
23/45,ATP-360-23,Construcciones Metálicas,Especialista en construcciones metálicas y soldadura,47,Coherencia Portal Docente–Curso,83.3,BAJO,Parcial
23/45,ATP-360-23,Construcciones Metálicas,Especialista en construcciones metálicas y soldadura,48,Coherencia Mi Progreso–Curso,100.0,CONFORME,Verificado
23/45,ATP-360-23,Construcciones Metálicas,Especialista en construcciones metálicas y soldadura,49,Regresión,75.0,BAJO,Parcial
23/45,ATP-360-23,Construcciones Metálicas,Especialista en construcciones metálicas y soldadura,50,Auditoría adversarial final,16.7,ALTO,No verificado
24/45,ATP-360-24,Mecánica Automotriz,Técnico automotriz,1,Curricular MINEDUC,57.1,MEDIO,Parcial
24/45,ATP-360-24,Mecánica Automotriz,Técnico automotriz,2,Contenido técnico,40.9,ALTO,No verificado
24/45,ATP-360-24,Mecánica Automotriz,Técnico automotriz,3,Pedagógica,90.0,BAJO,Parcial
24/45,ATP-360-24,Mecánica Automotriz,Técnico automotriz,4,Didáctica,80.0,BAJO,Parcial
24/45,ATP-360-24,Mecánica Automotriz,Técnico automotriz,5,Instrucciones,100.0,CONFORME,Verificado
24/45,ATP-360-24,Mecánica Automotriz,Técnico automotriz,6,Actividades,90.0,BAJO,Parcial
24/45,ATP-360-24,Mecánica Automotriz,Técnico automotriz,7,Evaluación,72.2,MEDIO,Parcial
24/45,ATP-360-24,Mecánica Automotriz,Técnico automotriz,8,Situación Integradora,80.0,BAJO,Parcial
24/45,ATP-360-24,Mecánica Automotriz,Técnico automotriz,9,Simuladores,33.3,ALTO,No verificado
24/45,ATP-360-24,Mecánica Automotriz,Técnico automotriz,10,Multimedia,28.6,ALTO,No verificado
24/45,ATP-360-24,Mecánica Automotriz,Técnico automotriz,11,Accesibilidad WCAG 2.2 AA,58.3,MEDIO,Parcial
24/45,ATP-360-24,Mecánica Automotriz,Técnico automotriz,12,UX/UI pedagógica,80.0,BAJO,Parcial
24/45,ATP-360-24,Mecánica Automotriz,Técnico automotriz,13,Carga cognitiva,62.5,MEDIO,Parcial
24/45,ATP-360-24,Mecánica Automotriz,Técnico automotriz,14,Contextualización laboral,73.8,MEDIO,Parcial
24/45,ATP-360-24,Mecánica Automotriz,Técnico automotriz,15,Seguridad,33.3,ALTO,No verificado
24/45,ATP-360-24,Mecánica Automotriz,Técnico automotriz,16,Progresión entre estaciones,100.0,CONFORME,Verificado
24/45,ATP-360-24,Mecánica Automotriz,Técnico automotriz,17,Estación 5,100.0,CONFORME,Verificado
24/45,ATP-360-24,Mecánica Automotriz,Técnico automotriz,18,Tiempo pedagógico,100.0,CONFORME,Verificado
24/45,ATP-360-24,Mecánica Automotriz,Técnico automotriz,19,QA funcional,62.5,MEDIO,Parcial
24/45,ATP-360-24,Mecánica Automotriz,Técnico automotriz,20,Coherencia global y recorrido estudiante,83.3,BAJO,Parcial
24/45,ATP-360-24,Mecánica Automotriz,Técnico automotriz,21,Prerrequisitos,75.0,BAJO,Parcial
24/45,ATP-360-24,Mecánica Automotriz,Técnico automotriz,22,Conceptos erróneos,16.7,ALTO,No verificado
24/45,ATP-360-24,Mecánica Automotriz,Técnico automotriz,23,Profundidad cognitiva,100.0,CONFORME,Verificado
24/45,ATP-360-24,Mecánica Automotriz,Técnico automotriz,24,Transferencia,75.0,BAJO,Parcial
24/45,ATP-360-24,Mecánica Automotriz,Técnico automotriz,25,Autonomía progresiva,75.0,BAJO,Parcial
24/45,ATP-360-24,Mecánica Automotriz,Técnico automotriz,26,Calidad del feedback,62.5,MEDIO,Parcial
24/45,ATP-360-24,Mecánica Automotriz,Técnico automotriz,27,Autenticidad laboral,33.3,ALTO,No verificado
24/45,ATP-360-24,Mecánica Automotriz,Técnico automotriz,28,Toma de decisiones,83.3,BAJO,Parcial
24/45,ATP-360-24,Mecánica Automotriz,Técnico automotriz,29,Diagnóstico de fallas,15.0,ALTO,No verificado
24/45,ATP-360-24,Mecánica Automotriz,Técnico automotriz,30,Aprendizaje desde el error,66.7,MEDIO,Parcial
24/45,ATP-360-24,Mecánica Automotriz,Técnico automotriz,31,Seguridad integrada,33.3,ALTO,No verificado
24/45,ATP-360-24,Mecánica Automotriz,Técnico automotriz,32,Evidencia de desempeño,83.3,BAJO,Parcial
24/45,ATP-360-24,Mecánica Automotriz,Técnico automotriz,33,Progresión 3°→4° medio,50.0,MEDIO,Parcial
24/45,ATP-360-24,Mecánica Automotriz,Técnico automotriz,34,Redundancia curricular,66.7,MEDIO,Parcial
24/45,ATP-360-24,Mecánica Automotriz,Técnico automotriz,35,Vacíos curriculares,83.3,BAJO,Parcial
24/45,ATP-360-24,Mecánica Automotriz,Técnico automotriz,36,Calidad de distractores,50.0,MEDIO,Parcial
24/45,ATP-360-24,Mecánica Automotriz,Técnico automotriz,37,Sesgo de evaluación,16.7,ALTO,No verificado
24/45,ATP-360-24,Mecánica Automotriz,Técnico automotriz,38,Consistencia terminológica,25.0,ALTO,No verificado
24/45,ATP-360-24,Mecánica Automotriz,Técnico automotriz,39,Alfabetización digital TP,50.0,MEDIO,Parcial
24/45,ATP-360-24,Mecánica Automotriz,Técnico automotriz,40,Datos y documentación laboral,83.3,BAJO,Parcial
24/45,ATP-360-24,Mecánica Automotriz,Técnico automotriz,41,Interdisciplinariedad,25.0,ALTO,No verificado
24/45,ATP-360-24,Mecánica Automotriz,Técnico automotriz,42,Accesibilidad cognitiva,62.5,MEDIO,Parcial
24/45,ATP-360-24,Mecánica Automotriz,Técnico automotriz,43,Responsive,33.3,ALTO,No verificado
24/45,ATP-360-24,Mecánica Automotriz,Técnico automotriz,44,Recuperación de errores UX,100.0,CONFORME,Verificado
24/45,ATP-360-24,Mecánica Automotriz,Técnico automotriz,45,Analítica educativa,83.3,BAJO,Parcial
24/45,ATP-360-24,Mecánica Automotriz,Técnico automotriz,46,Calidad de evidencias,83.3,BAJO,Parcial
24/45,ATP-360-24,Mecánica Automotriz,Técnico automotriz,47,Coherencia Portal Docente–Curso,83.3,BAJO,Parcial
24/45,ATP-360-24,Mecánica Automotriz,Técnico automotriz,48,Coherencia Mi Progreso–Curso,100.0,CONFORME,Verificado
24/45,ATP-360-24,Mecánica Automotriz,Técnico automotriz,49,Regresión,75.0,BAJO,Parcial
24/45,ATP-360-24,Mecánica Automotriz,Técnico automotriz,50,Auditoría adversarial final,16.7,ALTO,No verificado
25/45,ATP-360-25,Mecánica de Mantenimiento de Aeronaves,Técnico de mantenimiento aeronáutico,1,Curricular MINEDUC,57.1,MEDIO,Parcial
25/45,ATP-360-25,Mecánica de Mantenimiento de Aeronaves,Técnico de mantenimiento aeronáutico,2,Contenido técnico,40.9,ALTO,No verificado
25/45,ATP-360-25,Mecánica de Mantenimiento de Aeronaves,Técnico de mantenimiento aeronáutico,3,Pedagógica,90.0,BAJO,Parcial
25/45,ATP-360-25,Mecánica de Mantenimiento de Aeronaves,Técnico de mantenimiento aeronáutico,4,Didáctica,80.0,BAJO,Parcial
25/45,ATP-360-25,Mecánica de Mantenimiento de Aeronaves,Técnico de mantenimiento aeronáutico,5,Instrucciones,100.0,CONFORME,Verificado
25/45,ATP-360-25,Mecánica de Mantenimiento de Aeronaves,Técnico de mantenimiento aeronáutico,6,Actividades,90.0,BAJO,Parcial
25/45,ATP-360-25,Mecánica de Mantenimiento de Aeronaves,Técnico de mantenimiento aeronáutico,7,Evaluación,72.2,MEDIO,Parcial
25/45,ATP-360-25,Mecánica de Mantenimiento de Aeronaves,Técnico de mantenimiento aeronáutico,8,Situación Integradora,80.0,BAJO,Parcial
25/45,ATP-360-25,Mecánica de Mantenimiento de Aeronaves,Técnico de mantenimiento aeronáutico,9,Simuladores,33.3,ALTO,No verificado
25/45,ATP-360-25,Mecánica de Mantenimiento de Aeronaves,Técnico de mantenimiento aeronáutico,10,Multimedia,28.6,ALTO,No verificado
25/45,ATP-360-25,Mecánica de Mantenimiento de Aeronaves,Técnico de mantenimiento aeronáutico,11,Accesibilidad WCAG 2.2 AA,58.3,MEDIO,Parcial
25/45,ATP-360-25,Mecánica de Mantenimiento de Aeronaves,Técnico de mantenimiento aeronáutico,12,UX/UI pedagógica,80.0,BAJO,Parcial
25/45,ATP-360-25,Mecánica de Mantenimiento de Aeronaves,Técnico de mantenimiento aeronáutico,13,Carga cognitiva,62.5,MEDIO,Parcial
25/45,ATP-360-25,Mecánica de Mantenimiento de Aeronaves,Técnico de mantenimiento aeronáutico,14,Contextualización laboral,69.3,MEDIO,Parcial
25/45,ATP-360-25,Mecánica de Mantenimiento de Aeronaves,Técnico de mantenimiento aeronáutico,15,Seguridad,33.3,ALTO,No verificado
25/45,ATP-360-25,Mecánica de Mantenimiento de Aeronaves,Técnico de mantenimiento aeronáutico,16,Progresión entre estaciones,100.0,CONFORME,Verificado
25/45,ATP-360-25,Mecánica de Mantenimiento de Aeronaves,Técnico de mantenimiento aeronáutico,17,Estación 5,100.0,CONFORME,Verificado
25/45,ATP-360-25,Mecánica de Mantenimiento de Aeronaves,Técnico de mantenimiento aeronáutico,18,Tiempo pedagógico,100.0,CONFORME,Verificado
25/45,ATP-360-25,Mecánica de Mantenimiento de Aeronaves,Técnico de mantenimiento aeronáutico,19,QA funcional,62.5,MEDIO,Parcial
25/45,ATP-360-25,Mecánica de Mantenimiento de Aeronaves,Técnico de mantenimiento aeronáutico,20,Coherencia global y recorrido estudiante,83.3,BAJO,Parcial
25/45,ATP-360-25,Mecánica de Mantenimiento de Aeronaves,Técnico de mantenimiento aeronáutico,21,Prerrequisitos,75.0,BAJO,Parcial
25/45,ATP-360-25,Mecánica de Mantenimiento de Aeronaves,Técnico de mantenimiento aeronáutico,22,Conceptos erróneos,16.7,ALTO,No verificado
25/45,ATP-360-25,Mecánica de Mantenimiento de Aeronaves,Técnico de mantenimiento aeronáutico,23,Profundidad cognitiva,100.0,CONFORME,Verificado
25/45,ATP-360-25,Mecánica de Mantenimiento de Aeronaves,Técnico de mantenimiento aeronáutico,24,Transferencia,75.0,BAJO,Parcial
25/45,ATP-360-25,Mecánica de Mantenimiento de Aeronaves,Técnico de mantenimiento aeronáutico,25,Autonomía progresiva,75.0,BAJO,Parcial
25/45,ATP-360-25,Mecánica de Mantenimiento de Aeronaves,Técnico de mantenimiento aeronáutico,26,Calidad del feedback,62.5,MEDIO,Parcial
25/45,ATP-360-25,Mecánica de Mantenimiento de Aeronaves,Técnico de mantenimiento aeronáutico,27,Autenticidad laboral,33.3,ALTO,No verificado
25/45,ATP-360-25,Mecánica de Mantenimiento de Aeronaves,Técnico de mantenimiento aeronáutico,28,Toma de decisiones,83.3,BAJO,Parcial
25/45,ATP-360-25,Mecánica de Mantenimiento de Aeronaves,Técnico de mantenimiento aeronáutico,29,Diagnóstico de fallas,15.9,ALTO,No verificado
25/45,ATP-360-25,Mecánica de Mantenimiento de Aeronaves,Técnico de mantenimiento aeronáutico,30,Aprendizaje desde el error,66.7,MEDIO,Parcial
25/45,ATP-360-25,Mecánica de Mantenimiento de Aeronaves,Técnico de mantenimiento aeronáutico,31,Seguridad integrada,33.3,ALTO,No verificado
25/45,ATP-360-25,Mecánica de Mantenimiento de Aeronaves,Técnico de mantenimiento aeronáutico,32,Evidencia de desempeño,83.3,BAJO,Parcial
25/45,ATP-360-25,Mecánica de Mantenimiento de Aeronaves,Técnico de mantenimiento aeronáutico,33,Progresión 3°→4° medio,50.0,MEDIO,Parcial
25/45,ATP-360-25,Mecánica de Mantenimiento de Aeronaves,Técnico de mantenimiento aeronáutico,34,Redundancia curricular,66.7,MEDIO,Parcial
25/45,ATP-360-25,Mecánica de Mantenimiento de Aeronaves,Técnico de mantenimiento aeronáutico,35,Vacíos curriculares,83.3,BAJO,Parcial
25/45,ATP-360-25,Mecánica de Mantenimiento de Aeronaves,Técnico de mantenimiento aeronáutico,36,Calidad de distractores,50.0,MEDIO,Parcial
25/45,ATP-360-25,Mecánica de Mantenimiento de Aeronaves,Técnico de mantenimiento aeronáutico,37,Sesgo de evaluación,16.7,ALTO,No verificado
25/45,ATP-360-25,Mecánica de Mantenimiento de Aeronaves,Técnico de mantenimiento aeronáutico,38,Consistencia terminológica,25.0,ALTO,No verificado
25/45,ATP-360-25,Mecánica de Mantenimiento de Aeronaves,Técnico de mantenimiento aeronáutico,39,Alfabetización digital TP,50.0,MEDIO,Parcial
25/45,ATP-360-25,Mecánica de Mantenimiento de Aeronaves,Técnico de mantenimiento aeronáutico,40,Datos y documentación laboral,83.3,BAJO,Parcial
25/45,ATP-360-25,Mecánica de Mantenimiento de Aeronaves,Técnico de mantenimiento aeronáutico,41,Interdisciplinariedad,25.0,ALTO,No verificado
25/45,ATP-360-25,Mecánica de Mantenimiento de Aeronaves,Técnico de mantenimiento aeronáutico,42,Accesibilidad cognitiva,62.5,MEDIO,Parcial
25/45,ATP-360-25,Mecánica de Mantenimiento de Aeronaves,Técnico de mantenimiento aeronáutico,43,Responsive,33.3,ALTO,No verificado
25/45,ATP-360-25,Mecánica de Mantenimiento de Aeronaves,Técnico de mantenimiento aeronáutico,44,Recuperación de errores UX,100.0,CONFORME,Verificado
25/45,ATP-360-25,Mecánica de Mantenimiento de Aeronaves,Técnico de mantenimiento aeronáutico,45,Analítica educativa,83.3,BAJO,Parcial
25/45,ATP-360-25,Mecánica de Mantenimiento de Aeronaves,Técnico de mantenimiento aeronáutico,46,Calidad de evidencias,83.3,BAJO,Parcial
25/45,ATP-360-25,Mecánica de Mantenimiento de Aeronaves,Técnico de mantenimiento aeronáutico,47,Coherencia Portal Docente–Curso,83.3,BAJO,Parcial
25/45,ATP-360-25,Mecánica de Mantenimiento de Aeronaves,Técnico de mantenimiento aeronáutico,48,Coherencia Mi Progreso–Curso,100.0,CONFORME,Verificado
25/45,ATP-360-25,Mecánica de Mantenimiento de Aeronaves,Técnico de mantenimiento aeronáutico,49,Regresión,75.0,BAJO,Parcial
25/45,ATP-360-25,Mecánica de Mantenimiento de Aeronaves,Técnico de mantenimiento aeronáutico,50,Auditoría adversarial final,16.7,ALTO,No verificado
26/45,ATP-360-26,Asistencia en Geología,Geólogo de operaciones,1,Curricular MINEDUC,57.1,MEDIO,Parcial
26/45,ATP-360-26,Asistencia en Geología,Geólogo de operaciones,2,Contenido técnico,40.8,ALTO,No verificado
26/45,ATP-360-26,Asistencia en Geología,Geólogo de operaciones,3,Pedagógica,90.0,BAJO,Parcial
26/45,ATP-360-26,Asistencia en Geología,Geólogo de operaciones,4,Didáctica,80.0,BAJO,Parcial
26/45,ATP-360-26,Asistencia en Geología,Geólogo de operaciones,5,Instrucciones,100.0,CONFORME,Verificado
26/45,ATP-360-26,Asistencia en Geología,Geólogo de operaciones,6,Actividades,90.0,BAJO,Parcial
26/45,ATP-360-26,Asistencia en Geología,Geólogo de operaciones,7,Evaluación,72.2,MEDIO,Parcial
26/45,ATP-360-26,Asistencia en Geología,Geólogo de operaciones,8,Situación Integradora,80.0,BAJO,Parcial
26/45,ATP-360-26,Asistencia en Geología,Geólogo de operaciones,9,Simuladores,33.3,ALTO,No verificado
26/45,ATP-360-26,Asistencia en Geología,Geólogo de operaciones,10,Multimedia,28.6,ALTO,No verificado
26/45,ATP-360-26,Asistencia en Geología,Geólogo de operaciones,11,Accesibilidad WCAG 2.2 AA,58.3,MEDIO,Parcial
26/45,ATP-360-26,Asistencia en Geología,Geólogo de operaciones,12,UX/UI pedagógica,80.0,BAJO,Parcial
26/45,ATP-360-26,Asistencia en Geología,Geólogo de operaciones,13,Carga cognitiva,62.5,MEDIO,Parcial
26/45,ATP-360-26,Asistencia en Geología,Geólogo de operaciones,14,Contextualización laboral,69.4,MEDIO,Parcial
26/45,ATP-360-26,Asistencia en Geología,Geólogo de operaciones,15,Seguridad,33.3,ALTO,No verificado
26/45,ATP-360-26,Asistencia en Geología,Geólogo de operaciones,16,Progresión entre estaciones,100.0,CONFORME,Verificado
26/45,ATP-360-26,Asistencia en Geología,Geólogo de operaciones,17,Estación 5,100.0,CONFORME,Verificado
26/45,ATP-360-26,Asistencia en Geología,Geólogo de operaciones,18,Tiempo pedagógico,100.0,CONFORME,Verificado
26/45,ATP-360-26,Asistencia en Geología,Geólogo de operaciones,19,QA funcional,62.5,MEDIO,Parcial
26/45,ATP-360-26,Asistencia en Geología,Geólogo de operaciones,20,Coherencia global y recorrido estudiante,83.3,BAJO,Parcial
26/45,ATP-360-26,Asistencia en Geología,Geólogo de operaciones,21,Prerrequisitos,75.0,BAJO,Parcial
26/45,ATP-360-26,Asistencia en Geología,Geólogo de operaciones,22,Conceptos erróneos,16.7,ALTO,No verificado
26/45,ATP-360-26,Asistencia en Geología,Geólogo de operaciones,23,Profundidad cognitiva,100.0,CONFORME,Verificado
26/45,ATP-360-26,Asistencia en Geología,Geólogo de operaciones,24,Transferencia,75.0,BAJO,Parcial
26/45,ATP-360-26,Asistencia en Geología,Geólogo de operaciones,25,Autonomía progresiva,75.0,BAJO,Parcial
26/45,ATP-360-26,Asistencia en Geología,Geólogo de operaciones,26,Calidad del feedback,62.5,MEDIO,Parcial
26/45,ATP-360-26,Asistencia en Geología,Geólogo de operaciones,27,Autenticidad laboral,33.3,ALTO,No verificado
26/45,ATP-360-26,Asistencia en Geología,Geólogo de operaciones,28,Toma de decisiones,83.3,BAJO,Parcial
26/45,ATP-360-26,Asistencia en Geología,Geólogo de operaciones,29,Diagnóstico de fallas,2.8,ALTO,No verificado
26/45,ATP-360-26,Asistencia en Geología,Geólogo de operaciones,30,Aprendizaje desde el error,66.7,MEDIO,Parcial
26/45,ATP-360-26,Asistencia en Geología,Geólogo de operaciones,31,Seguridad integrada,33.3,ALTO,No verificado
26/45,ATP-360-26,Asistencia en Geología,Geólogo de operaciones,32,Evidencia de desempeño,83.3,BAJO,Parcial
26/45,ATP-360-26,Asistencia en Geología,Geólogo de operaciones,33,Progresión 3°→4° medio,50.0,MEDIO,Parcial
26/45,ATP-360-26,Asistencia en Geología,Geólogo de operaciones,34,Redundancia curricular,66.7,MEDIO,Parcial
26/45,ATP-360-26,Asistencia en Geología,Geólogo de operaciones,35,Vacíos curriculares,83.3,BAJO,Parcial
26/45,ATP-360-26,Asistencia en Geología,Geólogo de operaciones,36,Calidad de distractores,50.0,MEDIO,Parcial
26/45,ATP-360-26,Asistencia en Geología,Geólogo de operaciones,37,Sesgo de evaluación,16.7,ALTO,No verificado
26/45,ATP-360-26,Asistencia en Geología,Geólogo de operaciones,38,Consistencia terminológica,25.0,ALTO,No verificado
26/45,ATP-360-26,Asistencia en Geología,Geólogo de operaciones,39,Alfabetización digital TP,50.0,MEDIO,Parcial
26/45,ATP-360-26,Asistencia en Geología,Geólogo de operaciones,40,Datos y documentación laboral,83.3,BAJO,Parcial
26/45,ATP-360-26,Asistencia en Geología,Geólogo de operaciones,41,Interdisciplinariedad,25.0,ALTO,No verificado
26/45,ATP-360-26,Asistencia en Geología,Geólogo de operaciones,42,Accesibilidad cognitiva,62.5,MEDIO,Parcial
26/45,ATP-360-26,Asistencia en Geología,Geólogo de operaciones,43,Responsive,33.3,ALTO,No verificado
26/45,ATP-360-26,Asistencia en Geología,Geólogo de operaciones,44,Recuperación de errores UX,100.0,CONFORME,Verificado
26/45,ATP-360-26,Asistencia en Geología,Geólogo de operaciones,45,Analítica educativa,83.3,BAJO,Parcial
26/45,ATP-360-26,Asistencia en Geología,Geólogo de operaciones,46,Calidad de evidencias,83.3,BAJO,Parcial
26/45,ATP-360-26,Asistencia en Geología,Geólogo de operaciones,47,Coherencia Portal Docente–Curso,83.3,BAJO,Parcial
26/45,ATP-360-26,Asistencia en Geología,Geólogo de operaciones,48,Coherencia Mi Progreso–Curso,100.0,CONFORME,Verificado
26/45,ATP-360-26,Asistencia en Geología,Geólogo de operaciones,49,Regresión,75.0,BAJO,Parcial
26/45,ATP-360-26,Asistencia en Geología,Geólogo de operaciones,50,Auditoría adversarial final,16.7,ALTO,No verificado
27/45,ATP-360-27,Explotación Minera,Especialista en explotación minera,1,Curricular MINEDUC,57.1,MEDIO,Parcial
27/45,ATP-360-27,Explotación Minera,Especialista en explotación minera,2,Contenido técnico,40.8,ALTO,No verificado
27/45,ATP-360-27,Explotación Minera,Especialista en explotación minera,3,Pedagógica,90.0,BAJO,Parcial
27/45,ATP-360-27,Explotación Minera,Especialista en explotación minera,4,Didáctica,80.0,BAJO,Parcial
27/45,ATP-360-27,Explotación Minera,Especialista en explotación minera,5,Instrucciones,100.0,CONFORME,Verificado
27/45,ATP-360-27,Explotación Minera,Especialista en explotación minera,6,Actividades,90.0,BAJO,Parcial
27/45,ATP-360-27,Explotación Minera,Especialista en explotación minera,7,Evaluación,72.2,MEDIO,Parcial
27/45,ATP-360-27,Explotación Minera,Especialista en explotación minera,8,Situación Integradora,80.0,BAJO,Parcial
27/45,ATP-360-27,Explotación Minera,Especialista en explotación minera,9,Simuladores,33.3,ALTO,No verificado
27/45,ATP-360-27,Explotación Minera,Especialista en explotación minera,10,Multimedia,28.6,ALTO,No verificado
27/45,ATP-360-27,Explotación Minera,Especialista en explotación minera,11,Accesibilidad WCAG 2.2 AA,58.3,MEDIO,Parcial
27/45,ATP-360-27,Explotación Minera,Especialista en explotación minera,12,UX/UI pedagógica,80.0,BAJO,Parcial
27/45,ATP-360-27,Explotación Minera,Especialista en explotación minera,13,Carga cognitiva,62.5,MEDIO,Parcial
27/45,ATP-360-27,Explotación Minera,Especialista en explotación minera,14,Contextualización laboral,73.6,MEDIO,Parcial
27/45,ATP-360-27,Explotación Minera,Especialista en explotación minera,15,Seguridad,33.3,ALTO,No verificado
27/45,ATP-360-27,Explotación Minera,Especialista en explotación minera,16,Progresión entre estaciones,100.0,CONFORME,Verificado
27/45,ATP-360-27,Explotación Minera,Especialista en explotación minera,17,Estación 5,100.0,CONFORME,Verificado
27/45,ATP-360-27,Explotación Minera,Especialista en explotación minera,18,Tiempo pedagógico,100.0,CONFORME,Verificado
27/45,ATP-360-27,Explotación Minera,Especialista en explotación minera,19,QA funcional,62.5,MEDIO,Parcial
27/45,ATP-360-27,Explotación Minera,Especialista en explotación minera,20,Coherencia global y recorrido estudiante,83.3,BAJO,Parcial
27/45,ATP-360-27,Explotación Minera,Especialista en explotación minera,21,Prerrequisitos,75.0,BAJO,Parcial
27/45,ATP-360-27,Explotación Minera,Especialista en explotación minera,22,Conceptos erróneos,16.7,ALTO,No verificado
27/45,ATP-360-27,Explotación Minera,Especialista en explotación minera,23,Profundidad cognitiva,100.0,CONFORME,Verificado
27/45,ATP-360-27,Explotación Minera,Especialista en explotación minera,24,Transferencia,75.0,BAJO,Parcial
27/45,ATP-360-27,Explotación Minera,Especialista en explotación minera,25,Autonomía progresiva,75.0,BAJO,Parcial
27/45,ATP-360-27,Explotación Minera,Especialista en explotación minera,26,Calidad del feedback,62.5,MEDIO,Parcial
27/45,ATP-360-27,Explotación Minera,Especialista en explotación minera,27,Autenticidad laboral,33.3,ALTO,No verificado
27/45,ATP-360-27,Explotación Minera,Especialista en explotación minera,28,Toma de decisiones,83.3,BAJO,Parcial
27/45,ATP-360-27,Explotación Minera,Especialista en explotación minera,29,Diagnóstico de fallas,0.0,ALTO,No verificado
27/45,ATP-360-27,Explotación Minera,Especialista en explotación minera,30,Aprendizaje desde el error,66.7,MEDIO,Parcial
27/45,ATP-360-27,Explotación Minera,Especialista en explotación minera,31,Seguridad integrada,33.3,ALTO,No verificado
27/45,ATP-360-27,Explotación Minera,Especialista en explotación minera,32,Evidencia de desempeño,83.3,BAJO,Parcial
27/45,ATP-360-27,Explotación Minera,Especialista en explotación minera,33,Progresión 3°→4° medio,50.0,MEDIO,Parcial
27/45,ATP-360-27,Explotación Minera,Especialista en explotación minera,34,Redundancia curricular,66.7,MEDIO,Parcial
27/45,ATP-360-27,Explotación Minera,Especialista en explotación minera,35,Vacíos curriculares,83.3,BAJO,Parcial
27/45,ATP-360-27,Explotación Minera,Especialista en explotación minera,36,Calidad de distractores,50.0,MEDIO,Parcial
27/45,ATP-360-27,Explotación Minera,Especialista en explotación minera,37,Sesgo de evaluación,16.7,ALTO,No verificado
27/45,ATP-360-27,Explotación Minera,Especialista en explotación minera,38,Consistencia terminológica,25.0,ALTO,No verificado
27/45,ATP-360-27,Explotación Minera,Especialista en explotación minera,39,Alfabetización digital TP,50.0,MEDIO,Parcial
27/45,ATP-360-27,Explotación Minera,Especialista en explotación minera,40,Datos y documentación laboral,83.3,BAJO,Parcial
27/45,ATP-360-27,Explotación Minera,Especialista en explotación minera,41,Interdisciplinariedad,25.0,ALTO,No verificado
27/45,ATP-360-27,Explotación Minera,Especialista en explotación minera,42,Accesibilidad cognitiva,62.5,MEDIO,Parcial
27/45,ATP-360-27,Explotación Minera,Especialista en explotación minera,43,Responsive,33.3,ALTO,No verificado
27/45,ATP-360-27,Explotación Minera,Especialista en explotación minera,44,Recuperación de errores UX,100.0,CONFORME,Verificado
27/45,ATP-360-27,Explotación Minera,Especialista en explotación minera,45,Analítica educativa,83.3,BAJO,Parcial
27/45,ATP-360-27,Explotación Minera,Especialista en explotación minera,46,Calidad de evidencias,83.3,BAJO,Parcial
27/45,ATP-360-27,Explotación Minera,Especialista en explotación minera,47,Coherencia Portal Docente–Curso,83.3,BAJO,Parcial
27/45,ATP-360-27,Explotación Minera,Especialista en explotación minera,48,Coherencia Mi Progreso–Curso,100.0,CONFORME,Verificado
27/45,ATP-360-27,Explotación Minera,Especialista en explotación minera,49,Regresión,75.0,BAJO,Parcial
27/45,ATP-360-27,Explotación Minera,Especialista en explotación minera,50,Auditoría adversarial final,16.7,ALTO,No verificado
28/45,ATP-360-28,Metalurgia Extractiva,Ingeniero metalurgista,1,Curricular MINEDUC,57.1,MEDIO,Parcial
28/45,ATP-360-28,Metalurgia Extractiva,Ingeniero metalurgista,2,Contenido técnico,40.8,ALTO,No verificado
28/45,ATP-360-28,Metalurgia Extractiva,Ingeniero metalurgista,3,Pedagógica,90.0,BAJO,Parcial
28/45,ATP-360-28,Metalurgia Extractiva,Ingeniero metalurgista,4,Didáctica,80.0,BAJO,Parcial
28/45,ATP-360-28,Metalurgia Extractiva,Ingeniero metalurgista,5,Instrucciones,100.0,CONFORME,Verificado
28/45,ATP-360-28,Metalurgia Extractiva,Ingeniero metalurgista,6,Actividades,90.0,BAJO,Parcial
28/45,ATP-360-28,Metalurgia Extractiva,Ingeniero metalurgista,7,Evaluación,72.2,MEDIO,Parcial
28/45,ATP-360-28,Metalurgia Extractiva,Ingeniero metalurgista,8,Situación Integradora,80.0,BAJO,Parcial
28/45,ATP-360-28,Metalurgia Extractiva,Ingeniero metalurgista,9,Simuladores,33.3,ALTO,No verificado
28/45,ATP-360-28,Metalurgia Extractiva,Ingeniero metalurgista,10,Multimedia,28.6,ALTO,No verificado
28/45,ATP-360-28,Metalurgia Extractiva,Ingeniero metalurgista,11,Accesibilidad WCAG 2.2 AA,58.3,MEDIO,Parcial
28/45,ATP-360-28,Metalurgia Extractiva,Ingeniero metalurgista,12,UX/UI pedagógica,80.0,BAJO,Parcial
28/45,ATP-360-28,Metalurgia Extractiva,Ingeniero metalurgista,13,Carga cognitiva,62.5,MEDIO,Parcial
28/45,ATP-360-28,Metalurgia Extractiva,Ingeniero metalurgista,14,Contextualización laboral,73.6,MEDIO,Parcial
28/45,ATP-360-28,Metalurgia Extractiva,Ingeniero metalurgista,15,Seguridad,33.3,ALTO,No verificado
28/45,ATP-360-28,Metalurgia Extractiva,Ingeniero metalurgista,16,Progresión entre estaciones,100.0,CONFORME,Verificado
28/45,ATP-360-28,Metalurgia Extractiva,Ingeniero metalurgista,17,Estación 5,100.0,CONFORME,Verificado
28/45,ATP-360-28,Metalurgia Extractiva,Ingeniero metalurgista,18,Tiempo pedagógico,100.0,CONFORME,Verificado
28/45,ATP-360-28,Metalurgia Extractiva,Ingeniero metalurgista,19,QA funcional,62.5,MEDIO,Parcial
28/45,ATP-360-28,Metalurgia Extractiva,Ingeniero metalurgista,20,Coherencia global y recorrido estudiante,83.3,BAJO,Parcial
28/45,ATP-360-28,Metalurgia Extractiva,Ingeniero metalurgista,21,Prerrequisitos,75.0,BAJO,Parcial
28/45,ATP-360-28,Metalurgia Extractiva,Ingeniero metalurgista,22,Conceptos erróneos,16.7,ALTO,No verificado
28/45,ATP-360-28,Metalurgia Extractiva,Ingeniero metalurgista,23,Profundidad cognitiva,100.0,CONFORME,Verificado
28/45,ATP-360-28,Metalurgia Extractiva,Ingeniero metalurgista,24,Transferencia,75.0,BAJO,Parcial
28/45,ATP-360-28,Metalurgia Extractiva,Ingeniero metalurgista,25,Autonomía progresiva,75.0,BAJO,Parcial
28/45,ATP-360-28,Metalurgia Extractiva,Ingeniero metalurgista,26,Calidad del feedback,62.5,MEDIO,Parcial
28/45,ATP-360-28,Metalurgia Extractiva,Ingeniero metalurgista,27,Autenticidad laboral,33.3,ALTO,No verificado
28/45,ATP-360-28,Metalurgia Extractiva,Ingeniero metalurgista,28,Toma de decisiones,83.3,BAJO,Parcial
28/45,ATP-360-28,Metalurgia Extractiva,Ingeniero metalurgista,29,Diagnóstico de fallas,0.0,ALTO,No verificado
28/45,ATP-360-28,Metalurgia Extractiva,Ingeniero metalurgista,30,Aprendizaje desde el error,66.7,MEDIO,Parcial
28/45,ATP-360-28,Metalurgia Extractiva,Ingeniero metalurgista,31,Seguridad integrada,33.3,ALTO,No verificado
28/45,ATP-360-28,Metalurgia Extractiva,Ingeniero metalurgista,32,Evidencia de desempeño,83.3,BAJO,Parcial
28/45,ATP-360-28,Metalurgia Extractiva,Ingeniero metalurgista,33,Progresión 3°→4° medio,50.0,MEDIO,Parcial
28/45,ATP-360-28,Metalurgia Extractiva,Ingeniero metalurgista,34,Redundancia curricular,66.7,MEDIO,Parcial
28/45,ATP-360-28,Metalurgia Extractiva,Ingeniero metalurgista,35,Vacíos curriculares,83.3,BAJO,Parcial
28/45,ATP-360-28,Metalurgia Extractiva,Ingeniero metalurgista,36,Calidad de distractores,50.0,MEDIO,Parcial
28/45,ATP-360-28,Metalurgia Extractiva,Ingeniero metalurgista,37,Sesgo de evaluación,16.7,ALTO,No verificado
28/45,ATP-360-28,Metalurgia Extractiva,Ingeniero metalurgista,38,Consistencia terminológica,25.0,ALTO,No verificado
28/45,ATP-360-28,Metalurgia Extractiva,Ingeniero metalurgista,39,Alfabetización digital TP,50.0,MEDIO,Parcial
28/45,ATP-360-28,Metalurgia Extractiva,Ingeniero metalurgista,40,Datos y documentación laboral,83.3,BAJO,Parcial
28/45,ATP-360-28,Metalurgia Extractiva,Ingeniero metalurgista,41,Interdisciplinariedad,25.0,ALTO,No verificado
28/45,ATP-360-28,Metalurgia Extractiva,Ingeniero metalurgista,42,Accesibilidad cognitiva,62.5,MEDIO,Parcial
28/45,ATP-360-28,Metalurgia Extractiva,Ingeniero metalurgista,43,Responsive,33.3,ALTO,No verificado
28/45,ATP-360-28,Metalurgia Extractiva,Ingeniero metalurgista,44,Recuperación de errores UX,100.0,CONFORME,Verificado
28/45,ATP-360-28,Metalurgia Extractiva,Ingeniero metalurgista,45,Analítica educativa,83.3,BAJO,Parcial
28/45,ATP-360-28,Metalurgia Extractiva,Ingeniero metalurgista,46,Calidad de evidencias,83.3,BAJO,Parcial
28/45,ATP-360-28,Metalurgia Extractiva,Ingeniero metalurgista,47,Coherencia Portal Docente–Curso,83.3,BAJO,Parcial
28/45,ATP-360-28,Metalurgia Extractiva,Ingeniero metalurgista,48,Coherencia Mi Progreso–Curso,100.0,CONFORME,Verificado
28/45,ATP-360-28,Metalurgia Extractiva,Ingeniero metalurgista,49,Regresión,75.0,BAJO,Parcial
28/45,ATP-360-28,Metalurgia Extractiva,Ingeniero metalurgista,50,Auditoría adversarial final,16.7,ALTO,No verificado
29/45,ATP-360-29,Atención de Párvulos,Educadora de párvulos,1,Curricular MINEDUC,57.1,MEDIO,Parcial
29/45,ATP-360-29,Atención de Párvulos,Educadora de párvulos,2,Contenido técnico,40.9,ALTO,No verificado
29/45,ATP-360-29,Atención de Párvulos,Educadora de párvulos,3,Pedagógica,90.0,BAJO,Parcial
29/45,ATP-360-29,Atención de Párvulos,Educadora de párvulos,4,Didáctica,80.0,BAJO,Parcial
29/45,ATP-360-29,Atención de Párvulos,Educadora de párvulos,5,Instrucciones,100.0,CONFORME,Verificado
29/45,ATP-360-29,Atención de Párvulos,Educadora de párvulos,6,Actividades,90.0,BAJO,Parcial
29/45,ATP-360-29,Atención de Párvulos,Educadora de párvulos,7,Evaluación,72.2,MEDIO,Parcial
29/45,ATP-360-29,Atención de Párvulos,Educadora de párvulos,8,Situación Integradora,80.0,BAJO,Parcial
29/45,ATP-360-29,Atención de Párvulos,Educadora de párvulos,9,Simuladores,33.3,ALTO,No verificado
29/45,ATP-360-29,Atención de Párvulos,Educadora de párvulos,10,Multimedia,28.6,ALTO,No verificado
29/45,ATP-360-29,Atención de Párvulos,Educadora de párvulos,11,Accesibilidad WCAG 2.2 AA,58.3,MEDIO,Parcial
29/45,ATP-360-29,Atención de Párvulos,Educadora de párvulos,12,UX/UI pedagógica,80.0,BAJO,Parcial
29/45,ATP-360-29,Atención de Párvulos,Educadora de párvulos,13,Carga cognitiva,62.5,MEDIO,Parcial
29/45,ATP-360-29,Atención de Párvulos,Educadora de párvulos,14,Contextualización laboral,72.5,MEDIO,Parcial
29/45,ATP-360-29,Atención de Párvulos,Educadora de párvulos,15,Seguridad,33.3,ALTO,No verificado
29/45,ATP-360-29,Atención de Párvulos,Educadora de párvulos,16,Progresión entre estaciones,100.0,CONFORME,Verificado
29/45,ATP-360-29,Atención de Párvulos,Educadora de párvulos,17,Estación 5,100.0,CONFORME,Verificado
29/45,ATP-360-29,Atención de Párvulos,Educadora de párvulos,18,Tiempo pedagógico,100.0,CONFORME,Verificado
29/45,ATP-360-29,Atención de Párvulos,Educadora de párvulos,19,QA funcional,62.5,MEDIO,Parcial
29/45,ATP-360-29,Atención de Párvulos,Educadora de párvulos,20,Coherencia global y recorrido estudiante,83.3,BAJO,Parcial
29/45,ATP-360-29,Atención de Párvulos,Educadora de párvulos,21,Prerrequisitos,75.0,BAJO,Parcial
29/45,ATP-360-29,Atención de Párvulos,Educadora de párvulos,22,Conceptos erróneos,16.7,ALTO,No verificado
29/45,ATP-360-29,Atención de Párvulos,Educadora de párvulos,23,Profundidad cognitiva,100.0,CONFORME,Verificado
29/45,ATP-360-29,Atención de Párvulos,Educadora de párvulos,24,Transferencia,75.0,BAJO,Parcial
29/45,ATP-360-29,Atención de Párvulos,Educadora de párvulos,25,Autonomía progresiva,75.0,BAJO,Parcial
29/45,ATP-360-29,Atención de Párvulos,Educadora de párvulos,26,Calidad del feedback,62.5,MEDIO,Parcial
29/45,ATP-360-29,Atención de Párvulos,Educadora de párvulos,27,Autenticidad laboral,33.3,ALTO,No verificado
29/45,ATP-360-29,Atención de Párvulos,Educadora de párvulos,28,Toma de decisiones,83.3,BAJO,Parcial
29/45,ATP-360-29,Atención de Párvulos,Educadora de párvulos,29,Diagnóstico de fallas,2.5,ALTO,No verificado
29/45,ATP-360-29,Atención de Párvulos,Educadora de párvulos,30,Aprendizaje desde el error,66.7,MEDIO,Parcial
29/45,ATP-360-29,Atención de Párvulos,Educadora de párvulos,31,Seguridad integrada,33.3,ALTO,No verificado
29/45,ATP-360-29,Atención de Párvulos,Educadora de párvulos,32,Evidencia de desempeño,83.3,BAJO,Parcial
29/45,ATP-360-29,Atención de Párvulos,Educadora de párvulos,33,Progresión 3°→4° medio,50.0,MEDIO,Parcial
29/45,ATP-360-29,Atención de Párvulos,Educadora de párvulos,34,Redundancia curricular,66.7,MEDIO,Parcial
29/45,ATP-360-29,Atención de Párvulos,Educadora de párvulos,35,Vacíos curriculares,83.3,BAJO,Parcial
29/45,ATP-360-29,Atención de Párvulos,Educadora de párvulos,36,Calidad de distractores,50.0,MEDIO,Parcial
29/45,ATP-360-29,Atención de Párvulos,Educadora de párvulos,37,Sesgo de evaluación,16.7,ALTO,No verificado
29/45,ATP-360-29,Atención de Párvulos,Educadora de párvulos,38,Consistencia terminológica,25.0,ALTO,No verificado
29/45,ATP-360-29,Atención de Párvulos,Educadora de párvulos,39,Alfabetización digital TP,50.0,MEDIO,Parcial
29/45,ATP-360-29,Atención de Párvulos,Educadora de párvulos,40,Datos y documentación laboral,83.3,BAJO,Parcial
29/45,ATP-360-29,Atención de Párvulos,Educadora de párvulos,41,Interdisciplinariedad,25.0,ALTO,No verificado
29/45,ATP-360-29,Atención de Párvulos,Educadora de párvulos,42,Accesibilidad cognitiva,62.5,MEDIO,Parcial
29/45,ATP-360-29,Atención de Párvulos,Educadora de párvulos,43,Responsive,33.3,ALTO,No verificado
29/45,ATP-360-29,Atención de Párvulos,Educadora de párvulos,44,Recuperación de errores UX,100.0,CONFORME,Verificado
29/45,ATP-360-29,Atención de Párvulos,Educadora de párvulos,45,Analítica educativa,83.3,BAJO,Parcial
29/45,ATP-360-29,Atención de Párvulos,Educadora de párvulos,46,Calidad de evidencias,83.3,BAJO,Parcial
29/45,ATP-360-29,Atención de Párvulos,Educadora de párvulos,47,Coherencia Portal Docente–Curso,83.3,BAJO,Parcial
29/45,ATP-360-29,Atención de Párvulos,Educadora de párvulos,48,Coherencia Mi Progreso–Curso,100.0,CONFORME,Verificado
29/45,ATP-360-29,Atención de Párvulos,Educadora de párvulos,49,Regresión,75.0,BAJO,Parcial
29/45,ATP-360-29,Atención de Párvulos,Educadora de párvulos,50,Auditoría adversarial final,16.7,ALTO,No verificado
30/45,ATP-360-30,Conectividad y Redes,Ingeniero de redes,1,Curricular MINEDUC,57.1,MEDIO,Parcial
30/45,ATP-360-30,Conectividad y Redes,Ingeniero de redes,2,Contenido técnico,40.8,ALTO,No verificado
30/45,ATP-360-30,Conectividad y Redes,Ingeniero de redes,3,Pedagógica,90.0,BAJO,Parcial
30/45,ATP-360-30,Conectividad y Redes,Ingeniero de redes,4,Didáctica,80.0,BAJO,Parcial
30/45,ATP-360-30,Conectividad y Redes,Ingeniero de redes,5,Instrucciones,100.0,CONFORME,Verificado
30/45,ATP-360-30,Conectividad y Redes,Ingeniero de redes,6,Actividades,90.0,BAJO,Parcial
30/45,ATP-360-30,Conectividad y Redes,Ingeniero de redes,7,Evaluación,72.2,MEDIO,Parcial
30/45,ATP-360-30,Conectividad y Redes,Ingeniero de redes,8,Situación Integradora,80.0,BAJO,Parcial
30/45,ATP-360-30,Conectividad y Redes,Ingeniero de redes,9,Simuladores,33.3,ALTO,No verificado
30/45,ATP-360-30,Conectividad y Redes,Ingeniero de redes,10,Multimedia,28.6,ALTO,No verificado
30/45,ATP-360-30,Conectividad y Redes,Ingeniero de redes,11,Accesibilidad WCAG 2.2 AA,58.3,MEDIO,Parcial
30/45,ATP-360-30,Conectividad y Redes,Ingeniero de redes,12,UX/UI pedagógica,80.0,BAJO,Parcial
30/45,ATP-360-30,Conectividad y Redes,Ingeniero de redes,13,Carga cognitiva,62.5,MEDIO,Parcial
30/45,ATP-360-30,Conectividad y Redes,Ingeniero de redes,14,Contextualización laboral,69.4,MEDIO,Parcial
30/45,ATP-360-30,Conectividad y Redes,Ingeniero de redes,15,Seguridad,33.3,ALTO,No verificado
30/45,ATP-360-30,Conectividad y Redes,Ingeniero de redes,16,Progresión entre estaciones,100.0,CONFORME,Verificado
30/45,ATP-360-30,Conectividad y Redes,Ingeniero de redes,17,Estación 5,100.0,CONFORME,Verificado
30/45,ATP-360-30,Conectividad y Redes,Ingeniero de redes,18,Tiempo pedagógico,100.0,CONFORME,Verificado
30/45,ATP-360-30,Conectividad y Redes,Ingeniero de redes,19,QA funcional,62.5,MEDIO,Parcial
30/45,ATP-360-30,Conectividad y Redes,Ingeniero de redes,20,Coherencia global y recorrido estudiante,83.3,BAJO,Parcial
30/45,ATP-360-30,Conectividad y Redes,Ingeniero de redes,21,Prerrequisitos,75.0,BAJO,Parcial
30/45,ATP-360-30,Conectividad y Redes,Ingeniero de redes,22,Conceptos erróneos,16.7,ALTO,No verificado
30/45,ATP-360-30,Conectividad y Redes,Ingeniero de redes,23,Profundidad cognitiva,100.0,CONFORME,Verificado
30/45,ATP-360-30,Conectividad y Redes,Ingeniero de redes,24,Transferencia,75.0,BAJO,Parcial
30/45,ATP-360-30,Conectividad y Redes,Ingeniero de redes,25,Autonomía progresiva,75.0,BAJO,Parcial
30/45,ATP-360-30,Conectividad y Redes,Ingeniero de redes,26,Calidad del feedback,62.5,MEDIO,Parcial
30/45,ATP-360-30,Conectividad y Redes,Ingeniero de redes,27,Autenticidad laboral,33.3,ALTO,No verificado
30/45,ATP-360-30,Conectividad y Redes,Ingeniero de redes,28,Toma de decisiones,83.3,BAJO,Parcial
30/45,ATP-360-30,Conectividad y Redes,Ingeniero de redes,29,Diagnóstico de fallas,16.7,ALTO,No verificado
30/45,ATP-360-30,Conectividad y Redes,Ingeniero de redes,30,Aprendizaje desde el error,66.7,MEDIO,Parcial
30/45,ATP-360-30,Conectividad y Redes,Ingeniero de redes,31,Seguridad integrada,33.3,ALTO,No verificado
30/45,ATP-360-30,Conectividad y Redes,Ingeniero de redes,32,Evidencia de desempeño,83.3,BAJO,Parcial
30/45,ATP-360-30,Conectividad y Redes,Ingeniero de redes,33,Progresión 3°→4° medio,50.0,MEDIO,Parcial
30/45,ATP-360-30,Conectividad y Redes,Ingeniero de redes,34,Redundancia curricular,66.7,MEDIO,Parcial
30/45,ATP-360-30,Conectividad y Redes,Ingeniero de redes,35,Vacíos curriculares,83.3,BAJO,Parcial
30/45,ATP-360-30,Conectividad y Redes,Ingeniero de redes,36,Calidad de distractores,50.0,MEDIO,Parcial
30/45,ATP-360-30,Conectividad y Redes,Ingeniero de redes,37,Sesgo de evaluación,16.7,ALTO,No verificado
30/45,ATP-360-30,Conectividad y Redes,Ingeniero de redes,38,Consistencia terminológica,25.0,ALTO,No verificado
30/45,ATP-360-30,Conectividad y Redes,Ingeniero de redes,39,Alfabetización digital TP,50.0,MEDIO,Parcial
30/45,ATP-360-30,Conectividad y Redes,Ingeniero de redes,40,Datos y documentación laboral,83.3,BAJO,Parcial
30/45,ATP-360-30,Conectividad y Redes,Ingeniero de redes,41,Interdisciplinariedad,25.0,ALTO,No verificado
30/45,ATP-360-30,Conectividad y Redes,Ingeniero de redes,42,Accesibilidad cognitiva,62.5,MEDIO,Parcial
30/45,ATP-360-30,Conectividad y Redes,Ingeniero de redes,43,Responsive,33.3,ALTO,No verificado
30/45,ATP-360-30,Conectividad y Redes,Ingeniero de redes,44,Recuperación de errores UX,100.0,CONFORME,Verificado
30/45,ATP-360-30,Conectividad y Redes,Ingeniero de redes,45,Analítica educativa,83.3,BAJO,Parcial
30/45,ATP-360-30,Conectividad y Redes,Ingeniero de redes,46,Calidad de evidencias,83.3,BAJO,Parcial
30/45,ATP-360-30,Conectividad y Redes,Ingeniero de redes,47,Coherencia Portal Docente–Curso,83.3,BAJO,Parcial
30/45,ATP-360-30,Conectividad y Redes,Ingeniero de redes,48,Coherencia Mi Progreso–Curso,100.0,CONFORME,Verificado
30/45,ATP-360-30,Conectividad y Redes,Ingeniero de redes,49,Regresión,75.0,BAJO,Parcial
30/45,ATP-360-30,Conectividad y Redes,Ingeniero de redes,50,Auditoría adversarial final,16.7,ALTO,No verificado
31/45,ATP-360-31,Programación,Ingeniero de software,1,Curricular MINEDUC,57.1,MEDIO,Parcial
31/45,ATP-360-31,Programación,Ingeniero de software,2,Contenido técnico,40.8,ALTO,No verificado
31/45,ATP-360-31,Programación,Ingeniero de software,3,Pedagógica,90.0,BAJO,Parcial
31/45,ATP-360-31,Programación,Ingeniero de software,4,Didáctica,80.0,BAJO,Parcial
31/45,ATP-360-31,Programación,Ingeniero de software,5,Instrucciones,100.0,CONFORME,Verificado
31/45,ATP-360-31,Programación,Ingeniero de software,6,Actividades,90.0,BAJO,Parcial
31/45,ATP-360-31,Programación,Ingeniero de software,7,Evaluación,72.2,MEDIO,Parcial
31/45,ATP-360-31,Programación,Ingeniero de software,8,Situación Integradora,80.0,BAJO,Parcial
31/45,ATP-360-31,Programación,Ingeniero de software,9,Simuladores,33.3,ALTO,No verificado
31/45,ATP-360-31,Programación,Ingeniero de software,10,Multimedia,28.6,ALTO,No verificado
31/45,ATP-360-31,Programación,Ingeniero de software,11,Accesibilidad WCAG 2.2 AA,58.3,MEDIO,Parcial
31/45,ATP-360-31,Programación,Ingeniero de software,12,UX/UI pedagógica,80.0,BAJO,Parcial
31/45,ATP-360-31,Programación,Ingeniero de software,13,Carga cognitiva,62.5,MEDIO,Parcial
31/45,ATP-360-31,Programación,Ingeniero de software,14,Contextualización laboral,70.8,MEDIO,Parcial
31/45,ATP-360-31,Programación,Ingeniero de software,15,Seguridad,33.3,ALTO,No verificado
31/45,ATP-360-31,Programación,Ingeniero de software,16,Progresión entre estaciones,100.0,CONFORME,Verificado
31/45,ATP-360-31,Programación,Ingeniero de software,17,Estación 5,100.0,CONFORME,Verificado
31/45,ATP-360-31,Programación,Ingeniero de software,18,Tiempo pedagógico,100.0,CONFORME,Verificado
31/45,ATP-360-31,Programación,Ingeniero de software,19,QA funcional,62.5,MEDIO,Parcial
31/45,ATP-360-31,Programación,Ingeniero de software,20,Coherencia global y recorrido estudiante,83.3,BAJO,Parcial
31/45,ATP-360-31,Programación,Ingeniero de software,21,Prerrequisitos,75.0,BAJO,Parcial
31/45,ATP-360-31,Programación,Ingeniero de software,22,Conceptos erróneos,16.7,ALTO,No verificado
31/45,ATP-360-31,Programación,Ingeniero de software,23,Profundidad cognitiva,100.0,CONFORME,Verificado
31/45,ATP-360-31,Programación,Ingeniero de software,24,Transferencia,75.0,BAJO,Parcial
31/45,ATP-360-31,Programación,Ingeniero de software,25,Autonomía progresiva,75.0,BAJO,Parcial
31/45,ATP-360-31,Programación,Ingeniero de software,26,Calidad del feedback,62.5,MEDIO,Parcial
31/45,ATP-360-31,Programación,Ingeniero de software,27,Autenticidad laboral,33.3,ALTO,No verificado
31/45,ATP-360-31,Programación,Ingeniero de software,28,Toma de decisiones,83.3,BAJO,Parcial
31/45,ATP-360-31,Programación,Ingeniero de software,29,Diagnóstico de fallas,5.6,ALTO,No verificado
31/45,ATP-360-31,Programación,Ingeniero de software,30,Aprendizaje desde el error,66.7,MEDIO,Parcial
31/45,ATP-360-31,Programación,Ingeniero de software,31,Seguridad integrada,33.3,ALTO,No verificado
31/45,ATP-360-31,Programación,Ingeniero de software,32,Evidencia de desempeño,83.3,BAJO,Parcial
31/45,ATP-360-31,Programación,Ingeniero de software,33,Progresión 3°→4° medio,50.0,MEDIO,Parcial
31/45,ATP-360-31,Programación,Ingeniero de software,34,Redundancia curricular,66.7,MEDIO,Parcial
31/45,ATP-360-31,Programación,Ingeniero de software,35,Vacíos curriculares,83.3,BAJO,Parcial
31/45,ATP-360-31,Programación,Ingeniero de software,36,Calidad de distractores,50.0,MEDIO,Parcial
31/45,ATP-360-31,Programación,Ingeniero de software,37,Sesgo de evaluación,16.7,ALTO,No verificado
31/45,ATP-360-31,Programación,Ingeniero de software,38,Consistencia terminológica,25.0,ALTO,No verificado
31/45,ATP-360-31,Programación,Ingeniero de software,39,Alfabetización digital TP,50.0,MEDIO,Parcial
31/45,ATP-360-31,Programación,Ingeniero de software,40,Datos y documentación laboral,83.3,BAJO,Parcial
31/45,ATP-360-31,Programación,Ingeniero de software,41,Interdisciplinariedad,25.0,ALTO,No verificado
31/45,ATP-360-31,Programación,Ingeniero de software,42,Accesibilidad cognitiva,62.5,MEDIO,Parcial
31/45,ATP-360-31,Programación,Ingeniero de software,43,Responsive,33.3,ALTO,No verificado
31/45,ATP-360-31,Programación,Ingeniero de software,44,Recuperación de errores UX,100.0,CONFORME,Verificado
31/45,ATP-360-31,Programación,Ingeniero de software,45,Analítica educativa,83.3,BAJO,Parcial
31/45,ATP-360-31,Programación,Ingeniero de software,46,Calidad de evidencias,83.3,BAJO,Parcial
31/45,ATP-360-31,Programación,Ingeniero de software,47,Coherencia Portal Docente–Curso,83.3,BAJO,Parcial
31/45,ATP-360-31,Programación,Ingeniero de software,48,Coherencia Mi Progreso–Curso,100.0,CONFORME,Verificado
31/45,ATP-360-31,Programación,Ingeniero de software,49,Regresión,75.0,BAJO,Parcial
31/45,ATP-360-31,Programación,Ingeniero de software,50,Auditoría adversarial final,16.7,ALTO,No verificado
32/45,ATP-360-32,Telecomunicaciones,Ingeniero en telecomunicaciones,1,Curricular MINEDUC,57.1,MEDIO,Parcial
32/45,ATP-360-32,Telecomunicaciones,Ingeniero en telecomunicaciones,2,Contenido técnico,40.9,ALTO,No verificado
32/45,ATP-360-32,Telecomunicaciones,Ingeniero en telecomunicaciones,3,Pedagógica,90.0,BAJO,Parcial
32/45,ATP-360-32,Telecomunicaciones,Ingeniero en telecomunicaciones,4,Didáctica,80.0,BAJO,Parcial
32/45,ATP-360-32,Telecomunicaciones,Ingeniero en telecomunicaciones,5,Instrucciones,100.0,CONFORME,Verificado
32/45,ATP-360-32,Telecomunicaciones,Ingeniero en telecomunicaciones,6,Actividades,90.0,BAJO,Parcial
32/45,ATP-360-32,Telecomunicaciones,Ingeniero en telecomunicaciones,7,Evaluación,72.2,MEDIO,Parcial
32/45,ATP-360-32,Telecomunicaciones,Ingeniero en telecomunicaciones,8,Situación Integradora,80.0,BAJO,Parcial
32/45,ATP-360-32,Telecomunicaciones,Ingeniero en telecomunicaciones,9,Simuladores,33.3,ALTO,No verificado
32/45,ATP-360-32,Telecomunicaciones,Ingeniero en telecomunicaciones,10,Multimedia,28.6,ALTO,No verificado
32/45,ATP-360-32,Telecomunicaciones,Ingeniero en telecomunicaciones,11,Accesibilidad WCAG 2.2 AA,58.3,MEDIO,Parcial
32/45,ATP-360-32,Telecomunicaciones,Ingeniero en telecomunicaciones,12,UX/UI pedagógica,80.0,BAJO,Parcial
32/45,ATP-360-32,Telecomunicaciones,Ingeniero en telecomunicaciones,13,Carga cognitiva,62.5,MEDIO,Parcial
32/45,ATP-360-32,Telecomunicaciones,Ingeniero en telecomunicaciones,14,Contextualización laboral,68.8,MEDIO,Parcial
32/45,ATP-360-32,Telecomunicaciones,Ingeniero en telecomunicaciones,15,Seguridad,33.3,ALTO,No verificado
32/45,ATP-360-32,Telecomunicaciones,Ingeniero en telecomunicaciones,16,Progresión entre estaciones,100.0,CONFORME,Verificado
32/45,ATP-360-32,Telecomunicaciones,Ingeniero en telecomunicaciones,17,Estación 5,100.0,CONFORME,Verificado
32/45,ATP-360-32,Telecomunicaciones,Ingeniero en telecomunicaciones,18,Tiempo pedagógico,100.0,CONFORME,Verificado
32/45,ATP-360-32,Telecomunicaciones,Ingeniero en telecomunicaciones,19,QA funcional,62.5,MEDIO,Parcial
32/45,ATP-360-32,Telecomunicaciones,Ingeniero en telecomunicaciones,20,Coherencia global y recorrido estudiante,83.3,BAJO,Parcial
32/45,ATP-360-32,Telecomunicaciones,Ingeniero en telecomunicaciones,21,Prerrequisitos,75.0,BAJO,Parcial
32/45,ATP-360-32,Telecomunicaciones,Ingeniero en telecomunicaciones,22,Conceptos erróneos,16.7,ALTO,No verificado
32/45,ATP-360-32,Telecomunicaciones,Ingeniero en telecomunicaciones,23,Profundidad cognitiva,100.0,CONFORME,Verificado
32/45,ATP-360-32,Telecomunicaciones,Ingeniero en telecomunicaciones,24,Transferencia,75.0,BAJO,Parcial
32/45,ATP-360-32,Telecomunicaciones,Ingeniero en telecomunicaciones,25,Autonomía progresiva,75.0,BAJO,Parcial
32/45,ATP-360-32,Telecomunicaciones,Ingeniero en telecomunicaciones,26,Calidad del feedback,62.5,MEDIO,Parcial
32/45,ATP-360-32,Telecomunicaciones,Ingeniero en telecomunicaciones,27,Autenticidad laboral,33.3,ALTO,No verificado
32/45,ATP-360-32,Telecomunicaciones,Ingeniero en telecomunicaciones,28,Toma de decisiones,83.3,BAJO,Parcial
32/45,ATP-360-32,Telecomunicaciones,Ingeniero en telecomunicaciones,29,Diagnóstico de fallas,7.5,ALTO,No verificado
32/45,ATP-360-32,Telecomunicaciones,Ingeniero en telecomunicaciones,30,Aprendizaje desde el error,66.7,MEDIO,Parcial
32/45,ATP-360-32,Telecomunicaciones,Ingeniero en telecomunicaciones,31,Seguridad integrada,33.3,ALTO,No verificado
32/45,ATP-360-32,Telecomunicaciones,Ingeniero en telecomunicaciones,32,Evidencia de desempeño,83.3,BAJO,Parcial
32/45,ATP-360-32,Telecomunicaciones,Ingeniero en telecomunicaciones,33,Progresión 3°→4° medio,50.0,MEDIO,Parcial
32/45,ATP-360-32,Telecomunicaciones,Ingeniero en telecomunicaciones,34,Redundancia curricular,66.7,MEDIO,Parcial
32/45,ATP-360-32,Telecomunicaciones,Ingeniero en telecomunicaciones,35,Vacíos curriculares,83.3,BAJO,Parcial
32/45,ATP-360-32,Telecomunicaciones,Ingeniero en telecomunicaciones,36,Calidad de distractores,50.0,MEDIO,Parcial
32/45,ATP-360-32,Telecomunicaciones,Ingeniero en telecomunicaciones,37,Sesgo de evaluación,16.7,ALTO,No verificado
32/45,ATP-360-32,Telecomunicaciones,Ingeniero en telecomunicaciones,38,Consistencia terminológica,25.0,ALTO,No verificado
32/45,ATP-360-32,Telecomunicaciones,Ingeniero en telecomunicaciones,39,Alfabetización digital TP,50.0,MEDIO,Parcial
32/45,ATP-360-32,Telecomunicaciones,Ingeniero en telecomunicaciones,40,Datos y documentación laboral,83.3,BAJO,Parcial
32/45,ATP-360-32,Telecomunicaciones,Ingeniero en telecomunicaciones,41,Interdisciplinariedad,25.0,ALTO,No verificado
32/45,ATP-360-32,Telecomunicaciones,Ingeniero en telecomunicaciones,42,Accesibilidad cognitiva,62.5,MEDIO,Parcial
32/45,ATP-360-32,Telecomunicaciones,Ingeniero en telecomunicaciones,43,Responsive,33.3,ALTO,No verificado
32/45,ATP-360-32,Telecomunicaciones,Ingeniero en telecomunicaciones,44,Recuperación de errores UX,100.0,CONFORME,Verificado
32/45,ATP-360-32,Telecomunicaciones,Ingeniero en telecomunicaciones,45,Analítica educativa,83.3,BAJO,Parcial
32/45,ATP-360-32,Telecomunicaciones,Ingeniero en telecomunicaciones,46,Calidad de evidencias,83.3,BAJO,Parcial
32/45,ATP-360-32,Telecomunicaciones,Ingeniero en telecomunicaciones,47,Coherencia Portal Docente–Curso,83.3,BAJO,Parcial
32/45,ATP-360-32,Telecomunicaciones,Ingeniero en telecomunicaciones,48,Coherencia Mi Progreso–Curso,100.0,CONFORME,Verificado
32/45,ATP-360-32,Telecomunicaciones,Ingeniero en telecomunicaciones,49,Regresión,75.0,BAJO,Parcial
32/45,ATP-360-32,Telecomunicaciones,Ingeniero en telecomunicaciones,50,Auditoría adversarial final,16.7,ALTO,No verificado
33/45,ATP-360-33,"Administración, mención Logística",Especialista en logística,1,Curricular MINEDUC,57.1,MEDIO,Parcial
33/45,ATP-360-33,"Administración, mención Logística",Especialista en logística,2,Contenido técnico,40.9,ALTO,No verificado
33/45,ATP-360-33,"Administración, mención Logística",Especialista en logística,3,Pedagógica,90.0,BAJO,Parcial
33/45,ATP-360-33,"Administración, mención Logística",Especialista en logística,4,Didáctica,80.0,BAJO,Parcial
33/45,ATP-360-33,"Administración, mención Logística",Especialista en logística,5,Instrucciones,100.0,CONFORME,Verificado
33/45,ATP-360-33,"Administración, mención Logística",Especialista en logística,6,Actividades,90.0,BAJO,Parcial
33/45,ATP-360-33,"Administración, mención Logística",Especialista en logística,7,Evaluación,72.2,MEDIO,Parcial
33/45,ATP-360-33,"Administración, mención Logística",Especialista en logística,8,Situación Integradora,80.0,BAJO,Parcial
33/45,ATP-360-33,"Administración, mención Logística",Especialista en logística,9,Simuladores,33.3,ALTO,No verificado
33/45,ATP-360-33,"Administración, mención Logística",Especialista en logística,10,Multimedia,28.6,ALTO,No verificado
33/45,ATP-360-33,"Administración, mención Logística",Especialista en logística,11,Accesibilidad WCAG 2.2 AA,58.3,MEDIO,Parcial
33/45,ATP-360-33,"Administración, mención Logística",Especialista en logística,12,UX/UI pedagógica,80.0,BAJO,Parcial
33/45,ATP-360-33,"Administración, mención Logística",Especialista en logística,13,Carga cognitiva,62.5,MEDIO,Parcial
33/45,ATP-360-33,"Administración, mención Logística",Especialista en logística,14,Contextualización laboral,67.0,MEDIO,Parcial
33/45,ATP-360-33,"Administración, mención Logística",Especialista en logística,15,Seguridad,33.3,ALTO,No verificado
33/45,ATP-360-33,"Administración, mención Logística",Especialista en logística,16,Progresión entre estaciones,100.0,CONFORME,Verificado
33/45,ATP-360-33,"Administración, mención Logística",Especialista en logística,17,Estación 5,100.0,CONFORME,Verificado
33/45,ATP-360-33,"Administración, mención Logística",Especialista en logística,18,Tiempo pedagógico,100.0,CONFORME,Verificado
33/45,ATP-360-33,"Administración, mención Logística",Especialista en logística,19,QA funcional,62.5,MEDIO,Parcial
33/45,ATP-360-33,"Administración, mención Logística",Especialista en logística,20,Coherencia global y recorrido estudiante,83.3,BAJO,Parcial
33/45,ATP-360-33,"Administración, mención Logística",Especialista en logística,21,Prerrequisitos,75.0,BAJO,Parcial
33/45,ATP-360-33,"Administración, mención Logística",Especialista en logística,22,Conceptos erróneos,16.7,ALTO,No verificado
33/45,ATP-360-33,"Administración, mención Logística",Especialista en logística,23,Profundidad cognitiva,100.0,CONFORME,Verificado
33/45,ATP-360-33,"Administración, mención Logística",Especialista en logística,24,Transferencia,75.0,BAJO,Parcial
33/45,ATP-360-33,"Administración, mención Logística",Especialista en logística,25,Autonomía progresiva,75.0,BAJO,Parcial
33/45,ATP-360-33,"Administración, mención Logística",Especialista en logística,26,Calidad del feedback,62.5,MEDIO,Parcial
33/45,ATP-360-33,"Administración, mención Logística",Especialista en logística,27,Autenticidad laboral,33.3,ALTO,No verificado
33/45,ATP-360-33,"Administración, mención Logística",Especialista en logística,28,Toma de decisiones,83.3,BAJO,Parcial
33/45,ATP-360-33,"Administración, mención Logística",Especialista en logística,29,Diagnóstico de fallas,2.3,ALTO,No verificado
33/45,ATP-360-33,"Administración, mención Logística",Especialista en logística,30,Aprendizaje desde el error,66.7,MEDIO,Parcial
33/45,ATP-360-33,"Administración, mención Logística",Especialista en logística,31,Seguridad integrada,33.3,ALTO,No verificado
33/45,ATP-360-33,"Administración, mención Logística",Especialista en logística,32,Evidencia de desempeño,83.3,BAJO,Parcial
33/45,ATP-360-33,"Administración, mención Logística",Especialista en logística,33,Progresión 3°→4° medio,50.0,MEDIO,Parcial
33/45,ATP-360-33,"Administración, mención Logística",Especialista en logística,34,Redundancia curricular,66.7,MEDIO,Parcial
33/45,ATP-360-33,"Administración, mención Logística",Especialista en logística,35,Vacíos curriculares,83.3,BAJO,Parcial
33/45,ATP-360-33,"Administración, mención Logística",Especialista en logística,36,Calidad de distractores,50.0,MEDIO,Parcial
33/45,ATP-360-33,"Administración, mención Logística",Especialista en logística,37,Sesgo de evaluación,16.7,ALTO,No verificado
33/45,ATP-360-33,"Administración, mención Logística",Especialista en logística,38,Consistencia terminológica,25.0,ALTO,No verificado
33/45,ATP-360-33,"Administración, mención Logística",Especialista en logística,39,Alfabetización digital TP,50.0,MEDIO,Parcial
33/45,ATP-360-33,"Administración, mención Logística",Especialista en logística,40,Datos y documentación laboral,83.3,BAJO,Parcial
33/45,ATP-360-33,"Administración, mención Logística",Especialista en logística,41,Interdisciplinariedad,25.0,ALTO,No verificado
33/45,ATP-360-33,"Administración, mención Logística",Especialista en logística,42,Accesibilidad cognitiva,62.5,MEDIO,Parcial
33/45,ATP-360-33,"Administración, mención Logística",Especialista en logística,43,Responsive,33.3,ALTO,No verificado
33/45,ATP-360-33,"Administración, mención Logística",Especialista en logística,44,Recuperación de errores UX,100.0,CONFORME,Verificado
33/45,ATP-360-33,"Administración, mención Logística",Especialista en logística,45,Analítica educativa,83.3,BAJO,Parcial
33/45,ATP-360-33,"Administración, mención Logística",Especialista en logística,46,Calidad de evidencias,83.3,BAJO,Parcial
33/45,ATP-360-33,"Administración, mención Logística",Especialista en logística,47,Coherencia Portal Docente–Curso,83.3,BAJO,Parcial
33/45,ATP-360-33,"Administración, mención Logística",Especialista en logística,48,Coherencia Mi Progreso–Curso,100.0,CONFORME,Verificado
33/45,ATP-360-33,"Administración, mención Logística",Especialista en logística,49,Regresión,75.0,BAJO,Parcial
33/45,ATP-360-33,"Administración, mención Logística",Especialista en logística,50,Auditoría adversarial final,16.7,ALTO,No verificado
34/45,ATP-360-34,"Administración, mención Recursos Humanos",Especialista en recursos humanos,1,Curricular MINEDUC,57.1,MEDIO,Parcial
34/45,ATP-360-34,"Administración, mención Recursos Humanos",Especialista en recursos humanos,2,Contenido técnico,40.9,ALTO,No verificado
34/45,ATP-360-34,"Administración, mención Recursos Humanos",Especialista en recursos humanos,3,Pedagógica,90.0,BAJO,Parcial
34/45,ATP-360-34,"Administración, mención Recursos Humanos",Especialista en recursos humanos,4,Didáctica,80.0,BAJO,Parcial
34/45,ATP-360-34,"Administración, mención Recursos Humanos",Especialista en recursos humanos,5,Instrucciones,100.0,CONFORME,Verificado
34/45,ATP-360-34,"Administración, mención Recursos Humanos",Especialista en recursos humanos,6,Actividades,90.0,BAJO,Parcial
34/45,ATP-360-34,"Administración, mención Recursos Humanos",Especialista en recursos humanos,7,Evaluación,72.2,MEDIO,Parcial
34/45,ATP-360-34,"Administración, mención Recursos Humanos",Especialista en recursos humanos,8,Situación Integradora,80.0,BAJO,Parcial
34/45,ATP-360-34,"Administración, mención Recursos Humanos",Especialista en recursos humanos,9,Simuladores,33.3,ALTO,No verificado
34/45,ATP-360-34,"Administración, mención Recursos Humanos",Especialista en recursos humanos,10,Multimedia,28.6,ALTO,No verificado
34/45,ATP-360-34,"Administración, mención Recursos Humanos",Especialista en recursos humanos,11,Accesibilidad WCAG 2.2 AA,58.3,MEDIO,Parcial
34/45,ATP-360-34,"Administración, mención Recursos Humanos",Especialista en recursos humanos,12,UX/UI pedagógica,80.0,BAJO,Parcial
34/45,ATP-360-34,"Administración, mención Recursos Humanos",Especialista en recursos humanos,13,Carga cognitiva,62.5,MEDIO,Parcial
34/45,ATP-360-34,"Administración, mención Recursos Humanos",Especialista en recursos humanos,14,Contextualización laboral,68.2,MEDIO,Parcial
34/45,ATP-360-34,"Administración, mención Recursos Humanos",Especialista en recursos humanos,15,Seguridad,33.3,ALTO,No verificado
34/45,ATP-360-34,"Administración, mención Recursos Humanos",Especialista en recursos humanos,16,Progresión entre estaciones,100.0,CONFORME,Verificado
34/45,ATP-360-34,"Administración, mención Recursos Humanos",Especialista en recursos humanos,17,Estación 5,100.0,CONFORME,Verificado
34/45,ATP-360-34,"Administración, mención Recursos Humanos",Especialista en recursos humanos,18,Tiempo pedagógico,100.0,CONFORME,Verificado
34/45,ATP-360-34,"Administración, mención Recursos Humanos",Especialista en recursos humanos,19,QA funcional,62.5,MEDIO,Parcial
34/45,ATP-360-34,"Administración, mención Recursos Humanos",Especialista en recursos humanos,20,Coherencia global y recorrido estudiante,83.3,BAJO,Parcial
34/45,ATP-360-34,"Administración, mención Recursos Humanos",Especialista en recursos humanos,21,Prerrequisitos,75.0,BAJO,Parcial
34/45,ATP-360-34,"Administración, mención Recursos Humanos",Especialista en recursos humanos,22,Conceptos erróneos,16.7,ALTO,No verificado
34/45,ATP-360-34,"Administración, mención Recursos Humanos",Especialista en recursos humanos,23,Profundidad cognitiva,100.0,CONFORME,Verificado
34/45,ATP-360-34,"Administración, mención Recursos Humanos",Especialista en recursos humanos,24,Transferencia,75.0,BAJO,Parcial
34/45,ATP-360-34,"Administración, mención Recursos Humanos",Especialista en recursos humanos,25,Autonomía progresiva,75.0,BAJO,Parcial
34/45,ATP-360-34,"Administración, mención Recursos Humanos",Especialista en recursos humanos,26,Calidad del feedback,62.5,MEDIO,Parcial
34/45,ATP-360-34,"Administración, mención Recursos Humanos",Especialista en recursos humanos,27,Autenticidad laboral,33.3,ALTO,No verificado
34/45,ATP-360-34,"Administración, mención Recursos Humanos",Especialista en recursos humanos,28,Toma de decisiones,83.3,BAJO,Parcial
34/45,ATP-360-34,"Administración, mención Recursos Humanos",Especialista en recursos humanos,29,Diagnóstico de fallas,2.3,ALTO,No verificado
34/45,ATP-360-34,"Administración, mención Recursos Humanos",Especialista en recursos humanos,30,Aprendizaje desde el error,66.7,MEDIO,Parcial
34/45,ATP-360-34,"Administración, mención Recursos Humanos",Especialista en recursos humanos,31,Seguridad integrada,33.3,ALTO,No verificado
34/45,ATP-360-34,"Administración, mención Recursos Humanos",Especialista en recursos humanos,32,Evidencia de desempeño,83.3,BAJO,Parcial
34/45,ATP-360-34,"Administración, mención Recursos Humanos",Especialista en recursos humanos,33,Progresión 3°→4° medio,50.0,MEDIO,Parcial
34/45,ATP-360-34,"Administración, mención Recursos Humanos",Especialista en recursos humanos,34,Redundancia curricular,66.7,MEDIO,Parcial
34/45,ATP-360-34,"Administración, mención Recursos Humanos",Especialista en recursos humanos,35,Vacíos curriculares,83.3,BAJO,Parcial
34/45,ATP-360-34,"Administración, mención Recursos Humanos",Especialista en recursos humanos,36,Calidad de distractores,50.0,MEDIO,Parcial
34/45,ATP-360-34,"Administración, mención Recursos Humanos",Especialista en recursos humanos,37,Sesgo de evaluación,16.7,ALTO,No verificado
34/45,ATP-360-34,"Administración, mención Recursos Humanos",Especialista en recursos humanos,38,Consistencia terminológica,25.0,ALTO,No verificado
34/45,ATP-360-34,"Administración, mención Recursos Humanos",Especialista en recursos humanos,39,Alfabetización digital TP,50.0,MEDIO,Parcial
34/45,ATP-360-34,"Administración, mención Recursos Humanos",Especialista en recursos humanos,40,Datos y documentación laboral,83.3,BAJO,Parcial
34/45,ATP-360-34,"Administración, mención Recursos Humanos",Especialista en recursos humanos,41,Interdisciplinariedad,25.0,ALTO,No verificado
34/45,ATP-360-34,"Administración, mención Recursos Humanos",Especialista en recursos humanos,42,Accesibilidad cognitiva,62.5,MEDIO,Parcial
34/45,ATP-360-34,"Administración, mención Recursos Humanos",Especialista en recursos humanos,43,Responsive,33.3,ALTO,No verificado
34/45,ATP-360-34,"Administración, mención Recursos Humanos",Especialista en recursos humanos,44,Recuperación de errores UX,100.0,CONFORME,Verificado
34/45,ATP-360-34,"Administración, mención Recursos Humanos",Especialista en recursos humanos,45,Analítica educativa,83.3,BAJO,Parcial
34/45,ATP-360-34,"Administración, mención Recursos Humanos",Especialista en recursos humanos,46,Calidad de evidencias,83.3,BAJO,Parcial
34/45,ATP-360-34,"Administración, mención Recursos Humanos",Especialista en recursos humanos,47,Coherencia Portal Docente–Curso,83.3,BAJO,Parcial
34/45,ATP-360-34,"Administración, mención Recursos Humanos",Especialista en recursos humanos,48,Coherencia Mi Progreso–Curso,100.0,CONFORME,Verificado
34/45,ATP-360-34,"Administración, mención Recursos Humanos",Especialista en recursos humanos,49,Regresión,75.0,BAJO,Parcial
34/45,ATP-360-34,"Administración, mención Recursos Humanos",Especialista en recursos humanos,50,Auditoría adversarial final,16.7,ALTO,No verificado
35/45,ATP-360-35,"Agropecuaria, mención Agricultura",Ingeniero agrónomo,1,Curricular MINEDUC,57.1,MEDIO,Parcial
35/45,ATP-360-35,"Agropecuaria, mención Agricultura",Ingeniero agrónomo,2,Contenido técnico,40.9,ALTO,No verificado
35/45,ATP-360-35,"Agropecuaria, mención Agricultura",Ingeniero agrónomo,3,Pedagógica,90.0,BAJO,Parcial
35/45,ATP-360-35,"Agropecuaria, mención Agricultura",Ingeniero agrónomo,4,Didáctica,80.0,BAJO,Parcial
35/45,ATP-360-35,"Agropecuaria, mención Agricultura",Ingeniero agrónomo,5,Instrucciones,100.0,CONFORME,Verificado
35/45,ATP-360-35,"Agropecuaria, mención Agricultura",Ingeniero agrónomo,6,Actividades,90.0,BAJO,Parcial
35/45,ATP-360-35,"Agropecuaria, mención Agricultura",Ingeniero agrónomo,7,Evaluación,72.2,MEDIO,Parcial
35/45,ATP-360-35,"Agropecuaria, mención Agricultura",Ingeniero agrónomo,8,Situación Integradora,80.0,BAJO,Parcial
35/45,ATP-360-35,"Agropecuaria, mención Agricultura",Ingeniero agrónomo,9,Simuladores,33.3,ALTO,No verificado
35/45,ATP-360-35,"Agropecuaria, mención Agricultura",Ingeniero agrónomo,10,Multimedia,28.6,ALTO,No verificado
35/45,ATP-360-35,"Agropecuaria, mención Agricultura",Ingeniero agrónomo,11,Accesibilidad WCAG 2.2 AA,58.3,MEDIO,Parcial
35/45,ATP-360-35,"Agropecuaria, mención Agricultura",Ingeniero agrónomo,12,UX/UI pedagógica,80.0,BAJO,Parcial
35/45,ATP-360-35,"Agropecuaria, mención Agricultura",Ingeniero agrónomo,13,Carga cognitiva,62.5,MEDIO,Parcial
35/45,ATP-360-35,"Agropecuaria, mención Agricultura",Ingeniero agrónomo,14,Contextualización laboral,71.2,MEDIO,Parcial
35/45,ATP-360-35,"Agropecuaria, mención Agricultura",Ingeniero agrónomo,15,Seguridad,33.3,ALTO,No verificado
35/45,ATP-360-35,"Agropecuaria, mención Agricultura",Ingeniero agrónomo,16,Progresión entre estaciones,100.0,CONFORME,Verificado
35/45,ATP-360-35,"Agropecuaria, mención Agricultura",Ingeniero agrónomo,17,Estación 5,100.0,CONFORME,Verificado
35/45,ATP-360-35,"Agropecuaria, mención Agricultura",Ingeniero agrónomo,18,Tiempo pedagógico,100.0,CONFORME,Verificado
35/45,ATP-360-35,"Agropecuaria, mención Agricultura",Ingeniero agrónomo,19,QA funcional,62.5,MEDIO,Parcial
35/45,ATP-360-35,"Agropecuaria, mención Agricultura",Ingeniero agrónomo,20,Coherencia global y recorrido estudiante,83.3,BAJO,Parcial
35/45,ATP-360-35,"Agropecuaria, mención Agricultura",Ingeniero agrónomo,21,Prerrequisitos,75.0,BAJO,Parcial
35/45,ATP-360-35,"Agropecuaria, mención Agricultura",Ingeniero agrónomo,22,Conceptos erróneos,16.7,ALTO,No verificado
35/45,ATP-360-35,"Agropecuaria, mención Agricultura",Ingeniero agrónomo,23,Profundidad cognitiva,100.0,CONFORME,Verificado
35/45,ATP-360-35,"Agropecuaria, mención Agricultura",Ingeniero agrónomo,24,Transferencia,75.0,BAJO,Parcial
35/45,ATP-360-35,"Agropecuaria, mención Agricultura",Ingeniero agrónomo,25,Autonomía progresiva,75.0,BAJO,Parcial
35/45,ATP-360-35,"Agropecuaria, mención Agricultura",Ingeniero agrónomo,26,Calidad del feedback,62.5,MEDIO,Parcial
35/45,ATP-360-35,"Agropecuaria, mención Agricultura",Ingeniero agrónomo,27,Autenticidad laboral,33.3,ALTO,No verificado
35/45,ATP-360-35,"Agropecuaria, mención Agricultura",Ingeniero agrónomo,28,Toma de decisiones,83.3,BAJO,Parcial
35/45,ATP-360-35,"Agropecuaria, mención Agricultura",Ingeniero agrónomo,29,Diagnóstico de fallas,2.5,ALTO,No verificado
35/45,ATP-360-35,"Agropecuaria, mención Agricultura",Ingeniero agrónomo,30,Aprendizaje desde el error,66.7,MEDIO,Parcial
35/45,ATP-360-35,"Agropecuaria, mención Agricultura",Ingeniero agrónomo,31,Seguridad integrada,33.3,ALTO,No verificado
35/45,ATP-360-35,"Agropecuaria, mención Agricultura",Ingeniero agrónomo,32,Evidencia de desempeño,83.3,BAJO,Parcial
35/45,ATP-360-35,"Agropecuaria, mención Agricultura",Ingeniero agrónomo,33,Progresión 3°→4° medio,50.0,MEDIO,Parcial
35/45,ATP-360-35,"Agropecuaria, mención Agricultura",Ingeniero agrónomo,34,Redundancia curricular,66.7,MEDIO,Parcial
35/45,ATP-360-35,"Agropecuaria, mención Agricultura",Ingeniero agrónomo,35,Vacíos curriculares,83.3,BAJO,Parcial
35/45,ATP-360-35,"Agropecuaria, mención Agricultura",Ingeniero agrónomo,36,Calidad de distractores,50.0,MEDIO,Parcial
35/45,ATP-360-35,"Agropecuaria, mención Agricultura",Ingeniero agrónomo,37,Sesgo de evaluación,16.7,ALTO,No verificado
35/45,ATP-360-35,"Agropecuaria, mención Agricultura",Ingeniero agrónomo,38,Consistencia terminológica,25.0,ALTO,No verificado
35/45,ATP-360-35,"Agropecuaria, mención Agricultura",Ingeniero agrónomo,39,Alfabetización digital TP,50.0,MEDIO,Parcial
35/45,ATP-360-35,"Agropecuaria, mención Agricultura",Ingeniero agrónomo,40,Datos y documentación laboral,83.3,BAJO,Parcial
35/45,ATP-360-35,"Agropecuaria, mención Agricultura",Ingeniero agrónomo,41,Interdisciplinariedad,25.0,ALTO,No verificado
35/45,ATP-360-35,"Agropecuaria, mención Agricultura",Ingeniero agrónomo,42,Accesibilidad cognitiva,62.5,MEDIO,Parcial
35/45,ATP-360-35,"Agropecuaria, mención Agricultura",Ingeniero agrónomo,43,Responsive,33.3,ALTO,No verificado
35/45,ATP-360-35,"Agropecuaria, mención Agricultura",Ingeniero agrónomo,44,Recuperación de errores UX,100.0,CONFORME,Verificado
35/45,ATP-360-35,"Agropecuaria, mención Agricultura",Ingeniero agrónomo,45,Analítica educativa,83.3,BAJO,Parcial
35/45,ATP-360-35,"Agropecuaria, mención Agricultura",Ingeniero agrónomo,46,Calidad de evidencias,83.3,BAJO,Parcial
35/45,ATP-360-35,"Agropecuaria, mención Agricultura",Ingeniero agrónomo,47,Coherencia Portal Docente–Curso,83.3,BAJO,Parcial
35/45,ATP-360-35,"Agropecuaria, mención Agricultura",Ingeniero agrónomo,48,Coherencia Mi Progreso–Curso,100.0,CONFORME,Verificado
35/45,ATP-360-35,"Agropecuaria, mención Agricultura",Ingeniero agrónomo,49,Regresión,75.0,BAJO,Parcial
35/45,ATP-360-35,"Agropecuaria, mención Agricultura",Ingeniero agrónomo,50,Auditoría adversarial final,16.7,ALTO,No verificado
36/45,ATP-360-36,"Agropecuaria, mención Pecuaria",Especialista pecuario,1,Curricular MINEDUC,57.1,MEDIO,Parcial
36/45,ATP-360-36,"Agropecuaria, mención Pecuaria",Especialista pecuario,2,Contenido técnico,40.9,ALTO,No verificado
36/45,ATP-360-36,"Agropecuaria, mención Pecuaria",Especialista pecuario,3,Pedagógica,90.0,BAJO,Parcial
36/45,ATP-360-36,"Agropecuaria, mención Pecuaria",Especialista pecuario,4,Didáctica,80.0,BAJO,Parcial
36/45,ATP-360-36,"Agropecuaria, mención Pecuaria",Especialista pecuario,5,Instrucciones,100.0,CONFORME,Verificado
36/45,ATP-360-36,"Agropecuaria, mención Pecuaria",Especialista pecuario,6,Actividades,90.0,BAJO,Parcial
36/45,ATP-360-36,"Agropecuaria, mención Pecuaria",Especialista pecuario,7,Evaluación,72.2,MEDIO,Parcial
36/45,ATP-360-36,"Agropecuaria, mención Pecuaria",Especialista pecuario,8,Situación Integradora,80.0,BAJO,Parcial
36/45,ATP-360-36,"Agropecuaria, mención Pecuaria",Especialista pecuario,9,Simuladores,33.3,ALTO,No verificado
36/45,ATP-360-36,"Agropecuaria, mención Pecuaria",Especialista pecuario,10,Multimedia,28.6,ALTO,No verificado
36/45,ATP-360-36,"Agropecuaria, mención Pecuaria",Especialista pecuario,11,Accesibilidad WCAG 2.2 AA,58.3,MEDIO,Parcial
36/45,ATP-360-36,"Agropecuaria, mención Pecuaria",Especialista pecuario,12,UX/UI pedagógica,80.0,BAJO,Parcial
36/45,ATP-360-36,"Agropecuaria, mención Pecuaria",Especialista pecuario,13,Carga cognitiva,62.5,MEDIO,Parcial
36/45,ATP-360-36,"Agropecuaria, mención Pecuaria",Especialista pecuario,14,Contextualización laboral,73.9,MEDIO,Parcial
36/45,ATP-360-36,"Agropecuaria, mención Pecuaria",Especialista pecuario,15,Seguridad,33.3,ALTO,No verificado
36/45,ATP-360-36,"Agropecuaria, mención Pecuaria",Especialista pecuario,16,Progresión entre estaciones,100.0,CONFORME,Verificado
36/45,ATP-360-36,"Agropecuaria, mención Pecuaria",Especialista pecuario,17,Estación 5,100.0,CONFORME,Verificado
36/45,ATP-360-36,"Agropecuaria, mención Pecuaria",Especialista pecuario,18,Tiempo pedagógico,100.0,CONFORME,Verificado
36/45,ATP-360-36,"Agropecuaria, mención Pecuaria",Especialista pecuario,19,QA funcional,62.5,MEDIO,Parcial
36/45,ATP-360-36,"Agropecuaria, mención Pecuaria",Especialista pecuario,20,Coherencia global y recorrido estudiante,83.3,BAJO,Parcial
36/45,ATP-360-36,"Agropecuaria, mención Pecuaria",Especialista pecuario,21,Prerrequisitos,75.0,BAJO,Parcial
36/45,ATP-360-36,"Agropecuaria, mención Pecuaria",Especialista pecuario,22,Conceptos erróneos,16.7,ALTO,No verificado
36/45,ATP-360-36,"Agropecuaria, mención Pecuaria",Especialista pecuario,23,Profundidad cognitiva,100.0,CONFORME,Verificado
36/45,ATP-360-36,"Agropecuaria, mención Pecuaria",Especialista pecuario,24,Transferencia,75.0,BAJO,Parcial
36/45,ATP-360-36,"Agropecuaria, mención Pecuaria",Especialista pecuario,25,Autonomía progresiva,75.0,BAJO,Parcial
36/45,ATP-360-36,"Agropecuaria, mención Pecuaria",Especialista pecuario,26,Calidad del feedback,62.5,MEDIO,Parcial
36/45,ATP-360-36,"Agropecuaria, mención Pecuaria",Especialista pecuario,27,Autenticidad laboral,33.3,ALTO,No verificado
36/45,ATP-360-36,"Agropecuaria, mención Pecuaria",Especialista pecuario,28,Toma de decisiones,83.3,BAJO,Parcial
36/45,ATP-360-36,"Agropecuaria, mención Pecuaria",Especialista pecuario,29,Diagnóstico de fallas,4.5,ALTO,No verificado
36/45,ATP-360-36,"Agropecuaria, mención Pecuaria",Especialista pecuario,30,Aprendizaje desde el error,66.7,MEDIO,Parcial
36/45,ATP-360-36,"Agropecuaria, mención Pecuaria",Especialista pecuario,31,Seguridad integrada,33.3,ALTO,No verificado
36/45,ATP-360-36,"Agropecuaria, mención Pecuaria",Especialista pecuario,32,Evidencia de desempeño,83.3,BAJO,Parcial
36/45,ATP-360-36,"Agropecuaria, mención Pecuaria",Especialista pecuario,33,Progresión 3°→4° medio,50.0,MEDIO,Parcial
36/45,ATP-360-36,"Agropecuaria, mención Pecuaria",Especialista pecuario,34,Redundancia curricular,66.7,MEDIO,Parcial
36/45,ATP-360-36,"Agropecuaria, mención Pecuaria",Especialista pecuario,35,Vacíos curriculares,83.3,BAJO,Parcial
36/45,ATP-360-36,"Agropecuaria, mención Pecuaria",Especialista pecuario,36,Calidad de distractores,50.0,MEDIO,Parcial
36/45,ATP-360-36,"Agropecuaria, mención Pecuaria",Especialista pecuario,37,Sesgo de evaluación,16.7,ALTO,No verificado
36/45,ATP-360-36,"Agropecuaria, mención Pecuaria",Especialista pecuario,38,Consistencia terminológica,25.0,ALTO,No verificado
36/45,ATP-360-36,"Agropecuaria, mención Pecuaria",Especialista pecuario,39,Alfabetización digital TP,50.0,MEDIO,Parcial
36/45,ATP-360-36,"Agropecuaria, mención Pecuaria",Especialista pecuario,40,Datos y documentación laboral,83.3,BAJO,Parcial
36/45,ATP-360-36,"Agropecuaria, mención Pecuaria",Especialista pecuario,41,Interdisciplinariedad,25.0,ALTO,No verificado
36/45,ATP-360-36,"Agropecuaria, mención Pecuaria",Especialista pecuario,42,Accesibilidad cognitiva,62.5,MEDIO,Parcial
36/45,ATP-360-36,"Agropecuaria, mención Pecuaria",Especialista pecuario,43,Responsive,33.3,ALTO,No verificado
36/45,ATP-360-36,"Agropecuaria, mención Pecuaria",Especialista pecuario,44,Recuperación de errores UX,100.0,CONFORME,Verificado
36/45,ATP-360-36,"Agropecuaria, mención Pecuaria",Especialista pecuario,45,Analítica educativa,83.3,BAJO,Parcial
36/45,ATP-360-36,"Agropecuaria, mención Pecuaria",Especialista pecuario,46,Calidad de evidencias,83.3,BAJO,Parcial
36/45,ATP-360-36,"Agropecuaria, mención Pecuaria",Especialista pecuario,47,Coherencia Portal Docente–Curso,83.3,BAJO,Parcial
36/45,ATP-360-36,"Agropecuaria, mención Pecuaria",Especialista pecuario,48,Coherencia Mi Progreso–Curso,100.0,CONFORME,Verificado
36/45,ATP-360-36,"Agropecuaria, mención Pecuaria",Especialista pecuario,49,Regresión,75.0,BAJO,Parcial
36/45,ATP-360-36,"Agropecuaria, mención Pecuaria",Especialista pecuario,50,Auditoría adversarial final,16.7,ALTO,No verificado
37/45,ATP-360-37,"Agropecuaria, mención Vitivinícola",Enólogo y especialista vitivinícola,1,Curricular MINEDUC,57.1,MEDIO,Parcial
37/45,ATP-360-37,"Agropecuaria, mención Vitivinícola",Enólogo y especialista vitivinícola,2,Contenido técnico,40.9,ALTO,No verificado
37/45,ATP-360-37,"Agropecuaria, mención Vitivinícola",Enólogo y especialista vitivinícola,3,Pedagógica,90.0,BAJO,Parcial
37/45,ATP-360-37,"Agropecuaria, mención Vitivinícola",Enólogo y especialista vitivinícola,4,Didáctica,80.0,BAJO,Parcial
37/45,ATP-360-37,"Agropecuaria, mención Vitivinícola",Enólogo y especialista vitivinícola,5,Instrucciones,100.0,CONFORME,Verificado
37/45,ATP-360-37,"Agropecuaria, mención Vitivinícola",Enólogo y especialista vitivinícola,6,Actividades,90.0,BAJO,Parcial
37/45,ATP-360-37,"Agropecuaria, mención Vitivinícola",Enólogo y especialista vitivinícola,7,Evaluación,72.2,MEDIO,Parcial
37/45,ATP-360-37,"Agropecuaria, mención Vitivinícola",Enólogo y especialista vitivinícola,8,Situación Integradora,80.0,BAJO,Parcial
37/45,ATP-360-37,"Agropecuaria, mención Vitivinícola",Enólogo y especialista vitivinícola,9,Simuladores,33.3,ALTO,No verificado
37/45,ATP-360-37,"Agropecuaria, mención Vitivinícola",Enólogo y especialista vitivinícola,10,Multimedia,28.6,ALTO,No verificado
37/45,ATP-360-37,"Agropecuaria, mención Vitivinícola",Enólogo y especialista vitivinícola,11,Accesibilidad WCAG 2.2 AA,58.3,MEDIO,Parcial
37/45,ATP-360-37,"Agropecuaria, mención Vitivinícola",Enólogo y especialista vitivinícola,12,UX/UI pedagógica,80.0,BAJO,Parcial
37/45,ATP-360-37,"Agropecuaria, mención Vitivinícola",Enólogo y especialista vitivinícola,13,Carga cognitiva,62.5,MEDIO,Parcial
37/45,ATP-360-37,"Agropecuaria, mención Vitivinícola",Enólogo y especialista vitivinícola,14,Contextualización laboral,72.7,MEDIO,Parcial
37/45,ATP-360-37,"Agropecuaria, mención Vitivinícola",Enólogo y especialista vitivinícola,15,Seguridad,33.3,ALTO,No verificado
37/45,ATP-360-37,"Agropecuaria, mención Vitivinícola",Enólogo y especialista vitivinícola,16,Progresión entre estaciones,100.0,CONFORME,Verificado
37/45,ATP-360-37,"Agropecuaria, mención Vitivinícola",Enólogo y especialista vitivinícola,17,Estación 5,100.0,CONFORME,Verificado
37/45,ATP-360-37,"Agropecuaria, mención Vitivinícola",Enólogo y especialista vitivinícola,18,Tiempo pedagógico,100.0,CONFORME,Verificado
37/45,ATP-360-37,"Agropecuaria, mención Vitivinícola",Enólogo y especialista vitivinícola,19,QA funcional,62.5,MEDIO,Parcial
37/45,ATP-360-37,"Agropecuaria, mención Vitivinícola",Enólogo y especialista vitivinícola,20,Coherencia global y recorrido estudiante,83.3,BAJO,Parcial
37/45,ATP-360-37,"Agropecuaria, mención Vitivinícola",Enólogo y especialista vitivinícola,21,Prerrequisitos,75.0,BAJO,Parcial
37/45,ATP-360-37,"Agropecuaria, mención Vitivinícola",Enólogo y especialista vitivinícola,22,Conceptos erróneos,16.7,ALTO,No verificado
37/45,ATP-360-37,"Agropecuaria, mención Vitivinícola",Enólogo y especialista vitivinícola,23,Profundidad cognitiva,100.0,CONFORME,Verificado
37/45,ATP-360-37,"Agropecuaria, mención Vitivinícola",Enólogo y especialista vitivinícola,24,Transferencia,75.0,BAJO,Parcial
37/45,ATP-360-37,"Agropecuaria, mención Vitivinícola",Enólogo y especialista vitivinícola,25,Autonomía progresiva,75.0,BAJO,Parcial
37/45,ATP-360-37,"Agropecuaria, mención Vitivinícola",Enólogo y especialista vitivinícola,26,Calidad del feedback,62.5,MEDIO,Parcial
37/45,ATP-360-37,"Agropecuaria, mención Vitivinícola",Enólogo y especialista vitivinícola,27,Autenticidad laboral,33.3,ALTO,No verificado
37/45,ATP-360-37,"Agropecuaria, mención Vitivinícola",Enólogo y especialista vitivinícola,28,Toma de decisiones,83.3,BAJO,Parcial
37/45,ATP-360-37,"Agropecuaria, mención Vitivinícola",Enólogo y especialista vitivinícola,29,Diagnóstico de fallas,4.5,ALTO,No verificado
37/45,ATP-360-37,"Agropecuaria, mención Vitivinícola",Enólogo y especialista vitivinícola,30,Aprendizaje desde el error,66.7,MEDIO,Parcial
37/45,ATP-360-37,"Agropecuaria, mención Vitivinícola",Enólogo y especialista vitivinícola,31,Seguridad integrada,33.3,ALTO,No verificado
37/45,ATP-360-37,"Agropecuaria, mención Vitivinícola",Enólogo y especialista vitivinícola,32,Evidencia de desempeño,83.3,BAJO,Parcial
37/45,ATP-360-37,"Agropecuaria, mención Vitivinícola",Enólogo y especialista vitivinícola,33,Progresión 3°→4° medio,50.0,MEDIO,Parcial
37/45,ATP-360-37,"Agropecuaria, mención Vitivinícola",Enólogo y especialista vitivinícola,34,Redundancia curricular,66.7,MEDIO,Parcial
37/45,ATP-360-37,"Agropecuaria, mención Vitivinícola",Enólogo y especialista vitivinícola,35,Vacíos curriculares,83.3,BAJO,Parcial
37/45,ATP-360-37,"Agropecuaria, mención Vitivinícola",Enólogo y especialista vitivinícola,36,Calidad de distractores,50.0,MEDIO,Parcial
37/45,ATP-360-37,"Agropecuaria, mención Vitivinícola",Enólogo y especialista vitivinícola,37,Sesgo de evaluación,16.7,ALTO,No verificado
37/45,ATP-360-37,"Agropecuaria, mención Vitivinícola",Enólogo y especialista vitivinícola,38,Consistencia terminológica,25.0,ALTO,No verificado
37/45,ATP-360-37,"Agropecuaria, mención Vitivinícola",Enólogo y especialista vitivinícola,39,Alfabetización digital TP,50.0,MEDIO,Parcial
37/45,ATP-360-37,"Agropecuaria, mención Vitivinícola",Enólogo y especialista vitivinícola,40,Datos y documentación laboral,83.3,BAJO,Parcial
37/45,ATP-360-37,"Agropecuaria, mención Vitivinícola",Enólogo y especialista vitivinícola,41,Interdisciplinariedad,25.0,ALTO,No verificado
37/45,ATP-360-37,"Agropecuaria, mención Vitivinícola",Enólogo y especialista vitivinícola,42,Accesibilidad cognitiva,62.5,MEDIO,Parcial
37/45,ATP-360-37,"Agropecuaria, mención Vitivinícola",Enólogo y especialista vitivinícola,43,Responsive,33.3,ALTO,No verificado
37/45,ATP-360-37,"Agropecuaria, mención Vitivinícola",Enólogo y especialista vitivinícola,44,Recuperación de errores UX,100.0,CONFORME,Verificado
37/45,ATP-360-37,"Agropecuaria, mención Vitivinícola",Enólogo y especialista vitivinícola,45,Analítica educativa,83.3,BAJO,Parcial
37/45,ATP-360-37,"Agropecuaria, mención Vitivinícola",Enólogo y especialista vitivinícola,46,Calidad de evidencias,83.3,BAJO,Parcial
37/45,ATP-360-37,"Agropecuaria, mención Vitivinícola",Enólogo y especialista vitivinícola,47,Coherencia Portal Docente–Curso,83.3,BAJO,Parcial
37/45,ATP-360-37,"Agropecuaria, mención Vitivinícola",Enólogo y especialista vitivinícola,48,Coherencia Mi Progreso–Curso,100.0,CONFORME,Verificado
37/45,ATP-360-37,"Agropecuaria, mención Vitivinícola",Enólogo y especialista vitivinícola,49,Regresión,75.0,BAJO,Parcial
37/45,ATP-360-37,"Agropecuaria, mención Vitivinícola",Enólogo y especialista vitivinícola,50,Auditoría adversarial final,16.7,ALTO,No verificado
38/45,ATP-360-38,"Construcción, mención Edificación",Constructor especialista en edificación,1,Curricular MINEDUC,57.1,MEDIO,Parcial
38/45,ATP-360-38,"Construcción, mención Edificación",Constructor especialista en edificación,2,Contenido técnico,41.0,ALTO,No verificado
38/45,ATP-360-38,"Construcción, mención Edificación",Constructor especialista en edificación,3,Pedagógica,90.0,BAJO,Parcial
38/45,ATP-360-38,"Construcción, mención Edificación",Constructor especialista en edificación,4,Didáctica,80.0,BAJO,Parcial
38/45,ATP-360-38,"Construcción, mención Edificación",Constructor especialista en edificación,5,Instrucciones,100.0,CONFORME,Verificado
38/45,ATP-360-38,"Construcción, mención Edificación",Constructor especialista en edificación,6,Actividades,90.0,BAJO,Parcial
38/45,ATP-360-38,"Construcción, mención Edificación",Constructor especialista en edificación,7,Evaluación,72.2,MEDIO,Parcial
38/45,ATP-360-38,"Construcción, mención Edificación",Constructor especialista en edificación,8,Situación Integradora,80.0,BAJO,Parcial
38/45,ATP-360-38,"Construcción, mención Edificación",Constructor especialista en edificación,9,Simuladores,33.3,ALTO,No verificado
38/45,ATP-360-38,"Construcción, mención Edificación",Constructor especialista en edificación,10,Multimedia,28.6,ALTO,No verificado
38/45,ATP-360-38,"Construcción, mención Edificación",Constructor especialista en edificación,11,Accesibilidad WCAG 2.2 AA,58.3,MEDIO,Parcial
38/45,ATP-360-38,"Construcción, mención Edificación",Constructor especialista en edificación,12,UX/UI pedagógica,80.0,BAJO,Parcial
38/45,ATP-360-38,"Construcción, mención Edificación",Constructor especialista en edificación,13,Carga cognitiva,62.5,MEDIO,Parcial
38/45,ATP-360-38,"Construcción, mención Edificación",Constructor especialista en edificación,14,Contextualización laboral,66.7,MEDIO,Parcial
38/45,ATP-360-38,"Construcción, mención Edificación",Constructor especialista en edificación,15,Seguridad,33.3,ALTO,No verificado
38/45,ATP-360-38,"Construcción, mención Edificación",Constructor especialista en edificación,16,Progresión entre estaciones,100.0,CONFORME,Verificado
38/45,ATP-360-38,"Construcción, mención Edificación",Constructor especialista en edificación,17,Estación 5,100.0,CONFORME,Verificado
38/45,ATP-360-38,"Construcción, mención Edificación",Constructor especialista en edificación,18,Tiempo pedagógico,100.0,CONFORME,Verificado
38/45,ATP-360-38,"Construcción, mención Edificación",Constructor especialista en edificación,19,QA funcional,62.5,MEDIO,Parcial
38/45,ATP-360-38,"Construcción, mención Edificación",Constructor especialista en edificación,20,Coherencia global y recorrido estudiante,83.3,BAJO,Parcial
38/45,ATP-360-38,"Construcción, mención Edificación",Constructor especialista en edificación,21,Prerrequisitos,75.0,BAJO,Parcial
38/45,ATP-360-38,"Construcción, mención Edificación",Constructor especialista en edificación,22,Conceptos erróneos,16.7,ALTO,No verificado
38/45,ATP-360-38,"Construcción, mención Edificación",Constructor especialista en edificación,23,Profundidad cognitiva,100.0,CONFORME,Verificado
38/45,ATP-360-38,"Construcción, mención Edificación",Constructor especialista en edificación,24,Transferencia,75.0,BAJO,Parcial
38/45,ATP-360-38,"Construcción, mención Edificación",Constructor especialista en edificación,25,Autonomía progresiva,75.0,BAJO,Parcial
38/45,ATP-360-38,"Construcción, mención Edificación",Constructor especialista en edificación,26,Calidad del feedback,62.5,MEDIO,Parcial
38/45,ATP-360-38,"Construcción, mención Edificación",Constructor especialista en edificación,27,Autenticidad laboral,33.3,ALTO,No verificado
38/45,ATP-360-38,"Construcción, mención Edificación",Constructor especialista en edificación,28,Toma de decisiones,83.3,BAJO,Parcial
38/45,ATP-360-38,"Construcción, mención Edificación",Constructor especialista en edificación,29,Diagnóstico de fallas,0.0,ALTO,No verificado
38/45,ATP-360-38,"Construcción, mención Edificación",Constructor especialista en edificación,30,Aprendizaje desde el error,66.7,MEDIO,Parcial
38/45,ATP-360-38,"Construcción, mención Edificación",Constructor especialista en edificación,31,Seguridad integrada,33.3,ALTO,No verificado
38/45,ATP-360-38,"Construcción, mención Edificación",Constructor especialista en edificación,32,Evidencia de desempeño,83.3,BAJO,Parcial
38/45,ATP-360-38,"Construcción, mención Edificación",Constructor especialista en edificación,33,Progresión 3°→4° medio,50.0,MEDIO,Parcial
38/45,ATP-360-38,"Construcción, mención Edificación",Constructor especialista en edificación,34,Redundancia curricular,66.7,MEDIO,Parcial
38/45,ATP-360-38,"Construcción, mención Edificación",Constructor especialista en edificación,35,Vacíos curriculares,83.3,BAJO,Parcial
38/45,ATP-360-38,"Construcción, mención Edificación",Constructor especialista en edificación,36,Calidad de distractores,50.0,MEDIO,Parcial
38/45,ATP-360-38,"Construcción, mención Edificación",Constructor especialista en edificación,37,Sesgo de evaluación,16.7,ALTO,No verificado
38/45,ATP-360-38,"Construcción, mención Edificación",Constructor especialista en edificación,38,Consistencia terminológica,25.0,ALTO,No verificado
38/45,ATP-360-38,"Construcción, mención Edificación",Constructor especialista en edificación,39,Alfabetización digital TP,50.0,MEDIO,Parcial
38/45,ATP-360-38,"Construcción, mención Edificación",Constructor especialista en edificación,40,Datos y documentación laboral,83.3,BAJO,Parcial
38/45,ATP-360-38,"Construcción, mención Edificación",Constructor especialista en edificación,41,Interdisciplinariedad,25.0,ALTO,No verificado
38/45,ATP-360-38,"Construcción, mención Edificación",Constructor especialista en edificación,42,Accesibilidad cognitiva,62.5,MEDIO,Parcial
38/45,ATP-360-38,"Construcción, mención Edificación",Constructor especialista en edificación,43,Responsive,33.3,ALTO,No verificado
38/45,ATP-360-38,"Construcción, mención Edificación",Constructor especialista en edificación,44,Recuperación de errores UX,100.0,CONFORME,Verificado
38/45,ATP-360-38,"Construcción, mención Edificación",Constructor especialista en edificación,45,Analítica educativa,83.3,BAJO,Parcial
38/45,ATP-360-38,"Construcción, mención Edificación",Constructor especialista en edificación,46,Calidad de evidencias,83.3,BAJO,Parcial
38/45,ATP-360-38,"Construcción, mención Edificación",Constructor especialista en edificación,47,Coherencia Portal Docente–Curso,83.3,BAJO,Parcial
38/45,ATP-360-38,"Construcción, mención Edificación",Constructor especialista en edificación,48,Coherencia Mi Progreso–Curso,100.0,CONFORME,Verificado
38/45,ATP-360-38,"Construcción, mención Edificación",Constructor especialista en edificación,49,Regresión,75.0,BAJO,Parcial
38/45,ATP-360-38,"Construcción, mención Edificación",Constructor especialista en edificación,50,Auditoría adversarial final,16.7,ALTO,No verificado
39/45,ATP-360-39,"Construcción, mención Terminaciones de la Construcción",Especialista en terminaciones,1,Curricular MINEDUC,57.1,MEDIO,Parcial
39/45,ATP-360-39,"Construcción, mención Terminaciones de la Construcción",Especialista en terminaciones,2,Contenido técnico,41.0,ALTO,No verificado
39/45,ATP-360-39,"Construcción, mención Terminaciones de la Construcción",Especialista en terminaciones,3,Pedagógica,90.0,BAJO,Parcial
39/45,ATP-360-39,"Construcción, mención Terminaciones de la Construcción",Especialista en terminaciones,4,Didáctica,80.0,BAJO,Parcial
39/45,ATP-360-39,"Construcción, mención Terminaciones de la Construcción",Especialista en terminaciones,5,Instrucciones,100.0,CONFORME,Verificado
39/45,ATP-360-39,"Construcción, mención Terminaciones de la Construcción",Especialista en terminaciones,6,Actividades,90.0,BAJO,Parcial
39/45,ATP-360-39,"Construcción, mención Terminaciones de la Construcción",Especialista en terminaciones,7,Evaluación,72.2,MEDIO,Parcial
39/45,ATP-360-39,"Construcción, mención Terminaciones de la Construcción",Especialista en terminaciones,8,Situación Integradora,80.0,BAJO,Parcial
39/45,ATP-360-39,"Construcción, mención Terminaciones de la Construcción",Especialista en terminaciones,9,Simuladores,33.3,ALTO,No verificado
39/45,ATP-360-39,"Construcción, mención Terminaciones de la Construcción",Especialista en terminaciones,10,Multimedia,28.6,ALTO,No verificado
39/45,ATP-360-39,"Construcción, mención Terminaciones de la Construcción",Especialista en terminaciones,11,Accesibilidad WCAG 2.2 AA,58.3,MEDIO,Parcial
39/45,ATP-360-39,"Construcción, mención Terminaciones de la Construcción",Especialista en terminaciones,12,UX/UI pedagógica,80.0,BAJO,Parcial
39/45,ATP-360-39,"Construcción, mención Terminaciones de la Construcción",Especialista en terminaciones,13,Carga cognitiva,62.5,MEDIO,Parcial
39/45,ATP-360-39,"Construcción, mención Terminaciones de la Construcción",Especialista en terminaciones,14,Contextualización laboral,66.7,MEDIO,Parcial
39/45,ATP-360-39,"Construcción, mención Terminaciones de la Construcción",Especialista en terminaciones,15,Seguridad,33.3,ALTO,No verificado
39/45,ATP-360-39,"Construcción, mención Terminaciones de la Construcción",Especialista en terminaciones,16,Progresión entre estaciones,100.0,CONFORME,Verificado
39/45,ATP-360-39,"Construcción, mención Terminaciones de la Construcción",Especialista en terminaciones,17,Estación 5,100.0,CONFORME,Verificado
39/45,ATP-360-39,"Construcción, mención Terminaciones de la Construcción",Especialista en terminaciones,18,Tiempo pedagógico,100.0,CONFORME,Verificado
39/45,ATP-360-39,"Construcción, mención Terminaciones de la Construcción",Especialista en terminaciones,19,QA funcional,62.5,MEDIO,Parcial
39/45,ATP-360-39,"Construcción, mención Terminaciones de la Construcción",Especialista en terminaciones,20,Coherencia global y recorrido estudiante,83.3,BAJO,Parcial
39/45,ATP-360-39,"Construcción, mención Terminaciones de la Construcción",Especialista en terminaciones,21,Prerrequisitos,75.0,BAJO,Parcial
39/45,ATP-360-39,"Construcción, mención Terminaciones de la Construcción",Especialista en terminaciones,22,Conceptos erróneos,16.7,ALTO,No verificado
39/45,ATP-360-39,"Construcción, mención Terminaciones de la Construcción",Especialista en terminaciones,23,Profundidad cognitiva,100.0,CONFORME,Verificado
39/45,ATP-360-39,"Construcción, mención Terminaciones de la Construcción",Especialista en terminaciones,24,Transferencia,75.0,BAJO,Parcial
39/45,ATP-360-39,"Construcción, mención Terminaciones de la Construcción",Especialista en terminaciones,25,Autonomía progresiva,75.0,BAJO,Parcial
39/45,ATP-360-39,"Construcción, mención Terminaciones de la Construcción",Especialista en terminaciones,26,Calidad del feedback,62.5,MEDIO,Parcial
39/45,ATP-360-39,"Construcción, mención Terminaciones de la Construcción",Especialista en terminaciones,27,Autenticidad laboral,33.3,ALTO,No verificado
39/45,ATP-360-39,"Construcción, mención Terminaciones de la Construcción",Especialista en terminaciones,28,Toma de decisiones,83.3,BAJO,Parcial
39/45,ATP-360-39,"Construcción, mención Terminaciones de la Construcción",Especialista en terminaciones,29,Diagnóstico de fallas,0.0,ALTO,No verificado
39/45,ATP-360-39,"Construcción, mención Terminaciones de la Construcción",Especialista en terminaciones,30,Aprendizaje desde el error,66.7,MEDIO,Parcial
39/45,ATP-360-39,"Construcción, mención Terminaciones de la Construcción",Especialista en terminaciones,31,Seguridad integrada,33.3,ALTO,No verificado
39/45,ATP-360-39,"Construcción, mención Terminaciones de la Construcción",Especialista en terminaciones,32,Evidencia de desempeño,83.3,BAJO,Parcial
39/45,ATP-360-39,"Construcción, mención Terminaciones de la Construcción",Especialista en terminaciones,33,Progresión 3°→4° medio,50.0,MEDIO,Parcial
39/45,ATP-360-39,"Construcción, mención Terminaciones de la Construcción",Especialista en terminaciones,34,Redundancia curricular,66.7,MEDIO,Parcial
39/45,ATP-360-39,"Construcción, mención Terminaciones de la Construcción",Especialista en terminaciones,35,Vacíos curriculares,83.3,BAJO,Parcial
39/45,ATP-360-39,"Construcción, mención Terminaciones de la Construcción",Especialista en terminaciones,36,Calidad de distractores,50.0,MEDIO,Parcial
39/45,ATP-360-39,"Construcción, mención Terminaciones de la Construcción",Especialista en terminaciones,37,Sesgo de evaluación,16.7,ALTO,No verificado
39/45,ATP-360-39,"Construcción, mención Terminaciones de la Construcción",Especialista en terminaciones,38,Consistencia terminológica,25.0,ALTO,No verificado
39/45,ATP-360-39,"Construcción, mención Terminaciones de la Construcción",Especialista en terminaciones,39,Alfabetización digital TP,50.0,MEDIO,Parcial
39/45,ATP-360-39,"Construcción, mención Terminaciones de la Construcción",Especialista en terminaciones,40,Datos y documentación laboral,83.3,BAJO,Parcial
39/45,ATP-360-39,"Construcción, mención Terminaciones de la Construcción",Especialista en terminaciones,41,Interdisciplinariedad,25.0,ALTO,No verificado
39/45,ATP-360-39,"Construcción, mención Terminaciones de la Construcción",Especialista en terminaciones,42,Accesibilidad cognitiva,62.5,MEDIO,Parcial
39/45,ATP-360-39,"Construcción, mención Terminaciones de la Construcción",Especialista en terminaciones,43,Responsive,33.3,ALTO,No verificado
39/45,ATP-360-39,"Construcción, mención Terminaciones de la Construcción",Especialista en terminaciones,44,Recuperación de errores UX,100.0,CONFORME,Verificado
39/45,ATP-360-39,"Construcción, mención Terminaciones de la Construcción",Especialista en terminaciones,45,Analítica educativa,83.3,BAJO,Parcial
39/45,ATP-360-39,"Construcción, mención Terminaciones de la Construcción",Especialista en terminaciones,46,Calidad de evidencias,83.3,BAJO,Parcial
39/45,ATP-360-39,"Construcción, mención Terminaciones de la Construcción",Especialista en terminaciones,47,Coherencia Portal Docente–Curso,83.3,BAJO,Parcial
39/45,ATP-360-39,"Construcción, mención Terminaciones de la Construcción",Especialista en terminaciones,48,Coherencia Mi Progreso–Curso,100.0,CONFORME,Verificado
39/45,ATP-360-39,"Construcción, mención Terminaciones de la Construcción",Especialista en terminaciones,49,Regresión,75.0,BAJO,Parcial
39/45,ATP-360-39,"Construcción, mención Terminaciones de la Construcción",Especialista en terminaciones,50,Auditoría adversarial final,16.7,ALTO,No verificado
40/45,ATP-360-40,"Construcción, mención Obras Viales e Infraestructura",Especialista en obras viales,1,Curricular MINEDUC,57.1,MEDIO,Parcial
40/45,ATP-360-40,"Construcción, mención Obras Viales e Infraestructura",Especialista en obras viales,2,Contenido técnico,41.1,ALTO,No verificado
40/45,ATP-360-40,"Construcción, mención Obras Viales e Infraestructura",Especialista en obras viales,3,Pedagógica,90.0,BAJO,Parcial
40/45,ATP-360-40,"Construcción, mención Obras Viales e Infraestructura",Especialista en obras viales,4,Didáctica,80.0,BAJO,Parcial
40/45,ATP-360-40,"Construcción, mención Obras Viales e Infraestructura",Especialista en obras viales,5,Instrucciones,100.0,CONFORME,Verificado
40/45,ATP-360-40,"Construcción, mención Obras Viales e Infraestructura",Especialista en obras viales,6,Actividades,90.0,BAJO,Parcial
40/45,ATP-360-40,"Construcción, mención Obras Viales e Infraestructura",Especialista en obras viales,7,Evaluación,72.2,MEDIO,Parcial
40/45,ATP-360-40,"Construcción, mención Obras Viales e Infraestructura",Especialista en obras viales,8,Situación Integradora,80.0,BAJO,Parcial
40/45,ATP-360-40,"Construcción, mención Obras Viales e Infraestructura",Especialista en obras viales,9,Simuladores,33.3,ALTO,No verificado
40/45,ATP-360-40,"Construcción, mención Obras Viales e Infraestructura",Especialista en obras viales,10,Multimedia,28.6,ALTO,No verificado
40/45,ATP-360-40,"Construcción, mención Obras Viales e Infraestructura",Especialista en obras viales,11,Accesibilidad WCAG 2.2 AA,58.3,MEDIO,Parcial
40/45,ATP-360-40,"Construcción, mención Obras Viales e Infraestructura",Especialista en obras viales,12,UX/UI pedagógica,80.0,BAJO,Parcial
40/45,ATP-360-40,"Construcción, mención Obras Viales e Infraestructura",Especialista en obras viales,13,Carga cognitiva,62.5,MEDIO,Parcial
40/45,ATP-360-40,"Construcción, mención Obras Viales e Infraestructura",Especialista en obras viales,14,Contextualización laboral,69.2,MEDIO,Parcial
40/45,ATP-360-40,"Construcción, mención Obras Viales e Infraestructura",Especialista en obras viales,15,Seguridad,33.3,ALTO,No verificado
40/45,ATP-360-40,"Construcción, mención Obras Viales e Infraestructura",Especialista en obras viales,16,Progresión entre estaciones,100.0,CONFORME,Verificado
40/45,ATP-360-40,"Construcción, mención Obras Viales e Infraestructura",Especialista en obras viales,17,Estación 5,100.0,CONFORME,Verificado
40/45,ATP-360-40,"Construcción, mención Obras Viales e Infraestructura",Especialista en obras viales,18,Tiempo pedagógico,100.0,CONFORME,Verificado
40/45,ATP-360-40,"Construcción, mención Obras Viales e Infraestructura",Especialista en obras viales,19,QA funcional,62.5,MEDIO,Parcial
40/45,ATP-360-40,"Construcción, mención Obras Viales e Infraestructura",Especialista en obras viales,20,Coherencia global y recorrido estudiante,83.3,BAJO,Parcial
40/45,ATP-360-40,"Construcción, mención Obras Viales e Infraestructura",Especialista en obras viales,21,Prerrequisitos,75.0,BAJO,Parcial
40/45,ATP-360-40,"Construcción, mención Obras Viales e Infraestructura",Especialista en obras viales,22,Conceptos erróneos,16.7,ALTO,No verificado
40/45,ATP-360-40,"Construcción, mención Obras Viales e Infraestructura",Especialista en obras viales,23,Profundidad cognitiva,100.0,CONFORME,Verificado
40/45,ATP-360-40,"Construcción, mención Obras Viales e Infraestructura",Especialista en obras viales,24,Transferencia,75.0,BAJO,Parcial
40/45,ATP-360-40,"Construcción, mención Obras Viales e Infraestructura",Especialista en obras viales,25,Autonomía progresiva,75.0,BAJO,Parcial
40/45,ATP-360-40,"Construcción, mención Obras Viales e Infraestructura",Especialista en obras viales,26,Calidad del feedback,62.5,MEDIO,Parcial
40/45,ATP-360-40,"Construcción, mención Obras Viales e Infraestructura",Especialista en obras viales,27,Autenticidad laboral,33.3,ALTO,No verificado
40/45,ATP-360-40,"Construcción, mención Obras Viales e Infraestructura",Especialista en obras viales,28,Toma de decisiones,83.3,BAJO,Parcial
40/45,ATP-360-40,"Construcción, mención Obras Viales e Infraestructura",Especialista en obras viales,29,Diagnóstico de fallas,0.0,ALTO,No verificado
40/45,ATP-360-40,"Construcción, mención Obras Viales e Infraestructura",Especialista en obras viales,30,Aprendizaje desde el error,66.7,MEDIO,Parcial
40/45,ATP-360-40,"Construcción, mención Obras Viales e Infraestructura",Especialista en obras viales,31,Seguridad integrada,33.3,ALTO,No verificado
40/45,ATP-360-40,"Construcción, mención Obras Viales e Infraestructura",Especialista en obras viales,32,Evidencia de desempeño,83.3,BAJO,Parcial
40/45,ATP-360-40,"Construcción, mención Obras Viales e Infraestructura",Especialista en obras viales,33,Progresión 3°→4° medio,50.0,MEDIO,Parcial
40/45,ATP-360-40,"Construcción, mención Obras Viales e Infraestructura",Especialista en obras viales,34,Redundancia curricular,66.7,MEDIO,Parcial
40/45,ATP-360-40,"Construcción, mención Obras Viales e Infraestructura",Especialista en obras viales,35,Vacíos curriculares,83.3,BAJO,Parcial
40/45,ATP-360-40,"Construcción, mención Obras Viales e Infraestructura",Especialista en obras viales,36,Calidad de distractores,50.0,MEDIO,Parcial
40/45,ATP-360-40,"Construcción, mención Obras Viales e Infraestructura",Especialista en obras viales,37,Sesgo de evaluación,16.7,ALTO,No verificado
40/45,ATP-360-40,"Construcción, mención Obras Viales e Infraestructura",Especialista en obras viales,38,Consistencia terminológica,25.0,ALTO,No verificado
40/45,ATP-360-40,"Construcción, mención Obras Viales e Infraestructura",Especialista en obras viales,39,Alfabetización digital TP,50.0,MEDIO,Parcial
40/45,ATP-360-40,"Construcción, mención Obras Viales e Infraestructura",Especialista en obras viales,40,Datos y documentación laboral,83.3,BAJO,Parcial
40/45,ATP-360-40,"Construcción, mención Obras Viales e Infraestructura",Especialista en obras viales,41,Interdisciplinariedad,25.0,ALTO,No verificado
40/45,ATP-360-40,"Construcción, mención Obras Viales e Infraestructura",Especialista en obras viales,42,Accesibilidad cognitiva,62.5,MEDIO,Parcial
40/45,ATP-360-40,"Construcción, mención Obras Viales e Infraestructura",Especialista en obras viales,43,Responsive,33.3,ALTO,No verificado
40/45,ATP-360-40,"Construcción, mención Obras Viales e Infraestructura",Especialista en obras viales,44,Recuperación de errores UX,100.0,CONFORME,Verificado
40/45,ATP-360-40,"Construcción, mención Obras Viales e Infraestructura",Especialista en obras viales,45,Analítica educativa,83.3,BAJO,Parcial
40/45,ATP-360-40,"Construcción, mención Obras Viales e Infraestructura",Especialista en obras viales,46,Calidad de evidencias,83.3,BAJO,Parcial
40/45,ATP-360-40,"Construcción, mención Obras Viales e Infraestructura",Especialista en obras viales,47,Coherencia Portal Docente–Curso,83.3,BAJO,Parcial
40/45,ATP-360-40,"Construcción, mención Obras Viales e Infraestructura",Especialista en obras viales,48,Coherencia Mi Progreso–Curso,100.0,CONFORME,Verificado
40/45,ATP-360-40,"Construcción, mención Obras Viales e Infraestructura",Especialista en obras viales,49,Regresión,75.0,BAJO,Parcial
40/45,ATP-360-40,"Construcción, mención Obras Viales e Infraestructura",Especialista en obras viales,50,Auditoría adversarial final,16.7,ALTO,No verificado
41/45,ATP-360-41,"Química Industrial, mención Laboratorio Químico",Químico de laboratorio,1,Curricular MINEDUC,57.1,MEDIO,Parcial
41/45,ATP-360-41,"Química Industrial, mención Laboratorio Químico",Químico de laboratorio,2,Contenido técnico,40.9,ALTO,No verificado
41/45,ATP-360-41,"Química Industrial, mención Laboratorio Químico",Químico de laboratorio,3,Pedagógica,90.0,BAJO,Parcial
41/45,ATP-360-41,"Química Industrial, mención Laboratorio Químico",Químico de laboratorio,4,Didáctica,80.0,BAJO,Parcial
41/45,ATP-360-41,"Química Industrial, mención Laboratorio Químico",Químico de laboratorio,5,Instrucciones,100.0,CONFORME,Verificado
41/45,ATP-360-41,"Química Industrial, mención Laboratorio Químico",Químico de laboratorio,6,Actividades,90.0,BAJO,Parcial
41/45,ATP-360-41,"Química Industrial, mención Laboratorio Químico",Químico de laboratorio,7,Evaluación,72.2,MEDIO,Parcial
41/45,ATP-360-41,"Química Industrial, mención Laboratorio Químico",Químico de laboratorio,8,Situación Integradora,80.0,BAJO,Parcial
41/45,ATP-360-41,"Química Industrial, mención Laboratorio Químico",Químico de laboratorio,9,Simuladores,33.3,ALTO,No verificado
41/45,ATP-360-41,"Química Industrial, mención Laboratorio Químico",Químico de laboratorio,10,Multimedia,28.6,ALTO,No verificado
41/45,ATP-360-41,"Química Industrial, mención Laboratorio Químico",Químico de laboratorio,11,Accesibilidad WCAG 2.2 AA,58.3,MEDIO,Parcial
41/45,ATP-360-41,"Química Industrial, mención Laboratorio Químico",Químico de laboratorio,12,UX/UI pedagógica,80.0,BAJO,Parcial
41/45,ATP-360-41,"Química Industrial, mención Laboratorio Químico",Químico de laboratorio,13,Carga cognitiva,62.5,MEDIO,Parcial
41/45,ATP-360-41,"Química Industrial, mención Laboratorio Químico",Químico de laboratorio,14,Contextualización laboral,72.5,MEDIO,Parcial
41/45,ATP-360-41,"Química Industrial, mención Laboratorio Químico",Químico de laboratorio,15,Seguridad,33.3,ALTO,No verificado
41/45,ATP-360-41,"Química Industrial, mención Laboratorio Químico",Químico de laboratorio,16,Progresión entre estaciones,100.0,CONFORME,Verificado
41/45,ATP-360-41,"Química Industrial, mención Laboratorio Químico",Químico de laboratorio,17,Estación 5,100.0,CONFORME,Verificado
41/45,ATP-360-41,"Química Industrial, mención Laboratorio Químico",Químico de laboratorio,18,Tiempo pedagógico,100.0,CONFORME,Verificado
41/45,ATP-360-41,"Química Industrial, mención Laboratorio Químico",Químico de laboratorio,19,QA funcional,62.5,MEDIO,Parcial
41/45,ATP-360-41,"Química Industrial, mención Laboratorio Químico",Químico de laboratorio,20,Coherencia global y recorrido estudiante,83.3,BAJO,Parcial
41/45,ATP-360-41,"Química Industrial, mención Laboratorio Químico",Químico de laboratorio,21,Prerrequisitos,75.0,BAJO,Parcial
41/45,ATP-360-41,"Química Industrial, mención Laboratorio Químico",Químico de laboratorio,22,Conceptos erróneos,16.7,ALTO,No verificado
41/45,ATP-360-41,"Química Industrial, mención Laboratorio Químico",Químico de laboratorio,23,Profundidad cognitiva,100.0,CONFORME,Verificado
41/45,ATP-360-41,"Química Industrial, mención Laboratorio Químico",Químico de laboratorio,24,Transferencia,75.0,BAJO,Parcial
41/45,ATP-360-41,"Química Industrial, mención Laboratorio Químico",Químico de laboratorio,25,Autonomía progresiva,75.0,BAJO,Parcial
41/45,ATP-360-41,"Química Industrial, mención Laboratorio Químico",Químico de laboratorio,26,Calidad del feedback,62.5,MEDIO,Parcial
41/45,ATP-360-41,"Química Industrial, mención Laboratorio Químico",Químico de laboratorio,27,Autenticidad laboral,33.3,ALTO,No verificado
41/45,ATP-360-41,"Química Industrial, mención Laboratorio Químico",Químico de laboratorio,28,Toma de decisiones,83.3,BAJO,Parcial
41/45,ATP-360-41,"Química Industrial, mención Laboratorio Químico",Químico de laboratorio,29,Diagnóstico de fallas,0.0,ALTO,No verificado
41/45,ATP-360-41,"Química Industrial, mención Laboratorio Químico",Químico de laboratorio,30,Aprendizaje desde el error,66.7,MEDIO,Parcial
41/45,ATP-360-41,"Química Industrial, mención Laboratorio Químico",Químico de laboratorio,31,Seguridad integrada,33.3,ALTO,No verificado
41/45,ATP-360-41,"Química Industrial, mención Laboratorio Químico",Químico de laboratorio,32,Evidencia de desempeño,83.3,BAJO,Parcial
41/45,ATP-360-41,"Química Industrial, mención Laboratorio Químico",Químico de laboratorio,33,Progresión 3°→4° medio,50.0,MEDIO,Parcial
41/45,ATP-360-41,"Química Industrial, mención Laboratorio Químico",Químico de laboratorio,34,Redundancia curricular,66.7,MEDIO,Parcial
41/45,ATP-360-41,"Química Industrial, mención Laboratorio Químico",Químico de laboratorio,35,Vacíos curriculares,83.3,BAJO,Parcial
41/45,ATP-360-41,"Química Industrial, mención Laboratorio Químico",Químico de laboratorio,36,Calidad de distractores,50.0,MEDIO,Parcial
41/45,ATP-360-41,"Química Industrial, mención Laboratorio Químico",Químico de laboratorio,37,Sesgo de evaluación,16.7,ALTO,No verificado
41/45,ATP-360-41,"Química Industrial, mención Laboratorio Químico",Químico de laboratorio,38,Consistencia terminológica,25.0,ALTO,No verificado
41/45,ATP-360-41,"Química Industrial, mención Laboratorio Químico",Químico de laboratorio,39,Alfabetización digital TP,50.0,MEDIO,Parcial
41/45,ATP-360-41,"Química Industrial, mención Laboratorio Químico",Químico de laboratorio,40,Datos y documentación laboral,83.3,BAJO,Parcial
41/45,ATP-360-41,"Química Industrial, mención Laboratorio Químico",Químico de laboratorio,41,Interdisciplinariedad,25.0,ALTO,No verificado
41/45,ATP-360-41,"Química Industrial, mención Laboratorio Químico",Químico de laboratorio,42,Accesibilidad cognitiva,62.5,MEDIO,Parcial
41/45,ATP-360-41,"Química Industrial, mención Laboratorio Químico",Químico de laboratorio,43,Responsive,33.3,ALTO,No verificado
41/45,ATP-360-41,"Química Industrial, mención Laboratorio Químico",Químico de laboratorio,44,Recuperación de errores UX,100.0,CONFORME,Verificado
41/45,ATP-360-41,"Química Industrial, mención Laboratorio Químico",Químico de laboratorio,45,Analítica educativa,83.3,BAJO,Parcial
41/45,ATP-360-41,"Química Industrial, mención Laboratorio Químico",Químico de laboratorio,46,Calidad de evidencias,83.3,BAJO,Parcial
41/45,ATP-360-41,"Química Industrial, mención Laboratorio Químico",Químico de laboratorio,47,Coherencia Portal Docente–Curso,83.3,BAJO,Parcial
41/45,ATP-360-41,"Química Industrial, mención Laboratorio Químico",Químico de laboratorio,48,Coherencia Mi Progreso–Curso,100.0,CONFORME,Verificado
41/45,ATP-360-41,"Química Industrial, mención Laboratorio Químico",Químico de laboratorio,49,Regresión,75.0,BAJO,Parcial
41/45,ATP-360-41,"Química Industrial, mención Laboratorio Químico",Químico de laboratorio,50,Auditoría adversarial final,16.7,ALTO,No verificado
42/45,ATP-360-42,"Química Industrial, mención Planta Química",Ingeniero de planta química,1,Curricular MINEDUC,57.1,MEDIO,Parcial
42/45,ATP-360-42,"Química Industrial, mención Planta Química",Ingeniero de planta química,2,Contenido técnico,40.8,ALTO,No verificado
42/45,ATP-360-42,"Química Industrial, mención Planta Química",Ingeniero de planta química,3,Pedagógica,90.0,BAJO,Parcial
42/45,ATP-360-42,"Química Industrial, mención Planta Química",Ingeniero de planta química,4,Didáctica,80.0,BAJO,Parcial
42/45,ATP-360-42,"Química Industrial, mención Planta Química",Ingeniero de planta química,5,Instrucciones,100.0,CONFORME,Verificado
42/45,ATP-360-42,"Química Industrial, mención Planta Química",Ingeniero de planta química,6,Actividades,90.0,BAJO,Parcial
42/45,ATP-360-42,"Química Industrial, mención Planta Química",Ingeniero de planta química,7,Evaluación,72.2,MEDIO,Parcial
42/45,ATP-360-42,"Química Industrial, mención Planta Química",Ingeniero de planta química,8,Situación Integradora,80.0,BAJO,Parcial
42/45,ATP-360-42,"Química Industrial, mención Planta Química",Ingeniero de planta química,9,Simuladores,33.3,ALTO,No verificado
42/45,ATP-360-42,"Química Industrial, mención Planta Química",Ingeniero de planta química,10,Multimedia,28.6,ALTO,No verificado
42/45,ATP-360-42,"Química Industrial, mención Planta Química",Ingeniero de planta química,11,Accesibilidad WCAG 2.2 AA,58.3,MEDIO,Parcial
42/45,ATP-360-42,"Química Industrial, mención Planta Química",Ingeniero de planta química,12,UX/UI pedagógica,80.0,BAJO,Parcial
42/45,ATP-360-42,"Química Industrial, mención Planta Química",Ingeniero de planta química,13,Carga cognitiva,62.5,MEDIO,Parcial
42/45,ATP-360-42,"Química Industrial, mención Planta Química",Ingeniero de planta química,14,Contextualización laboral,72.2,MEDIO,Parcial
42/45,ATP-360-42,"Química Industrial, mención Planta Química",Ingeniero de planta química,15,Seguridad,33.3,ALTO,No verificado
42/45,ATP-360-42,"Química Industrial, mención Planta Química",Ingeniero de planta química,16,Progresión entre estaciones,100.0,CONFORME,Verificado
42/45,ATP-360-42,"Química Industrial, mención Planta Química",Ingeniero de planta química,17,Estación 5,100.0,CONFORME,Verificado
42/45,ATP-360-42,"Química Industrial, mención Planta Química",Ingeniero de planta química,18,Tiempo pedagógico,100.0,CONFORME,Verificado
42/45,ATP-360-42,"Química Industrial, mención Planta Química",Ingeniero de planta química,19,QA funcional,62.5,MEDIO,Parcial
42/45,ATP-360-42,"Química Industrial, mención Planta Química",Ingeniero de planta química,20,Coherencia global y recorrido estudiante,83.3,BAJO,Parcial
42/45,ATP-360-42,"Química Industrial, mención Planta Química",Ingeniero de planta química,21,Prerrequisitos,75.0,BAJO,Parcial
42/45,ATP-360-42,"Química Industrial, mención Planta Química",Ingeniero de planta química,22,Conceptos erróneos,16.7,ALTO,No verificado
42/45,ATP-360-42,"Química Industrial, mención Planta Química",Ingeniero de planta química,23,Profundidad cognitiva,100.0,CONFORME,Verificado
42/45,ATP-360-42,"Química Industrial, mención Planta Química",Ingeniero de planta química,24,Transferencia,75.0,BAJO,Parcial
42/45,ATP-360-42,"Química Industrial, mención Planta Química",Ingeniero de planta química,25,Autonomía progresiva,75.0,BAJO,Parcial
42/45,ATP-360-42,"Química Industrial, mención Planta Química",Ingeniero de planta química,26,Calidad del feedback,62.5,MEDIO,Parcial
42/45,ATP-360-42,"Química Industrial, mención Planta Química",Ingeniero de planta química,27,Autenticidad laboral,33.3,ALTO,No verificado
42/45,ATP-360-42,"Química Industrial, mención Planta Química",Ingeniero de planta química,28,Toma de decisiones,83.3,BAJO,Parcial
42/45,ATP-360-42,"Química Industrial, mención Planta Química",Ingeniero de planta química,29,Diagnóstico de fallas,2.8,ALTO,No verificado
42/45,ATP-360-42,"Química Industrial, mención Planta Química",Ingeniero de planta química,30,Aprendizaje desde el error,66.7,MEDIO,Parcial
42/45,ATP-360-42,"Química Industrial, mención Planta Química",Ingeniero de planta química,31,Seguridad integrada,33.3,ALTO,No verificado
42/45,ATP-360-42,"Química Industrial, mención Planta Química",Ingeniero de planta química,32,Evidencia de desempeño,83.3,BAJO,Parcial
42/45,ATP-360-42,"Química Industrial, mención Planta Química",Ingeniero de planta química,33,Progresión 3°→4° medio,50.0,MEDIO,Parcial
42/45,ATP-360-42,"Química Industrial, mención Planta Química",Ingeniero de planta química,34,Redundancia curricular,66.7,MEDIO,Parcial
42/45,ATP-360-42,"Química Industrial, mención Planta Química",Ingeniero de planta química,35,Vacíos curriculares,83.3,BAJO,Parcial
42/45,ATP-360-42,"Química Industrial, mención Planta Química",Ingeniero de planta química,36,Calidad de distractores,50.0,MEDIO,Parcial
42/45,ATP-360-42,"Química Industrial, mención Planta Química",Ingeniero de planta química,37,Sesgo de evaluación,16.7,ALTO,No verificado
42/45,ATP-360-42,"Química Industrial, mención Planta Química",Ingeniero de planta química,38,Consistencia terminológica,25.0,ALTO,No verificado
42/45,ATP-360-42,"Química Industrial, mención Planta Química",Ingeniero de planta química,39,Alfabetización digital TP,50.0,MEDIO,Parcial
42/45,ATP-360-42,"Química Industrial, mención Planta Química",Ingeniero de planta química,40,Datos y documentación laboral,83.3,BAJO,Parcial
42/45,ATP-360-42,"Química Industrial, mención Planta Química",Ingeniero de planta química,41,Interdisciplinariedad,25.0,ALTO,No verificado
42/45,ATP-360-42,"Química Industrial, mención Planta Química",Ingeniero de planta química,42,Accesibilidad cognitiva,62.5,MEDIO,Parcial
42/45,ATP-360-42,"Química Industrial, mención Planta Química",Ingeniero de planta química,43,Responsive,33.3,ALTO,No verificado
42/45,ATP-360-42,"Química Industrial, mención Planta Química",Ingeniero de planta química,44,Recuperación de errores UX,100.0,CONFORME,Verificado
42/45,ATP-360-42,"Química Industrial, mención Planta Química",Ingeniero de planta química,45,Analítica educativa,83.3,BAJO,Parcial
42/45,ATP-360-42,"Química Industrial, mención Planta Química",Ingeniero de planta química,46,Calidad de evidencias,83.3,BAJO,Parcial
42/45,ATP-360-42,"Química Industrial, mención Planta Química",Ingeniero de planta química,47,Coherencia Portal Docente–Curso,83.3,BAJO,Parcial
42/45,ATP-360-42,"Química Industrial, mención Planta Química",Ingeniero de planta química,48,Coherencia Mi Progreso–Curso,100.0,CONFORME,Verificado
42/45,ATP-360-42,"Química Industrial, mención Planta Química",Ingeniero de planta química,49,Regresión,75.0,BAJO,Parcial
42/45,ATP-360-42,"Química Industrial, mención Planta Química",Ingeniero de planta química,50,Auditoría adversarial final,16.7,ALTO,No verificado
43/45,ATP-360-43,"Mecánica Industrial, mención Máquinas-Herramientas",Especialista en máquinas-herramientas,1,Curricular MINEDUC,57.1,MEDIO,Parcial
43/45,ATP-360-43,"Mecánica Industrial, mención Máquinas-Herramientas",Especialista en máquinas-herramientas,2,Contenido técnico,40.9,ALTO,No verificado
43/45,ATP-360-43,"Mecánica Industrial, mención Máquinas-Herramientas",Especialista en máquinas-herramientas,3,Pedagógica,90.0,BAJO,Parcial
43/45,ATP-360-43,"Mecánica Industrial, mención Máquinas-Herramientas",Especialista en máquinas-herramientas,4,Didáctica,80.0,BAJO,Parcial
43/45,ATP-360-43,"Mecánica Industrial, mención Máquinas-Herramientas",Especialista en máquinas-herramientas,5,Instrucciones,100.0,CONFORME,Verificado
43/45,ATP-360-43,"Mecánica Industrial, mención Máquinas-Herramientas",Especialista en máquinas-herramientas,6,Actividades,90.0,BAJO,Parcial
43/45,ATP-360-43,"Mecánica Industrial, mención Máquinas-Herramientas",Especialista en máquinas-herramientas,7,Evaluación,72.2,MEDIO,Parcial
43/45,ATP-360-43,"Mecánica Industrial, mención Máquinas-Herramientas",Especialista en máquinas-herramientas,8,Situación Integradora,80.0,BAJO,Parcial
43/45,ATP-360-43,"Mecánica Industrial, mención Máquinas-Herramientas",Especialista en máquinas-herramientas,9,Simuladores,33.3,ALTO,No verificado
43/45,ATP-360-43,"Mecánica Industrial, mención Máquinas-Herramientas",Especialista en máquinas-herramientas,10,Multimedia,28.6,ALTO,No verificado
43/45,ATP-360-43,"Mecánica Industrial, mención Máquinas-Herramientas",Especialista en máquinas-herramientas,11,Accesibilidad WCAG 2.2 AA,58.3,MEDIO,Parcial
43/45,ATP-360-43,"Mecánica Industrial, mención Máquinas-Herramientas",Especialista en máquinas-herramientas,12,UX/UI pedagógica,80.0,BAJO,Parcial
43/45,ATP-360-43,"Mecánica Industrial, mención Máquinas-Herramientas",Especialista en máquinas-herramientas,13,Carga cognitiva,62.5,MEDIO,Parcial
43/45,ATP-360-43,"Mecánica Industrial, mención Máquinas-Herramientas",Especialista en máquinas-herramientas,14,Contextualización laboral,71.2,MEDIO,Parcial
43/45,ATP-360-43,"Mecánica Industrial, mención Máquinas-Herramientas",Especialista en máquinas-herramientas,15,Seguridad,33.3,ALTO,No verificado
43/45,ATP-360-43,"Mecánica Industrial, mención Máquinas-Herramientas",Especialista en máquinas-herramientas,16,Progresión entre estaciones,100.0,CONFORME,Verificado
43/45,ATP-360-43,"Mecánica Industrial, mención Máquinas-Herramientas",Especialista en máquinas-herramientas,17,Estación 5,100.0,CONFORME,Verificado
43/45,ATP-360-43,"Mecánica Industrial, mención Máquinas-Herramientas",Especialista en máquinas-herramientas,18,Tiempo pedagógico,100.0,CONFORME,Verificado
43/45,ATP-360-43,"Mecánica Industrial, mención Máquinas-Herramientas",Especialista en máquinas-herramientas,19,QA funcional,62.5,MEDIO,Parcial
43/45,ATP-360-43,"Mecánica Industrial, mención Máquinas-Herramientas",Especialista en máquinas-herramientas,20,Coherencia global y recorrido estudiante,83.3,BAJO,Parcial
43/45,ATP-360-43,"Mecánica Industrial, mención Máquinas-Herramientas",Especialista en máquinas-herramientas,21,Prerrequisitos,75.0,BAJO,Parcial
43/45,ATP-360-43,"Mecánica Industrial, mención Máquinas-Herramientas",Especialista en máquinas-herramientas,22,Conceptos erróneos,16.7,ALTO,No verificado
43/45,ATP-360-43,"Mecánica Industrial, mención Máquinas-Herramientas",Especialista en máquinas-herramientas,23,Profundidad cognitiva,100.0,CONFORME,Verificado
43/45,ATP-360-43,"Mecánica Industrial, mención Máquinas-Herramientas",Especialista en máquinas-herramientas,24,Transferencia,75.0,BAJO,Parcial
43/45,ATP-360-43,"Mecánica Industrial, mención Máquinas-Herramientas",Especialista en máquinas-herramientas,25,Autonomía progresiva,75.0,BAJO,Parcial
43/45,ATP-360-43,"Mecánica Industrial, mención Máquinas-Herramientas",Especialista en máquinas-herramientas,26,Calidad del feedback,62.5,MEDIO,Parcial
43/45,ATP-360-43,"Mecánica Industrial, mención Máquinas-Herramientas",Especialista en máquinas-herramientas,27,Autenticidad laboral,33.3,ALTO,No verificado
43/45,ATP-360-43,"Mecánica Industrial, mención Máquinas-Herramientas",Especialista en máquinas-herramientas,28,Toma de decisiones,83.3,BAJO,Parcial
43/45,ATP-360-43,"Mecánica Industrial, mención Máquinas-Herramientas",Especialista en máquinas-herramientas,29,Diagnóstico de fallas,0.0,ALTO,No verificado
43/45,ATP-360-43,"Mecánica Industrial, mención Máquinas-Herramientas",Especialista en máquinas-herramientas,30,Aprendizaje desde el error,66.7,MEDIO,Parcial
43/45,ATP-360-43,"Mecánica Industrial, mención Máquinas-Herramientas",Especialista en máquinas-herramientas,31,Seguridad integrada,33.3,ALTO,No verificado
43/45,ATP-360-43,"Mecánica Industrial, mención Máquinas-Herramientas",Especialista en máquinas-herramientas,32,Evidencia de desempeño,83.3,BAJO,Parcial
43/45,ATP-360-43,"Mecánica Industrial, mención Máquinas-Herramientas",Especialista en máquinas-herramientas,33,Progresión 3°→4° medio,50.0,MEDIO,Parcial
43/45,ATP-360-43,"Mecánica Industrial, mención Máquinas-Herramientas",Especialista en máquinas-herramientas,34,Redundancia curricular,66.7,MEDIO,Parcial
43/45,ATP-360-43,"Mecánica Industrial, mención Máquinas-Herramientas",Especialista en máquinas-herramientas,35,Vacíos curriculares,83.3,BAJO,Parcial
43/45,ATP-360-43,"Mecánica Industrial, mención Máquinas-Herramientas",Especialista en máquinas-herramientas,36,Calidad de distractores,50.0,MEDIO,Parcial
43/45,ATP-360-43,"Mecánica Industrial, mención Máquinas-Herramientas",Especialista en máquinas-herramientas,37,Sesgo de evaluación,16.7,ALTO,No verificado
43/45,ATP-360-43,"Mecánica Industrial, mención Máquinas-Herramientas",Especialista en máquinas-herramientas,38,Consistencia terminológica,25.0,ALTO,No verificado
43/45,ATP-360-43,"Mecánica Industrial, mención Máquinas-Herramientas",Especialista en máquinas-herramientas,39,Alfabetización digital TP,50.0,MEDIO,Parcial
43/45,ATP-360-43,"Mecánica Industrial, mención Máquinas-Herramientas",Especialista en máquinas-herramientas,40,Datos y documentación laboral,83.3,BAJO,Parcial
43/45,ATP-360-43,"Mecánica Industrial, mención Máquinas-Herramientas",Especialista en máquinas-herramientas,41,Interdisciplinariedad,25.0,ALTO,No verificado
43/45,ATP-360-43,"Mecánica Industrial, mención Máquinas-Herramientas",Especialista en máquinas-herramientas,42,Accesibilidad cognitiva,62.5,MEDIO,Parcial
43/45,ATP-360-43,"Mecánica Industrial, mención Máquinas-Herramientas",Especialista en máquinas-herramientas,43,Responsive,33.3,ALTO,No verificado
43/45,ATP-360-43,"Mecánica Industrial, mención Máquinas-Herramientas",Especialista en máquinas-herramientas,44,Recuperación de errores UX,100.0,CONFORME,Verificado
43/45,ATP-360-43,"Mecánica Industrial, mención Máquinas-Herramientas",Especialista en máquinas-herramientas,45,Analítica educativa,83.3,BAJO,Parcial
43/45,ATP-360-43,"Mecánica Industrial, mención Máquinas-Herramientas",Especialista en máquinas-herramientas,46,Calidad de evidencias,83.3,BAJO,Parcial
43/45,ATP-360-43,"Mecánica Industrial, mención Máquinas-Herramientas",Especialista en máquinas-herramientas,47,Coherencia Portal Docente–Curso,83.3,BAJO,Parcial
43/45,ATP-360-43,"Mecánica Industrial, mención Máquinas-Herramientas",Especialista en máquinas-herramientas,48,Coherencia Mi Progreso–Curso,100.0,CONFORME,Verificado
43/45,ATP-360-43,"Mecánica Industrial, mención Máquinas-Herramientas",Especialista en máquinas-herramientas,49,Regresión,75.0,BAJO,Parcial
43/45,ATP-360-43,"Mecánica Industrial, mención Máquinas-Herramientas",Especialista en máquinas-herramientas,50,Auditoría adversarial final,16.7,ALTO,No verificado
44/45,ATP-360-44,"Mecánica Industrial, mención Matricería",Especialista en matricería,1,Curricular MINEDUC,57.1,MEDIO,Parcial
44/45,ATP-360-44,"Mecánica Industrial, mención Matricería",Especialista en matricería,2,Contenido técnico,40.9,ALTO,No verificado
44/45,ATP-360-44,"Mecánica Industrial, mención Matricería",Especialista en matricería,3,Pedagógica,90.0,BAJO,Parcial
44/45,ATP-360-44,"Mecánica Industrial, mención Matricería",Especialista en matricería,4,Didáctica,80.0,BAJO,Parcial
44/45,ATP-360-44,"Mecánica Industrial, mención Matricería",Especialista en matricería,5,Instrucciones,100.0,CONFORME,Verificado
44/45,ATP-360-44,"Mecánica Industrial, mención Matricería",Especialista en matricería,6,Actividades,90.0,BAJO,Parcial
44/45,ATP-360-44,"Mecánica Industrial, mención Matricería",Especialista en matricería,7,Evaluación,72.2,MEDIO,Parcial
44/45,ATP-360-44,"Mecánica Industrial, mención Matricería",Especialista en matricería,8,Situación Integradora,80.0,BAJO,Parcial
44/45,ATP-360-44,"Mecánica Industrial, mención Matricería",Especialista en matricería,9,Simuladores,33.3,ALTO,No verificado
44/45,ATP-360-44,"Mecánica Industrial, mención Matricería",Especialista en matricería,10,Multimedia,28.6,ALTO,No verificado
44/45,ATP-360-44,"Mecánica Industrial, mención Matricería",Especialista en matricería,11,Accesibilidad WCAG 2.2 AA,58.3,MEDIO,Parcial
44/45,ATP-360-44,"Mecánica Industrial, mención Matricería",Especialista en matricería,12,UX/UI pedagógica,80.0,BAJO,Parcial
44/45,ATP-360-44,"Mecánica Industrial, mención Matricería",Especialista en matricería,13,Carga cognitiva,62.5,MEDIO,Parcial
44/45,ATP-360-44,"Mecánica Industrial, mención Matricería",Especialista en matricería,14,Contextualización laboral,67.5,MEDIO,Parcial
44/45,ATP-360-44,"Mecánica Industrial, mención Matricería",Especialista en matricería,15,Seguridad,33.3,ALTO,No verificado
44/45,ATP-360-44,"Mecánica Industrial, mención Matricería",Especialista en matricería,16,Progresión entre estaciones,100.0,CONFORME,Verificado
44/45,ATP-360-44,"Mecánica Industrial, mención Matricería",Especialista en matricería,17,Estación 5,100.0,CONFORME,Verificado
44/45,ATP-360-44,"Mecánica Industrial, mención Matricería",Especialista en matricería,18,Tiempo pedagógico,100.0,CONFORME,Verificado
44/45,ATP-360-44,"Mecánica Industrial, mención Matricería",Especialista en matricería,19,QA funcional,62.5,MEDIO,Parcial
44/45,ATP-360-44,"Mecánica Industrial, mención Matricería",Especialista en matricería,20,Coherencia global y recorrido estudiante,83.3,BAJO,Parcial
44/45,ATP-360-44,"Mecánica Industrial, mención Matricería",Especialista en matricería,21,Prerrequisitos,75.0,BAJO,Parcial
44/45,ATP-360-44,"Mecánica Industrial, mención Matricería",Especialista en matricería,22,Conceptos erróneos,16.7,ALTO,No verificado
44/45,ATP-360-44,"Mecánica Industrial, mención Matricería",Especialista en matricería,23,Profundidad cognitiva,100.0,CONFORME,Verificado
44/45,ATP-360-44,"Mecánica Industrial, mención Matricería",Especialista en matricería,24,Transferencia,75.0,BAJO,Parcial
44/45,ATP-360-44,"Mecánica Industrial, mención Matricería",Especialista en matricería,25,Autonomía progresiva,75.0,BAJO,Parcial
44/45,ATP-360-44,"Mecánica Industrial, mención Matricería",Especialista en matricería,26,Calidad del feedback,62.5,MEDIO,Parcial
44/45,ATP-360-44,"Mecánica Industrial, mención Matricería",Especialista en matricería,27,Autenticidad laboral,33.3,ALTO,No verificado
44/45,ATP-360-44,"Mecánica Industrial, mención Matricería",Especialista en matricería,28,Toma de decisiones,83.3,BAJO,Parcial
44/45,ATP-360-44,"Mecánica Industrial, mención Matricería",Especialista en matricería,29,Diagnóstico de fallas,2.5,ALTO,No verificado
44/45,ATP-360-44,"Mecánica Industrial, mención Matricería",Especialista en matricería,30,Aprendizaje desde el error,66.7,MEDIO,Parcial
44/45,ATP-360-44,"Mecánica Industrial, mención Matricería",Especialista en matricería,31,Seguridad integrada,33.3,ALTO,No verificado
44/45,ATP-360-44,"Mecánica Industrial, mención Matricería",Especialista en matricería,32,Evidencia de desempeño,83.3,BAJO,Parcial
44/45,ATP-360-44,"Mecánica Industrial, mención Matricería",Especialista en matricería,33,Progresión 3°→4° medio,50.0,MEDIO,Parcial
44/45,ATP-360-44,"Mecánica Industrial, mención Matricería",Especialista en matricería,34,Redundancia curricular,66.7,MEDIO,Parcial
44/45,ATP-360-44,"Mecánica Industrial, mención Matricería",Especialista en matricería,35,Vacíos curriculares,83.3,BAJO,Parcial
44/45,ATP-360-44,"Mecánica Industrial, mención Matricería",Especialista en matricería,36,Calidad de distractores,50.0,MEDIO,Parcial
44/45,ATP-360-44,"Mecánica Industrial, mención Matricería",Especialista en matricería,37,Sesgo de evaluación,16.7,ALTO,No verificado
44/45,ATP-360-44,"Mecánica Industrial, mención Matricería",Especialista en matricería,38,Consistencia terminológica,25.0,ALTO,No verificado
44/45,ATP-360-44,"Mecánica Industrial, mención Matricería",Especialista en matricería,39,Alfabetización digital TP,50.0,MEDIO,Parcial
44/45,ATP-360-44,"Mecánica Industrial, mención Matricería",Especialista en matricería,40,Datos y documentación laboral,83.3,BAJO,Parcial
44/45,ATP-360-44,"Mecánica Industrial, mención Matricería",Especialista en matricería,41,Interdisciplinariedad,25.0,ALTO,No verificado
44/45,ATP-360-44,"Mecánica Industrial, mención Matricería",Especialista en matricería,42,Accesibilidad cognitiva,62.5,MEDIO,Parcial
44/45,ATP-360-44,"Mecánica Industrial, mención Matricería",Especialista en matricería,43,Responsive,33.3,ALTO,No verificado
44/45,ATP-360-44,"Mecánica Industrial, mención Matricería",Especialista en matricería,44,Recuperación de errores UX,100.0,CONFORME,Verificado
44/45,ATP-360-44,"Mecánica Industrial, mención Matricería",Especialista en matricería,45,Analítica educativa,83.3,BAJO,Parcial
44/45,ATP-360-44,"Mecánica Industrial, mención Matricería",Especialista en matricería,46,Calidad de evidencias,83.3,BAJO,Parcial
44/45,ATP-360-44,"Mecánica Industrial, mención Matricería",Especialista en matricería,47,Coherencia Portal Docente–Curso,83.3,BAJO,Parcial
44/45,ATP-360-44,"Mecánica Industrial, mención Matricería",Especialista en matricería,48,Coherencia Mi Progreso–Curso,100.0,CONFORME,Verificado
44/45,ATP-360-44,"Mecánica Industrial, mención Matricería",Especialista en matricería,49,Regresión,75.0,BAJO,Parcial
44/45,ATP-360-44,"Mecánica Industrial, mención Matricería",Especialista en matricería,50,Auditoría adversarial final,16.7,ALTO,No verificado
45/45,ATP-360-45,"Mecánica Industrial, mención Mantenimiento Electromecánico",Especialista en mantenimiento electromecánico,1,Curricular MINEDUC,57.1,MEDIO,Parcial
45/45,ATP-360-45,"Mecánica Industrial, mención Mantenimiento Electromecánico",Especialista en mantenimiento electromecánico,2,Contenido técnico,40.9,ALTO,No verificado
45/45,ATP-360-45,"Mecánica Industrial, mención Mantenimiento Electromecánico",Especialista en mantenimiento electromecánico,3,Pedagógica,90.0,BAJO,Parcial
45/45,ATP-360-45,"Mecánica Industrial, mención Mantenimiento Electromecánico",Especialista en mantenimiento electromecánico,4,Didáctica,80.0,BAJO,Parcial
45/45,ATP-360-45,"Mecánica Industrial, mención Mantenimiento Electromecánico",Especialista en mantenimiento electromecánico,5,Instrucciones,100.0,CONFORME,Verificado
45/45,ATP-360-45,"Mecánica Industrial, mención Mantenimiento Electromecánico",Especialista en mantenimiento electromecánico,6,Actividades,90.0,BAJO,Parcial
45/45,ATP-360-45,"Mecánica Industrial, mención Mantenimiento Electromecánico",Especialista en mantenimiento electromecánico,7,Evaluación,72.2,MEDIO,Parcial
45/45,ATP-360-45,"Mecánica Industrial, mención Mantenimiento Electromecánico",Especialista en mantenimiento electromecánico,8,Situación Integradora,80.0,BAJO,Parcial
45/45,ATP-360-45,"Mecánica Industrial, mención Mantenimiento Electromecánico",Especialista en mantenimiento electromecánico,9,Simuladores,33.3,ALTO,No verificado
45/45,ATP-360-45,"Mecánica Industrial, mención Mantenimiento Electromecánico",Especialista en mantenimiento electromecánico,10,Multimedia,28.6,ALTO,No verificado
45/45,ATP-360-45,"Mecánica Industrial, mención Mantenimiento Electromecánico",Especialista en mantenimiento electromecánico,11,Accesibilidad WCAG 2.2 AA,58.3,MEDIO,Parcial
45/45,ATP-360-45,"Mecánica Industrial, mención Mantenimiento Electromecánico",Especialista en mantenimiento electromecánico,12,UX/UI pedagógica,80.0,BAJO,Parcial
45/45,ATP-360-45,"Mecánica Industrial, mención Mantenimiento Electromecánico",Especialista en mantenimiento electromecánico,13,Carga cognitiva,62.5,MEDIO,Parcial
45/45,ATP-360-45,"Mecánica Industrial, mención Mantenimiento Electromecánico",Especialista en mantenimiento electromecánico,14,Contextualización laboral,68.8,MEDIO,Parcial
45/45,ATP-360-45,"Mecánica Industrial, mención Mantenimiento Electromecánico",Especialista en mantenimiento electromecánico,15,Seguridad,33.3,ALTO,No verificado
45/45,ATP-360-45,"Mecánica Industrial, mención Mantenimiento Electromecánico",Especialista en mantenimiento electromecánico,16,Progresión entre estaciones,100.0,CONFORME,Verificado
45/45,ATP-360-45,"Mecánica Industrial, mención Mantenimiento Electromecánico",Especialista en mantenimiento electromecánico,17,Estación 5,100.0,CONFORME,Verificado
45/45,ATP-360-45,"Mecánica Industrial, mención Mantenimiento Electromecánico",Especialista en mantenimiento electromecánico,18,Tiempo pedagógico,100.0,CONFORME,Verificado
45/45,ATP-360-45,"Mecánica Industrial, mención Mantenimiento Electromecánico",Especialista en mantenimiento electromecánico,19,QA funcional,62.5,MEDIO,Parcial
45/45,ATP-360-45,"Mecánica Industrial, mención Mantenimiento Electromecánico",Especialista en mantenimiento electromecánico,20,Coherencia global y recorrido estudiante,83.3,BAJO,Parcial
45/45,ATP-360-45,"Mecánica Industrial, mención Mantenimiento Electromecánico",Especialista en mantenimiento electromecánico,21,Prerrequisitos,75.0,BAJO,Parcial
45/45,ATP-360-45,"Mecánica Industrial, mención Mantenimiento Electromecánico",Especialista en mantenimiento electromecánico,22,Conceptos erróneos,16.7,ALTO,No verificado
45/45,ATP-360-45,"Mecánica Industrial, mención Mantenimiento Electromecánico",Especialista en mantenimiento electromecánico,23,Profundidad cognitiva,100.0,CONFORME,Verificado
45/45,ATP-360-45,"Mecánica Industrial, mención Mantenimiento Electromecánico",Especialista en mantenimiento electromecánico,24,Transferencia,75.0,BAJO,Parcial
45/45,ATP-360-45,"Mecánica Industrial, mención Mantenimiento Electromecánico",Especialista en mantenimiento electromecánico,25,Autonomía progresiva,75.0,BAJO,Parcial
45/45,ATP-360-45,"Mecánica Industrial, mención Mantenimiento Electromecánico",Especialista en mantenimiento electromecánico,26,Calidad del feedback,62.5,MEDIO,Parcial
45/45,ATP-360-45,"Mecánica Industrial, mención Mantenimiento Electromecánico",Especialista en mantenimiento electromecánico,27,Autenticidad laboral,33.3,ALTO,No verificado
45/45,ATP-360-45,"Mecánica Industrial, mención Mantenimiento Electromecánico",Especialista en mantenimiento electromecánico,28,Toma de decisiones,83.3,BAJO,Parcial
45/45,ATP-360-45,"Mecánica Industrial, mención Mantenimiento Electromecánico",Especialista en mantenimiento electromecánico,29,Diagnóstico de fallas,5.0,ALTO,No verificado
45/45,ATP-360-45,"Mecánica Industrial, mención Mantenimiento Electromecánico",Especialista en mantenimiento electromecánico,30,Aprendizaje desde el error,66.7,MEDIO,Parcial
45/45,ATP-360-45,"Mecánica Industrial, mención Mantenimiento Electromecánico",Especialista en mantenimiento electromecánico,31,Seguridad integrada,33.3,ALTO,No verificado
45/45,ATP-360-45,"Mecánica Industrial, mención Mantenimiento Electromecánico",Especialista en mantenimiento electromecánico,32,Evidencia de desempeño,83.3,BAJO,Parcial
45/45,ATP-360-45,"Mecánica Industrial, mención Mantenimiento Electromecánico",Especialista en mantenimiento electromecánico,33,Progresión 3°→4° medio,50.0,MEDIO,Parcial
45/45,ATP-360-45,"Mecánica Industrial, mención Mantenimiento Electromecánico",Especialista en mantenimiento electromecánico,34,Redundancia curricular,66.7,MEDIO,Parcial
45/45,ATP-360-45,"Mecánica Industrial, mención Mantenimiento Electromecánico",Especialista en mantenimiento electromecánico,35,Vacíos curriculares,83.3,BAJO,Parcial
45/45,ATP-360-45,"Mecánica Industrial, mención Mantenimiento Electromecánico",Especialista en mantenimiento electromecánico,36,Calidad de distractores,50.0,MEDIO,Parcial
45/45,ATP-360-45,"Mecánica Industrial, mención Mantenimiento Electromecánico",Especialista en mantenimiento electromecánico,37,Sesgo de evaluación,16.7,ALTO,No verificado
45/45,ATP-360-45,"Mecánica Industrial, mención Mantenimiento Electromecánico",Especialista en mantenimiento electromecánico,38,Consistencia terminológica,25.0,ALTO,No verificado
45/45,ATP-360-45,"Mecánica Industrial, mención Mantenimiento Electromecánico",Especialista en mantenimiento electromecánico,39,Alfabetización digital TP,50.0,MEDIO,Parcial
45/45,ATP-360-45,"Mecánica Industrial, mención Mantenimiento Electromecánico",Especialista en mantenimiento electromecánico,40,Datos y documentación laboral,83.3,BAJO,Parcial
45/45,ATP-360-45,"Mecánica Industrial, mención Mantenimiento Electromecánico",Especialista en mantenimiento electromecánico,41,Interdisciplinariedad,25.0,ALTO,No verificado
45/45,ATP-360-45,"Mecánica Industrial, mención Mantenimiento Electromecánico",Especialista en mantenimiento electromecánico,42,Accesibilidad cognitiva,62.5,MEDIO,Parcial
45/45,ATP-360-45,"Mecánica Industrial, mención Mantenimiento Electromecánico",Especialista en mantenimiento electromecánico,43,Responsive,33.3,ALTO,No verificado
45/45,ATP-360-45,"Mecánica Industrial, mención Mantenimiento Electromecánico",Especialista en mantenimiento electromecánico,44,Recuperación de errores UX,100.0,CONFORME,Verificado
45/45,ATP-360-45,"Mecánica Industrial, mención Mantenimiento Electromecánico",Especialista en mantenimiento electromecánico,45,Analítica educativa,83.3,BAJO,Parcial
45/45,ATP-360-45,"Mecánica Industrial, mención Mantenimiento Electromecánico",Especialista en mantenimiento electromecánico,46,Calidad de evidencias,83.3,BAJO,Parcial
45/45,ATP-360-45,"Mecánica Industrial, mención Mantenimiento Electromecánico",Especialista en mantenimiento electromecánico,47,Coherencia Portal Docente–Curso,83.3,BAJO,Parcial
45/45,ATP-360-45,"Mecánica Industrial, mención Mantenimiento Electromecánico",Especialista en mantenimiento electromecánico,48,Coherencia Mi Progreso–Curso,100.0,CONFORME,Verificado
45/45,ATP-360-45,"Mecánica Industrial, mención Mantenimiento Electromecánico",Especialista en mantenimiento electromecánico,49,Regresión,75.0,BAJO,Parcial
45/45,ATP-360-45,"Mecánica Industrial, mención Mantenimiento Electromecánico",Especialista en mantenimiento electromecánico,50,Auditoría adversarial final,16.7,ALTO,No verificado
