ID,Recurso,Tipo,AE,Proposito,Accion estudiante,Valor pedagogico,Exactitud,Accesibilidad,Decision,Correccion,Estado final
M1-MED-001,oficio-plano-leyenda.png?v=3,foto,Observar el escenario del AE con hotspots ligados a criterio,E1 Contextualización · explorar,"Observar datos visibles, transformarlos en una respuesta y declarar el limite de la evidencia.",Pertinente,Caso simulado; no acredita conformidad tecnica.,"Texto alternativo, leyenda neutral, foco y control por teclado.",MANTENER,"Conservar con consigna, texto alternativo, leyenda y evidencia vinculada al AE.",REALIZADA
M1-MED-002,oficio-plano-leyenda.png?v=3,3d,"Lee planos de refrigeración y climatización, utilizando la simbología técnica respectiva para reconocer el espacio físico donde se instalarán las distintas redes de refrigeración y climatización, en relación con las normas de dibujo técnico establecidas de calefacción y ventilación.",E2 AE1 etapa 1 (hotspot),"Observar datos visibles, transformarlos en una respuesta y declarar el limite de la evidencia.",Pertinente,Caso simulado; no acredita conformidad tecnica.,"Texto alternativo, leyenda neutral, foco y control por teclado.",MODIFICAR,Rotular como recorrido espacial interactivo y declarar que no es un modelo 3D completo.,REALIZADA
M1-MED-003,oficio-plano-leyenda.png?v=3,foto,"Lee planos de refrigeración y climatización, utilizando la simbología técnica respectiva para reconocer el espacio físico donde se instalarán las distintas redes de refrigeración y climatización, en relación con las normas de dibujo técnico establecidas de calefacción y ventilación.",E2 AE1 etapa 2 (match),"Observar datos visibles, transformarlos en una respuesta y declarar el limite de la evidencia.",Pertinente,Caso simulado; no acredita conformidad tecnica.,"Texto alternativo, leyenda neutral, foco y control por teclado.",MANTENER,"Conservar con consigna, texto alternativo, leyenda y evidencia vinculada al AE.",REALIZADA
M1-MED-004,oficio-plano-leyenda.png?v=3,foto,"Lee planos de refrigeración y climatización, utilizando la simbología técnica respectiva para reconocer el espacio físico donde se instalarán las distintas redes de refrigeración y climatización, en relación con las normas de dibujo técnico establecidas de calefacción y ventilación.",E2 AE1 etapa 3 (order),"Observar datos visibles, transformarlos en una respuesta y declarar el limite de la evidencia.",Pertinente,Caso simulado; no acredita conformidad tecnica.,"Texto alternativo, leyenda neutral, foco y control por teclado.",MANTENER,"Conservar con consigna, texto alternativo, leyenda y evidencia vinculada al AE.",REALIZADA
M1-MED-005,oficio-cruce.png?v=3,foto,"Lee planos de refrigeración y climatización, utilizando la simbología técnica respectiva para reconocer el espacio físico donde se instalarán las distintas redes de refrigeración y climatización, en relación con las normas de dibujo técnico establecidas de calefacción y ventilación.",E2 AE1 etapa 4 (choice),"Observar datos visibles, transformarlos en una respuesta y declarar el limite de la evidencia.",Pertinente,Caso simulado; no acredita conformidad tecnica.,"Texto alternativo, leyenda neutral, foco y control por teclado.",MANTENER,"Conservar con consigna, texto alternativo, leyenda y evidencia vinculada al AE.",REALIZADA
M1-MED-006,oficio-plano-leyenda.png?v=3,foto,"Lee planos de refrigeración y climatización, utilizando la simbología técnica respectiva para reconocer el espacio físico donde se instalarán las distintas redes de refrigeración y climatización, en relación con las normas de dibujo técnico establecidas de calefacción y ventilación.",E2 AE1 etapa 5 (choice),"Observar datos visibles, transformarlos en una respuesta y declarar el limite de la evidencia.",Pertinente,Caso simulado; no acredita conformidad tecnica.,"Texto alternativo, leyenda neutral, foco y control por teclado.",MANTENER,"Conservar con consigna, texto alternativo, leyenda y evidencia vinculada al AE.",REALIZADA
M1-MED-007,oficio-plano-leyenda.png?v=3,foto,"Lee planos de refrigeración y climatización, utilizando la simbología técnica respectiva para reconocer el espacio físico donde se instalarán las distintas redes de refrigeración y climatización, en relación con las normas de dibujo técnico establecidas de calefacción y ventilación.",E2 AE1 etapa 6 (reflect),"Observar datos visibles, transformarlos en una respuesta y declarar el limite de la evidencia.",Pertinente,Caso simulado; no acredita conformidad tecnica.,"Texto alternativo, leyenda neutral, foco y control por teclado.",MANTENER,"Conservar con consigna, texto alternativo, leyenda y evidencia vinculada al AE.",REALIZADA
M1-MED-008,oficio-cruce.png?v=3,foto,"Lee y utiliza las especificaciones técnicas de proyectos de refrigeración y climatización, para conocer las indicaciones técnicas y el tipo de material que se empleará en la ejecución de los trabajos y poder determinar posibles interferencias o dificultades en las etapas del proyecto.",E2 AE2 etapa 1 (classify),"Observar datos visibles, transformarlos en una respuesta y declarar el limite de la evidencia.",Pertinente,Caso simulado; no acredita conformidad tecnica.,"Texto alternativo, leyenda neutral, foco y control por teclado.",MANTENER,"Conservar con consigna, texto alternativo, leyenda y evidencia vinculada al AE.",REALIZADA
M1-MED-009,oficio-cruce.png?v=3,foto,"Lee y utiliza las especificaciones técnicas de proyectos de refrigeración y climatización, para conocer las indicaciones técnicas y el tipo de material que se empleará en la ejecución de los trabajos y poder determinar posibles interferencias o dificultades en las etapas del proyecto.",E2 AE2 etapa 2 (choice),"Observar datos visibles, transformarlos en una respuesta y declarar el limite de la evidencia.",Pertinente,Caso simulado; no acredita conformidad tecnica.,"Texto alternativo, leyenda neutral, foco y control por teclado.",MANTENER,"Conservar con consigna, texto alternativo, leyenda y evidencia vinculada al AE.",REALIZADA
M1-MED-010,oficio-cruce.png?v=3,foto,"Lee y utiliza las especificaciones técnicas de proyectos de refrigeración y climatización, para conocer las indicaciones técnicas y el tipo de material que se empleará en la ejecución de los trabajos y poder determinar posibles interferencias o dificultades en las etapas del proyecto.",E2 AE2 etapa 3 (checklist),"Observar datos visibles, transformarlos en una respuesta y declarar el limite de la evidencia.",Pertinente,Caso simulado; no acredita conformidad tecnica.,"Texto alternativo, leyenda neutral, foco y control por teclado.",MANTENER,"Conservar con consigna, texto alternativo, leyenda y evidencia vinculada al AE.",REALIZADA
M1-MED-011,oficio-cruce.png?v=3,foto,"Lee y utiliza las especificaciones técnicas de proyectos de refrigeración y climatización, para conocer las indicaciones técnicas y el tipo de material que se empleará en la ejecución de los trabajos y poder determinar posibles interferencias o dificultades en las etapas del proyecto.",E2 AE2 etapa 4 (choice),"Observar datos visibles, transformarlos en una respuesta y declarar el limite de la evidencia.",Pertinente,Caso simulado; no acredita conformidad tecnica.,"Texto alternativo, leyenda neutral, foco y control por teclado.",MANTENER,"Conservar con consigna, texto alternativo, leyenda y evidencia vinculada al AE.",REALIZADA
M1-MED-012,oficio-cruce.png?v=3,foto,"Lee y utiliza las especificaciones técnicas de proyectos de refrigeración y climatización, para conocer las indicaciones técnicas y el tipo de material que se empleará en la ejecución de los trabajos y poder determinar posibles interferencias o dificultades en las etapas del proyecto.",E2 AE2 etapa 5 (choice),"Observar datos visibles, transformarlos en una respuesta y declarar el limite de la evidencia.",Pertinente,Caso simulado; no acredita conformidad tecnica.,"Texto alternativo, leyenda neutral, foco y control por teclado.",MANTENER,"Conservar con consigna, texto alternativo, leyenda y evidencia vinculada al AE.",REALIZADA
M1-MED-013,oficio-cruce.png?v=3,foto,"Lee y utiliza las especificaciones técnicas de proyectos de refrigeración y climatización, para conocer las indicaciones técnicas y el tipo de material que se empleará en la ejecución de los trabajos y poder determinar posibles interferencias o dificultades en las etapas del proyecto.",E2 AE2 etapa 6 (reflect),"Observar datos visibles, transformarlos en una respuesta y declarar el limite de la evidencia.",Pertinente,Caso simulado; no acredita conformidad tecnica.,"Texto alternativo, leyenda neutral, foco y control por teclado.",MANTENER,"Conservar con consigna, texto alternativo, leyenda y evidencia vinculada al AE.",REALIZADA
M1-MED-014,oficio-tramos.png?v=3,foto,"Cubica elementos y materiales de acuerdo a los requerimientos del lugar, indicados en el plano respectivo mediante un software de diseño para determinar cantidad de materiales y elementos a emplear en la ejecución del proyecto. Se consideran las indicaciones de la Norma Chilena relativa a Cubicaciones (NCh353/2000), aplicada a proyectos de refrigeración, climatización, calefacción y ventilación.",E2 AE3 etapa 1 (choice),"Observar datos visibles, transformarlos en una respuesta y declarar el limite de la evidencia.",Pertinente,Caso simulado; no acredita conformidad tecnica.,"Texto alternativo, leyenda neutral, foco y control por teclado.",MANTENER,"Conservar con consigna, texto alternativo, leyenda y evidencia vinculada al AE.",REALIZADA
M1-MED-015,oficio-tramos.png?v=3,foto,"Cubica elementos y materiales de acuerdo a los requerimientos del lugar, indicados en el plano respectivo mediante un software de diseño para determinar cantidad de materiales y elementos a emplear en la ejecución del proyecto. Se consideran las indicaciones de la Norma Chilena relativa a Cubicaciones (NCh353/2000), aplicada a proyectos de refrigeración, climatización, calefacción y ventilación.",E2 AE3 etapa 2 (choice),"Observar datos visibles, transformarlos en una respuesta y declarar el limite de la evidencia.",Pertinente,Caso simulado; no acredita conformidad tecnica.,"Texto alternativo, leyenda neutral, foco y control por teclado.",MANTENER,"Conservar con consigna, texto alternativo, leyenda y evidencia vinculada al AE.",REALIZADA
M1-MED-016,oficio-tramos.png?v=3,foto,"Cubica elementos y materiales de acuerdo a los requerimientos del lugar, indicados en el plano respectivo mediante un software de diseño para determinar cantidad de materiales y elementos a emplear en la ejecución del proyecto. Se consideran las indicaciones de la Norma Chilena relativa a Cubicaciones (NCh353/2000), aplicada a proyectos de refrigeración, climatización, calefacción y ventilación.",E2 AE3 etapa 3 (choice),"Observar datos visibles, transformarlos en una respuesta y declarar el limite de la evidencia.",Pertinente,Caso simulado; no acredita conformidad tecnica.,"Texto alternativo, leyenda neutral, foco y control por teclado.",MANTENER,"Conservar con consigna, texto alternativo, leyenda y evidencia vinculada al AE.",REALIZADA
M1-MED-017,oficio-tramos.png?v=3,foto,"Cubica elementos y materiales de acuerdo a los requerimientos del lugar, indicados en el plano respectivo mediante un software de diseño para determinar cantidad de materiales y elementos a emplear en la ejecución del proyecto. Se consideran las indicaciones de la Norma Chilena relativa a Cubicaciones (NCh353/2000), aplicada a proyectos de refrigeración, climatización, calefacción y ventilación.",E2 AE3 etapa 4 (choice),"Observar datos visibles, transformarlos en una respuesta y declarar el limite de la evidencia.",Pertinente,Caso simulado; no acredita conformidad tecnica.,"Texto alternativo, leyenda neutral, foco y control por teclado.",MANTENER,"Conservar con consigna, texto alternativo, leyenda y evidencia vinculada al AE.",REALIZADA
M1-MED-018,oficio-tramos.png?v=3,foto,"Cubica elementos y materiales de acuerdo a los requerimientos del lugar, indicados en el plano respectivo mediante un software de diseño para determinar cantidad de materiales y elementos a emplear en la ejecución del proyecto. Se consideran las indicaciones de la Norma Chilena relativa a Cubicaciones (NCh353/2000), aplicada a proyectos de refrigeración, climatización, calefacción y ventilación.",E2 AE3 etapa 5 (choice),"Observar datos visibles, transformarlos en una respuesta y declarar el limite de la evidencia.",Pertinente,Caso simulado; no acredita conformidad tecnica.,"Texto alternativo, leyenda neutral, foco y control por teclado.",MANTENER,"Conservar con consigna, texto alternativo, leyenda y evidencia vinculada al AE.",REALIZADA
M1-MED-019,oficio-tramos.png?v=3,foto,"Cubica elementos y materiales de acuerdo a los requerimientos del lugar, indicados en el plano respectivo mediante un software de diseño para determinar cantidad de materiales y elementos a emplear en la ejecución del proyecto. Se consideran las indicaciones de la Norma Chilena relativa a Cubicaciones (NCh353/2000), aplicada a proyectos de refrigeración, climatización, calefacción y ventilación.",E2 AE3 etapa 6 (reflect),"Observar datos visibles, transformarlos en una respuesta y declarar el limite de la evidencia.",Pertinente,Caso simulado; no acredita conformidad tecnica.,"Texto alternativo, leyenda neutral, foco y control por teclado.",MANTENER,"Conservar con consigna, texto alternativo, leyenda y evidencia vinculada al AE.",REALIZADA
M1-MED-020,oficio-drenaje.png?v=3,foto,Decidir en la situación con evidencia visible,E3 Situación 1,"Observar datos visibles, transformarlos en una respuesta y declarar el limite de la evidencia.",Pertinente,Caso simulado; no acredita conformidad tecnica.,"Texto alternativo, leyenda neutral, foco y control por teclado.",MANTENER,"Conservar con consigna, texto alternativo, leyenda y evidencia vinculada al AE.",REALIZADA
M1-MED-021,oficio-plano-leyenda.png?v=3,foto,Decidir en la situación con evidencia visible,E3 Situación 2,"Observar datos visibles, transformarlos en una respuesta y declarar el limite de la evidencia.",Pertinente,Caso simulado; no acredita conformidad tecnica.,"Texto alternativo, leyenda neutral, foco y control por teclado.",MANTENER,"Conservar con consigna, texto alternativo, leyenda y evidencia vinculada al AE.",REALIZADA
M1-MED-022,oficio-cruce.png?v=3,foto,Decidir en la situación con evidencia visible,E3 Situación 3,"Observar datos visibles, transformarlos en una respuesta y declarar el limite de la evidencia.",Pertinente,Caso simulado; no acredita conformidad tecnica.,"Texto alternativo, leyenda neutral, foco y control por teclado.",MANTENER,"Conservar con consigna, texto alternativo, leyenda y evidencia vinculada al AE.",REALIZADA
M1-MED-023,oficio-drenaje.png?v=3,foto,Decidir en la situación con evidencia visible,E3 Situación 4,"Observar datos visibles, transformarlos en una respuesta y declarar el limite de la evidencia.",Pertinente,Caso simulado; no acredita conformidad tecnica.,"Texto alternativo, leyenda neutral, foco y control por teclado.",MANTENER,"Conservar con consigna, texto alternativo, leyenda y evidencia vinculada al AE.",REALIZADA
M1-MED-024,oficio-acceso-cm.png?v=3,foto,Decidir en la situación con evidencia visible,E3 Situación 5,"Observar datos visibles, transformarlos en una respuesta y declarar el limite de la evidencia.",Pertinente,Caso simulado; no acredita conformidad tecnica.,"Texto alternativo, leyenda neutral, foco y control por teclado.",MANTENER,"Conservar con consigna, texto alternativo, leyenda y evidencia vinculada al AE.",REALIZADA
M1-MED-025,oficio-drenaje.png?v=3,foto,Decidir en la situación con evidencia visible,E3 Situación 6,"Observar datos visibles, transformarlos en una respuesta y declarar el limite de la evidencia.",Pertinente,Caso simulado; no acredita conformidad tecnica.,"Texto alternativo, leyenda neutral, foco y control por teclado.",MANTENER,"Conservar con consigna, texto alternativo, leyenda y evidencia vinculada al AE.",REALIZADA
M1-MED-026,oficio-escala.png?v=3,foto,Decidir en la situación con evidencia visible,E3 Situación 7,"Observar datos visibles, transformarlos en una respuesta y declarar el limite de la evidencia.",Pertinente,Caso simulado; no acredita conformidad tecnica.,"Texto alternativo, leyenda neutral, foco y control por teclado.",MANTENER,"Conservar con consigna, texto alternativo, leyenda y evidencia vinculada al AE.",REALIZADA
M1-MED-027,oficio-visor-4c.png?v=3,foto,Decidir en la situación con evidencia visible,E3 Situación 8,"Observar datos visibles, transformarlos en una respuesta y declarar el limite de la evidencia.",Pertinente,Caso simulado; no acredita conformidad tecnica.,"Texto alternativo, leyenda neutral, foco y control por teclado.",MANTENER,"Conservar con consigna, texto alternativo, leyenda y evidencia vinculada al AE.",REALIZADA
M1-MED-028,oficio-plano-leyenda.png?v=3,foto,Decidir en la situación con evidencia visible,E3 Situación 9,"Observar datos visibles, transformarlos en una respuesta y declarar el limite de la evidencia.",Pertinente,Caso simulado; no acredita conformidad tecnica.,"Texto alternativo, leyenda neutral, foco y control por teclado.",MANTENER,"Conservar con consigna, texto alternativo, leyenda y evidencia vinculada al AE.",REALIZADA
M1-MED-029,oficio-drenaje.png?v=3,foto,Decidir en la situación con evidencia visible,E3 Situación 10,"Observar datos visibles, transformarlos en una respuesta y declarar el limite de la evidencia.",Pertinente,Caso simulado; no acredita conformidad tecnica.,"Texto alternativo, leyenda neutral, foco y control por teclado.",MANTENER,"Conservar con consigna, texto alternativo, leyenda y evidencia vinculada al AE.",REALIZADA
M1-MED-030,oficio-tuberias.png?v=3,foto,Decidir en la situación con evidencia visible,E3 Situación 11,"Observar datos visibles, transformarlos en una respuesta y declarar el limite de la evidencia.",Pertinente,Caso simulado; no acredita conformidad tecnica.,"Texto alternativo, leyenda neutral, foco y control por teclado.",MANTENER,"Conservar con consigna, texto alternativo, leyenda y evidencia vinculada al AE.",REALIZADA
M1-MED-031,oficio-plano-leyenda.png?v=3,foto,Decidir en la situación con evidencia visible,E3 Situación 12,"Observar datos visibles, transformarlos en una respuesta y declarar el limite de la evidencia.",Pertinente,Caso simulado; no acredita conformidad tecnica.,"Texto alternativo, leyenda neutral, foco y control por teclado.",MANTENER,"Conservar con consigna, texto alternativo, leyenda y evidencia vinculada al AE.",REALIZADA
M1-MED-032,oficio-cruce.png?v=3,foto,Decidir en la situación con evidencia visible,E3 Situación 13,"Observar datos visibles, transformarlos en una respuesta y declarar el limite de la evidencia.",Pertinente,Caso simulado; no acredita conformidad tecnica.,"Texto alternativo, leyenda neutral, foco y control por teclado.",MANTENER,"Conservar con consigna, texto alternativo, leyenda y evidencia vinculada al AE.",REALIZADA
M1-MED-033,oficio-plano-leyenda.png?v=3,foto,Decidir en la situación con evidencia visible,E3 Situación 14,"Observar datos visibles, transformarlos en una respuesta y declarar el limite de la evidencia.",Pertinente,Caso simulado; no acredita conformidad tecnica.,"Texto alternativo, leyenda neutral, foco y control por teclado.",MANTENER,"Conservar con consigna, texto alternativo, leyenda y evidencia vinculada al AE.",REALIZADA
M1-MED-034,oficio-drenaje.png?v=3,foto,Decidir en la situación con evidencia visible,E3 Situación 15,"Observar datos visibles, transformarlos en una respuesta y declarar el limite de la evidencia.",Pertinente,Caso simulado; no acredita conformidad tecnica.,"Texto alternativo, leyenda neutral, foco y control por teclado.",MANTENER,"Conservar con consigna, texto alternativo, leyenda y evidencia vinculada al AE.",REALIZADA
M1-MED-035,oficio-plano-leyenda.png?v=3,3d-procedure,"Recorrer el procedimiento (armar, instalar, diagnosticar) en el equipo",E3 Situación final 3D,"Observar datos visibles, transformarlos en una respuesta y declarar el limite de la evidencia.",Pertinente,Caso simulado; no acredita conformidad tecnica.,"Texto alternativo, leyenda neutral, foco y control por teclado.",MODIFICAR,Rotular como recorrido espacial interactivo y declarar que no es un modelo 3D completo.,REALIZADA
M1-MED-036,oficio-plano-leyenda.png?v=3,foto,Imagen real del estímulo; el dato se lee en la figura,E4 Ítem 1,"Observar datos visibles, transformarlos en una respuesta y declarar el limite de la evidencia.",Pertinente,Caso simulado; no acredita conformidad tecnica.,"Texto alternativo, leyenda neutral, foco y control por teclado.",MANTENER,"Conservar con consigna, texto alternativo, leyenda y evidencia vinculada al AE.",REALIZADA
M1-MED-037,oficio-plano-leyenda.png?v=3,foto,Imagen real del estímulo; el dato se lee en la figura,E4 Ítem 2,"Observar datos visibles, transformarlos en una respuesta y declarar el limite de la evidencia.",Pertinente,Caso simulado; no acredita conformidad tecnica.,"Texto alternativo, leyenda neutral, foco y control por teclado.",MANTENER,"Conservar con consigna, texto alternativo, leyenda y evidencia vinculada al AE.",REALIZADA
M1-MED-038,oficio-cruce.png?v=3,foto,Imagen real del estímulo; el dato se lee en la figura,E4 Ítem 3,"Observar datos visibles, transformarlos en una respuesta y declarar el limite de la evidencia.",Pertinente,Caso simulado; no acredita conformidad tecnica.,"Texto alternativo, leyenda neutral, foco y control por teclado.",MANTENER,"Conservar con consigna, texto alternativo, leyenda y evidencia vinculada al AE.",REALIZADA
M1-MED-039,oficio-plano-leyenda.png?v=3,foto,Imagen real del estímulo; el dato se lee en la figura,E4 Ítem 4,"Observar datos visibles, transformarlos en una respuesta y declarar el limite de la evidencia.",Pertinente,Caso simulado; no acredita conformidad tecnica.,"Texto alternativo, leyenda neutral, foco y control por teclado.",MANTENER,"Conservar con consigna, texto alternativo, leyenda y evidencia vinculada al AE.",REALIZADA
M1-MED-040,oficio-equipo-ctrl.png?v=3,foto,Imagen real del estímulo; el dato se lee en la figura,E4 Ítem 5,"Observar datos visibles, transformarlos en una respuesta y declarar el limite de la evidencia.",Pertinente,Caso simulado; no acredita conformidad tecnica.,"Texto alternativo, leyenda neutral, foco y control por teclado.",MANTENER,"Conservar con consigna, texto alternativo, leyenda y evidencia vinculada al AE.",REALIZADA
M1-MED-041,oficio-drenaje.png?v=3,foto,Imagen real del estímulo; el dato se lee en la figura,E4 Ítem 6,"Observar datos visibles, transformarlos en una respuesta y declarar el limite de la evidencia.",Pertinente,Caso simulado; no acredita conformidad tecnica.,"Texto alternativo, leyenda neutral, foco y control por teclado.",MANTENER,"Conservar con consigna, texto alternativo, leyenda y evidencia vinculada al AE.",REALIZADA
M1-MED-042,oficio-escala.png?v=3,foto,Imagen real del estímulo; el dato se lee en la figura,E4 Ítem 7,"Observar datos visibles, transformarlos en una respuesta y declarar el limite de la evidencia.",Pertinente,Caso simulado; no acredita conformidad tecnica.,"Texto alternativo, leyenda neutral, foco y control por teclado.",MANTENER,"Conservar con consigna, texto alternativo, leyenda y evidencia vinculada al AE.",REALIZADA
M1-MED-043,oficio-plano-leyenda.png?v=3,foto,Imagen real del estímulo; el dato se lee en la figura,E4 Ítem 8,"Observar datos visibles, transformarlos en una respuesta y declarar el limite de la evidencia.",Pertinente,Caso simulado; no acredita conformidad tecnica.,"Texto alternativo, leyenda neutral, foco y control por teclado.",MANTENER,"Conservar con consigna, texto alternativo, leyenda y evidencia vinculada al AE.",REALIZADA
M1-MED-044,oficio-equipo-ctrl.png?v=3,foto,Imagen real del estímulo; el dato se lee en la figura,E4 Ítem 9,"Observar datos visibles, transformarlos en una respuesta y declarar el limite de la evidencia.",Pertinente,Caso simulado; no acredita conformidad tecnica.,"Texto alternativo, leyenda neutral, foco y control por teclado.",MANTENER,"Conservar con consigna, texto alternativo, leyenda y evidencia vinculada al AE.",REALIZADA
M1-MED-045,oficio-plano-leyenda.png?v=3,foto,Imagen real del estímulo; el dato se lee en la figura,E4 Ítem 10,"Observar datos visibles, transformarlos en una respuesta y declarar el limite de la evidencia.",Pertinente,Caso simulado; no acredita conformidad tecnica.,"Texto alternativo, leyenda neutral, foco y control por teclado.",MANTENER,"Conservar con consigna, texto alternativo, leyenda y evidencia vinculada al AE.",REALIZADA
M1-MED-046,oficio-tuberias.png?v=3,foto,Imagen real del estímulo; el dato se lee en la figura,E4 Ítem 11,"Observar datos visibles, transformarlos en una respuesta y declarar el limite de la evidencia.",Pertinente,Caso simulado; no acredita conformidad tecnica.,"Texto alternativo, leyenda neutral, foco y control por teclado.",MANTENER,"Conservar con consigna, texto alternativo, leyenda y evidencia vinculada al AE.",REALIZADA
M1-MED-047,oficio-plano-leyenda.png?v=3,foto,Imagen real del estímulo; el dato se lee en la figura,E4 Ítem 12,"Observar datos visibles, transformarlos en una respuesta y declarar el limite de la evidencia.",Pertinente,Caso simulado; no acredita conformidad tecnica.,"Texto alternativo, leyenda neutral, foco y control por teclado.",MANTENER,"Conservar con consigna, texto alternativo, leyenda y evidencia vinculada al AE.",REALIZADA
M1-MED-048,oficio-plano-leyenda.png?v=3,foto,Imagen real del estímulo; el dato se lee en la figura,E4 Ítem 13,"Observar datos visibles, transformarlos en una respuesta y declarar el limite de la evidencia.",Pertinente,Caso simulado; no acredita conformidad tecnica.,"Texto alternativo, leyenda neutral, foco y control por teclado.",MANTENER,"Conservar con consigna, texto alternativo, leyenda y evidencia vinculada al AE.",REALIZADA
M1-MED-049,oficio-plano-leyenda.png?v=3,foto,Imagen real del estímulo; el dato se lee en la figura,E4 Ítem 14,"Observar datos visibles, transformarlos en una respuesta y declarar el limite de la evidencia.",Pertinente,Caso simulado; no acredita conformidad tecnica.,"Texto alternativo, leyenda neutral, foco y control por teclado.",MANTENER,"Conservar con consigna, texto alternativo, leyenda y evidencia vinculada al AE.",REALIZADA
M1-MED-050,oficio-plano-leyenda.png?v=3,foto,Imagen real del estímulo; el dato se lee en la figura,E4 Ítem 15,"Observar datos visibles, transformarlos en una respuesta y declarar el limite de la evidencia.",Pertinente,Caso simulado; no acredita conformidad tecnica.,"Texto alternativo, leyenda neutral, foco y control por teclado.",MANTENER,"Conservar con consigna, texto alternativo, leyenda y evidencia vinculada al AE.",REALIZADA
M1-MED-051,oficio-escala.png?v=3,foto,Imagen real del estímulo; el dato se lee en la figura,E4 Ítem 16,"Observar datos visibles, transformarlos en una respuesta y declarar el limite de la evidencia.",Pertinente,Caso simulado; no acredita conformidad tecnica.,"Texto alternativo, leyenda neutral, foco y control por teclado.",MANTENER,"Conservar con consigna, texto alternativo, leyenda y evidencia vinculada al AE.",REALIZADA
M1-MED-052,oficio-equipo-ctrl.png?v=3,foto,Imagen real del estímulo; el dato se lee en la figura,E4 Ítem 17,"Observar datos visibles, transformarlos en una respuesta y declarar el limite de la evidencia.",Pertinente,Caso simulado; no acredita conformidad tecnica.,"Texto alternativo, leyenda neutral, foco y control por teclado.",MANTENER,"Conservar con consigna, texto alternativo, leyenda y evidencia vinculada al AE.",REALIZADA
M1-MED-053,oficio-plano-leyenda.png?v=3,foto,Imagen real del estímulo; el dato se lee en la figura,E4 Ítem 18,"Observar datos visibles, transformarlos en una respuesta y declarar el limite de la evidencia.",Pertinente,Caso simulado; no acredita conformidad tecnica.,"Texto alternativo, leyenda neutral, foco y control por teclado.",MANTENER,"Conservar con consigna, texto alternativo, leyenda y evidencia vinculada al AE.",REALIZADA
M1-MED-054,oficio-escala.png?v=3,foto,Imagen real del estímulo; el dato se lee en la figura,E4 Ítem 19,"Observar datos visibles, transformarlos en una respuesta y declarar el limite de la evidencia.",Pertinente,Caso simulado; no acredita conformidad tecnica.,"Texto alternativo, leyenda neutral, foco y control por teclado.",MANTENER,"Conservar con consigna, texto alternativo, leyenda y evidencia vinculada al AE.",REALIZADA
M1-MED-055,oficio-plano-leyenda.png?v=3,foto,Imagen real del estímulo; el dato se lee en la figura,E4 Ítem 20,"Observar datos visibles, transformarlos en una respuesta y declarar el limite de la evidencia.",Pertinente,Caso simulado; no acredita conformidad tecnica.,"Texto alternativo, leyenda neutral, foco y control por teclado.",MANTENER,"Conservar con consigna, texto alternativo, leyenda y evidencia vinculada al AE.",REALIZADA
M1-MED-056,oficio-manometro.png?v=3,foto,Imagen real del estímulo; el dato se lee en la figura,E4 Ítem 21,"Observar datos visibles, transformarlos en una respuesta y declarar el limite de la evidencia.",Pertinente,Caso simulado; no acredita conformidad tecnica.,"Texto alternativo, leyenda neutral, foco y control por teclado.",MANTENER,"Conservar con consigna, texto alternativo, leyenda y evidencia vinculada al AE.",REALIZADA
M1-MED-057,oficio-tramos.png?v=3,foto,Imagen real del estímulo; el dato se lee en la figura,E4 Ítem 22,"Observar datos visibles, transformarlos en una respuesta y declarar el limite de la evidencia.",Pertinente,Caso simulado; no acredita conformidad tecnica.,"Texto alternativo, leyenda neutral, foco y control por teclado.",MANTENER,"Conservar con consigna, texto alternativo, leyenda y evidencia vinculada al AE.",REALIZADA
M1-MED-058,oficio-drenaje.png?v=3,foto,Imagen real del estímulo; el dato se lee en la figura,E4 Ítem 23,"Observar datos visibles, transformarlos en una respuesta y declarar el limite de la evidencia.",Pertinente,Caso simulado; no acredita conformidad tecnica.,"Texto alternativo, leyenda neutral, foco y control por teclado.",MANTENER,"Conservar con consigna, texto alternativo, leyenda y evidencia vinculada al AE.",REALIZADA
M1-MED-059,oficio-plano-leyenda.png?v=3,foto,Imagen real del estímulo; el dato se lee en la figura,E4 Ítem 24,"Observar datos visibles, transformarlos en una respuesta y declarar el limite de la evidencia.",Pertinente,Caso simulado; no acredita conformidad tecnica.,"Texto alternativo, leyenda neutral, foco y control por teclado.",MANTENER,"Conservar con consigna, texto alternativo, leyenda y evidencia vinculada al AE.",REALIZADA
M1-MED-060,oficio-plano-leyenda.png?v=3,foto,Imagen real del estímulo; el dato se lee en la figura,E4 Ítem 25,"Observar datos visibles, transformarlos en una respuesta y declarar el limite de la evidencia.",Pertinente,Caso simulado; no acredita conformidad tecnica.,"Texto alternativo, leyenda neutral, foco y control por teclado.",MANTENER,"Conservar con consigna, texto alternativo, leyenda y evidencia vinculada al AE.",REALIZADA
M1-MED-061,oficio-plano-leyenda.png?v=3,foto,Frame del error en cada pregunta incorrecta,E5 Retroalimentación,"Observar datos visibles, transformarlos en una respuesta y declarar el limite de la evidencia.",Pertinente,Caso simulado; no acredita conformidad tecnica.,"Texto alternativo, leyenda neutral, foco y control por teclado.",MANTENER,"Conservar con consigna, texto alternativo, leyenda y evidencia vinculada al AE.",REALIZADA
M2-MED-001,oficio-visor-21c.png?v=3,foto,Observar el escenario del AE con hotspots ligados a criterio,E1 Contextualización · explorar,"Observar datos visibles, transformarlos en una respuesta y declarar el limite de la evidencia.",Pertinente,Caso simulado; no acredita conformidad tecnica.,"Texto alternativo, leyenda neutral, foco y control por teclado.",MANTENER,"Conservar con consigna, texto alternativo, leyenda y evidencia vinculada al AE.",REALIZADA
M2-MED-002,oficio-visor-21c.png?v=3,3d,"Utiliza instrumentos de medición y verificación de distintos parámetros, de acuerdo a las indicaciones establecidas desde fábrica, considerando técnicas apropiadas y normas de seguridad necesarias para el uso del instrumento.",E2 AE1 etapa 1 (hotspot),"Observar datos visibles, transformarlos en una respuesta y declarar el limite de la evidencia.",Pertinente,Caso simulado; no acredita conformidad tecnica.,"Texto alternativo, leyenda neutral, foco y control por teclado.",MODIFICAR,Rotular como recorrido espacial interactivo y declarar que no es un modelo 3D completo.,REALIZADA
M2-MED-003,oficio-visor-21c.png?v=3,foto,"Utiliza instrumentos de medición y verificación de distintos parámetros, de acuerdo a las indicaciones establecidas desde fábrica, considerando técnicas apropiadas y normas de seguridad necesarias para el uso del instrumento.",E2 AE1 etapa 2 (match),"Observar datos visibles, transformarlos en una respuesta y declarar el limite de la evidencia.",Pertinente,Caso simulado; no acredita conformidad tecnica.,"Texto alternativo, leyenda neutral, foco y control por teclado.",MANTENER,"Conservar con consigna, texto alternativo, leyenda y evidencia vinculada al AE.",REALIZADA
M2-MED-004,oficio-visor-21c.png?v=3,foto,"Utiliza instrumentos de medición y verificación de distintos parámetros, de acuerdo a las indicaciones establecidas desde fábrica, considerando técnicas apropiadas y normas de seguridad necesarias para el uso del instrumento.",E2 AE1 etapa 3 (order),"Observar datos visibles, transformarlos en una respuesta y declarar el limite de la evidencia.",Pertinente,Caso simulado; no acredita conformidad tecnica.,"Texto alternativo, leyenda neutral, foco y control por teclado.",MANTENER,"Conservar con consigna, texto alternativo, leyenda y evidencia vinculada al AE.",REALIZADA
M2-MED-005,oficio-visor-25.png?v=3,foto,"Utiliza instrumentos de medición y verificación de distintos parámetros, de acuerdo a las indicaciones establecidas desde fábrica, considerando técnicas apropiadas y normas de seguridad necesarias para el uso del instrumento.",E2 AE1 etapa 4 (choice),"Observar datos visibles, transformarlos en una respuesta y declarar el limite de la evidencia.",Pertinente,Caso simulado; no acredita conformidad tecnica.,"Texto alternativo, leyenda neutral, foco y control por teclado.",MANTENER,"Conservar con consigna, texto alternativo, leyenda y evidencia vinculada al AE.",REALIZADA
M2-MED-006,oficio-intervalo.png?v=3,foto,"Utiliza instrumentos de medición y verificación de distintos parámetros, de acuerdo a las indicaciones establecidas desde fábrica, considerando técnicas apropiadas y normas de seguridad necesarias para el uso del instrumento.",E2 AE1 etapa 5 (choice),"Observar datos visibles, transformarlos en una respuesta y declarar el limite de la evidencia.",Pertinente,Caso simulado; no acredita conformidad tecnica.,"Texto alternativo, leyenda neutral, foco y control por teclado.",MANTENER,"Conservar con consigna, texto alternativo, leyenda y evidencia vinculada al AE.",REALIZADA
M2-MED-007,oficio-intervalo.png?v=3,foto,"Utiliza instrumentos de medición y verificación de distintos parámetros, de acuerdo a las indicaciones establecidas desde fábrica, considerando técnicas apropiadas y normas de seguridad necesarias para el uso del instrumento.",E2 AE1 etapa 6 (reflect),"Observar datos visibles, transformarlos en una respuesta y declarar el limite de la evidencia.",Pertinente,Caso simulado; no acredita conformidad tecnica.,"Texto alternativo, leyenda neutral, foco y control por teclado.",MANTENER,"Conservar con consigna, texto alternativo, leyenda y evidencia vinculada al AE.",REALIZADA
M2-MED-008,oficio-equipo-ctrl.png?v=3,foto,"Verifica parámetros medidos por los instrumentos, comparándolos con datos de manuales de fabricación de los equipos, para determinar posibles ajustes que deben realizarse a equipos dentro del sistema de refrigeración.",E2 AE2 etapa 1 (classify),"Observar datos visibles, transformarlos en una respuesta y declarar el limite de la evidencia.",Pertinente,Caso simulado; no acredita conformidad tecnica.,"Texto alternativo, leyenda neutral, foco y control por teclado.",MANTENER,"Conservar con consigna, texto alternativo, leyenda y evidencia vinculada al AE.",REALIZADA
M2-MED-009,oficio-equipo-ctrl.png?v=3,foto,"Verifica parámetros medidos por los instrumentos, comparándolos con datos de manuales de fabricación de los equipos, para determinar posibles ajustes que deben realizarse a equipos dentro del sistema de refrigeración.",E2 AE2 etapa 2 (choice),"Observar datos visibles, transformarlos en una respuesta y declarar el limite de la evidencia.",Pertinente,Caso simulado; no acredita conformidad tecnica.,"Texto alternativo, leyenda neutral, foco y control por teclado.",MANTENER,"Conservar con consigna, texto alternativo, leyenda y evidencia vinculada al AE.",REALIZADA
M2-MED-010,oficio-equipo-ctrl.png?v=3,foto,"Verifica parámetros medidos por los instrumentos, comparándolos con datos de manuales de fabricación de los equipos, para determinar posibles ajustes que deben realizarse a equipos dentro del sistema de refrigeración.",E2 AE2 etapa 3 (checklist),"Observar datos visibles, transformarlos en una respuesta y declarar el limite de la evidencia.",Pertinente,Caso simulado; no acredita conformidad tecnica.,"Texto alternativo, leyenda neutral, foco y control por teclado.",MANTENER,"Conservar con consigna, texto alternativo, leyenda y evidencia vinculada al AE.",REALIZADA
M2-MED-011,oficio-equipo-ctrl.png?v=3,foto,"Verifica parámetros medidos por los instrumentos, comparándolos con datos de manuales de fabricación de los equipos, para determinar posibles ajustes que deben realizarse a equipos dentro del sistema de refrigeración.",E2 AE2 etapa 4 (choice),"Observar datos visibles, transformarlos en una respuesta y declarar el limite de la evidencia.",Pertinente,Caso simulado; no acredita conformidad tecnica.,"Texto alternativo, leyenda neutral, foco y control por teclado.",MANTENER,"Conservar con consigna, texto alternativo, leyenda y evidencia vinculada al AE.",REALIZADA
M2-MED-012,oficio-visor-21c.png?v=3,foto,"Verifica parámetros medidos por los instrumentos, comparándolos con datos de manuales de fabricación de los equipos, para determinar posibles ajustes que deben realizarse a equipos dentro del sistema de refrigeración.",E2 AE2 etapa 5 (choice),"Observar datos visibles, transformarlos en una respuesta y declarar el limite de la evidencia.",Pertinente,Caso simulado; no acredita conformidad tecnica.,"Texto alternativo, leyenda neutral, foco y control por teclado.",MANTENER,"Conservar con consigna, texto alternativo, leyenda y evidencia vinculada al AE.",REALIZADA
M2-MED-013,oficio-equipo-ctrl.png?v=3,foto,"Verifica parámetros medidos por los instrumentos, comparándolos con datos de manuales de fabricación de los equipos, para determinar posibles ajustes que deben realizarse a equipos dentro del sistema de refrigeración.",E2 AE2 etapa 6 (reflect),"Observar datos visibles, transformarlos en una respuesta y declarar el limite de la evidencia.",Pertinente,Caso simulado; no acredita conformidad tecnica.,"Texto alternativo, leyenda neutral, foco y control por teclado.",MANTENER,"Conservar con consigna, texto alternativo, leyenda y evidencia vinculada al AE.",REALIZADA
M2-MED-014,oficio-visor-21c.png?v=3,foto,"Registra valores obtenidos de la lectura de instrumentos para elaborar informes de resultados, de acuerdo a pautas entregadas.",E2 AE3 etapa 1 (choice),"Observar datos visibles, transformarlos en una respuesta y declarar el limite de la evidencia.",Pertinente,Caso simulado; no acredita conformidad tecnica.,"Texto alternativo, leyenda neutral, foco y control por teclado.",MANTENER,"Conservar con consigna, texto alternativo, leyenda y evidencia vinculada al AE.",REALIZADA
M2-MED-015,oficio-visor-21c.png?v=3,foto,"Registra valores obtenidos de la lectura de instrumentos para elaborar informes de resultados, de acuerdo a pautas entregadas.",E2 AE3 etapa 2 (choice),"Observar datos visibles, transformarlos en una respuesta y declarar el limite de la evidencia.",Pertinente,Caso simulado; no acredita conformidad tecnica.,"Texto alternativo, leyenda neutral, foco y control por teclado.",MANTENER,"Conservar con consigna, texto alternativo, leyenda y evidencia vinculada al AE.",REALIZADA
M2-MED-016,oficio-intervalo.png?v=3,foto,"Registra valores obtenidos de la lectura de instrumentos para elaborar informes de resultados, de acuerdo a pautas entregadas.",E2 AE3 etapa 3 (choice),"Observar datos visibles, transformarlos en una respuesta y declarar el limite de la evidencia.",Pertinente,Caso simulado; no acredita conformidad tecnica.,"Texto alternativo, leyenda neutral, foco y control por teclado.",MANTENER,"Conservar con consigna, texto alternativo, leyenda y evidencia vinculada al AE.",REALIZADA
M2-MED-017,oficio-visor-21c.png?v=3,foto,"Registra valores obtenidos de la lectura de instrumentos para elaborar informes de resultados, de acuerdo a pautas entregadas.",E2 AE3 etapa 4 (choice),"Observar datos visibles, transformarlos en una respuesta y declarar el limite de la evidencia.",Pertinente,Caso simulado; no acredita conformidad tecnica.,"Texto alternativo, leyenda neutral, foco y control por teclado.",MANTENER,"Conservar con consigna, texto alternativo, leyenda y evidencia vinculada al AE.",REALIZADA
M2-MED-018,oficio-visor-21c.png?v=3,foto,"Registra valores obtenidos de la lectura de instrumentos para elaborar informes de resultados, de acuerdo a pautas entregadas.",E2 AE3 etapa 5 (choice),"Observar datos visibles, transformarlos en una respuesta y declarar el limite de la evidencia.",Pertinente,Caso simulado; no acredita conformidad tecnica.,"Texto alternativo, leyenda neutral, foco y control por teclado.",MANTENER,"Conservar con consigna, texto alternativo, leyenda y evidencia vinculada al AE.",REALIZADA
M2-MED-019,oficio-visor-21c.png?v=3,foto,"Registra valores obtenidos de la lectura de instrumentos para elaborar informes de resultados, de acuerdo a pautas entregadas.",E2 AE3 etapa 6 (reflect),"Observar datos visibles, transformarlos en una respuesta y declarar el limite de la evidencia.",Pertinente,Caso simulado; no acredita conformidad tecnica.,"Texto alternativo, leyenda neutral, foco y control por teclado.",MANTENER,"Conservar con consigna, texto alternativo, leyenda y evidencia vinculada al AE.",REALIZADA
M2-MED-020,oficio-visor-25.png?v=3,foto,Decidir en la situación con evidencia visible,E3 Situación 1,"Observar datos visibles, transformarlos en una respuesta y declarar el limite de la evidencia.",Pertinente,Caso simulado; no acredita conformidad tecnica.,"Texto alternativo, leyenda neutral, foco y control por teclado.",MANTENER,"Conservar con consigna, texto alternativo, leyenda y evidencia vinculada al AE.",REALIZADA
M2-MED-021,oficio-intervalo.png?v=3,foto,Decidir en la situación con evidencia visible,E3 Situación 2,"Observar datos visibles, transformarlos en una respuesta y declarar el limite de la evidencia.",Pertinente,Caso simulado; no acredita conformidad tecnica.,"Texto alternativo, leyenda neutral, foco y control por teclado.",MANTENER,"Conservar con consigna, texto alternativo, leyenda y evidencia vinculada al AE.",REALIZADA
M2-MED-022,oficio-visor-21c.png?v=3,foto,Decidir en la situación con evidencia visible,E3 Situación 3,"Observar datos visibles, transformarlos en una respuesta y declarar el limite de la evidencia.",Pertinente,Caso simulado; no acredita conformidad tecnica.,"Texto alternativo, leyenda neutral, foco y control por teclado.",MANTENER,"Conservar con consigna, texto alternativo, leyenda y evidencia vinculada al AE.",REALIZADA
M2-MED-023,oficio-visor-21c.png?v=3,foto,Decidir en la situación con evidencia visible,E3 Situación 4,"Observar datos visibles, transformarlos en una respuesta y declarar el limite de la evidencia.",Pertinente,Caso simulado; no acredita conformidad tecnica.,"Texto alternativo, leyenda neutral, foco y control por teclado.",MANTENER,"Conservar con consigna, texto alternativo, leyenda y evidencia vinculada al AE.",REALIZADA
M2-MED-024,oficio-visor-21c.png?v=3,foto,Decidir en la situación con evidencia visible,E3 Situación 5,"Observar datos visibles, transformarlos en una respuesta y declarar el limite de la evidencia.",Pertinente,Caso simulado; no acredita conformidad tecnica.,"Texto alternativo, leyenda neutral, foco y control por teclado.",MANTENER,"Conservar con consigna, texto alternativo, leyenda y evidencia vinculada al AE.",REALIZADA
M2-MED-025,oficio-visor-21c.png?v=3,foto,Decidir en la situación con evidencia visible,E3 Situación 6,"Observar datos visibles, transformarlos en una respuesta y declarar el limite de la evidencia.",Pertinente,Caso simulado; no acredita conformidad tecnica.,"Texto alternativo, leyenda neutral, foco y control por teclado.",MANTENER,"Conservar con consigna, texto alternativo, leyenda y evidencia vinculada al AE.",REALIZADA
M2-MED-026,oficio-visor-21c.png?v=3,foto,Decidir en la situación con evidencia visible,E3 Situación 7,"Observar datos visibles, transformarlos en una respuesta y declarar el limite de la evidencia.",Pertinente,Caso simulado; no acredita conformidad tecnica.,"Texto alternativo, leyenda neutral, foco y control por teclado.",MANTENER,"Conservar con consigna, texto alternativo, leyenda y evidencia vinculada al AE.",REALIZADA
M2-MED-027,oficio-visor-21c.png?v=3,foto,Decidir en la situación con evidencia visible,E3 Situación 8,"Observar datos visibles, transformarlos en una respuesta y declarar el limite de la evidencia.",Pertinente,Caso simulado; no acredita conformidad tecnica.,"Texto alternativo, leyenda neutral, foco y control por teclado.",MANTENER,"Conservar con consigna, texto alternativo, leyenda y evidencia vinculada al AE.",REALIZADA
M2-MED-028,oficio-visor-21c.png?v=3,foto,Decidir en la situación con evidencia visible,E3 Situación 9,"Observar datos visibles, transformarlos en una respuesta y declarar el limite de la evidencia.",Pertinente,Caso simulado; no acredita conformidad tecnica.,"Texto alternativo, leyenda neutral, foco y control por teclado.",MANTENER,"Conservar con consigna, texto alternativo, leyenda y evidencia vinculada al AE.",REALIZADA
M2-MED-029,oficio-visor-21c.png?v=3,foto,Decidir en la situación con evidencia visible,E3 Situación 10,"Observar datos visibles, transformarlos en una respuesta y declarar el limite de la evidencia.",Pertinente,Caso simulado; no acredita conformidad tecnica.,"Texto alternativo, leyenda neutral, foco y control por teclado.",MANTENER,"Conservar con consigna, texto alternativo, leyenda y evidencia vinculada al AE.",REALIZADA
M2-MED-030,oficio-visor-21c.png?v=3,foto,Decidir en la situación con evidencia visible,E3 Situación 11,"Observar datos visibles, transformarlos en una respuesta y declarar el limite de la evidencia.",Pertinente,Caso simulado; no acredita conformidad tecnica.,"Texto alternativo, leyenda neutral, foco y control por teclado.",MANTENER,"Conservar con consigna, texto alternativo, leyenda y evidencia vinculada al AE.",REALIZADA
M2-MED-031,oficio-visor-21c.png?v=3,foto,Decidir en la situación con evidencia visible,E3 Situación 12,"Observar datos visibles, transformarlos en una respuesta y declarar el limite de la evidencia.",Pertinente,Caso simulado; no acredita conformidad tecnica.,"Texto alternativo, leyenda neutral, foco y control por teclado.",MANTENER,"Conservar con consigna, texto alternativo, leyenda y evidencia vinculada al AE.",REALIZADA
M2-MED-032,oficio-visor-21c.png?v=3,foto,Decidir en la situación con evidencia visible,E3 Situación 13,"Observar datos visibles, transformarlos en una respuesta y declarar el limite de la evidencia.",Pertinente,Caso simulado; no acredita conformidad tecnica.,"Texto alternativo, leyenda neutral, foco y control por teclado.",MANTENER,"Conservar con consigna, texto alternativo, leyenda y evidencia vinculada al AE.",REALIZADA
M2-MED-033,oficio-visor-21c.png?v=3,foto,Decidir en la situación con evidencia visible,E3 Situación 14,"Observar datos visibles, transformarlos en una respuesta y declarar el limite de la evidencia.",Pertinente,Caso simulado; no acredita conformidad tecnica.,"Texto alternativo, leyenda neutral, foco y control por teclado.",MANTENER,"Conservar con consigna, texto alternativo, leyenda y evidencia vinculada al AE.",REALIZADA
M2-MED-034,oficio-visor-21c.png?v=3,foto,Decidir en la situación con evidencia visible,E3 Situación 15,"Observar datos visibles, transformarlos en una respuesta y declarar el limite de la evidencia.",Pertinente,Caso simulado; no acredita conformidad tecnica.,"Texto alternativo, leyenda neutral, foco y control por teclado.",MANTENER,"Conservar con consigna, texto alternativo, leyenda y evidencia vinculada al AE.",REALIZADA
M2-MED-035,oficio-visor-21c.png?v=3,3d-procedure,"Recorrer el procedimiento (armar, instalar, diagnosticar) en el equipo",E3 Situación final 3D,"Observar datos visibles, transformarlos en una respuesta y declarar el limite de la evidencia.",Pertinente,Caso simulado; no acredita conformidad tecnica.,"Texto alternativo, leyenda neutral, foco y control por teclado.",MODIFICAR,Rotular como recorrido espacial interactivo y declarar que no es un modelo 3D completo.,REALIZADA
M2-MED-036,oficio-visor-25.png?v=3,foto,Imagen real del estímulo; el dato se lee en la figura,E4 Ítem 1,"Observar datos visibles, transformarlos en una respuesta y declarar el limite de la evidencia.",Pertinente,Caso simulado; no acredita conformidad tecnica.,"Texto alternativo, leyenda neutral, foco y control por teclado.",MANTENER,"Conservar con consigna, texto alternativo, leyenda y evidencia vinculada al AE.",REALIZADA
M2-MED-037,oficio-intervalo.png?v=3,foto,Imagen real del estímulo; el dato se lee en la figura,E4 Ítem 2,"Observar datos visibles, transformarlos en una respuesta y declarar el limite de la evidencia.",Pertinente,Caso simulado; no acredita conformidad tecnica.,"Texto alternativo, leyenda neutral, foco y control por teclado.",MANTENER,"Conservar con consigna, texto alternativo, leyenda y evidencia vinculada al AE.",REALIZADA
M2-MED-038,oficio-visor-21c.png?v=3,foto,Imagen real del estímulo; el dato se lee en la figura,E4 Ítem 3,"Observar datos visibles, transformarlos en una respuesta y declarar el limite de la evidencia.",Pertinente,Caso simulado; no acredita conformidad tecnica.,"Texto alternativo, leyenda neutral, foco y control por teclado.",MANTENER,"Conservar con consigna, texto alternativo, leyenda y evidencia vinculada al AE.",REALIZADA
M2-MED-039,oficio-visor-21c.png?v=3,foto,Imagen real del estímulo; el dato se lee en la figura,E4 Ítem 4,"Observar datos visibles, transformarlos en una respuesta y declarar el limite de la evidencia.",Pertinente,Caso simulado; no acredita conformidad tecnica.,"Texto alternativo, leyenda neutral, foco y control por teclado.",MANTENER,"Conservar con consigna, texto alternativo, leyenda y evidencia vinculada al AE.",REALIZADA
M2-MED-040,oficio-visor-21c.png?v=3,foto,Imagen real del estímulo; el dato se lee en la figura,E4 Ítem 5,"Observar datos visibles, transformarlos en una respuesta y declarar el limite de la evidencia.",Pertinente,Caso simulado; no acredita conformidad tecnica.,"Texto alternativo, leyenda neutral, foco y control por teclado.",MANTENER,"Conservar con consigna, texto alternativo, leyenda y evidencia vinculada al AE.",REALIZADA
M2-MED-041,oficio-visor-21c.png?v=3,foto,Imagen real del estímulo; el dato se lee en la figura,E4 Ítem 6,"Observar datos visibles, transformarlos en una respuesta y declarar el limite de la evidencia.",Pertinente,Caso simulado; no acredita conformidad tecnica.,"Texto alternativo, leyenda neutral, foco y control por teclado.",MANTENER,"Conservar con consigna, texto alternativo, leyenda y evidencia vinculada al AE.",REALIZADA
M2-MED-042,oficio-visor-21c.png?v=3,foto,Imagen real del estímulo; el dato se lee en la figura,E4 Ítem 7,"Observar datos visibles, transformarlos en una respuesta y declarar el limite de la evidencia.",Pertinente,Caso simulado; no acredita conformidad tecnica.,"Texto alternativo, leyenda neutral, foco y control por teclado.",MANTENER,"Conservar con consigna, texto alternativo, leyenda y evidencia vinculada al AE.",REALIZADA
M2-MED-043,oficio-visor-21c.png?v=3,foto,Imagen real del estímulo; el dato se lee en la figura,E4 Ítem 8,"Observar datos visibles, transformarlos en una respuesta y declarar el limite de la evidencia.",Pertinente,Caso simulado; no acredita conformidad tecnica.,"Texto alternativo, leyenda neutral, foco y control por teclado.",MANTENER,"Conservar con consigna, texto alternativo, leyenda y evidencia vinculada al AE.",REALIZADA
M2-MED-044,oficio-visor-21c.png?v=3,foto,Imagen real del estímulo; el dato se lee en la figura,E4 Ítem 9,"Observar datos visibles, transformarlos en una respuesta y declarar el limite de la evidencia.",Pertinente,Caso simulado; no acredita conformidad tecnica.,"Texto alternativo, leyenda neutral, foco y control por teclado.",MANTENER,"Conservar con consigna, texto alternativo, leyenda y evidencia vinculada al AE.",REALIZADA
M2-MED-045,oficio-visor-21c.png?v=3,foto,Imagen real del estímulo; el dato se lee en la figura,E4 Ítem 10,"Observar datos visibles, transformarlos en una respuesta y declarar el limite de la evidencia.",Pertinente,Caso simulado; no acredita conformidad tecnica.,"Texto alternativo, leyenda neutral, foco y control por teclado.",MANTENER,"Conservar con consigna, texto alternativo, leyenda y evidencia vinculada al AE.",REALIZADA
M2-MED-046,oficio-visor-21c.png?v=3,foto,Imagen real del estímulo; el dato se lee en la figura,E4 Ítem 11,"Observar datos visibles, transformarlos en una respuesta y declarar el limite de la evidencia.",Pertinente,Caso simulado; no acredita conformidad tecnica.,"Texto alternativo, leyenda neutral, foco y control por teclado.",MANTENER,"Conservar con consigna, texto alternativo, leyenda y evidencia vinculada al AE.",REALIZADA
M2-MED-047,oficio-visor-21c.png?v=3,foto,Imagen real del estímulo; el dato se lee en la figura,E4 Ítem 12,"Observar datos visibles, transformarlos en una respuesta y declarar el limite de la evidencia.",Pertinente,Caso simulado; no acredita conformidad tecnica.,"Texto alternativo, leyenda neutral, foco y control por teclado.",MANTENER,"Conservar con consigna, texto alternativo, leyenda y evidencia vinculada al AE.",REALIZADA
M2-MED-048,oficio-visor-21c.png?v=3,foto,Imagen real del estímulo; el dato se lee en la figura,E4 Ítem 13,"Observar datos visibles, transformarlos en una respuesta y declarar el limite de la evidencia.",Pertinente,Caso simulado; no acredita conformidad tecnica.,"Texto alternativo, leyenda neutral, foco y control por teclado.",MANTENER,"Conservar con consigna, texto alternativo, leyenda y evidencia vinculada al AE.",REALIZADA
M2-MED-049,oficio-visor-21c.png?v=3,foto,Imagen real del estímulo; el dato se lee en la figura,E4 Ítem 14,"Observar datos visibles, transformarlos en una respuesta y declarar el limite de la evidencia.",Pertinente,Caso simulado; no acredita conformidad tecnica.,"Texto alternativo, leyenda neutral, foco y control por teclado.",MANTENER,"Conservar con consigna, texto alternativo, leyenda y evidencia vinculada al AE.",REALIZADA
M2-MED-050,oficio-visor-21c.png?v=3,foto,Imagen real del estímulo; el dato se lee en la figura,E4 Ítem 15,"Observar datos visibles, transformarlos en una respuesta y declarar el limite de la evidencia.",Pertinente,Caso simulado; no acredita conformidad tecnica.,"Texto alternativo, leyenda neutral, foco y control por teclado.",MANTENER,"Conservar con consigna, texto alternativo, leyenda y evidencia vinculada al AE.",REALIZADA
M2-MED-051,oficio-visor-21c.png?v=3,foto,Imagen real del estímulo; el dato se lee en la figura,E4 Ítem 16,"Observar datos visibles, transformarlos en una respuesta y declarar el limite de la evidencia.",Pertinente,Caso simulado; no acredita conformidad tecnica.,"Texto alternativo, leyenda neutral, foco y control por teclado.",MANTENER,"Conservar con consigna, texto alternativo, leyenda y evidencia vinculada al AE.",REALIZADA
M2-MED-052,oficio-visor-21c.png?v=3,foto,Imagen real del estímulo; el dato se lee en la figura,E4 Ítem 17,"Observar datos visibles, transformarlos en una respuesta y declarar el limite de la evidencia.",Pertinente,Caso simulado; no acredita conformidad tecnica.,"Texto alternativo, leyenda neutral, foco y control por teclado.",MANTENER,"Conservar con consigna, texto alternativo, leyenda y evidencia vinculada al AE.",REALIZADA
M2-MED-053,oficio-visor-21c.png?v=3,foto,Imagen real del estímulo; el dato se lee en la figura,E4 Ítem 18,"Observar datos visibles, transformarlos en una respuesta y declarar el limite de la evidencia.",Pertinente,Caso simulado; no acredita conformidad tecnica.,"Texto alternativo, leyenda neutral, foco y control por teclado.",MANTENER,"Conservar con consigna, texto alternativo, leyenda y evidencia vinculada al AE.",REALIZADA
M2-MED-054,oficio-visor-21c.png?v=3,foto,Imagen real del estímulo; el dato se lee en la figura,E4 Ítem 19,"Observar datos visibles, transformarlos en una respuesta y declarar el limite de la evidencia.",Pertinente,Caso simulado; no acredita conformidad tecnica.,"Texto alternativo, leyenda neutral, foco y control por teclado.",MANTENER,"Conservar con consigna, texto alternativo, leyenda y evidencia vinculada al AE.",REALIZADA
M2-MED-055,oficio-visor-21c.png?v=3,foto,Imagen real del estímulo; el dato se lee en la figura,E4 Ítem 20,"Observar datos visibles, transformarlos en una respuesta y declarar el limite de la evidencia.",Pertinente,Caso simulado; no acredita conformidad tecnica.,"Texto alternativo, leyenda neutral, foco y control por teclado.",MANTENER,"Conservar con consigna, texto alternativo, leyenda y evidencia vinculada al AE.",REALIZADA
M2-MED-056,oficio-intervalo.png?v=3,foto,Imagen real del estímulo; el dato se lee en la figura,E4 Ítem 21,"Observar datos visibles, transformarlos en una respuesta y declarar el limite de la evidencia.",Pertinente,Caso simulado; no acredita conformidad tecnica.,"Texto alternativo, leyenda neutral, foco y control por teclado.",MANTENER,"Conservar con consigna, texto alternativo, leyenda y evidencia vinculada al AE.",REALIZADA
M2-MED-057,oficio-visor-21c.png?v=3,foto,Imagen real del estímulo; el dato se lee en la figura,E4 Ítem 22,"Observar datos visibles, transformarlos en una respuesta y declarar el limite de la evidencia.",Pertinente,Caso simulado; no acredita conformidad tecnica.,"Texto alternativo, leyenda neutral, foco y control por teclado.",MANTENER,"Conservar con consigna, texto alternativo, leyenda y evidencia vinculada al AE.",REALIZADA
M2-MED-058,oficio-visor-21c.png?v=3,foto,Imagen real del estímulo; el dato se lee en la figura,E4 Ítem 23,"Observar datos visibles, transformarlos en una respuesta y declarar el limite de la evidencia.",Pertinente,Caso simulado; no acredita conformidad tecnica.,"Texto alternativo, leyenda neutral, foco y control por teclado.",MANTENER,"Conservar con consigna, texto alternativo, leyenda y evidencia vinculada al AE.",REALIZADA
M2-MED-059,oficio-visor-21c.png?v=3,foto,Imagen real del estímulo; el dato se lee en la figura,E4 Ítem 24,"Observar datos visibles, transformarlos en una respuesta y declarar el limite de la evidencia.",Pertinente,Caso simulado; no acredita conformidad tecnica.,"Texto alternativo, leyenda neutral, foco y control por teclado.",MANTENER,"Conservar con consigna, texto alternativo, leyenda y evidencia vinculada al AE.",REALIZADA
M2-MED-060,oficio-visor-21c.png?v=3,foto,Imagen real del estímulo; el dato se lee en la figura,E4 Ítem 25,"Observar datos visibles, transformarlos en una respuesta y declarar el limite de la evidencia.",Pertinente,Caso simulado; no acredita conformidad tecnica.,"Texto alternativo, leyenda neutral, foco y control por teclado.",MANTENER,"Conservar con consigna, texto alternativo, leyenda y evidencia vinculada al AE.",REALIZADA
M2-MED-061,oficio-visor-21c.png?v=3,foto,Frame del error en cada pregunta incorrecta,E5 Retroalimentación,"Observar datos visibles, transformarlos en una respuesta y declarar el limite de la evidencia.",Pertinente,Caso simulado; no acredita conformidad tecnica.,"Texto alternativo, leyenda neutral, foco y control por teclado.",MANTENER,"Conservar con consigna, texto alternativo, leyenda y evidencia vinculada al AE.",REALIZADA
M3-MED-001,oficio-tramos.png?v=3,foto,Observar el escenario del AE con hotspots ligados a criterio,E1 Contextualización · explorar,"Observar datos visibles, transformarlos en una respuesta y declarar el limite de la evidencia.",Pertinente,Caso simulado; no acredita conformidad tecnica.,"Texto alternativo, leyenda neutral, foco y control por teclado.",MANTENER,"Conservar con consigna, texto alternativo, leyenda y evidencia vinculada al AE.",REALIZADA
M3-MED-002,oficio-tramos.png?v=3,3d,"Realiza unión de diferentes tipos de materiales, utilizando soldaduras autorizadas por la normativa y considerando las técnicas establecidas desde fábrica, la normativa técnica y de seguridad.",E2 AE1 etapa 1 (hotspot),"Observar datos visibles, transformarlos en una respuesta y declarar el limite de la evidencia.",Pertinente,Caso simulado; no acredita conformidad tecnica.,"Texto alternativo, leyenda neutral, foco y control por teclado.",MODIFICAR,Rotular como recorrido espacial interactivo y declarar que no es un modelo 3D completo.,REALIZADA
M3-MED-003,oficio-tramos.png?v=3,foto,"Realiza unión de diferentes tipos de materiales, utilizando soldaduras autorizadas por la normativa y considerando las técnicas establecidas desde fábrica, la normativa técnica y de seguridad.",E2 AE1 etapa 2 (match),"Observar datos visibles, transformarlos en una respuesta y declarar el limite de la evidencia.",Pertinente,Caso simulado; no acredita conformidad tecnica.,"Texto alternativo, leyenda neutral, foco y control por teclado.",MANTENER,"Conservar con consigna, texto alternativo, leyenda y evidencia vinculada al AE.",REALIZADA
M3-MED-004,oficio-tramos.png?v=3,foto,"Realiza unión de diferentes tipos de materiales, utilizando soldaduras autorizadas por la normativa y considerando las técnicas establecidas desde fábrica, la normativa técnica y de seguridad.",E2 AE1 etapa 3 (order),"Observar datos visibles, transformarlos en una respuesta y declarar el limite de la evidencia.",Pertinente,Caso simulado; no acredita conformidad tecnica.,"Texto alternativo, leyenda neutral, foco y control por teclado.",MANTENER,"Conservar con consigna, texto alternativo, leyenda y evidencia vinculada al AE.",REALIZADA
M3-MED-005,oficio-tramos.png?v=3,foto,"Realiza unión de diferentes tipos de materiales, utilizando soldaduras autorizadas por la normativa y considerando las técnicas establecidas desde fábrica, la normativa técnica y de seguridad.",E2 AE1 etapa 4 (choice),"Observar datos visibles, transformarlos en una respuesta y declarar el limite de la evidencia.",Pertinente,Caso simulado; no acredita conformidad tecnica.,"Texto alternativo, leyenda neutral, foco y control por teclado.",MANTENER,"Conservar con consigna, texto alternativo, leyenda y evidencia vinculada al AE.",REALIZADA
M3-MED-006,oficio-tramos.png?v=3,foto,"Realiza unión de diferentes tipos de materiales, utilizando soldaduras autorizadas por la normativa y considerando las técnicas establecidas desde fábrica, la normativa técnica y de seguridad.",E2 AE1 etapa 5 (choice),"Observar datos visibles, transformarlos en una respuesta y declarar el limite de la evidencia.",Pertinente,Caso simulado; no acredita conformidad tecnica.,"Texto alternativo, leyenda neutral, foco y control por teclado.",MANTENER,"Conservar con consigna, texto alternativo, leyenda y evidencia vinculada al AE.",REALIZADA
M3-MED-007,oficio-tramos.png?v=3,foto,"Realiza unión de diferentes tipos de materiales, utilizando soldaduras autorizadas por la normativa y considerando las técnicas establecidas desde fábrica, la normativa técnica y de seguridad.",E2 AE1 etapa 6 (reflect),"Observar datos visibles, transformarlos en una respuesta y declarar el limite de la evidencia.",Pertinente,Caso simulado; no acredita conformidad tecnica.,"Texto alternativo, leyenda neutral, foco y control por teclado.",MANTENER,"Conservar con consigna, texto alternativo, leyenda y evidencia vinculada al AE.",REALIZADA
M3-MED-008,oficio-tramos.png?v=3,foto,"Arma diferentes redes de tuberías utilizando diversas soldaduras, considerando las técnicas establecidas desde fábrica, la normativa técnica y de seguridad respectiva.",E2 AE2 etapa 1 (classify),"Observar datos visibles, transformarlos en una respuesta y declarar el limite de la evidencia.",Pertinente,Caso simulado; no acredita conformidad tecnica.,"Texto alternativo, leyenda neutral, foco y control por teclado.",MANTENER,"Conservar con consigna, texto alternativo, leyenda y evidencia vinculada al AE.",REALIZADA
M3-MED-009,oficio-tramos.png?v=3,foto,"Arma diferentes redes de tuberías utilizando diversas soldaduras, considerando las técnicas establecidas desde fábrica, la normativa técnica y de seguridad respectiva.",E2 AE2 etapa 2 (choice),"Observar datos visibles, transformarlos en una respuesta y declarar el limite de la evidencia.",Pertinente,Caso simulado; no acredita conformidad tecnica.,"Texto alternativo, leyenda neutral, foco y control por teclado.",MANTENER,"Conservar con consigna, texto alternativo, leyenda y evidencia vinculada al AE.",REALIZADA
M3-MED-010,oficio-tramos.png?v=3,foto,"Arma diferentes redes de tuberías utilizando diversas soldaduras, considerando las técnicas establecidas desde fábrica, la normativa técnica y de seguridad respectiva.",E2 AE2 etapa 3 (checklist),"Observar datos visibles, transformarlos en una respuesta y declarar el limite de la evidencia.",Pertinente,Caso simulado; no acredita conformidad tecnica.,"Texto alternativo, leyenda neutral, foco y control por teclado.",MANTENER,"Conservar con consigna, texto alternativo, leyenda y evidencia vinculada al AE.",REALIZADA
M3-MED-011,oficio-tramos.png?v=3,foto,"Arma diferentes redes de tuberías utilizando diversas soldaduras, considerando las técnicas establecidas desde fábrica, la normativa técnica y de seguridad respectiva.",E2 AE2 etapa 4 (choice),"Observar datos visibles, transformarlos en una respuesta y declarar el limite de la evidencia.",Pertinente,Caso simulado; no acredita conformidad tecnica.,"Texto alternativo, leyenda neutral, foco y control por teclado.",MANTENER,"Conservar con consigna, texto alternativo, leyenda y evidencia vinculada al AE.",REALIZADA
M3-MED-012,oficio-tramos.png?v=3,foto,"Arma diferentes redes de tuberías utilizando diversas soldaduras, considerando las técnicas establecidas desde fábrica, la normativa técnica y de seguridad respectiva.",E2 AE2 etapa 5 (choice),"Observar datos visibles, transformarlos en una respuesta y declarar el limite de la evidencia.",Pertinente,Caso simulado; no acredita conformidad tecnica.,"Texto alternativo, leyenda neutral, foco y control por teclado.",MANTENER,"Conservar con consigna, texto alternativo, leyenda y evidencia vinculada al AE.",REALIZADA
M3-MED-013,oficio-tramos.png?v=3,foto,"Arma diferentes redes de tuberías utilizando diversas soldaduras, considerando las técnicas establecidas desde fábrica, la normativa técnica y de seguridad respectiva.",E2 AE2 etapa 6 (reflect),"Observar datos visibles, transformarlos en una respuesta y declarar el limite de la evidencia.",Pertinente,Caso simulado; no acredita conformidad tecnica.,"Texto alternativo, leyenda neutral, foco y control por teclado.",MANTENER,"Conservar con consigna, texto alternativo, leyenda y evidencia vinculada al AE.",REALIZADA
M3-MED-014,oficio-tramos.png?v=3,foto,"Instala diferentes redes de tuberías para la conducción de agua, aire y refrigerantes, asegurando su estabilidad mediante fijaciones apropiadas al plano y al material que las sustentará, considerando las técnicas establecidas desde fábrica, la normativa técnica y de seguridad respectiva.",E2 AE3 etapa 1 (choice),"Observar datos visibles, transformarlos en una respuesta y declarar el limite de la evidencia.",Pertinente,Caso simulado; no acredita conformidad tecnica.,"Texto alternativo, leyenda neutral, foco y control por teclado.",MANTENER,"Conservar con consigna, texto alternativo, leyenda y evidencia vinculada al AE.",REALIZADA
M3-MED-015,oficio-tramos.png?v=3,foto,"Instala diferentes redes de tuberías para la conducción de agua, aire y refrigerantes, asegurando su estabilidad mediante fijaciones apropiadas al plano y al material que las sustentará, considerando las técnicas establecidas desde fábrica, la normativa técnica y de seguridad respectiva.",E2 AE3 etapa 2 (choice),"Observar datos visibles, transformarlos en una respuesta y declarar el limite de la evidencia.",Pertinente,Caso simulado; no acredita conformidad tecnica.,"Texto alternativo, leyenda neutral, foco y control por teclado.",MANTENER,"Conservar con consigna, texto alternativo, leyenda y evidencia vinculada al AE.",REALIZADA
M3-MED-016,oficio-plano-leyenda.png?v=3,foto,"Instala diferentes redes de tuberías para la conducción de agua, aire y refrigerantes, asegurando su estabilidad mediante fijaciones apropiadas al plano y al material que las sustentará, considerando las técnicas establecidas desde fábrica, la normativa técnica y de seguridad respectiva.",E2 AE3 etapa 3 (choice),"Observar datos visibles, transformarlos en una respuesta y declarar el limite de la evidencia.",Pertinente,Caso simulado; no acredita conformidad tecnica.,"Texto alternativo, leyenda neutral, foco y control por teclado.",MANTENER,"Conservar con consigna, texto alternativo, leyenda y evidencia vinculada al AE.",REALIZADA
M3-MED-017,oficio-plano-leyenda.png?v=3,foto,"Instala diferentes redes de tuberías para la conducción de agua, aire y refrigerantes, asegurando su estabilidad mediante fijaciones apropiadas al plano y al material que las sustentará, considerando las técnicas establecidas desde fábrica, la normativa técnica y de seguridad respectiva.",E2 AE3 etapa 4 (choice),"Observar datos visibles, transformarlos en una respuesta y declarar el limite de la evidencia.",Pertinente,Caso simulado; no acredita conformidad tecnica.,"Texto alternativo, leyenda neutral, foco y control por teclado.",MANTENER,"Conservar con consigna, texto alternativo, leyenda y evidencia vinculada al AE.",REALIZADA
M3-MED-018,oficio-tramos.png?v=3,foto,"Instala diferentes redes de tuberías para la conducción de agua, aire y refrigerantes, asegurando su estabilidad mediante fijaciones apropiadas al plano y al material que las sustentará, considerando las técnicas establecidas desde fábrica, la normativa técnica y de seguridad respectiva.",E2 AE3 etapa 5 (choice),"Observar datos visibles, transformarlos en una respuesta y declarar el limite de la evidencia.",Pertinente,Caso simulado; no acredita conformidad tecnica.,"Texto alternativo, leyenda neutral, foco y control por teclado.",MANTENER,"Conservar con consigna, texto alternativo, leyenda y evidencia vinculada al AE.",REALIZADA
M3-MED-019,oficio-tramos.png?v=3,foto,"Instala diferentes redes de tuberías para la conducción de agua, aire y refrigerantes, asegurando su estabilidad mediante fijaciones apropiadas al plano y al material que las sustentará, considerando las técnicas establecidas desde fábrica, la normativa técnica y de seguridad respectiva.",E2 AE3 etapa 6 (reflect),"Observar datos visibles, transformarlos en una respuesta y declarar el limite de la evidencia.",Pertinente,Caso simulado; no acredita conformidad tecnica.,"Texto alternativo, leyenda neutral, foco y control por teclado.",MANTENER,"Conservar con consigna, texto alternativo, leyenda y evidencia vinculada al AE.",REALIZADA
M3-MED-020,oficio-cruce.png?v=3,foto,Decidir en la situación con evidencia visible,E3 Situación 1,"Observar datos visibles, transformarlos en una respuesta y declarar el limite de la evidencia.",Pertinente,Caso simulado; no acredita conformidad tecnica.,"Texto alternativo, leyenda neutral, foco y control por teclado.",MANTENER,"Conservar con consigna, texto alternativo, leyenda y evidencia vinculada al AE.",REALIZADA
M3-MED-021,oficio-tramos.png?v=3,foto,Decidir en la situación con evidencia visible,E3 Situación 2,"Observar datos visibles, transformarlos en una respuesta y declarar el limite de la evidencia.",Pertinente,Caso simulado; no acredita conformidad tecnica.,"Texto alternativo, leyenda neutral, foco y control por teclado.",MANTENER,"Conservar con consigna, texto alternativo, leyenda y evidencia vinculada al AE.",REALIZADA
M3-MED-022,oficio-tramos.png?v=3,foto,Decidir en la situación con evidencia visible,E3 Situación 3,"Observar datos visibles, transformarlos en una respuesta y declarar el limite de la evidencia.",Pertinente,Caso simulado; no acredita conformidad tecnica.,"Texto alternativo, leyenda neutral, foco y control por teclado.",MANTENER,"Conservar con consigna, texto alternativo, leyenda y evidencia vinculada al AE.",REALIZADA
M3-MED-023,oficio-tramos.png?v=3,foto,Decidir en la situación con evidencia visible,E3 Situación 4,"Observar datos visibles, transformarlos en una respuesta y declarar el limite de la evidencia.",Pertinente,Caso simulado; no acredita conformidad tecnica.,"Texto alternativo, leyenda neutral, foco y control por teclado.",MANTENER,"Conservar con consigna, texto alternativo, leyenda y evidencia vinculada al AE.",REALIZADA
M3-MED-024,oficio-tramos.png?v=3,foto,Decidir en la situación con evidencia visible,E3 Situación 5,"Observar datos visibles, transformarlos en una respuesta y declarar el limite de la evidencia.",Pertinente,Caso simulado; no acredita conformidad tecnica.,"Texto alternativo, leyenda neutral, foco y control por teclado.",MANTENER,"Conservar con consigna, texto alternativo, leyenda y evidencia vinculada al AE.",REALIZADA
M3-MED-025,oficio-tramos.png?v=3,foto,Decidir en la situación con evidencia visible,E3 Situación 6,"Observar datos visibles, transformarlos en una respuesta y declarar el limite de la evidencia.",Pertinente,Caso simulado; no acredita conformidad tecnica.,"Texto alternativo, leyenda neutral, foco y control por teclado.",MANTENER,"Conservar con consigna, texto alternativo, leyenda y evidencia vinculada al AE.",REALIZADA
M3-MED-026,oficio-tramos.png?v=3,foto,Decidir en la situación con evidencia visible,E3 Situación 7,"Observar datos visibles, transformarlos en una respuesta y declarar el limite de la evidencia.",Pertinente,Caso simulado; no acredita conformidad tecnica.,"Texto alternativo, leyenda neutral, foco y control por teclado.",MANTENER,"Conservar con consigna, texto alternativo, leyenda y evidencia vinculada al AE.",REALIZADA
M3-MED-027,oficio-tramos.png?v=3,foto,Decidir en la situación con evidencia visible,E3 Situación 8,"Observar datos visibles, transformarlos en una respuesta y declarar el limite de la evidencia.",Pertinente,Caso simulado; no acredita conformidad tecnica.,"Texto alternativo, leyenda neutral, foco y control por teclado.",MANTENER,"Conservar con consigna, texto alternativo, leyenda y evidencia vinculada al AE.",REALIZADA
M3-MED-028,oficio-plano-leyenda.png?v=3,foto,Decidir en la situación con evidencia visible,E3 Situación 9,"Observar datos visibles, transformarlos en una respuesta y declarar el limite de la evidencia.",Pertinente,Caso simulado; no acredita conformidad tecnica.,"Texto alternativo, leyenda neutral, foco y control por teclado.",MANTENER,"Conservar con consigna, texto alternativo, leyenda y evidencia vinculada al AE.",REALIZADA
M3-MED-029,oficio-equipo-ctrl.png?v=3,foto,Decidir en la situación con evidencia visible,E3 Situación 10,"Observar datos visibles, transformarlos en una respuesta y declarar el limite de la evidencia.",Pertinente,Caso simulado; no acredita conformidad tecnica.,"Texto alternativo, leyenda neutral, foco y control por teclado.",MANTENER,"Conservar con consigna, texto alternativo, leyenda y evidencia vinculada al AE.",REALIZADA
M3-MED-030,oficio-tramos.png?v=3,foto,Decidir en la situación con evidencia visible,E3 Situación 11,"Observar datos visibles, transformarlos en una respuesta y declarar el limite de la evidencia.",Pertinente,Caso simulado; no acredita conformidad tecnica.,"Texto alternativo, leyenda neutral, foco y control por teclado.",MANTENER,"Conservar con consigna, texto alternativo, leyenda y evidencia vinculada al AE.",REALIZADA
M3-MED-031,oficio-tramos.png?v=3,foto,Decidir en la situación con evidencia visible,E3 Situación 12,"Observar datos visibles, transformarlos en una respuesta y declarar el limite de la evidencia.",Pertinente,Caso simulado; no acredita conformidad tecnica.,"Texto alternativo, leyenda neutral, foco y control por teclado.",MANTENER,"Conservar con consigna, texto alternativo, leyenda y evidencia vinculada al AE.",REALIZADA
M3-MED-032,oficio-tramos.png?v=3,foto,Decidir en la situación con evidencia visible,E3 Situación 13,"Observar datos visibles, transformarlos en una respuesta y declarar el limite de la evidencia.",Pertinente,Caso simulado; no acredita conformidad tecnica.,"Texto alternativo, leyenda neutral, foco y control por teclado.",MANTENER,"Conservar con consigna, texto alternativo, leyenda y evidencia vinculada al AE.",REALIZADA
M3-MED-033,oficio-tramos.png?v=3,foto,Decidir en la situación con evidencia visible,E3 Situación 14,"Observar datos visibles, transformarlos en una respuesta y declarar el limite de la evidencia.",Pertinente,Caso simulado; no acredita conformidad tecnica.,"Texto alternativo, leyenda neutral, foco y control por teclado.",MANTENER,"Conservar con consigna, texto alternativo, leyenda y evidencia vinculada al AE.",REALIZADA
M3-MED-034,oficio-tramos.png?v=3,foto,Decidir en la situación con evidencia visible,E3 Situación 15,"Observar datos visibles, transformarlos en una respuesta y declarar el limite de la evidencia.",Pertinente,Caso simulado; no acredita conformidad tecnica.,"Texto alternativo, leyenda neutral, foco y control por teclado.",MANTENER,"Conservar con consigna, texto alternativo, leyenda y evidencia vinculada al AE.",REALIZADA
M3-MED-035,oficio-tramos.png?v=3,3d-procedure,"Recorrer el procedimiento (armar, instalar, diagnosticar) en el equipo",E3 Situación final 3D,"Observar datos visibles, transformarlos en una respuesta y declarar el limite de la evidencia.",Pertinente,Caso simulado; no acredita conformidad tecnica.,"Texto alternativo, leyenda neutral, foco y control por teclado.",MODIFICAR,Rotular como recorrido espacial interactivo y declarar que no es un modelo 3D completo.,REALIZADA
M3-MED-036,oficio-cruce.png?v=3,foto,Imagen real del estímulo; el dato se lee en la figura,E4 Ítem 1,"Observar datos visibles, transformarlos en una respuesta y declarar el limite de la evidencia.",Pertinente,Caso simulado; no acredita conformidad tecnica.,"Texto alternativo, leyenda neutral, foco y control por teclado.",MANTENER,"Conservar con consigna, texto alternativo, leyenda y evidencia vinculada al AE.",REALIZADA
M3-MED-037,oficio-tramos.png?v=3,foto,Imagen real del estímulo; el dato se lee en la figura,E4 Ítem 2,"Observar datos visibles, transformarlos en una respuesta y declarar el limite de la evidencia.",Pertinente,Caso simulado; no acredita conformidad tecnica.,"Texto alternativo, leyenda neutral, foco y control por teclado.",MANTENER,"Conservar con consigna, texto alternativo, leyenda y evidencia vinculada al AE.",REALIZADA
M3-MED-038,oficio-tramos.png?v=3,foto,Imagen real del estímulo; el dato se lee en la figura,E4 Ítem 3,"Observar datos visibles, transformarlos en una respuesta y declarar el limite de la evidencia.",Pertinente,Caso simulado; no acredita conformidad tecnica.,"Texto alternativo, leyenda neutral, foco y control por teclado.",MANTENER,"Conservar con consigna, texto alternativo, leyenda y evidencia vinculada al AE.",REALIZADA
M3-MED-039,oficio-tramos.png?v=3,foto,Imagen real del estímulo; el dato se lee en la figura,E4 Ítem 4,"Observar datos visibles, transformarlos en una respuesta y declarar el limite de la evidencia.",Pertinente,Caso simulado; no acredita conformidad tecnica.,"Texto alternativo, leyenda neutral, foco y control por teclado.",MANTENER,"Conservar con consigna, texto alternativo, leyenda y evidencia vinculada al AE.",REALIZADA
M3-MED-040,oficio-tramos.png?v=3,foto,Imagen real del estímulo; el dato se lee en la figura,E4 Ítem 5,"Observar datos visibles, transformarlos en una respuesta y declarar el limite de la evidencia.",Pertinente,Caso simulado; no acredita conformidad tecnica.,"Texto alternativo, leyenda neutral, foco y control por teclado.",MANTENER,"Conservar con consigna, texto alternativo, leyenda y evidencia vinculada al AE.",REALIZADA
M3-MED-041,oficio-tramos.png?v=3,foto,Imagen real del estímulo; el dato se lee en la figura,E4 Ítem 6,"Observar datos visibles, transformarlos en una respuesta y declarar el limite de la evidencia.",Pertinente,Caso simulado; no acredita conformidad tecnica.,"Texto alternativo, leyenda neutral, foco y control por teclado.",MANTENER,"Conservar con consigna, texto alternativo, leyenda y evidencia vinculada al AE.",REALIZADA
M3-MED-042,oficio-tramos.png?v=3,foto,Imagen real del estímulo; el dato se lee en la figura,E4 Ítem 7,"Observar datos visibles, transformarlos en una respuesta y declarar el limite de la evidencia.",Pertinente,Caso simulado; no acredita conformidad tecnica.,"Texto alternativo, leyenda neutral, foco y control por teclado.",MANTENER,"Conservar con consigna, texto alternativo, leyenda y evidencia vinculada al AE.",REALIZADA
M3-MED-043,oficio-tramos.png?v=3,foto,Imagen real del estímulo; el dato se lee en la figura,E4 Ítem 8,"Observar datos visibles, transformarlos en una respuesta y declarar el limite de la evidencia.",Pertinente,Caso simulado; no acredita conformidad tecnica.,"Texto alternativo, leyenda neutral, foco y control por teclado.",MANTENER,"Conservar con consigna, texto alternativo, leyenda y evidencia vinculada al AE.",REALIZADA
M3-MED-044,oficio-plano-leyenda.png?v=3,foto,Imagen real del estímulo; el dato se lee en la figura,E4 Ítem 9,"Observar datos visibles, transformarlos en una respuesta y declarar el limite de la evidencia.",Pertinente,Caso simulado; no acredita conformidad tecnica.,"Texto alternativo, leyenda neutral, foco y control por teclado.",MANTENER,"Conservar con consigna, texto alternativo, leyenda y evidencia vinculada al AE.",REALIZADA
M3-MED-045,oficio-equipo-ctrl.png?v=3,foto,Imagen real del estímulo; el dato se lee en la figura,E4 Ítem 10,"Observar datos visibles, transformarlos en una respuesta y declarar el limite de la evidencia.",Pertinente,Caso simulado; no acredita conformidad tecnica.,"Texto alternativo, leyenda neutral, foco y control por teclado.",MANTENER,"Conservar con consigna, texto alternativo, leyenda y evidencia vinculada al AE.",REALIZADA
M3-MED-046,oficio-tramos.png?v=3,foto,Imagen real del estímulo; el dato se lee en la figura,E4 Ítem 11,"Observar datos visibles, transformarlos en una respuesta y declarar el limite de la evidencia.",Pertinente,Caso simulado; no acredita conformidad tecnica.,"Texto alternativo, leyenda neutral, foco y control por teclado.",MANTENER,"Conservar con consigna, texto alternativo, leyenda y evidencia vinculada al AE.",REALIZADA
M3-MED-047,oficio-tramos.png?v=3,foto,Imagen real del estímulo; el dato se lee en la figura,E4 Ítem 12,"Observar datos visibles, transformarlos en una respuesta y declarar el limite de la evidencia.",Pertinente,Caso simulado; no acredita conformidad tecnica.,"Texto alternativo, leyenda neutral, foco y control por teclado.",MANTENER,"Conservar con consigna, texto alternativo, leyenda y evidencia vinculada al AE.",REALIZADA
M3-MED-048,oficio-tramos.png?v=3,foto,Imagen real del estímulo; el dato se lee en la figura,E4 Ítem 13,"Observar datos visibles, transformarlos en una respuesta y declarar el limite de la evidencia.",Pertinente,Caso simulado; no acredita conformidad tecnica.,"Texto alternativo, leyenda neutral, foco y control por teclado.",MANTENER,"Conservar con consigna, texto alternativo, leyenda y evidencia vinculada al AE.",REALIZADA
M3-MED-049,oficio-tramos.png?v=3,foto,Imagen real del estímulo; el dato se lee en la figura,E4 Ítem 14,"Observar datos visibles, transformarlos en una respuesta y declarar el limite de la evidencia.",Pertinente,Caso simulado; no acredita conformidad tecnica.,"Texto alternativo, leyenda neutral, foco y control por teclado.",MANTENER,"Conservar con consigna, texto alternativo, leyenda y evidencia vinculada al AE.",REALIZADA
M3-MED-050,oficio-tramos.png?v=3,foto,Imagen real del estímulo; el dato se lee en la figura,E4 Ítem 15,"Observar datos visibles, transformarlos en una respuesta y declarar el limite de la evidencia.",Pertinente,Caso simulado; no acredita conformidad tecnica.,"Texto alternativo, leyenda neutral, foco y control por teclado.",MANTENER,"Conservar con consigna, texto alternativo, leyenda y evidencia vinculada al AE.",REALIZADA
M3-MED-051,oficio-tramos.png?v=3,foto,Imagen real del estímulo; el dato se lee en la figura,E4 Ítem 16,"Observar datos visibles, transformarlos en una respuesta y declarar el limite de la evidencia.",Pertinente,Caso simulado; no acredita conformidad tecnica.,"Texto alternativo, leyenda neutral, foco y control por teclado.",MANTENER,"Conservar con consigna, texto alternativo, leyenda y evidencia vinculada al AE.",REALIZADA
M3-MED-052,oficio-tramos.png?v=3,foto,Imagen real del estímulo; el dato se lee en la figura,E4 Ítem 17,"Observar datos visibles, transformarlos en una respuesta y declarar el limite de la evidencia.",Pertinente,Caso simulado; no acredita conformidad tecnica.,"Texto alternativo, leyenda neutral, foco y control por teclado.",MANTENER,"Conservar con consigna, texto alternativo, leyenda y evidencia vinculada al AE.",REALIZADA
M3-MED-053,oficio-tramos.png?v=3,foto,Imagen real del estímulo; el dato se lee en la figura,E4 Ítem 18,"Observar datos visibles, transformarlos en una respuesta y declarar el limite de la evidencia.",Pertinente,Caso simulado; no acredita conformidad tecnica.,"Texto alternativo, leyenda neutral, foco y control por teclado.",MANTENER,"Conservar con consigna, texto alternativo, leyenda y evidencia vinculada al AE.",REALIZADA
M3-MED-054,oficio-tramos.png?v=3,foto,Imagen real del estímulo; el dato se lee en la figura,E4 Ítem 19,"Observar datos visibles, transformarlos en una respuesta y declarar el limite de la evidencia.",Pertinente,Caso simulado; no acredita conformidad tecnica.,"Texto alternativo, leyenda neutral, foco y control por teclado.",MANTENER,"Conservar con consigna, texto alternativo, leyenda y evidencia vinculada al AE.",REALIZADA
M3-MED-055,oficio-tramos.png?v=3,foto,Imagen real del estímulo; el dato se lee en la figura,E4 Ítem 20,"Observar datos visibles, transformarlos en una respuesta y declarar el limite de la evidencia.",Pertinente,Caso simulado; no acredita conformidad tecnica.,"Texto alternativo, leyenda neutral, foco y control por teclado.",MANTENER,"Conservar con consigna, texto alternativo, leyenda y evidencia vinculada al AE.",REALIZADA
M3-MED-056,oficio-tramos.png?v=3,foto,Imagen real del estímulo; el dato se lee en la figura,E4 Ítem 21,"Observar datos visibles, transformarlos en una respuesta y declarar el limite de la evidencia.",Pertinente,Caso simulado; no acredita conformidad tecnica.,"Texto alternativo, leyenda neutral, foco y control por teclado.",MANTENER,"Conservar con consigna, texto alternativo, leyenda y evidencia vinculada al AE.",REALIZADA
M3-MED-057,oficio-tramos.png?v=3,foto,Imagen real del estímulo; el dato se lee en la figura,E4 Ítem 22,"Observar datos visibles, transformarlos en una respuesta y declarar el limite de la evidencia.",Pertinente,Caso simulado; no acredita conformidad tecnica.,"Texto alternativo, leyenda neutral, foco y control por teclado.",MANTENER,"Conservar con consigna, texto alternativo, leyenda y evidencia vinculada al AE.",REALIZADA
M3-MED-058,oficio-tramos.png?v=3,foto,Imagen real del estímulo; el dato se lee en la figura,E4 Ítem 23,"Observar datos visibles, transformarlos en una respuesta y declarar el limite de la evidencia.",Pertinente,Caso simulado; no acredita conformidad tecnica.,"Texto alternativo, leyenda neutral, foco y control por teclado.",MANTENER,"Conservar con consigna, texto alternativo, leyenda y evidencia vinculada al AE.",REALIZADA
M3-MED-059,oficio-tramos.png?v=3,foto,Imagen real del estímulo; el dato se lee en la figura,E4 Ítem 24,"Observar datos visibles, transformarlos en una respuesta y declarar el limite de la evidencia.",Pertinente,Caso simulado; no acredita conformidad tecnica.,"Texto alternativo, leyenda neutral, foco y control por teclado.",MANTENER,"Conservar con consigna, texto alternativo, leyenda y evidencia vinculada al AE.",REALIZADA
M3-MED-060,oficio-tramos.png?v=3,foto,Imagen real del estímulo; el dato se lee en la figura,E4 Ítem 25,"Observar datos visibles, transformarlos en una respuesta y declarar el limite de la evidencia.",Pertinente,Caso simulado; no acredita conformidad tecnica.,"Texto alternativo, leyenda neutral, foco y control por teclado.",MANTENER,"Conservar con consigna, texto alternativo, leyenda y evidencia vinculada al AE.",REALIZADA
M3-MED-061,oficio-tramos.png?v=3,foto,Frame del error en cada pregunta incorrecta,E5 Retroalimentación,"Observar datos visibles, transformarlos en una respuesta y declarar el limite de la evidencia.",Pertinente,Caso simulado; no acredita conformidad tecnica.,"Texto alternativo, leyenda neutral, foco y control por teclado.",MANTENER,"Conservar con consigna, texto alternativo, leyenda y evidencia vinculada al AE.",REALIZADA
M4-MED-001,oficio-equipo-ctrl.png?v=3,foto,Observar el escenario del AE con hotspots ligados a criterio,E1 Contextualización · explorar,"Observar datos visibles, transformarlos en una respuesta y declarar el limite de la evidencia.",Pertinente,Caso simulado; no acredita conformidad tecnica.,"Texto alternativo, leyenda neutral, foco y control por teclado.",MANTENER,"Conservar con consigna, texto alternativo, leyenda y evidencia vinculada al AE.",REALIZADA
M4-MED-002,oficio-equipo-ctrl.png?v=3,3d,"Lee y utiliza planos, junto con las especificaciones técnicas de distintos sistemas y equipos de refrigeración y climatización, para identificar las dificultades que podrían presentar en la instalación.",E2 AE1 etapa 1 (hotspot),"Observar datos visibles, transformarlos en una respuesta y declarar el limite de la evidencia.",Pertinente,Caso simulado; no acredita conformidad tecnica.,"Texto alternativo, leyenda neutral, foco y control por teclado.",MODIFICAR,Rotular como recorrido espacial interactivo y declarar que no es un modelo 3D completo.,REALIZADA
M4-MED-003,oficio-equipo-ctrl.png?v=3,foto,"Lee y utiliza planos, junto con las especificaciones técnicas de distintos sistemas y equipos de refrigeración y climatización, para identificar las dificultades que podrían presentar en la instalación.",E2 AE1 etapa 2 (match),"Observar datos visibles, transformarlos en una respuesta y declarar el limite de la evidencia.",Pertinente,Caso simulado; no acredita conformidad tecnica.,"Texto alternativo, leyenda neutral, foco y control por teclado.",MANTENER,"Conservar con consigna, texto alternativo, leyenda y evidencia vinculada al AE.",REALIZADA
M4-MED-004,oficio-equipo-ctrl.png?v=3,foto,"Lee y utiliza planos, junto con las especificaciones técnicas de distintos sistemas y equipos de refrigeración y climatización, para identificar las dificultades que podrían presentar en la instalación.",E2 AE1 etapa 3 (order),"Observar datos visibles, transformarlos en una respuesta y declarar el limite de la evidencia.",Pertinente,Caso simulado; no acredita conformidad tecnica.,"Texto alternativo, leyenda neutral, foco y control por teclado.",MANTENER,"Conservar con consigna, texto alternativo, leyenda y evidencia vinculada al AE.",REALIZADA
M4-MED-005,oficio-acceso-cm.png?v=3,foto,"Lee y utiliza planos, junto con las especificaciones técnicas de distintos sistemas y equipos de refrigeración y climatización, para identificar las dificultades que podrían presentar en la instalación.",E2 AE1 etapa 4 (choice),"Observar datos visibles, transformarlos en una respuesta y declarar el limite de la evidencia.",Pertinente,Caso simulado; no acredita conformidad tecnica.,"Texto alternativo, leyenda neutral, foco y control por teclado.",MANTENER,"Conservar con consigna, texto alternativo, leyenda y evidencia vinculada al AE.",REALIZADA
M4-MED-006,oficio-equipo-ctrl.png?v=3,foto,"Lee y utiliza planos, junto con las especificaciones técnicas de distintos sistemas y equipos de refrigeración y climatización, para identificar las dificultades que podrían presentar en la instalación.",E2 AE1 etapa 5 (choice),"Observar datos visibles, transformarlos en una respuesta y declarar el limite de la evidencia.",Pertinente,Caso simulado; no acredita conformidad tecnica.,"Texto alternativo, leyenda neutral, foco y control por teclado.",MANTENER,"Conservar con consigna, texto alternativo, leyenda y evidencia vinculada al AE.",REALIZADA
M4-MED-007,oficio-equipo-ctrl.png?v=3,foto,"Lee y utiliza planos, junto con las especificaciones técnicas de distintos sistemas y equipos de refrigeración y climatización, para identificar las dificultades que podrían presentar en la instalación.",E2 AE1 etapa 6 (reflect),"Observar datos visibles, transformarlos en una respuesta y declarar el limite de la evidencia.",Pertinente,Caso simulado; no acredita conformidad tecnica.,"Texto alternativo, leyenda neutral, foco y control por teclado.",MANTENER,"Conservar con consigna, texto alternativo, leyenda y evidencia vinculada al AE.",REALIZADA
M4-MED-008,oficio-equipo-ctrl.png?v=3,foto,"Instala equipos y componentes de sistemas de refrigeración, climatización, calefacción y ventilación disponibles para instalaciones domiciliarias, considerando las especificaciones técnicas establecidas por los manuales de instalación, la normativa técnica y de seguridad respectiva.",E2 AE2 etapa 1 (classify),"Observar datos visibles, transformarlos en una respuesta y declarar el limite de la evidencia.",Pertinente,Caso simulado; no acredita conformidad tecnica.,"Texto alternativo, leyenda neutral, foco y control por teclado.",MANTENER,"Conservar con consigna, texto alternativo, leyenda y evidencia vinculada al AE.",REALIZADA
M4-MED-009,oficio-equipo-ctrl.png?v=3,foto,"Instala equipos y componentes de sistemas de refrigeración, climatización, calefacción y ventilación disponibles para instalaciones domiciliarias, considerando las especificaciones técnicas establecidas por los manuales de instalación, la normativa técnica y de seguridad respectiva.",E2 AE2 etapa 2 (choice),"Observar datos visibles, transformarlos en una respuesta y declarar el limite de la evidencia.",Pertinente,Caso simulado; no acredita conformidad tecnica.,"Texto alternativo, leyenda neutral, foco y control por teclado.",MANTENER,"Conservar con consigna, texto alternativo, leyenda y evidencia vinculada al AE.",REALIZADA
M4-MED-010,oficio-equipo-ctrl.png?v=3,foto,"Instala equipos y componentes de sistemas de refrigeración, climatización, calefacción y ventilación disponibles para instalaciones domiciliarias, considerando las especificaciones técnicas establecidas por los manuales de instalación, la normativa técnica y de seguridad respectiva.",E2 AE2 etapa 3 (checklist),"Observar datos visibles, transformarlos en una respuesta y declarar el limite de la evidencia.",Pertinente,Caso simulado; no acredita conformidad tecnica.,"Texto alternativo, leyenda neutral, foco y control por teclado.",MANTENER,"Conservar con consigna, texto alternativo, leyenda y evidencia vinculada al AE.",REALIZADA
M4-MED-011,oficio-equipo-ctrl.png?v=3,foto,"Instala equipos y componentes de sistemas de refrigeración, climatización, calefacción y ventilación disponibles para instalaciones domiciliarias, considerando las especificaciones técnicas establecidas por los manuales de instalación, la normativa técnica y de seguridad respectiva.",E2 AE2 etapa 4 (choice),"Observar datos visibles, transformarlos en una respuesta y declarar el limite de la evidencia.",Pertinente,Caso simulado; no acredita conformidad tecnica.,"Texto alternativo, leyenda neutral, foco y control por teclado.",MANTENER,"Conservar con consigna, texto alternativo, leyenda y evidencia vinculada al AE.",REALIZADA
M4-MED-012,oficio-equipo-ctrl.png?v=3,foto,"Instala equipos y componentes de sistemas de refrigeración, climatización, calefacción y ventilación disponibles para instalaciones domiciliarias, considerando las especificaciones técnicas establecidas por los manuales de instalación, la normativa técnica y de seguridad respectiva.",E2 AE2 etapa 5 (choice),"Observar datos visibles, transformarlos en una respuesta y declarar el limite de la evidencia.",Pertinente,Caso simulado; no acredita conformidad tecnica.,"Texto alternativo, leyenda neutral, foco y control por teclado.",MANTENER,"Conservar con consigna, texto alternativo, leyenda y evidencia vinculada al AE.",REALIZADA
M4-MED-013,oficio-equipo-ctrl.png?v=3,foto,"Instala equipos y componentes de sistemas de refrigeración, climatización, calefacción y ventilación disponibles para instalaciones domiciliarias, considerando las especificaciones técnicas establecidas por los manuales de instalación, la normativa técnica y de seguridad respectiva.",E2 AE2 etapa 6 (reflect),"Observar datos visibles, transformarlos en una respuesta y declarar el limite de la evidencia.",Pertinente,Caso simulado; no acredita conformidad tecnica.,"Texto alternativo, leyenda neutral, foco y control por teclado.",MANTENER,"Conservar con consigna, texto alternativo, leyenda y evidencia vinculada al AE.",REALIZADA
M4-MED-014,oficio-equipo-ctrl.png?v=3,foto,"Instala dispositivos de control automáticos, considerando las especificaciones técnicas establecidas desde fábrica, la normativa técnica y de seguridad respectiva.",E2 AE3 etapa 1 (choice),"Observar datos visibles, transformarlos en una respuesta y declarar el limite de la evidencia.",Pertinente,Caso simulado; no acredita conformidad tecnica.,"Texto alternativo, leyenda neutral, foco y control por teclado.",MANTENER,"Conservar con consigna, texto alternativo, leyenda y evidencia vinculada al AE.",REALIZADA
M4-MED-015,oficio-equipo-ctrl.png?v=3,foto,"Instala dispositivos de control automáticos, considerando las especificaciones técnicas establecidas desde fábrica, la normativa técnica y de seguridad respectiva.",E2 AE3 etapa 2 (choice),"Observar datos visibles, transformarlos en una respuesta y declarar el limite de la evidencia.",Pertinente,Caso simulado; no acredita conformidad tecnica.,"Texto alternativo, leyenda neutral, foco y control por teclado.",MANTENER,"Conservar con consigna, texto alternativo, leyenda y evidencia vinculada al AE.",REALIZADA
M4-MED-016,oficio-equipo-ctrl.png?v=3,foto,"Instala dispositivos de control automáticos, considerando las especificaciones técnicas establecidas desde fábrica, la normativa técnica y de seguridad respectiva.",E2 AE3 etapa 3 (choice),"Observar datos visibles, transformarlos en una respuesta y declarar el limite de la evidencia.",Pertinente,Caso simulado; no acredita conformidad tecnica.,"Texto alternativo, leyenda neutral, foco y control por teclado.",MANTENER,"Conservar con consigna, texto alternativo, leyenda y evidencia vinculada al AE.",REALIZADA
M4-MED-017,oficio-equipo-ctrl.png?v=3,foto,"Instala dispositivos de control automáticos, considerando las especificaciones técnicas establecidas desde fábrica, la normativa técnica y de seguridad respectiva.",E2 AE3 etapa 4 (choice),"Observar datos visibles, transformarlos en una respuesta y declarar el limite de la evidencia.",Pertinente,Caso simulado; no acredita conformidad tecnica.,"Texto alternativo, leyenda neutral, foco y control por teclado.",MANTENER,"Conservar con consigna, texto alternativo, leyenda y evidencia vinculada al AE.",REALIZADA
M4-MED-018,oficio-equipo-ctrl.png?v=3,foto,"Instala dispositivos de control automáticos, considerando las especificaciones técnicas establecidas desde fábrica, la normativa técnica y de seguridad respectiva.",E2 AE3 etapa 5 (choice),"Observar datos visibles, transformarlos en una respuesta y declarar el limite de la evidencia.",Pertinente,Caso simulado; no acredita conformidad tecnica.,"Texto alternativo, leyenda neutral, foco y control por teclado.",MANTENER,"Conservar con consigna, texto alternativo, leyenda y evidencia vinculada al AE.",REALIZADA
M4-MED-019,oficio-equipo-ctrl.png?v=3,foto,"Instala dispositivos de control automáticos, considerando las especificaciones técnicas establecidas desde fábrica, la normativa técnica y de seguridad respectiva.",E2 AE3 etapa 6 (reflect),"Observar datos visibles, transformarlos en una respuesta y declarar el limite de la evidencia.",Pertinente,Caso simulado; no acredita conformidad tecnica.,"Texto alternativo, leyenda neutral, foco y control por teclado.",MANTENER,"Conservar con consigna, texto alternativo, leyenda y evidencia vinculada al AE.",REALIZADA
M4-MED-020,oficio-equipo-ctrl.png?v=3,foto,Decidir en la situación con evidencia visible,E3 Situación 1,"Observar datos visibles, transformarlos en una respuesta y declarar el limite de la evidencia.",Pertinente,Caso simulado; no acredita conformidad tecnica.,"Texto alternativo, leyenda neutral, foco y control por teclado.",MANTENER,"Conservar con consigna, texto alternativo, leyenda y evidencia vinculada al AE.",REALIZADA
M4-MED-021,oficio-acceso-cm.png?v=3,foto,Decidir en la situación con evidencia visible,E3 Situación 2,"Observar datos visibles, transformarlos en una respuesta y declarar el limite de la evidencia.",Pertinente,Caso simulado; no acredita conformidad tecnica.,"Texto alternativo, leyenda neutral, foco y control por teclado.",MANTENER,"Conservar con consigna, texto alternativo, leyenda y evidencia vinculada al AE.",REALIZADA
M4-MED-022,oficio-equipo-ctrl.png?v=3,foto,Decidir en la situación con evidencia visible,E3 Situación 3,"Observar datos visibles, transformarlos en una respuesta y declarar el limite de la evidencia.",Pertinente,Caso simulado; no acredita conformidad tecnica.,"Texto alternativo, leyenda neutral, foco y control por teclado.",MANTENER,"Conservar con consigna, texto alternativo, leyenda y evidencia vinculada al AE.",REALIZADA
M4-MED-023,oficio-equipo-ctrl.png?v=3,foto,Decidir en la situación con evidencia visible,E3 Situación 4,"Observar datos visibles, transformarlos en una respuesta y declarar el limite de la evidencia.",Pertinente,Caso simulado; no acredita conformidad tecnica.,"Texto alternativo, leyenda neutral, foco y control por teclado.",MANTENER,"Conservar con consigna, texto alternativo, leyenda y evidencia vinculada al AE.",REALIZADA
M4-MED-024,oficio-equipo-ctrl.png?v=3,foto,Decidir en la situación con evidencia visible,E3 Situación 5,"Observar datos visibles, transformarlos en una respuesta y declarar el limite de la evidencia.",Pertinente,Caso simulado; no acredita conformidad tecnica.,"Texto alternativo, leyenda neutral, foco y control por teclado.",MANTENER,"Conservar con consigna, texto alternativo, leyenda y evidencia vinculada al AE.",REALIZADA
M4-MED-025,oficio-equipo-ctrl.png?v=3,foto,Decidir en la situación con evidencia visible,E3 Situación 6,"Observar datos visibles, transformarlos en una respuesta y declarar el limite de la evidencia.",Pertinente,Caso simulado; no acredita conformidad tecnica.,"Texto alternativo, leyenda neutral, foco y control por teclado.",MANTENER,"Conservar con consigna, texto alternativo, leyenda y evidencia vinculada al AE.",REALIZADA
M4-MED-026,oficio-equipo-ctrl.png?v=3,foto,Decidir en la situación con evidencia visible,E3 Situación 7,"Observar datos visibles, transformarlos en una respuesta y declarar el limite de la evidencia.",Pertinente,Caso simulado; no acredita conformidad tecnica.,"Texto alternativo, leyenda neutral, foco y control por teclado.",MANTENER,"Conservar con consigna, texto alternativo, leyenda y evidencia vinculada al AE.",REALIZADA
M4-MED-027,oficio-equipo-ctrl.png?v=3,foto,Decidir en la situación con evidencia visible,E3 Situación 8,"Observar datos visibles, transformarlos en una respuesta y declarar el limite de la evidencia.",Pertinente,Caso simulado; no acredita conformidad tecnica.,"Texto alternativo, leyenda neutral, foco y control por teclado.",MANTENER,"Conservar con consigna, texto alternativo, leyenda y evidencia vinculada al AE.",REALIZADA
M4-MED-028,oficio-equipo-ctrl.png?v=3,foto,Decidir en la situación con evidencia visible,E3 Situación 9,"Observar datos visibles, transformarlos en una respuesta y declarar el limite de la evidencia.",Pertinente,Caso simulado; no acredita conformidad tecnica.,"Texto alternativo, leyenda neutral, foco y control por teclado.",MANTENER,"Conservar con consigna, texto alternativo, leyenda y evidencia vinculada al AE.",REALIZADA
M4-MED-029,oficio-equipo-ctrl.png?v=3,foto,Decidir en la situación con evidencia visible,E3 Situación 10,"Observar datos visibles, transformarlos en una respuesta y declarar el limite de la evidencia.",Pertinente,Caso simulado; no acredita conformidad tecnica.,"Texto alternativo, leyenda neutral, foco y control por teclado.",MANTENER,"Conservar con consigna, texto alternativo, leyenda y evidencia vinculada al AE.",REALIZADA
M4-MED-030,oficio-equipo-ctrl.png?v=3,foto,Decidir en la situación con evidencia visible,E3 Situación 11,"Observar datos visibles, transformarlos en una respuesta y declarar el limite de la evidencia.",Pertinente,Caso simulado; no acredita conformidad tecnica.,"Texto alternativo, leyenda neutral, foco y control por teclado.",MANTENER,"Conservar con consigna, texto alternativo, leyenda y evidencia vinculada al AE.",REALIZADA
M4-MED-031,oficio-equipo-ctrl.png?v=3,foto,Decidir en la situación con evidencia visible,E3 Situación 12,"Observar datos visibles, transformarlos en una respuesta y declarar el limite de la evidencia.",Pertinente,Caso simulado; no acredita conformidad tecnica.,"Texto alternativo, leyenda neutral, foco y control por teclado.",MANTENER,"Conservar con consigna, texto alternativo, leyenda y evidencia vinculada al AE.",REALIZADA
M4-MED-032,oficio-equipo-ctrl.png?v=3,foto,Decidir en la situación con evidencia visible,E3 Situación 13,"Observar datos visibles, transformarlos en una respuesta y declarar el limite de la evidencia.",Pertinente,Caso simulado; no acredita conformidad tecnica.,"Texto alternativo, leyenda neutral, foco y control por teclado.",MANTENER,"Conservar con consigna, texto alternativo, leyenda y evidencia vinculada al AE.",REALIZADA
M4-MED-033,oficio-equipo-ctrl.png?v=3,foto,Decidir en la situación con evidencia visible,E3 Situación 14,"Observar datos visibles, transformarlos en una respuesta y declarar el limite de la evidencia.",Pertinente,Caso simulado; no acredita conformidad tecnica.,"Texto alternativo, leyenda neutral, foco y control por teclado.",MANTENER,"Conservar con consigna, texto alternativo, leyenda y evidencia vinculada al AE.",REALIZADA
M4-MED-034,oficio-equipo-ctrl.png?v=3,foto,Decidir en la situación con evidencia visible,E3 Situación 15,"Observar datos visibles, transformarlos en una respuesta y declarar el limite de la evidencia.",Pertinente,Caso simulado; no acredita conformidad tecnica.,"Texto alternativo, leyenda neutral, foco y control por teclado.",MANTENER,"Conservar con consigna, texto alternativo, leyenda y evidencia vinculada al AE.",REALIZADA
M4-MED-035,oficio-equipo-ctrl.png?v=3,3d-procedure,"Recorrer el procedimiento (armar, instalar, diagnosticar) en el equipo",E3 Situación final 3D,"Observar datos visibles, transformarlos en una respuesta y declarar el limite de la evidencia.",Pertinente,Caso simulado; no acredita conformidad tecnica.,"Texto alternativo, leyenda neutral, foco y control por teclado.",MODIFICAR,Rotular como recorrido espacial interactivo y declarar que no es un modelo 3D completo.,REALIZADA
M4-MED-036,oficio-equipo-ctrl.png?v=3,foto,Imagen real del estímulo; el dato se lee en la figura,E4 Ítem 1,"Observar datos visibles, transformarlos en una respuesta y declarar el limite de la evidencia.",Pertinente,Caso simulado; no acredita conformidad tecnica.,"Texto alternativo, leyenda neutral, foco y control por teclado.",MANTENER,"Conservar con consigna, texto alternativo, leyenda y evidencia vinculada al AE.",REALIZADA
M4-MED-037,oficio-acceso-cm.png?v=3,foto,Imagen real del estímulo; el dato se lee en la figura,E4 Ítem 2,"Observar datos visibles, transformarlos en una respuesta y declarar el limite de la evidencia.",Pertinente,Caso simulado; no acredita conformidad tecnica.,"Texto alternativo, leyenda neutral, foco y control por teclado.",MANTENER,"Conservar con consigna, texto alternativo, leyenda y evidencia vinculada al AE.",REALIZADA
M4-MED-038,oficio-equipo-ctrl.png?v=3,foto,Imagen real del estímulo; el dato se lee en la figura,E4 Ítem 3,"Observar datos visibles, transformarlos en una respuesta y declarar el limite de la evidencia.",Pertinente,Caso simulado; no acredita conformidad tecnica.,"Texto alternativo, leyenda neutral, foco y control por teclado.",MANTENER,"Conservar con consigna, texto alternativo, leyenda y evidencia vinculada al AE.",REALIZADA
M4-MED-039,oficio-equipo-ctrl.png?v=3,foto,Imagen real del estímulo; el dato se lee en la figura,E4 Ítem 4,"Observar datos visibles, transformarlos en una respuesta y declarar el limite de la evidencia.",Pertinente,Caso simulado; no acredita conformidad tecnica.,"Texto alternativo, leyenda neutral, foco y control por teclado.",MANTENER,"Conservar con consigna, texto alternativo, leyenda y evidencia vinculada al AE.",REALIZADA
M4-MED-040,oficio-equipo-ctrl.png?v=3,foto,Imagen real del estímulo; el dato se lee en la figura,E4 Ítem 5,"Observar datos visibles, transformarlos en una respuesta y declarar el limite de la evidencia.",Pertinente,Caso simulado; no acredita conformidad tecnica.,"Texto alternativo, leyenda neutral, foco y control por teclado.",MANTENER,"Conservar con consigna, texto alternativo, leyenda y evidencia vinculada al AE.",REALIZADA
M4-MED-041,oficio-equipo-ctrl.png?v=3,foto,Imagen real del estímulo; el dato se lee en la figura,E4 Ítem 6,"Observar datos visibles, transformarlos en una respuesta y declarar el limite de la evidencia.",Pertinente,Caso simulado; no acredita conformidad tecnica.,"Texto alternativo, leyenda neutral, foco y control por teclado.",MANTENER,"Conservar con consigna, texto alternativo, leyenda y evidencia vinculada al AE.",REALIZADA
M4-MED-042,oficio-equipo-ctrl.png?v=3,foto,Imagen real del estímulo; el dato se lee en la figura,E4 Ítem 7,"Observar datos visibles, transformarlos en una respuesta y declarar el limite de la evidencia.",Pertinente,Caso simulado; no acredita conformidad tecnica.,"Texto alternativo, leyenda neutral, foco y control por teclado.",MANTENER,"Conservar con consigna, texto alternativo, leyenda y evidencia vinculada al AE.",REALIZADA
M4-MED-043,oficio-equipo-ctrl.png?v=3,foto,Imagen real del estímulo; el dato se lee en la figura,E4 Ítem 8,"Observar datos visibles, transformarlos en una respuesta y declarar el limite de la evidencia.",Pertinente,Caso simulado; no acredita conformidad tecnica.,"Texto alternativo, leyenda neutral, foco y control por teclado.",MANTENER,"Conservar con consigna, texto alternativo, leyenda y evidencia vinculada al AE.",REALIZADA
M4-MED-044,oficio-equipo-ctrl.png?v=3,foto,Imagen real del estímulo; el dato se lee en la figura,E4 Ítem 9,"Observar datos visibles, transformarlos en una respuesta y declarar el limite de la evidencia.",Pertinente,Caso simulado; no acredita conformidad tecnica.,"Texto alternativo, leyenda neutral, foco y control por teclado.",MANTENER,"Conservar con consigna, texto alternativo, leyenda y evidencia vinculada al AE.",REALIZADA
M4-MED-045,oficio-equipo-ctrl.png?v=3,foto,Imagen real del estímulo; el dato se lee en la figura,E4 Ítem 10,"Observar datos visibles, transformarlos en una respuesta y declarar el limite de la evidencia.",Pertinente,Caso simulado; no acredita conformidad tecnica.,"Texto alternativo, leyenda neutral, foco y control por teclado.",MANTENER,"Conservar con consigna, texto alternativo, leyenda y evidencia vinculada al AE.",REALIZADA
M4-MED-046,oficio-equipo-ctrl.png?v=3,foto,Imagen real del estímulo; el dato se lee en la figura,E4 Ítem 11,"Observar datos visibles, transformarlos en una respuesta y declarar el limite de la evidencia.",Pertinente,Caso simulado; no acredita conformidad tecnica.,"Texto alternativo, leyenda neutral, foco y control por teclado.",MANTENER,"Conservar con consigna, texto alternativo, leyenda y evidencia vinculada al AE.",REALIZADA
M4-MED-047,oficio-equipo-ctrl.png?v=3,foto,Imagen real del estímulo; el dato se lee en la figura,E4 Ítem 12,"Observar datos visibles, transformarlos en una respuesta y declarar el limite de la evidencia.",Pertinente,Caso simulado; no acredita conformidad tecnica.,"Texto alternativo, leyenda neutral, foco y control por teclado.",MANTENER,"Conservar con consigna, texto alternativo, leyenda y evidencia vinculada al AE.",REALIZADA
M4-MED-048,oficio-equipo-ctrl.png?v=3,foto,Imagen real del estímulo; el dato se lee en la figura,E4 Ítem 13,"Observar datos visibles, transformarlos en una respuesta y declarar el limite de la evidencia.",Pertinente,Caso simulado; no acredita conformidad tecnica.,"Texto alternativo, leyenda neutral, foco y control por teclado.",MANTENER,"Conservar con consigna, texto alternativo, leyenda y evidencia vinculada al AE.",REALIZADA
M4-MED-049,oficio-equipo-ctrl.png?v=3,foto,Imagen real del estímulo; el dato se lee en la figura,E4 Ítem 14,"Observar datos visibles, transformarlos en una respuesta y declarar el limite de la evidencia.",Pertinente,Caso simulado; no acredita conformidad tecnica.,"Texto alternativo, leyenda neutral, foco y control por teclado.",MANTENER,"Conservar con consigna, texto alternativo, leyenda y evidencia vinculada al AE.",REALIZADA
M4-MED-050,oficio-equipo-ctrl.png?v=3,foto,Imagen real del estímulo; el dato se lee en la figura,E4 Ítem 15,"Observar datos visibles, transformarlos en una respuesta y declarar el limite de la evidencia.",Pertinente,Caso simulado; no acredita conformidad tecnica.,"Texto alternativo, leyenda neutral, foco y control por teclado.",MANTENER,"Conservar con consigna, texto alternativo, leyenda y evidencia vinculada al AE.",REALIZADA
M4-MED-051,oficio-equipo-ctrl.png?v=3,foto,Imagen real del estímulo; el dato se lee en la figura,E4 Ítem 16,"Observar datos visibles, transformarlos en una respuesta y declarar el limite de la evidencia.",Pertinente,Caso simulado; no acredita conformidad tecnica.,"Texto alternativo, leyenda neutral, foco y control por teclado.",MANTENER,"Conservar con consigna, texto alternativo, leyenda y evidencia vinculada al AE.",REALIZADA
M4-MED-052,oficio-equipo-ctrl.png?v=3,foto,Imagen real del estímulo; el dato se lee en la figura,E4 Ítem 17,"Observar datos visibles, transformarlos en una respuesta y declarar el limite de la evidencia.",Pertinente,Caso simulado; no acredita conformidad tecnica.,"Texto alternativo, leyenda neutral, foco y control por teclado.",MANTENER,"Conservar con consigna, texto alternativo, leyenda y evidencia vinculada al AE.",REALIZADA
M4-MED-053,oficio-equipo-ctrl.png?v=3,foto,Imagen real del estímulo; el dato se lee en la figura,E4 Ítem 18,"Observar datos visibles, transformarlos en una respuesta y declarar el limite de la evidencia.",Pertinente,Caso simulado; no acredita conformidad tecnica.,"Texto alternativo, leyenda neutral, foco y control por teclado.",MANTENER,"Conservar con consigna, texto alternativo, leyenda y evidencia vinculada al AE.",REALIZADA
M4-MED-054,oficio-equipo-ctrl.png?v=3,foto,Imagen real del estímulo; el dato se lee en la figura,E4 Ítem 19,"Observar datos visibles, transformarlos en una respuesta y declarar el limite de la evidencia.",Pertinente,Caso simulado; no acredita conformidad tecnica.,"Texto alternativo, leyenda neutral, foco y control por teclado.",MANTENER,"Conservar con consigna, texto alternativo, leyenda y evidencia vinculada al AE.",REALIZADA
M4-MED-055,oficio-equipo-ctrl.png?v=3,foto,Imagen real del estímulo; el dato se lee en la figura,E4 Ítem 20,"Observar datos visibles, transformarlos en una respuesta y declarar el limite de la evidencia.",Pertinente,Caso simulado; no acredita conformidad tecnica.,"Texto alternativo, leyenda neutral, foco y control por teclado.",MANTENER,"Conservar con consigna, texto alternativo, leyenda y evidencia vinculada al AE.",REALIZADA
M4-MED-056,oficio-equipo-ctrl.png?v=3,foto,Imagen real del estímulo; el dato se lee en la figura,E4 Ítem 21,"Observar datos visibles, transformarlos en una respuesta y declarar el limite de la evidencia.",Pertinente,Caso simulado; no acredita conformidad tecnica.,"Texto alternativo, leyenda neutral, foco y control por teclado.",MANTENER,"Conservar con consigna, texto alternativo, leyenda y evidencia vinculada al AE.",REALIZADA
M4-MED-057,oficio-equipo-ctrl.png?v=3,foto,Imagen real del estímulo; el dato se lee en la figura,E4 Ítem 22,"Observar datos visibles, transformarlos en una respuesta y declarar el limite de la evidencia.",Pertinente,Caso simulado; no acredita conformidad tecnica.,"Texto alternativo, leyenda neutral, foco y control por teclado.",MANTENER,"Conservar con consigna, texto alternativo, leyenda y evidencia vinculada al AE.",REALIZADA
M4-MED-058,oficio-equipo-ctrl.png?v=3,foto,Imagen real del estímulo; el dato se lee en la figura,E4 Ítem 23,"Observar datos visibles, transformarlos en una respuesta y declarar el limite de la evidencia.",Pertinente,Caso simulado; no acredita conformidad tecnica.,"Texto alternativo, leyenda neutral, foco y control por teclado.",MANTENER,"Conservar con consigna, texto alternativo, leyenda y evidencia vinculada al AE.",REALIZADA
M4-MED-059,oficio-equipo-ctrl.png?v=3,foto,Imagen real del estímulo; el dato se lee en la figura,E4 Ítem 24,"Observar datos visibles, transformarlos en una respuesta y declarar el limite de la evidencia.",Pertinente,Caso simulado; no acredita conformidad tecnica.,"Texto alternativo, leyenda neutral, foco y control por teclado.",MANTENER,"Conservar con consigna, texto alternativo, leyenda y evidencia vinculada al AE.",REALIZADA
M4-MED-060,oficio-equipo-ctrl.png?v=3,foto,Imagen real del estímulo; el dato se lee en la figura,E4 Ítem 25,"Observar datos visibles, transformarlos en una respuesta y declarar el limite de la evidencia.",Pertinente,Caso simulado; no acredita conformidad tecnica.,"Texto alternativo, leyenda neutral, foco y control por teclado.",MANTENER,"Conservar con consigna, texto alternativo, leyenda y evidencia vinculada al AE.",REALIZADA
M4-MED-061,oficio-equipo-ctrl.png?v=3,foto,Frame del error en cada pregunta incorrecta,E5 Retroalimentación,"Observar datos visibles, transformarlos en una respuesta y declarar el limite de la evidencia.",Pertinente,Caso simulado; no acredita conformidad tecnica.,"Texto alternativo, leyenda neutral, foco y control por teclado.",MANTENER,"Conservar con consigna, texto alternativo, leyenda y evidencia vinculada al AE.",REALIZADA
