curso,modulo,id_modulo,recurso,medio,tipo,lugar,criterio,metadatos_completos
Refrigeración y Climatización,Lectura de planos y cubicación de materiales de proyectos,1,1,oficio-plano-leyenda.png?v=3,foto,E1 Contextualización · explorar,Observar el escenario del AE con hotspots ligados a criterio,1
Refrigeración y Climatización,Lectura de planos y cubicación de materiales de proyectos,1,2,oficio-plano-leyenda.png?v=3,3d,E2 AE1 etapa 1 (hotspot),"Lee planos de refrigeración y climatización, utilizando la simbología técnica respectiva para reconocer el espacio físico donde se instalarán las distintas redes de refrigeración y climatización, en relación con las normas de dibujo técnico establecidas de calefacción y ventilación.",1
Refrigeración y Climatización,Lectura de planos y cubicación de materiales de proyectos,1,3,oficio-plano-leyenda.png?v=3,foto,E2 AE1 etapa 2 (match),"Lee planos de refrigeración y climatización, utilizando la simbología técnica respectiva para reconocer el espacio físico donde se instalarán las distintas redes de refrigeración y climatización, en relación con las normas de dibujo técnico establecidas de calefacción y ventilación.",1
Refrigeración y Climatización,Lectura de planos y cubicación de materiales de proyectos,1,4,oficio-plano-leyenda.png?v=3,foto,E2 AE1 etapa 3 (order),"Lee planos de refrigeración y climatización, utilizando la simbología técnica respectiva para reconocer el espacio físico donde se instalarán las distintas redes de refrigeración y climatización, en relación con las normas de dibujo técnico establecidas de calefacción y ventilación.",1
Refrigeración y Climatización,Lectura de planos y cubicación de materiales de proyectos,1,5,oficio-cruce.png?v=3,foto,E2 AE1 etapa 4 (choice),"Lee planos de refrigeración y climatización, utilizando la simbología técnica respectiva para reconocer el espacio físico donde se instalarán las distintas redes de refrigeración y climatización, en relación con las normas de dibujo técnico establecidas de calefacción y ventilación.",1
Refrigeración y Climatización,Lectura de planos y cubicación de materiales de proyectos,1,6,oficio-plano-leyenda.png?v=3,foto,E2 AE1 etapa 5 (choice),"Lee planos de refrigeración y climatización, utilizando la simbología técnica respectiva para reconocer el espacio físico donde se instalarán las distintas redes de refrigeración y climatización, en relación con las normas de dibujo técnico establecidas de calefacción y ventilación.",1
Refrigeración y Climatización,Lectura de planos y cubicación de materiales de proyectos,1,7,oficio-plano-leyenda.png?v=3,foto,E2 AE1 etapa 6 (reflect),"Lee planos de refrigeración y climatización, utilizando la simbología técnica respectiva para reconocer el espacio físico donde se instalarán las distintas redes de refrigeración y climatización, en relación con las normas de dibujo técnico establecidas de calefacción y ventilación.",1
Refrigeración y Climatización,Lectura de planos y cubicación de materiales de proyectos,1,8,oficio-cruce.png?v=3,foto,E2 AE2 etapa 1 (classify),"Lee y utiliza las especificaciones técnicas de proyectos de refrigeración y climatización, para conocer las indicaciones técnicas y el tipo de material que se empleará en la ejecución de los trabajos y poder determinar posibles interferencias o dificultades en las etapas del proyecto.",1
Refrigeración y Climatización,Lectura de planos y cubicación de materiales de proyectos,1,9,oficio-cruce.png?v=3,foto,E2 AE2 etapa 2 (choice),"Lee y utiliza las especificaciones técnicas de proyectos de refrigeración y climatización, para conocer las indicaciones técnicas y el tipo de material que se empleará en la ejecución de los trabajos y poder determinar posibles interferencias o dificultades en las etapas del proyecto.",1
Refrigeración y Climatización,Lectura de planos y cubicación de materiales de proyectos,1,10,oficio-cruce.png?v=3,foto,E2 AE2 etapa 3 (checklist),"Lee y utiliza las especificaciones técnicas de proyectos de refrigeración y climatización, para conocer las indicaciones técnicas y el tipo de material que se empleará en la ejecución de los trabajos y poder determinar posibles interferencias o dificultades en las etapas del proyecto.",1
Refrigeración y Climatización,Lectura de planos y cubicación de materiales de proyectos,1,11,oficio-cruce.png?v=3,foto,E2 AE2 etapa 4 (choice),"Lee y utiliza las especificaciones técnicas de proyectos de refrigeración y climatización, para conocer las indicaciones técnicas y el tipo de material que se empleará en la ejecución de los trabajos y poder determinar posibles interferencias o dificultades en las etapas del proyecto.",1
Refrigeración y Climatización,Lectura de planos y cubicación de materiales de proyectos,1,12,oficio-cruce.png?v=3,foto,E2 AE2 etapa 5 (choice),"Lee y utiliza las especificaciones técnicas de proyectos de refrigeración y climatización, para conocer las indicaciones técnicas y el tipo de material que se empleará en la ejecución de los trabajos y poder determinar posibles interferencias o dificultades en las etapas del proyecto.",1
Refrigeración y Climatización,Lectura de planos y cubicación de materiales de proyectos,1,13,oficio-cruce.png?v=3,foto,E2 AE2 etapa 6 (reflect),"Lee y utiliza las especificaciones técnicas de proyectos de refrigeración y climatización, para conocer las indicaciones técnicas y el tipo de material que se empleará en la ejecución de los trabajos y poder determinar posibles interferencias o dificultades en las etapas del proyecto.",1
Refrigeración y Climatización,Lectura de planos y cubicación de materiales de proyectos,1,14,oficio-tramos.png?v=3,foto,E2 AE3 etapa 1 (choice),"Cubica elementos y materiales de acuerdo a los requerimientos del lugar, indicados en el plano respectivo mediante un software de diseño para determinar cantidad de materiales y elementos a emplear en la ejecución del proyecto. Se consideran las indicaciones de la Norma Chilena relativa a Cubicaciones (NCh353/2000), aplicada a proyectos de refrigeración, climatización, calefacción y ventilación.",1
Refrigeración y Climatización,Lectura de planos y cubicación de materiales de proyectos,1,15,oficio-tramos.png?v=3,foto,E2 AE3 etapa 2 (choice),"Cubica elementos y materiales de acuerdo a los requerimientos del lugar, indicados en el plano respectivo mediante un software de diseño para determinar cantidad de materiales y elementos a emplear en la ejecución del proyecto. Se consideran las indicaciones de la Norma Chilena relativa a Cubicaciones (NCh353/2000), aplicada a proyectos de refrigeración, climatización, calefacción y ventilación.",1
Refrigeración y Climatización,Lectura de planos y cubicación de materiales de proyectos,1,16,oficio-tramos.png?v=3,foto,E2 AE3 etapa 3 (choice),"Cubica elementos y materiales de acuerdo a los requerimientos del lugar, indicados en el plano respectivo mediante un software de diseño para determinar cantidad de materiales y elementos a emplear en la ejecución del proyecto. Se consideran las indicaciones de la Norma Chilena relativa a Cubicaciones (NCh353/2000), aplicada a proyectos de refrigeración, climatización, calefacción y ventilación.",1
Refrigeración y Climatización,Lectura de planos y cubicación de materiales de proyectos,1,17,oficio-tramos.png?v=3,foto,E2 AE3 etapa 4 (choice),"Cubica elementos y materiales de acuerdo a los requerimientos del lugar, indicados en el plano respectivo mediante un software de diseño para determinar cantidad de materiales y elementos a emplear en la ejecución del proyecto. Se consideran las indicaciones de la Norma Chilena relativa a Cubicaciones (NCh353/2000), aplicada a proyectos de refrigeración, climatización, calefacción y ventilación.",1
Refrigeración y Climatización,Lectura de planos y cubicación de materiales de proyectos,1,18,oficio-tramos.png?v=3,foto,E2 AE3 etapa 5 (choice),"Cubica elementos y materiales de acuerdo a los requerimientos del lugar, indicados en el plano respectivo mediante un software de diseño para determinar cantidad de materiales y elementos a emplear en la ejecución del proyecto. Se consideran las indicaciones de la Norma Chilena relativa a Cubicaciones (NCh353/2000), aplicada a proyectos de refrigeración, climatización, calefacción y ventilación.",1
Refrigeración y Climatización,Lectura de planos y cubicación de materiales de proyectos,1,19,oficio-tramos.png?v=3,foto,E2 AE3 etapa 6 (reflect),"Cubica elementos y materiales de acuerdo a los requerimientos del lugar, indicados en el plano respectivo mediante un software de diseño para determinar cantidad de materiales y elementos a emplear en la ejecución del proyecto. Se consideran las indicaciones de la Norma Chilena relativa a Cubicaciones (NCh353/2000), aplicada a proyectos de refrigeración, climatización, calefacción y ventilación.",1
Refrigeración y Climatización,Lectura de planos y cubicación de materiales de proyectos,1,20,oficio-drenaje.png?v=3,foto,E3 Situación 1,Decidir en la situación con evidencia visible,1
Refrigeración y Climatización,Lectura de planos y cubicación de materiales de proyectos,1,21,oficio-plano-leyenda.png?v=3,foto,E3 Situación 2,Decidir en la situación con evidencia visible,1
Refrigeración y Climatización,Lectura de planos y cubicación de materiales de proyectos,1,22,oficio-cruce.png?v=3,foto,E3 Situación 3,Decidir en la situación con evidencia visible,1
Refrigeración y Climatización,Lectura de planos y cubicación de materiales de proyectos,1,23,oficio-drenaje.png?v=3,foto,E3 Situación 4,Decidir en la situación con evidencia visible,1
Refrigeración y Climatización,Lectura de planos y cubicación de materiales de proyectos,1,24,oficio-acceso-cm.png?v=3,foto,E3 Situación 5,Decidir en la situación con evidencia visible,1
Refrigeración y Climatización,Lectura de planos y cubicación de materiales de proyectos,1,25,oficio-drenaje.png?v=3,foto,E3 Situación 6,Decidir en la situación con evidencia visible,1
Refrigeración y Climatización,Lectura de planos y cubicación de materiales de proyectos,1,26,oficio-escala.png?v=3,foto,E3 Situación 7,Decidir en la situación con evidencia visible,1
Refrigeración y Climatización,Lectura de planos y cubicación de materiales de proyectos,1,27,oficio-visor-4c.png?v=3,foto,E3 Situación 8,Decidir en la situación con evidencia visible,1
Refrigeración y Climatización,Lectura de planos y cubicación de materiales de proyectos,1,28,oficio-plano-leyenda.png?v=3,foto,E3 Situación 9,Decidir en la situación con evidencia visible,1
Refrigeración y Climatización,Lectura de planos y cubicación de materiales de proyectos,1,29,oficio-drenaje.png?v=3,foto,E3 Situación 10,Decidir en la situación con evidencia visible,1
Refrigeración y Climatización,Lectura de planos y cubicación de materiales de proyectos,1,30,oficio-tuberias.png?v=3,foto,E3 Situación 11,Decidir en la situación con evidencia visible,1
Refrigeración y Climatización,Lectura de planos y cubicación de materiales de proyectos,1,31,oficio-plano-leyenda.png?v=3,foto,E3 Situación 12,Decidir en la situación con evidencia visible,1
Refrigeración y Climatización,Lectura de planos y cubicación de materiales de proyectos,1,32,oficio-cruce.png?v=3,foto,E3 Situación 13,Decidir en la situación con evidencia visible,1
Refrigeración y Climatización,Lectura de planos y cubicación de materiales de proyectos,1,33,oficio-plano-leyenda.png?v=3,foto,E3 Situación 14,Decidir en la situación con evidencia visible,1
Refrigeración y Climatización,Lectura de planos y cubicación de materiales de proyectos,1,34,oficio-drenaje.png?v=3,foto,E3 Situación 15,Decidir en la situación con evidencia visible,1
Refrigeración y Climatización,Lectura de planos y cubicación de materiales de proyectos,1,35,oficio-plano-leyenda.png?v=3,3d-procedure,E3 Situación final 3D,"Recorrer el procedimiento (armar, instalar, diagnosticar) en el equipo",1
Refrigeración y Climatización,Lectura de planos y cubicación de materiales de proyectos,1,36,oficio-plano-leyenda.png?v=3,foto,E4 Ítem 1,Imagen real del estímulo; el dato se lee en la figura,1
Refrigeración y Climatización,Lectura de planos y cubicación de materiales de proyectos,1,37,oficio-plano-leyenda.png?v=3,foto,E4 Ítem 2,Imagen real del estímulo; el dato se lee en la figura,1
Refrigeración y Climatización,Lectura de planos y cubicación de materiales de proyectos,1,38,oficio-cruce.png?v=3,foto,E4 Ítem 3,Imagen real del estímulo; el dato se lee en la figura,1
Refrigeración y Climatización,Lectura de planos y cubicación de materiales de proyectos,1,39,oficio-plano-leyenda.png?v=3,foto,E4 Ítem 4,Imagen real del estímulo; el dato se lee en la figura,1
Refrigeración y Climatización,Lectura de planos y cubicación de materiales de proyectos,1,40,oficio-equipo-ctrl.png?v=3,foto,E4 Ítem 5,Imagen real del estímulo; el dato se lee en la figura,1
Refrigeración y Climatización,Lectura de planos y cubicación de materiales de proyectos,1,41,oficio-drenaje.png?v=3,foto,E4 Ítem 6,Imagen real del estímulo; el dato se lee en la figura,1
Refrigeración y Climatización,Lectura de planos y cubicación de materiales de proyectos,1,42,oficio-escala.png?v=3,foto,E4 Ítem 7,Imagen real del estímulo; el dato se lee en la figura,1
Refrigeración y Climatización,Lectura de planos y cubicación de materiales de proyectos,1,43,oficio-plano-leyenda.png?v=3,foto,E4 Ítem 8,Imagen real del estímulo; el dato se lee en la figura,1
Refrigeración y Climatización,Lectura de planos y cubicación de materiales de proyectos,1,44,oficio-equipo-ctrl.png?v=3,foto,E4 Ítem 9,Imagen real del estímulo; el dato se lee en la figura,1
Refrigeración y Climatización,Lectura de planos y cubicación de materiales de proyectos,1,45,oficio-plano-leyenda.png?v=3,foto,E4 Ítem 10,Imagen real del estímulo; el dato se lee en la figura,1
Refrigeración y Climatización,Lectura de planos y cubicación de materiales de proyectos,1,46,oficio-tuberias.png?v=3,foto,E4 Ítem 11,Imagen real del estímulo; el dato se lee en la figura,1
Refrigeración y Climatización,Lectura de planos y cubicación de materiales de proyectos,1,47,oficio-plano-leyenda.png?v=3,foto,E4 Ítem 12,Imagen real del estímulo; el dato se lee en la figura,1
Refrigeración y Climatización,Lectura de planos y cubicación de materiales de proyectos,1,48,oficio-plano-leyenda.png?v=3,foto,E4 Ítem 13,Imagen real del estímulo; el dato se lee en la figura,1
Refrigeración y Climatización,Lectura de planos y cubicación de materiales de proyectos,1,49,oficio-plano-leyenda.png?v=3,foto,E4 Ítem 14,Imagen real del estímulo; el dato se lee en la figura,1
Refrigeración y Climatización,Lectura de planos y cubicación de materiales de proyectos,1,50,oficio-plano-leyenda.png?v=3,foto,E4 Ítem 15,Imagen real del estímulo; el dato se lee en la figura,1
Refrigeración y Climatización,Lectura de planos y cubicación de materiales de proyectos,1,51,oficio-escala.png?v=3,foto,E4 Ítem 16,Imagen real del estímulo; el dato se lee en la figura,1
Refrigeración y Climatización,Lectura de planos y cubicación de materiales de proyectos,1,52,oficio-equipo-ctrl.png?v=3,foto,E4 Ítem 17,Imagen real del estímulo; el dato se lee en la figura,1
Refrigeración y Climatización,Lectura de planos y cubicación de materiales de proyectos,1,53,oficio-plano-leyenda.png?v=3,foto,E4 Ítem 18,Imagen real del estímulo; el dato se lee en la figura,1
Refrigeración y Climatización,Lectura de planos y cubicación de materiales de proyectos,1,54,oficio-escala.png?v=3,foto,E4 Ítem 19,Imagen real del estímulo; el dato se lee en la figura,1
Refrigeración y Climatización,Lectura de planos y cubicación de materiales de proyectos,1,55,oficio-plano-leyenda.png?v=3,foto,E4 Ítem 20,Imagen real del estímulo; el dato se lee en la figura,1
Refrigeración y Climatización,Lectura de planos y cubicación de materiales de proyectos,1,56,oficio-manometro.png?v=3,foto,E4 Ítem 21,Imagen real del estímulo; el dato se lee en la figura,1
Refrigeración y Climatización,Lectura de planos y cubicación de materiales de proyectos,1,57,oficio-tramos.png?v=3,foto,E4 Ítem 22,Imagen real del estímulo; el dato se lee en la figura,1
Refrigeración y Climatización,Lectura de planos y cubicación de materiales de proyectos,1,58,oficio-drenaje.png?v=3,foto,E4 Ítem 23,Imagen real del estímulo; el dato se lee en la figura,1
Refrigeración y Climatización,Lectura de planos y cubicación de materiales de proyectos,1,59,oficio-plano-leyenda.png?v=3,foto,E4 Ítem 24,Imagen real del estímulo; el dato se lee en la figura,1
Refrigeración y Climatización,Lectura de planos y cubicación de materiales de proyectos,1,60,oficio-plano-leyenda.png?v=3,foto,E4 Ítem 25,Imagen real del estímulo; el dato se lee en la figura,1
Refrigeración y Climatización,Lectura de planos y cubicación de materiales de proyectos,1,61,oficio-plano-leyenda.png?v=3,foto,E5 Retroalimentación,Frame del error en cada pregunta incorrecta,1
Refrigeración y Climatización,Instrumentos de medición y de verificación,2,1,oficio-visor-21c.png?v=3,foto,E1 Contextualización · explorar,Observar el escenario del AE con hotspots ligados a criterio,1
Refrigeración y Climatización,Instrumentos de medición y de verificación,2,2,oficio-visor-21c.png?v=3,3d,E2 AE1 etapa 1 (hotspot),"Utiliza instrumentos de medición y verificación de distintos parámetros, de acuerdo a las indicaciones establecidas desde fábrica, considerando técnicas apropiadas y normas de seguridad necesarias para el uso del instrumento.",1
Refrigeración y Climatización,Instrumentos de medición y de verificación,2,3,oficio-visor-21c.png?v=3,foto,E2 AE1 etapa 2 (match),"Utiliza instrumentos de medición y verificación de distintos parámetros, de acuerdo a las indicaciones establecidas desde fábrica, considerando técnicas apropiadas y normas de seguridad necesarias para el uso del instrumento.",1
Refrigeración y Climatización,Instrumentos de medición y de verificación,2,4,oficio-visor-21c.png?v=3,foto,E2 AE1 etapa 3 (order),"Utiliza instrumentos de medición y verificación de distintos parámetros, de acuerdo a las indicaciones establecidas desde fábrica, considerando técnicas apropiadas y normas de seguridad necesarias para el uso del instrumento.",1
Refrigeración y Climatización,Instrumentos de medición y de verificación,2,5,oficio-visor-25.png?v=3,foto,E2 AE1 etapa 4 (choice),"Utiliza instrumentos de medición y verificación de distintos parámetros, de acuerdo a las indicaciones establecidas desde fábrica, considerando técnicas apropiadas y normas de seguridad necesarias para el uso del instrumento.",1
Refrigeración y Climatización,Instrumentos de medición y de verificación,2,6,oficio-intervalo.png?v=3,foto,E2 AE1 etapa 5 (choice),"Utiliza instrumentos de medición y verificación de distintos parámetros, de acuerdo a las indicaciones establecidas desde fábrica, considerando técnicas apropiadas y normas de seguridad necesarias para el uso del instrumento.",1
Refrigeración y Climatización,Instrumentos de medición y de verificación,2,7,oficio-intervalo.png?v=3,foto,E2 AE1 etapa 6 (reflect),"Utiliza instrumentos de medición y verificación de distintos parámetros, de acuerdo a las indicaciones establecidas desde fábrica, considerando técnicas apropiadas y normas de seguridad necesarias para el uso del instrumento.",1
Refrigeración y Climatización,Instrumentos de medición y de verificación,2,8,oficio-equipo-ctrl.png?v=3,foto,E2 AE2 etapa 1 (classify),"Verifica parámetros medidos por los instrumentos, comparándolos con datos de manuales de fabricación de los equipos, para determinar posibles ajustes que deben realizarse a equipos dentro del sistema de refrigeración.",1
Refrigeración y Climatización,Instrumentos de medición y de verificación,2,9,oficio-equipo-ctrl.png?v=3,foto,E2 AE2 etapa 2 (choice),"Verifica parámetros medidos por los instrumentos, comparándolos con datos de manuales de fabricación de los equipos, para determinar posibles ajustes que deben realizarse a equipos dentro del sistema de refrigeración.",1
Refrigeración y Climatización,Instrumentos de medición y de verificación,2,10,oficio-equipo-ctrl.png?v=3,foto,E2 AE2 etapa 3 (checklist),"Verifica parámetros medidos por los instrumentos, comparándolos con datos de manuales de fabricación de los equipos, para determinar posibles ajustes que deben realizarse a equipos dentro del sistema de refrigeración.",1
Refrigeración y Climatización,Instrumentos de medición y de verificación,2,11,oficio-equipo-ctrl.png?v=3,foto,E2 AE2 etapa 4 (choice),"Verifica parámetros medidos por los instrumentos, comparándolos con datos de manuales de fabricación de los equipos, para determinar posibles ajustes que deben realizarse a equipos dentro del sistema de refrigeración.",1
Refrigeración y Climatización,Instrumentos de medición y de verificación,2,12,oficio-visor-21c.png?v=3,foto,E2 AE2 etapa 5 (choice),"Verifica parámetros medidos por los instrumentos, comparándolos con datos de manuales de fabricación de los equipos, para determinar posibles ajustes que deben realizarse a equipos dentro del sistema de refrigeración.",1
Refrigeración y Climatización,Instrumentos de medición y de verificación,2,13,oficio-equipo-ctrl.png?v=3,foto,E2 AE2 etapa 6 (reflect),"Verifica parámetros medidos por los instrumentos, comparándolos con datos de manuales de fabricación de los equipos, para determinar posibles ajustes que deben realizarse a equipos dentro del sistema de refrigeración.",1
Refrigeración y Climatización,Instrumentos de medición y de verificación,2,14,oficio-visor-21c.png?v=3,foto,E2 AE3 etapa 1 (choice),"Registra valores obtenidos de la lectura de instrumentos para elaborar informes de resultados, de acuerdo a pautas entregadas.",1
Refrigeración y Climatización,Instrumentos de medición y de verificación,2,15,oficio-visor-21c.png?v=3,foto,E2 AE3 etapa 2 (choice),"Registra valores obtenidos de la lectura de instrumentos para elaborar informes de resultados, de acuerdo a pautas entregadas.",1
Refrigeración y Climatización,Instrumentos de medición y de verificación,2,16,oficio-intervalo.png?v=3,foto,E2 AE3 etapa 3 (choice),"Registra valores obtenidos de la lectura de instrumentos para elaborar informes de resultados, de acuerdo a pautas entregadas.",1
Refrigeración y Climatización,Instrumentos de medición y de verificación,2,17,oficio-visor-21c.png?v=3,foto,E2 AE3 etapa 4 (choice),"Registra valores obtenidos de la lectura de instrumentos para elaborar informes de resultados, de acuerdo a pautas entregadas.",1
Refrigeración y Climatización,Instrumentos de medición y de verificación,2,18,oficio-visor-21c.png?v=3,foto,E2 AE3 etapa 5 (choice),"Registra valores obtenidos de la lectura de instrumentos para elaborar informes de resultados, de acuerdo a pautas entregadas.",1
Refrigeración y Climatización,Instrumentos de medición y de verificación,2,19,oficio-visor-21c.png?v=3,foto,E2 AE3 etapa 6 (reflect),"Registra valores obtenidos de la lectura de instrumentos para elaborar informes de resultados, de acuerdo a pautas entregadas.",1
Refrigeración y Climatización,Instrumentos de medición y de verificación,2,20,oficio-visor-25.png?v=3,foto,E3 Situación 1,Decidir en la situación con evidencia visible,1
Refrigeración y Climatización,Instrumentos de medición y de verificación,2,21,oficio-intervalo.png?v=3,foto,E3 Situación 2,Decidir en la situación con evidencia visible,1
Refrigeración y Climatización,Instrumentos de medición y de verificación,2,22,oficio-visor-21c.png?v=3,foto,E3 Situación 3,Decidir en la situación con evidencia visible,1
Refrigeración y Climatización,Instrumentos de medición y de verificación,2,23,oficio-visor-21c.png?v=3,foto,E3 Situación 4,Decidir en la situación con evidencia visible,1
Refrigeración y Climatización,Instrumentos de medición y de verificación,2,24,oficio-visor-21c.png?v=3,foto,E3 Situación 5,Decidir en la situación con evidencia visible,1
Refrigeración y Climatización,Instrumentos de medición y de verificación,2,25,oficio-visor-21c.png?v=3,foto,E3 Situación 6,Decidir en la situación con evidencia visible,1
Refrigeración y Climatización,Instrumentos de medición y de verificación,2,26,oficio-visor-21c.png?v=3,foto,E3 Situación 7,Decidir en la situación con evidencia visible,1
Refrigeración y Climatización,Instrumentos de medición y de verificación,2,27,oficio-visor-21c.png?v=3,foto,E3 Situación 8,Decidir en la situación con evidencia visible,1
Refrigeración y Climatización,Instrumentos de medición y de verificación,2,28,oficio-visor-21c.png?v=3,foto,E3 Situación 9,Decidir en la situación con evidencia visible,1
Refrigeración y Climatización,Instrumentos de medición y de verificación,2,29,oficio-visor-21c.png?v=3,foto,E3 Situación 10,Decidir en la situación con evidencia visible,1
Refrigeración y Climatización,Instrumentos de medición y de verificación,2,30,oficio-visor-21c.png?v=3,foto,E3 Situación 11,Decidir en la situación con evidencia visible,1
Refrigeración y Climatización,Instrumentos de medición y de verificación,2,31,oficio-visor-21c.png?v=3,foto,E3 Situación 12,Decidir en la situación con evidencia visible,1
Refrigeración y Climatización,Instrumentos de medición y de verificación,2,32,oficio-visor-21c.png?v=3,foto,E3 Situación 13,Decidir en la situación con evidencia visible,1
Refrigeración y Climatización,Instrumentos de medición y de verificación,2,33,oficio-visor-21c.png?v=3,foto,E3 Situación 14,Decidir en la situación con evidencia visible,1
Refrigeración y Climatización,Instrumentos de medición y de verificación,2,34,oficio-visor-21c.png?v=3,foto,E3 Situación 15,Decidir en la situación con evidencia visible,1
Refrigeración y Climatización,Instrumentos de medición y de verificación,2,35,oficio-visor-21c.png?v=3,3d-procedure,E3 Situación final 3D,"Recorrer el procedimiento (armar, instalar, diagnosticar) en el equipo",1
Refrigeración y Climatización,Instrumentos de medición y de verificación,2,36,oficio-visor-25.png?v=3,foto,E4 Ítem 1,Imagen real del estímulo; el dato se lee en la figura,1
Refrigeración y Climatización,Instrumentos de medición y de verificación,2,37,oficio-intervalo.png?v=3,foto,E4 Ítem 2,Imagen real del estímulo; el dato se lee en la figura,1
Refrigeración y Climatización,Instrumentos de medición y de verificación,2,38,oficio-visor-21c.png?v=3,foto,E4 Ítem 3,Imagen real del estímulo; el dato se lee en la figura,1
Refrigeración y Climatización,Instrumentos de medición y de verificación,2,39,oficio-visor-21c.png?v=3,foto,E4 Ítem 4,Imagen real del estímulo; el dato se lee en la figura,1
Refrigeración y Climatización,Instrumentos de medición y de verificación,2,40,oficio-visor-21c.png?v=3,foto,E4 Ítem 5,Imagen real del estímulo; el dato se lee en la figura,1
Refrigeración y Climatización,Instrumentos de medición y de verificación,2,41,oficio-visor-21c.png?v=3,foto,E4 Ítem 6,Imagen real del estímulo; el dato se lee en la figura,1
Refrigeración y Climatización,Instrumentos de medición y de verificación,2,42,oficio-visor-21c.png?v=3,foto,E4 Ítem 7,Imagen real del estímulo; el dato se lee en la figura,1
Refrigeración y Climatización,Instrumentos de medición y de verificación,2,43,oficio-visor-21c.png?v=3,foto,E4 Ítem 8,Imagen real del estímulo; el dato se lee en la figura,1
Refrigeración y Climatización,Instrumentos de medición y de verificación,2,44,oficio-visor-21c.png?v=3,foto,E4 Ítem 9,Imagen real del estímulo; el dato se lee en la figura,1
Refrigeración y Climatización,Instrumentos de medición y de verificación,2,45,oficio-visor-21c.png?v=3,foto,E4 Ítem 10,Imagen real del estímulo; el dato se lee en la figura,1
Refrigeración y Climatización,Instrumentos de medición y de verificación,2,46,oficio-visor-21c.png?v=3,foto,E4 Ítem 11,Imagen real del estímulo; el dato se lee en la figura,1
Refrigeración y Climatización,Instrumentos de medición y de verificación,2,47,oficio-visor-21c.png?v=3,foto,E4 Ítem 12,Imagen real del estímulo; el dato se lee en la figura,1
Refrigeración y Climatización,Instrumentos de medición y de verificación,2,48,oficio-visor-21c.png?v=3,foto,E4 Ítem 13,Imagen real del estímulo; el dato se lee en la figura,1
Refrigeración y Climatización,Instrumentos de medición y de verificación,2,49,oficio-visor-21c.png?v=3,foto,E4 Ítem 14,Imagen real del estímulo; el dato se lee en la figura,1
Refrigeración y Climatización,Instrumentos de medición y de verificación,2,50,oficio-visor-21c.png?v=3,foto,E4 Ítem 15,Imagen real del estímulo; el dato se lee en la figura,1
Refrigeración y Climatización,Instrumentos de medición y de verificación,2,51,oficio-visor-21c.png?v=3,foto,E4 Ítem 16,Imagen real del estímulo; el dato se lee en la figura,1
Refrigeración y Climatización,Instrumentos de medición y de verificación,2,52,oficio-visor-21c.png?v=3,foto,E4 Ítem 17,Imagen real del estímulo; el dato se lee en la figura,1
Refrigeración y Climatización,Instrumentos de medición y de verificación,2,53,oficio-visor-21c.png?v=3,foto,E4 Ítem 18,Imagen real del estímulo; el dato se lee en la figura,1
Refrigeración y Climatización,Instrumentos de medición y de verificación,2,54,oficio-visor-21c.png?v=3,foto,E4 Ítem 19,Imagen real del estímulo; el dato se lee en la figura,1
Refrigeración y Climatización,Instrumentos de medición y de verificación,2,55,oficio-visor-21c.png?v=3,foto,E4 Ítem 20,Imagen real del estímulo; el dato se lee en la figura,1
Refrigeración y Climatización,Instrumentos de medición y de verificación,2,56,oficio-intervalo.png?v=3,foto,E4 Ítem 21,Imagen real del estímulo; el dato se lee en la figura,1
Refrigeración y Climatización,Instrumentos de medición y de verificación,2,57,oficio-visor-21c.png?v=3,foto,E4 Ítem 22,Imagen real del estímulo; el dato se lee en la figura,1
Refrigeración y Climatización,Instrumentos de medición y de verificación,2,58,oficio-visor-21c.png?v=3,foto,E4 Ítem 23,Imagen real del estímulo; el dato se lee en la figura,1
Refrigeración y Climatización,Instrumentos de medición y de verificación,2,59,oficio-visor-21c.png?v=3,foto,E4 Ítem 24,Imagen real del estímulo; el dato se lee en la figura,1
Refrigeración y Climatización,Instrumentos de medición y de verificación,2,60,oficio-visor-21c.png?v=3,foto,E4 Ítem 25,Imagen real del estímulo; el dato se lee en la figura,1
Refrigeración y Climatización,Instrumentos de medición y de verificación,2,61,oficio-visor-21c.png?v=3,foto,E5 Retroalimentación,Frame del error en cada pregunta incorrecta,1
Refrigeración y Climatización,Instalación y montaje de redes de refrigeración y climatización,3,1,oficio-tramos.png?v=3,foto,E1 Contextualización · explorar,Observar el escenario del AE con hotspots ligados a criterio,1
Refrigeración y Climatización,Instalación y montaje de redes de refrigeración y climatización,3,2,oficio-tramos.png?v=3,3d,E2 AE1 etapa 1 (hotspot),"Realiza unión de diferentes tipos de materiales, utilizando soldaduras autorizadas por la normativa y considerando las técnicas establecidas desde fábrica, la normativa técnica y de seguridad.",1
Refrigeración y Climatización,Instalación y montaje de redes de refrigeración y climatización,3,3,oficio-tramos.png?v=3,foto,E2 AE1 etapa 2 (match),"Realiza unión de diferentes tipos de materiales, utilizando soldaduras autorizadas por la normativa y considerando las técnicas establecidas desde fábrica, la normativa técnica y de seguridad.",1
Refrigeración y Climatización,Instalación y montaje de redes de refrigeración y climatización,3,4,oficio-tramos.png?v=3,foto,E2 AE1 etapa 3 (order),"Realiza unión de diferentes tipos de materiales, utilizando soldaduras autorizadas por la normativa y considerando las técnicas establecidas desde fábrica, la normativa técnica y de seguridad.",1
Refrigeración y Climatización,Instalación y montaje de redes de refrigeración y climatización,3,5,oficio-tramos.png?v=3,foto,E2 AE1 etapa 4 (choice),"Realiza unión de diferentes tipos de materiales, utilizando soldaduras autorizadas por la normativa y considerando las técnicas establecidas desde fábrica, la normativa técnica y de seguridad.",1
Refrigeración y Climatización,Instalación y montaje de redes de refrigeración y climatización,3,6,oficio-tramos.png?v=3,foto,E2 AE1 etapa 5 (choice),"Realiza unión de diferentes tipos de materiales, utilizando soldaduras autorizadas por la normativa y considerando las técnicas establecidas desde fábrica, la normativa técnica y de seguridad.",1
Refrigeración y Climatización,Instalación y montaje de redes de refrigeración y climatización,3,7,oficio-tramos.png?v=3,foto,E2 AE1 etapa 6 (reflect),"Realiza unión de diferentes tipos de materiales, utilizando soldaduras autorizadas por la normativa y considerando las técnicas establecidas desde fábrica, la normativa técnica y de seguridad.",1
Refrigeración y Climatización,Instalación y montaje de redes de refrigeración y climatización,3,8,oficio-tramos.png?v=3,foto,E2 AE2 etapa 1 (classify),"Arma diferentes redes de tuberías utilizando diversas soldaduras, considerando las técnicas establecidas desde fábrica, la normativa técnica y de seguridad respectiva.",1
Refrigeración y Climatización,Instalación y montaje de redes de refrigeración y climatización,3,9,oficio-tramos.png?v=3,foto,E2 AE2 etapa 2 (choice),"Arma diferentes redes de tuberías utilizando diversas soldaduras, considerando las técnicas establecidas desde fábrica, la normativa técnica y de seguridad respectiva.",1
Refrigeración y Climatización,Instalación y montaje de redes de refrigeración y climatización,3,10,oficio-tramos.png?v=3,foto,E2 AE2 etapa 3 (checklist),"Arma diferentes redes de tuberías utilizando diversas soldaduras, considerando las técnicas establecidas desde fábrica, la normativa técnica y de seguridad respectiva.",1
Refrigeración y Climatización,Instalación y montaje de redes de refrigeración y climatización,3,11,oficio-tramos.png?v=3,foto,E2 AE2 etapa 4 (choice),"Arma diferentes redes de tuberías utilizando diversas soldaduras, considerando las técnicas establecidas desde fábrica, la normativa técnica y de seguridad respectiva.",1
Refrigeración y Climatización,Instalación y montaje de redes de refrigeración y climatización,3,12,oficio-tramos.png?v=3,foto,E2 AE2 etapa 5 (choice),"Arma diferentes redes de tuberías utilizando diversas soldaduras, considerando las técnicas establecidas desde fábrica, la normativa técnica y de seguridad respectiva.",1
Refrigeración y Climatización,Instalación y montaje de redes de refrigeración y climatización,3,13,oficio-tramos.png?v=3,foto,E2 AE2 etapa 6 (reflect),"Arma diferentes redes de tuberías utilizando diversas soldaduras, considerando las técnicas establecidas desde fábrica, la normativa técnica y de seguridad respectiva.",1
Refrigeración y Climatización,Instalación y montaje de redes de refrigeración y climatización,3,14,oficio-tramos.png?v=3,foto,E2 AE3 etapa 1 (choice),"Instala diferentes redes de tuberías para la conducción de agua, aire y refrigerantes, asegurando su estabilidad mediante fijaciones apropiadas al plano y al material que las sustentará, considerando las técnicas establecidas desde fábrica, la normativa técnica y de seguridad respectiva.",1
Refrigeración y Climatización,Instalación y montaje de redes de refrigeración y climatización,3,15,oficio-tramos.png?v=3,foto,E2 AE3 etapa 2 (choice),"Instala diferentes redes de tuberías para la conducción de agua, aire y refrigerantes, asegurando su estabilidad mediante fijaciones apropiadas al plano y al material que las sustentará, considerando las técnicas establecidas desde fábrica, la normativa técnica y de seguridad respectiva.",1
Refrigeración y Climatización,Instalación y montaje de redes de refrigeración y climatización,3,16,oficio-plano-leyenda.png?v=3,foto,E2 AE3 etapa 3 (choice),"Instala diferentes redes de tuberías para la conducción de agua, aire y refrigerantes, asegurando su estabilidad mediante fijaciones apropiadas al plano y al material que las sustentará, considerando las técnicas establecidas desde fábrica, la normativa técnica y de seguridad respectiva.",1
Refrigeración y Climatización,Instalación y montaje de redes de refrigeración y climatización,3,17,oficio-plano-leyenda.png?v=3,foto,E2 AE3 etapa 4 (choice),"Instala diferentes redes de tuberías para la conducción de agua, aire y refrigerantes, asegurando su estabilidad mediante fijaciones apropiadas al plano y al material que las sustentará, considerando las técnicas establecidas desde fábrica, la normativa técnica y de seguridad respectiva.",1
Refrigeración y Climatización,Instalación y montaje de redes de refrigeración y climatización,3,18,oficio-tramos.png?v=3,foto,E2 AE3 etapa 5 (choice),"Instala diferentes redes de tuberías para la conducción de agua, aire y refrigerantes, asegurando su estabilidad mediante fijaciones apropiadas al plano y al material que las sustentará, considerando las técnicas establecidas desde fábrica, la normativa técnica y de seguridad respectiva.",1
Refrigeración y Climatización,Instalación y montaje de redes de refrigeración y climatización,3,19,oficio-tramos.png?v=3,foto,E2 AE3 etapa 6 (reflect),"Instala diferentes redes de tuberías para la conducción de agua, aire y refrigerantes, asegurando su estabilidad mediante fijaciones apropiadas al plano y al material que las sustentará, considerando las técnicas establecidas desde fábrica, la normativa técnica y de seguridad respectiva.",1
Refrigeración y Climatización,Instalación y montaje de redes de refrigeración y climatización,3,20,oficio-cruce.png?v=3,foto,E3 Situación 1,Decidir en la situación con evidencia visible,1
Refrigeración y Climatización,Instalación y montaje de redes de refrigeración y climatización,3,21,oficio-tramos.png?v=3,foto,E3 Situación 2,Decidir en la situación con evidencia visible,1
Refrigeración y Climatización,Instalación y montaje de redes de refrigeración y climatización,3,22,oficio-tramos.png?v=3,foto,E3 Situación 3,Decidir en la situación con evidencia visible,1
Refrigeración y Climatización,Instalación y montaje de redes de refrigeración y climatización,3,23,oficio-tramos.png?v=3,foto,E3 Situación 4,Decidir en la situación con evidencia visible,1
Refrigeración y Climatización,Instalación y montaje de redes de refrigeración y climatización,3,24,oficio-tramos.png?v=3,foto,E3 Situación 5,Decidir en la situación con evidencia visible,1
Refrigeración y Climatización,Instalación y montaje de redes de refrigeración y climatización,3,25,oficio-tramos.png?v=3,foto,E3 Situación 6,Decidir en la situación con evidencia visible,1
Refrigeración y Climatización,Instalación y montaje de redes de refrigeración y climatización,3,26,oficio-tramos.png?v=3,foto,E3 Situación 7,Decidir en la situación con evidencia visible,1
Refrigeración y Climatización,Instalación y montaje de redes de refrigeración y climatización,3,27,oficio-tramos.png?v=3,foto,E3 Situación 8,Decidir en la situación con evidencia visible,1
Refrigeración y Climatización,Instalación y montaje de redes de refrigeración y climatización,3,28,oficio-plano-leyenda.png?v=3,foto,E3 Situación 9,Decidir en la situación con evidencia visible,1
Refrigeración y Climatización,Instalación y montaje de redes de refrigeración y climatización,3,29,oficio-equipo-ctrl.png?v=3,foto,E3 Situación 10,Decidir en la situación con evidencia visible,1
Refrigeración y Climatización,Instalación y montaje de redes de refrigeración y climatización,3,30,oficio-tramos.png?v=3,foto,E3 Situación 11,Decidir en la situación con evidencia visible,1
Refrigeración y Climatización,Instalación y montaje de redes de refrigeración y climatización,3,31,oficio-tramos.png?v=3,foto,E3 Situación 12,Decidir en la situación con evidencia visible,1
Refrigeración y Climatización,Instalación y montaje de redes de refrigeración y climatización,3,32,oficio-tramos.png?v=3,foto,E3 Situación 13,Decidir en la situación con evidencia visible,1
Refrigeración y Climatización,Instalación y montaje de redes de refrigeración y climatización,3,33,oficio-tramos.png?v=3,foto,E3 Situación 14,Decidir en la situación con evidencia visible,1
Refrigeración y Climatización,Instalación y montaje de redes de refrigeración y climatización,3,34,oficio-tramos.png?v=3,foto,E3 Situación 15,Decidir en la situación con evidencia visible,1
Refrigeración y Climatización,Instalación y montaje de redes de refrigeración y climatización,3,35,oficio-tramos.png?v=3,3d-procedure,E3 Situación final 3D,"Recorrer el procedimiento (armar, instalar, diagnosticar) en el equipo",1
Refrigeración y Climatización,Instalación y montaje de redes de refrigeración y climatización,3,36,oficio-cruce.png?v=3,foto,E4 Ítem 1,Imagen real del estímulo; el dato se lee en la figura,1
Refrigeración y Climatización,Instalación y montaje de redes de refrigeración y climatización,3,37,oficio-tramos.png?v=3,foto,E4 Ítem 2,Imagen real del estímulo; el dato se lee en la figura,1
Refrigeración y Climatización,Instalación y montaje de redes de refrigeración y climatización,3,38,oficio-tramos.png?v=3,foto,E4 Ítem 3,Imagen real del estímulo; el dato se lee en la figura,1
Refrigeración y Climatización,Instalación y montaje de redes de refrigeración y climatización,3,39,oficio-tramos.png?v=3,foto,E4 Ítem 4,Imagen real del estímulo; el dato se lee en la figura,1
Refrigeración y Climatización,Instalación y montaje de redes de refrigeración y climatización,3,40,oficio-tramos.png?v=3,foto,E4 Ítem 5,Imagen real del estímulo; el dato se lee en la figura,1
Refrigeración y Climatización,Instalación y montaje de redes de refrigeración y climatización,3,41,oficio-tramos.png?v=3,foto,E4 Ítem 6,Imagen real del estímulo; el dato se lee en la figura,1
Refrigeración y Climatización,Instalación y montaje de redes de refrigeración y climatización,3,42,oficio-tramos.png?v=3,foto,E4 Ítem 7,Imagen real del estímulo; el dato se lee en la figura,1
Refrigeración y Climatización,Instalación y montaje de redes de refrigeración y climatización,3,43,oficio-tramos.png?v=3,foto,E4 Ítem 8,Imagen real del estímulo; el dato se lee en la figura,1
Refrigeración y Climatización,Instalación y montaje de redes de refrigeración y climatización,3,44,oficio-plano-leyenda.png?v=3,foto,E4 Ítem 9,Imagen real del estímulo; el dato se lee en la figura,1
Refrigeración y Climatización,Instalación y montaje de redes de refrigeración y climatización,3,45,oficio-equipo-ctrl.png?v=3,foto,E4 Ítem 10,Imagen real del estímulo; el dato se lee en la figura,1
Refrigeración y Climatización,Instalación y montaje de redes de refrigeración y climatización,3,46,oficio-tramos.png?v=3,foto,E4 Ítem 11,Imagen real del estímulo; el dato se lee en la figura,1
Refrigeración y Climatización,Instalación y montaje de redes de refrigeración y climatización,3,47,oficio-tramos.png?v=3,foto,E4 Ítem 12,Imagen real del estímulo; el dato se lee en la figura,1
Refrigeración y Climatización,Instalación y montaje de redes de refrigeración y climatización,3,48,oficio-tramos.png?v=3,foto,E4 Ítem 13,Imagen real del estímulo; el dato se lee en la figura,1
Refrigeración y Climatización,Instalación y montaje de redes de refrigeración y climatización,3,49,oficio-tramos.png?v=3,foto,E4 Ítem 14,Imagen real del estímulo; el dato se lee en la figura,1
Refrigeración y Climatización,Instalación y montaje de redes de refrigeración y climatización,3,50,oficio-tramos.png?v=3,foto,E4 Ítem 15,Imagen real del estímulo; el dato se lee en la figura,1
Refrigeración y Climatización,Instalación y montaje de redes de refrigeración y climatización,3,51,oficio-tramos.png?v=3,foto,E4 Ítem 16,Imagen real del estímulo; el dato se lee en la figura,1
Refrigeración y Climatización,Instalación y montaje de redes de refrigeración y climatización,3,52,oficio-tramos.png?v=3,foto,E4 Ítem 17,Imagen real del estímulo; el dato se lee en la figura,1
Refrigeración y Climatización,Instalación y montaje de redes de refrigeración y climatización,3,53,oficio-tramos.png?v=3,foto,E4 Ítem 18,Imagen real del estímulo; el dato se lee en la figura,1
Refrigeración y Climatización,Instalación y montaje de redes de refrigeración y climatización,3,54,oficio-tramos.png?v=3,foto,E4 Ítem 19,Imagen real del estímulo; el dato se lee en la figura,1
Refrigeración y Climatización,Instalación y montaje de redes de refrigeración y climatización,3,55,oficio-tramos.png?v=3,foto,E4 Ítem 20,Imagen real del estímulo; el dato se lee en la figura,1
Refrigeración y Climatización,Instalación y montaje de redes de refrigeración y climatización,3,56,oficio-tramos.png?v=3,foto,E4 Ítem 21,Imagen real del estímulo; el dato se lee en la figura,1
Refrigeración y Climatización,Instalación y montaje de redes de refrigeración y climatización,3,57,oficio-tramos.png?v=3,foto,E4 Ítem 22,Imagen real del estímulo; el dato se lee en la figura,1
Refrigeración y Climatización,Instalación y montaje de redes de refrigeración y climatización,3,58,oficio-tramos.png?v=3,foto,E4 Ítem 23,Imagen real del estímulo; el dato se lee en la figura,1
Refrigeración y Climatización,Instalación y montaje de redes de refrigeración y climatización,3,59,oficio-tramos.png?v=3,foto,E4 Ítem 24,Imagen real del estímulo; el dato se lee en la figura,1
Refrigeración y Climatización,Instalación y montaje de redes de refrigeración y climatización,3,60,oficio-tramos.png?v=3,foto,E4 Ítem 25,Imagen real del estímulo; el dato se lee en la figura,1
Refrigeración y Climatización,Instalación y montaje de redes de refrigeración y climatización,3,61,oficio-tramos.png?v=3,foto,E5 Retroalimentación,Frame del error en cada pregunta incorrecta,1
Refrigeración y Climatización,Instalación y montaje de equipos,4,1,oficio-equipo-ctrl.png?v=3,foto,E1 Contextualización · explorar,Observar el escenario del AE con hotspots ligados a criterio,1
Refrigeración y Climatización,Instalación y montaje de equipos,4,2,oficio-equipo-ctrl.png?v=3,3d,E2 AE1 etapa 1 (hotspot),"Lee y utiliza planos, junto con las especificaciones técnicas de distintos sistemas y equipos de refrigeración y climatización, para identificar las dificultades que podrían presentar en la instalación.",1
Refrigeración y Climatización,Instalación y montaje de equipos,4,3,oficio-equipo-ctrl.png?v=3,foto,E2 AE1 etapa 2 (match),"Lee y utiliza planos, junto con las especificaciones técnicas de distintos sistemas y equipos de refrigeración y climatización, para identificar las dificultades que podrían presentar en la instalación.",1
Refrigeración y Climatización,Instalación y montaje de equipos,4,4,oficio-equipo-ctrl.png?v=3,foto,E2 AE1 etapa 3 (order),"Lee y utiliza planos, junto con las especificaciones técnicas de distintos sistemas y equipos de refrigeración y climatización, para identificar las dificultades que podrían presentar en la instalación.",1
Refrigeración y Climatización,Instalación y montaje de equipos,4,5,oficio-acceso-cm.png?v=3,foto,E2 AE1 etapa 4 (choice),"Lee y utiliza planos, junto con las especificaciones técnicas de distintos sistemas y equipos de refrigeración y climatización, para identificar las dificultades que podrían presentar en la instalación.",1
Refrigeración y Climatización,Instalación y montaje de equipos,4,6,oficio-equipo-ctrl.png?v=3,foto,E2 AE1 etapa 5 (choice),"Lee y utiliza planos, junto con las especificaciones técnicas de distintos sistemas y equipos de refrigeración y climatización, para identificar las dificultades que podrían presentar en la instalación.",1
Refrigeración y Climatización,Instalación y montaje de equipos,4,7,oficio-equipo-ctrl.png?v=3,foto,E2 AE1 etapa 6 (reflect),"Lee y utiliza planos, junto con las especificaciones técnicas de distintos sistemas y equipos de refrigeración y climatización, para identificar las dificultades que podrían presentar en la instalación.",1
Refrigeración y Climatización,Instalación y montaje de equipos,4,8,oficio-equipo-ctrl.png?v=3,foto,E2 AE2 etapa 1 (classify),"Instala equipos y componentes de sistemas de refrigeración, climatización, calefacción y ventilación disponibles para instalaciones domiciliarias, considerando las especificaciones técnicas establecidas por los manuales de instalación, la normativa técnica y de seguridad respectiva.",1
Refrigeración y Climatización,Instalación y montaje de equipos,4,9,oficio-equipo-ctrl.png?v=3,foto,E2 AE2 etapa 2 (choice),"Instala equipos y componentes de sistemas de refrigeración, climatización, calefacción y ventilación disponibles para instalaciones domiciliarias, considerando las especificaciones técnicas establecidas por los manuales de instalación, la normativa técnica y de seguridad respectiva.",1
Refrigeración y Climatización,Instalación y montaje de equipos,4,10,oficio-equipo-ctrl.png?v=3,foto,E2 AE2 etapa 3 (checklist),"Instala equipos y componentes de sistemas de refrigeración, climatización, calefacción y ventilación disponibles para instalaciones domiciliarias, considerando las especificaciones técnicas establecidas por los manuales de instalación, la normativa técnica y de seguridad respectiva.",1
Refrigeración y Climatización,Instalación y montaje de equipos,4,11,oficio-equipo-ctrl.png?v=3,foto,E2 AE2 etapa 4 (choice),"Instala equipos y componentes de sistemas de refrigeración, climatización, calefacción y ventilación disponibles para instalaciones domiciliarias, considerando las especificaciones técnicas establecidas por los manuales de instalación, la normativa técnica y de seguridad respectiva.",1
Refrigeración y Climatización,Instalación y montaje de equipos,4,12,oficio-equipo-ctrl.png?v=3,foto,E2 AE2 etapa 5 (choice),"Instala equipos y componentes de sistemas de refrigeración, climatización, calefacción y ventilación disponibles para instalaciones domiciliarias, considerando las especificaciones técnicas establecidas por los manuales de instalación, la normativa técnica y de seguridad respectiva.",1
Refrigeración y Climatización,Instalación y montaje de equipos,4,13,oficio-equipo-ctrl.png?v=3,foto,E2 AE2 etapa 6 (reflect),"Instala equipos y componentes de sistemas de refrigeración, climatización, calefacción y ventilación disponibles para instalaciones domiciliarias, considerando las especificaciones técnicas establecidas por los manuales de instalación, la normativa técnica y de seguridad respectiva.",1
Refrigeración y Climatización,Instalación y montaje de equipos,4,14,oficio-equipo-ctrl.png?v=3,foto,E2 AE3 etapa 1 (choice),"Instala dispositivos de control automáticos, considerando las especificaciones técnicas establecidas desde fábrica, la normativa técnica y de seguridad respectiva.",1
Refrigeración y Climatización,Instalación y montaje de equipos,4,15,oficio-equipo-ctrl.png?v=3,foto,E2 AE3 etapa 2 (choice),"Instala dispositivos de control automáticos, considerando las especificaciones técnicas establecidas desde fábrica, la normativa técnica y de seguridad respectiva.",1
Refrigeración y Climatización,Instalación y montaje de equipos,4,16,oficio-equipo-ctrl.png?v=3,foto,E2 AE3 etapa 3 (choice),"Instala dispositivos de control automáticos, considerando las especificaciones técnicas establecidas desde fábrica, la normativa técnica y de seguridad respectiva.",1
Refrigeración y Climatización,Instalación y montaje de equipos,4,17,oficio-equipo-ctrl.png?v=3,foto,E2 AE3 etapa 4 (choice),"Instala dispositivos de control automáticos, considerando las especificaciones técnicas establecidas desde fábrica, la normativa técnica y de seguridad respectiva.",1
Refrigeración y Climatización,Instalación y montaje de equipos,4,18,oficio-equipo-ctrl.png?v=3,foto,E2 AE3 etapa 5 (choice),"Instala dispositivos de control automáticos, considerando las especificaciones técnicas establecidas desde fábrica, la normativa técnica y de seguridad respectiva.",1
Refrigeración y Climatización,Instalación y montaje de equipos,4,19,oficio-equipo-ctrl.png?v=3,foto,E2 AE3 etapa 6 (reflect),"Instala dispositivos de control automáticos, considerando las especificaciones técnicas establecidas desde fábrica, la normativa técnica y de seguridad respectiva.",1
Refrigeración y Climatización,Instalación y montaje de equipos,4,20,oficio-equipo-ctrl.png?v=3,foto,E3 Situación 1,Decidir en la situación con evidencia visible,1
Refrigeración y Climatización,Instalación y montaje de equipos,4,21,oficio-acceso-cm.png?v=3,foto,E3 Situación 2,Decidir en la situación con evidencia visible,1
Refrigeración y Climatización,Instalación y montaje de equipos,4,22,oficio-equipo-ctrl.png?v=3,foto,E3 Situación 3,Decidir en la situación con evidencia visible,1
Refrigeración y Climatización,Instalación y montaje de equipos,4,23,oficio-equipo-ctrl.png?v=3,foto,E3 Situación 4,Decidir en la situación con evidencia visible,1
Refrigeración y Climatización,Instalación y montaje de equipos,4,24,oficio-equipo-ctrl.png?v=3,foto,E3 Situación 5,Decidir en la situación con evidencia visible,1
Refrigeración y Climatización,Instalación y montaje de equipos,4,25,oficio-equipo-ctrl.png?v=3,foto,E3 Situación 6,Decidir en la situación con evidencia visible,1
Refrigeración y Climatización,Instalación y montaje de equipos,4,26,oficio-equipo-ctrl.png?v=3,foto,E3 Situación 7,Decidir en la situación con evidencia visible,1
Refrigeración y Climatización,Instalación y montaje de equipos,4,27,oficio-equipo-ctrl.png?v=3,foto,E3 Situación 8,Decidir en la situación con evidencia visible,1
Refrigeración y Climatización,Instalación y montaje de equipos,4,28,oficio-equipo-ctrl.png?v=3,foto,E3 Situación 9,Decidir en la situación con evidencia visible,1
Refrigeración y Climatización,Instalación y montaje de equipos,4,29,oficio-equipo-ctrl.png?v=3,foto,E3 Situación 10,Decidir en la situación con evidencia visible,1
Refrigeración y Climatización,Instalación y montaje de equipos,4,30,oficio-equipo-ctrl.png?v=3,foto,E3 Situación 11,Decidir en la situación con evidencia visible,1
Refrigeración y Climatización,Instalación y montaje de equipos,4,31,oficio-equipo-ctrl.png?v=3,foto,E3 Situación 12,Decidir en la situación con evidencia visible,1
Refrigeración y Climatización,Instalación y montaje de equipos,4,32,oficio-equipo-ctrl.png?v=3,foto,E3 Situación 13,Decidir en la situación con evidencia visible,1
Refrigeración y Climatización,Instalación y montaje de equipos,4,33,oficio-equipo-ctrl.png?v=3,foto,E3 Situación 14,Decidir en la situación con evidencia visible,1
Refrigeración y Climatización,Instalación y montaje de equipos,4,34,oficio-equipo-ctrl.png?v=3,foto,E3 Situación 15,Decidir en la situación con evidencia visible,1
Refrigeración y Climatización,Instalación y montaje de equipos,4,35,oficio-equipo-ctrl.png?v=3,3d-procedure,E3 Situación final 3D,"Recorrer el procedimiento (armar, instalar, diagnosticar) en el equipo",1
Refrigeración y Climatización,Instalación y montaje de equipos,4,36,oficio-equipo-ctrl.png?v=3,foto,E4 Ítem 1,Imagen real del estímulo; el dato se lee en la figura,1
Refrigeración y Climatización,Instalación y montaje de equipos,4,37,oficio-acceso-cm.png?v=3,foto,E4 Ítem 2,Imagen real del estímulo; el dato se lee en la figura,1
Refrigeración y Climatización,Instalación y montaje de equipos,4,38,oficio-equipo-ctrl.png?v=3,foto,E4 Ítem 3,Imagen real del estímulo; el dato se lee en la figura,1
Refrigeración y Climatización,Instalación y montaje de equipos,4,39,oficio-equipo-ctrl.png?v=3,foto,E4 Ítem 4,Imagen real del estímulo; el dato se lee en la figura,1
Refrigeración y Climatización,Instalación y montaje de equipos,4,40,oficio-equipo-ctrl.png?v=3,foto,E4 Ítem 5,Imagen real del estímulo; el dato se lee en la figura,1
Refrigeración y Climatización,Instalación y montaje de equipos,4,41,oficio-equipo-ctrl.png?v=3,foto,E4 Ítem 6,Imagen real del estímulo; el dato se lee en la figura,1
Refrigeración y Climatización,Instalación y montaje de equipos,4,42,oficio-equipo-ctrl.png?v=3,foto,E4 Ítem 7,Imagen real del estímulo; el dato se lee en la figura,1
Refrigeración y Climatización,Instalación y montaje de equipos,4,43,oficio-equipo-ctrl.png?v=3,foto,E4 Ítem 8,Imagen real del estímulo; el dato se lee en la figura,1
Refrigeración y Climatización,Instalación y montaje de equipos,4,44,oficio-equipo-ctrl.png?v=3,foto,E4 Ítem 9,Imagen real del estímulo; el dato se lee en la figura,1
Refrigeración y Climatización,Instalación y montaje de equipos,4,45,oficio-equipo-ctrl.png?v=3,foto,E4 Ítem 10,Imagen real del estímulo; el dato se lee en la figura,1
Refrigeración y Climatización,Instalación y montaje de equipos,4,46,oficio-equipo-ctrl.png?v=3,foto,E4 Ítem 11,Imagen real del estímulo; el dato se lee en la figura,1
Refrigeración y Climatización,Instalación y montaje de equipos,4,47,oficio-equipo-ctrl.png?v=3,foto,E4 Ítem 12,Imagen real del estímulo; el dato se lee en la figura,1
Refrigeración y Climatización,Instalación y montaje de equipos,4,48,oficio-equipo-ctrl.png?v=3,foto,E4 Ítem 13,Imagen real del estímulo; el dato se lee en la figura,1
Refrigeración y Climatización,Instalación y montaje de equipos,4,49,oficio-equipo-ctrl.png?v=3,foto,E4 Ítem 14,Imagen real del estímulo; el dato se lee en la figura,1
Refrigeración y Climatización,Instalación y montaje de equipos,4,50,oficio-equipo-ctrl.png?v=3,foto,E4 Ítem 15,Imagen real del estímulo; el dato se lee en la figura,1
Refrigeración y Climatización,Instalación y montaje de equipos,4,51,oficio-equipo-ctrl.png?v=3,foto,E4 Ítem 16,Imagen real del estímulo; el dato se lee en la figura,1
Refrigeración y Climatización,Instalación y montaje de equipos,4,52,oficio-equipo-ctrl.png?v=3,foto,E4 Ítem 17,Imagen real del estímulo; el dato se lee en la figura,1
Refrigeración y Climatización,Instalación y montaje de equipos,4,53,oficio-equipo-ctrl.png?v=3,foto,E4 Ítem 18,Imagen real del estímulo; el dato se lee en la figura,1
Refrigeración y Climatización,Instalación y montaje de equipos,4,54,oficio-equipo-ctrl.png?v=3,foto,E4 Ítem 19,Imagen real del estímulo; el dato se lee en la figura,1
Refrigeración y Climatización,Instalación y montaje de equipos,4,55,oficio-equipo-ctrl.png?v=3,foto,E4 Ítem 20,Imagen real del estímulo; el dato se lee en la figura,1
Refrigeración y Climatización,Instalación y montaje de equipos,4,56,oficio-equipo-ctrl.png?v=3,foto,E4 Ítem 21,Imagen real del estímulo; el dato se lee en la figura,1
Refrigeración y Climatización,Instalación y montaje de equipos,4,57,oficio-equipo-ctrl.png?v=3,foto,E4 Ítem 22,Imagen real del estímulo; el dato se lee en la figura,1
Refrigeración y Climatización,Instalación y montaje de equipos,4,58,oficio-equipo-ctrl.png?v=3,foto,E4 Ítem 23,Imagen real del estímulo; el dato se lee en la figura,1
Refrigeración y Climatización,Instalación y montaje de equipos,4,59,oficio-equipo-ctrl.png?v=3,foto,E4 Ítem 24,Imagen real del estímulo; el dato se lee en la figura,1
Refrigeración y Climatización,Instalación y montaje de equipos,4,60,oficio-equipo-ctrl.png?v=3,foto,E4 Ítem 25,Imagen real del estímulo; el dato se lee en la figura,1
Refrigeración y Climatización,Instalación y montaje de equipos,4,61,oficio-equipo-ctrl.png?v=3,foto,E5 Retroalimentación,Frame del error en cada pregunta incorrecta,1
Refrigeración y Climatización,Puesta en marcha de equipos de refrigeración y climatización,17,1,e1.png?v=3,foto,E1 Contextualización · explorar,Observar el escenario del AE con hotspots ligados a criterio,1
Refrigeración y Climatización,Puesta en marcha de equipos de refrigeración y climatización,17,2,e2.png?v=3,3d,E2 AE1 etapa 1 (hotspot),"Prepara el espacio físico y el equipamiento para el correcto transporte del equipo de refrigeración requerido en la carga de fluidos en sistemas refrigerantes, aplicando las medidas de seguridad y el cuidado del medio ambiente necesarios para manipular fluidos en equipos de este especialidad, establecidas en la Norma Chilena de Buenas Prácticas (NCh3241).",1
Refrigeración y Climatización,Puesta en marcha de equipos de refrigeración y climatización,17,3,e2.png?v=3,foto,E2 AE1 etapa 2 (match),"Prepara el espacio físico y el equipamiento para el correcto transporte del equipo de refrigeración requerido en la carga de fluidos en sistemas refrigerantes, aplicando las medidas de seguridad y el cuidado del medio ambiente necesarios para manipular fluidos en equipos de este especialidad, establecidas en la Norma Chilena de Buenas Prácticas (NCh3241).",1
Refrigeración y Climatización,Puesta en marcha de equipos de refrigeración y climatización,17,4,e2.png?v=3,foto,E2 AE1 etapa 3 (order),"Prepara el espacio físico y el equipamiento para el correcto transporte del equipo de refrigeración requerido en la carga de fluidos en sistemas refrigerantes, aplicando las medidas de seguridad y el cuidado del medio ambiente necesarios para manipular fluidos en equipos de este especialidad, establecidas en la Norma Chilena de Buenas Prácticas (NCh3241).",1
Refrigeración y Climatización,Puesta en marcha de equipos de refrigeración y climatización,17,5,e2.png?v=3,foto,E2 AE1 etapa 4 (choice),"Prepara el espacio físico y el equipamiento para el correcto transporte del equipo de refrigeración requerido en la carga de fluidos en sistemas refrigerantes, aplicando las medidas de seguridad y el cuidado del medio ambiente necesarios para manipular fluidos en equipos de este especialidad, establecidas en la Norma Chilena de Buenas Prácticas (NCh3241).",1
Refrigeración y Climatización,Puesta en marcha de equipos de refrigeración y climatización,17,6,e2.png?v=3,foto,E2 AE1 etapa 5 (choice),"Prepara el espacio físico y el equipamiento para el correcto transporte del equipo de refrigeración requerido en la carga de fluidos en sistemas refrigerantes, aplicando las medidas de seguridad y el cuidado del medio ambiente necesarios para manipular fluidos en equipos de este especialidad, establecidas en la Norma Chilena de Buenas Prácticas (NCh3241).",1
Refrigeración y Climatización,Puesta en marcha de equipos de refrigeración y climatización,17,7,e2.png?v=3,foto,E2 AE1 etapa 6 (reflect),"Prepara el espacio físico y el equipamiento para el correcto transporte del equipo de refrigeración requerido en la carga de fluidos en sistemas refrigerantes, aplicando las medidas de seguridad y el cuidado del medio ambiente necesarios para manipular fluidos en equipos de este especialidad, establecidas en la Norma Chilena de Buenas Prácticas (NCh3241).",1
Refrigeración y Climatización,Puesta en marcha de equipos de refrigeración y climatización,17,8,e2.png?v=3,3d,E2 AE2 etapa 1 (hotspot),"Carga fluidos en equipos de refrigeración, aplicando las medidas de seguridad y cuidado del medio ambiente necesarios para manipular fluidos en equipos de refrigeración y climatización, establecidos en la Norma Chilena de Buenas Prácticas (NCh3241).",1
Refrigeración y Climatización,Puesta en marcha de equipos de refrigeración y climatización,17,9,e2.png?v=3,foto,E2 AE2 etapa 2 (match),"Carga fluidos en equipos de refrigeración, aplicando las medidas de seguridad y cuidado del medio ambiente necesarios para manipular fluidos en equipos de refrigeración y climatización, establecidos en la Norma Chilena de Buenas Prácticas (NCh3241).",1
Refrigeración y Climatización,Puesta en marcha de equipos de refrigeración y climatización,17,10,e2.png?v=3,foto,E2 AE2 etapa 3 (order),"Carga fluidos en equipos de refrigeración, aplicando las medidas de seguridad y cuidado del medio ambiente necesarios para manipular fluidos en equipos de refrigeración y climatización, establecidos en la Norma Chilena de Buenas Prácticas (NCh3241).",1
Refrigeración y Climatización,Puesta en marcha de equipos de refrigeración y climatización,17,11,e2.png?v=3,foto,E2 AE2 etapa 4 (choice),"Carga fluidos en equipos de refrigeración, aplicando las medidas de seguridad y cuidado del medio ambiente necesarios para manipular fluidos en equipos de refrigeración y climatización, establecidos en la Norma Chilena de Buenas Prácticas (NCh3241).",1
Refrigeración y Climatización,Puesta en marcha de equipos de refrigeración y climatización,17,12,e2.png?v=3,foto,E2 AE2 etapa 5 (choice),"Carga fluidos en equipos de refrigeración, aplicando las medidas de seguridad y cuidado del medio ambiente necesarios para manipular fluidos en equipos de refrigeración y climatización, establecidos en la Norma Chilena de Buenas Prácticas (NCh3241).",1
Refrigeración y Climatización,Puesta en marcha de equipos de refrigeración y climatización,17,13,e2.png?v=3,foto,E2 AE2 etapa 6 (reflect),"Carga fluidos en equipos de refrigeración, aplicando las medidas de seguridad y cuidado del medio ambiente necesarios para manipular fluidos en equipos de refrigeración y climatización, establecidos en la Norma Chilena de Buenas Prácticas (NCh3241).",1
Refrigeración y Climatización,Puesta en marcha de equipos de refrigeración y climatización,17,14,e2.png?v=3,3d,E2 AE3 etapa 1 (hotspot),"Pone en marcha sistemas de refrigeración, considerando las especificaciones técnicas establecidas desde fábrica, la normativa técnica, medio ambiental y de seguridad respectiva.",1
Refrigeración y Climatización,Puesta en marcha de equipos de refrigeración y climatización,17,15,e2.png?v=3,foto,E2 AE3 etapa 2 (match),"Pone en marcha sistemas de refrigeración, considerando las especificaciones técnicas establecidas desde fábrica, la normativa técnica, medio ambiental y de seguridad respectiva.",1
Refrigeración y Climatización,Puesta en marcha de equipos de refrigeración y climatización,17,16,e2.png?v=3,foto,E2 AE3 etapa 3 (order),"Pone en marcha sistemas de refrigeración, considerando las especificaciones técnicas establecidas desde fábrica, la normativa técnica, medio ambiental y de seguridad respectiva.",1
Refrigeración y Climatización,Puesta en marcha de equipos de refrigeración y climatización,17,17,e2.png?v=3,foto,E2 AE3 etapa 4 (choice),"Pone en marcha sistemas de refrigeración, considerando las especificaciones técnicas establecidas desde fábrica, la normativa técnica, medio ambiental y de seguridad respectiva.",1
Refrigeración y Climatización,Puesta en marcha de equipos de refrigeración y climatización,17,18,e2.png?v=3,foto,E2 AE3 etapa 5 (choice),"Pone en marcha sistemas de refrigeración, considerando las especificaciones técnicas establecidas desde fábrica, la normativa técnica, medio ambiental y de seguridad respectiva.",1
Refrigeración y Climatización,Puesta en marcha de equipos de refrigeración y climatización,17,19,e2.png?v=3,foto,E2 AE3 etapa 6 (reflect),"Pone en marcha sistemas de refrigeración, considerando las especificaciones técnicas establecidas desde fábrica, la normativa técnica, medio ambiental y de seguridad respectiva.",1
Refrigeración y Climatización,Puesta en marcha de equipos de refrigeración y climatización,17,20,e3.png?v=3,foto,E3 Situación 1,Decidir en la situación con evidencia visible,1
Refrigeración y Climatización,Puesta en marcha de equipos de refrigeración y climatización,17,21,e3.png?v=3,foto,E3 Situación 2,Decidir en la situación con evidencia visible,1
Refrigeración y Climatización,Puesta en marcha de equipos de refrigeración y climatización,17,22,e3.png?v=3,foto,E3 Situación 3,Decidir en la situación con evidencia visible,1
Refrigeración y Climatización,Puesta en marcha de equipos de refrigeración y climatización,17,23,e3.png?v=3,foto,E3 Situación 4,Decidir en la situación con evidencia visible,1
Refrigeración y Climatización,Puesta en marcha de equipos de refrigeración y climatización,17,24,e3.png?v=3,foto,E3 Situación 5,Decidir en la situación con evidencia visible,1
Refrigeración y Climatización,Puesta en marcha de equipos de refrigeración y climatización,17,25,e3.png?v=3,foto,E3 Situación 6,Decidir en la situación con evidencia visible,1
Refrigeración y Climatización,Puesta en marcha de equipos de refrigeración y climatización,17,26,e3.png?v=3,foto,E3 Situación 7,Decidir en la situación con evidencia visible,1
Refrigeración y Climatización,Puesta en marcha de equipos de refrigeración y climatización,17,27,e3.png?v=3,foto,E3 Situación 8,Decidir en la situación con evidencia visible,1
Refrigeración y Climatización,Puesta en marcha de equipos de refrigeración y climatización,17,28,e3.png?v=3,foto,E3 Situación 9,Decidir en la situación con evidencia visible,1
Refrigeración y Climatización,Puesta en marcha de equipos de refrigeración y climatización,17,29,e3.png?v=3,foto,E3 Situación 10,Decidir en la situación con evidencia visible,1
Refrigeración y Climatización,Puesta en marcha de equipos de refrigeración y climatización,17,30,e3.png?v=3,foto,E3 Situación 11,Decidir en la situación con evidencia visible,1
Refrigeración y Climatización,Puesta en marcha de equipos de refrigeración y climatización,17,31,e3.png?v=3,foto,E3 Situación 12,Decidir en la situación con evidencia visible,1
Refrigeración y Climatización,Puesta en marcha de equipos de refrigeración y climatización,17,32,e3.png?v=3,foto,E3 Situación 13,Decidir en la situación con evidencia visible,1
Refrigeración y Climatización,Puesta en marcha de equipos de refrigeración y climatización,17,33,e3.png?v=3,foto,E3 Situación 14,Decidir en la situación con evidencia visible,1
Refrigeración y Climatización,Puesta en marcha de equipos de refrigeración y climatización,17,34,e3.png?v=3,foto,E3 Situación 15,Decidir en la situación con evidencia visible,1
Refrigeración y Climatización,Puesta en marcha de equipos de refrigeración y climatización,17,35,e3.png?v=3,interactive-procedure,E3 Situación final 3D,"Recorrer el procedimiento (armar, instalar, diagnosticar) en el equipo",1
Refrigeración y Climatización,Puesta en marcha de equipos de refrigeración y climatización,17,36,e4.png?v=3,foto,E4 Ítem 1,Imagen real del estímulo; el dato se lee en la figura,1
Refrigeración y Climatización,Puesta en marcha de equipos de refrigeración y climatización,17,37,e4.png?v=3,foto,E4 Ítem 2,Imagen real del estímulo; el dato se lee en la figura,1
Refrigeración y Climatización,Puesta en marcha de equipos de refrigeración y climatización,17,38,e4.png?v=3,foto,E4 Ítem 3,Imagen real del estímulo; el dato se lee en la figura,1
Refrigeración y Climatización,Puesta en marcha de equipos de refrigeración y climatización,17,39,e4.png?v=3,foto,E4 Ítem 4,Imagen real del estímulo; el dato se lee en la figura,1
Refrigeración y Climatización,Puesta en marcha de equipos de refrigeración y climatización,17,40,e4.png?v=3,foto,E4 Ítem 5,Imagen real del estímulo; el dato se lee en la figura,1
Refrigeración y Climatización,Puesta en marcha de equipos de refrigeración y climatización,17,41,e4.png?v=3,foto,E4 Ítem 6,Imagen real del estímulo; el dato se lee en la figura,1
Refrigeración y Climatización,Puesta en marcha de equipos de refrigeración y climatización,17,42,e4.png?v=3,foto,E4 Ítem 7,Imagen real del estímulo; el dato se lee en la figura,1
Refrigeración y Climatización,Puesta en marcha de equipos de refrigeración y climatización,17,43,e4.png?v=3,foto,E4 Ítem 8,Imagen real del estímulo; el dato se lee en la figura,1
Refrigeración y Climatización,Puesta en marcha de equipos de refrigeración y climatización,17,44,e4.png?v=3,foto,E4 Ítem 9,Imagen real del estímulo; el dato se lee en la figura,1
Refrigeración y Climatización,Puesta en marcha de equipos de refrigeración y climatización,17,45,e4.png?v=3,foto,E4 Ítem 10,Imagen real del estímulo; el dato se lee en la figura,1
Refrigeración y Climatización,Puesta en marcha de equipos de refrigeración y climatización,17,46,e4.png?v=3,foto,E4 Ítem 11,Imagen real del estímulo; el dato se lee en la figura,1
Refrigeración y Climatización,Puesta en marcha de equipos de refrigeración y climatización,17,47,e4.png?v=3,foto,E4 Ítem 12,Imagen real del estímulo; el dato se lee en la figura,1
Refrigeración y Climatización,Puesta en marcha de equipos de refrigeración y climatización,17,48,e4.png?v=3,foto,E4 Ítem 13,Imagen real del estímulo; el dato se lee en la figura,1
Refrigeración y Climatización,Puesta en marcha de equipos de refrigeración y climatización,17,49,e4.png?v=3,foto,E4 Ítem 14,Imagen real del estímulo; el dato se lee en la figura,1
Refrigeración y Climatización,Puesta en marcha de equipos de refrigeración y climatización,17,50,e4.png?v=3,foto,E4 Ítem 15,Imagen real del estímulo; el dato se lee en la figura,1
Refrigeración y Climatización,Puesta en marcha de equipos de refrigeración y climatización,17,51,e4.png?v=3,foto,E4 Ítem 16,Imagen real del estímulo; el dato se lee en la figura,1
Refrigeración y Climatización,Puesta en marcha de equipos de refrigeración y climatización,17,52,e4.png?v=3,foto,E4 Ítem 17,Imagen real del estímulo; el dato se lee en la figura,1
Refrigeración y Climatización,Puesta en marcha de equipos de refrigeración y climatización,17,53,e4.png?v=3,foto,E4 Ítem 18,Imagen real del estímulo; el dato se lee en la figura,1
Refrigeración y Climatización,Puesta en marcha de equipos de refrigeración y climatización,17,54,e4.png?v=3,foto,E4 Ítem 19,Imagen real del estímulo; el dato se lee en la figura,1
Refrigeración y Climatización,Puesta en marcha de equipos de refrigeración y climatización,17,55,e4.png?v=3,foto,E4 Ítem 20,Imagen real del estímulo; el dato se lee en la figura,1
Refrigeración y Climatización,Puesta en marcha de equipos de refrigeración y climatización,17,56,e4.png?v=3,foto,E4 Ítem 21,Imagen real del estímulo; el dato se lee en la figura,1
Refrigeración y Climatización,Puesta en marcha de equipos de refrigeración y climatización,17,57,e4.png?v=3,foto,E4 Ítem 22,Imagen real del estímulo; el dato se lee en la figura,1
Refrigeración y Climatización,Puesta en marcha de equipos de refrigeración y climatización,17,58,e4.png?v=3,foto,E4 Ítem 23,Imagen real del estímulo; el dato se lee en la figura,1
Refrigeración y Climatización,Puesta en marcha de equipos de refrigeración y climatización,17,59,e4.png?v=3,foto,E4 Ítem 24,Imagen real del estímulo; el dato se lee en la figura,1
Refrigeración y Climatización,Puesta en marcha de equipos de refrigeración y climatización,17,60,e4.png?v=3,foto,E4 Ítem 25,Imagen real del estímulo; el dato se lee en la figura,1
Refrigeración y Climatización,Puesta en marcha de equipos de refrigeración y climatización,17,61,oficio-plano-leyenda.png?v=3,foto,E5 Retroalimentación,Frame del error en cada pregunta incorrecta,1
Refrigeración y Climatización,Diagnóstico en sistemas de refrigeración y climatización,18,1,e1.png?v=3,foto,E1 Contextualización · explorar,Observar el escenario del AE con hotspots ligados a criterio,1
Refrigeración y Climatización,Diagnóstico en sistemas de refrigeración y climatización,18,2,e2.png?v=3,3d,E2 AE1 etapa 1 (hotspot),"Inspecciona instalaciones y equipos de refrigeración, climatización, calefacción y ventilación, contrastando la información obtenida con los manuales de funcionamiento y las especificaciones técnicas de los equipos.",1
Refrigeración y Climatización,Diagnóstico en sistemas de refrigeración y climatización,18,3,e2.png?v=3,foto,E2 AE1 etapa 2 (match),"Inspecciona instalaciones y equipos de refrigeración, climatización, calefacción y ventilación, contrastando la información obtenida con los manuales de funcionamiento y las especificaciones técnicas de los equipos.",1
Refrigeración y Climatización,Diagnóstico en sistemas de refrigeración y climatización,18,4,e2.png?v=3,foto,E2 AE1 etapa 3 (order),"Inspecciona instalaciones y equipos de refrigeración, climatización, calefacción y ventilación, contrastando la información obtenida con los manuales de funcionamiento y las especificaciones técnicas de los equipos.",1
Refrigeración y Climatización,Diagnóstico en sistemas de refrigeración y climatización,18,5,e2.png?v=3,foto,E2 AE1 etapa 4 (choice),"Inspecciona instalaciones y equipos de refrigeración, climatización, calefacción y ventilación, contrastando la información obtenida con los manuales de funcionamiento y las especificaciones técnicas de los equipos.",1
Refrigeración y Climatización,Diagnóstico en sistemas de refrigeración y climatización,18,6,e2.png?v=3,foto,E2 AE1 etapa 5 (choice),"Inspecciona instalaciones y equipos de refrigeración, climatización, calefacción y ventilación, contrastando la información obtenida con los manuales de funcionamiento y las especificaciones técnicas de los equipos.",1
Refrigeración y Climatización,Diagnóstico en sistemas de refrigeración y climatización,18,7,e2.png?v=3,foto,E2 AE1 etapa 6 (reflect),"Inspecciona instalaciones y equipos de refrigeración, climatización, calefacción y ventilación, contrastando la información obtenida con los manuales de funcionamiento y las especificaciones técnicas de los equipos.",1
Refrigeración y Climatización,Diagnóstico en sistemas de refrigeración y climatización,18,8,e2.png?v=3,3d,E2 AE2 etapa 1 (hotspot),"Diagnostica posibles fallas con la información obtenida a través de mediciones con instrumentos e inspección visual y propone posibles soluciones, de acuerdo con las especificaciones técnicas de su fabricación.",1
Refrigeración y Climatización,Diagnóstico en sistemas de refrigeración y climatización,18,9,e2.png?v=3,foto,E2 AE2 etapa 2 (match),"Diagnostica posibles fallas con la información obtenida a través de mediciones con instrumentos e inspección visual y propone posibles soluciones, de acuerdo con las especificaciones técnicas de su fabricación.",1
Refrigeración y Climatización,Diagnóstico en sistemas de refrigeración y climatización,18,10,e2.png?v=3,foto,E2 AE2 etapa 3 (order),"Diagnostica posibles fallas con la información obtenida a través de mediciones con instrumentos e inspección visual y propone posibles soluciones, de acuerdo con las especificaciones técnicas de su fabricación.",1
Refrigeración y Climatización,Diagnóstico en sistemas de refrigeración y climatización,18,11,e2.png?v=3,foto,E2 AE2 etapa 4 (choice),"Diagnostica posibles fallas con la información obtenida a través de mediciones con instrumentos e inspección visual y propone posibles soluciones, de acuerdo con las especificaciones técnicas de su fabricación.",1
Refrigeración y Climatización,Diagnóstico en sistemas de refrigeración y climatización,18,12,e2.png?v=3,foto,E2 AE2 etapa 5 (choice),"Diagnostica posibles fallas con la información obtenida a través de mediciones con instrumentos e inspección visual y propone posibles soluciones, de acuerdo con las especificaciones técnicas de su fabricación.",1
Refrigeración y Climatización,Diagnóstico en sistemas de refrigeración y climatización,18,13,e2.png?v=3,foto,E2 AE2 etapa 6 (reflect),"Diagnostica posibles fallas con la información obtenida a través de mediciones con instrumentos e inspección visual y propone posibles soluciones, de acuerdo con las especificaciones técnicas de su fabricación.",1
Refrigeración y Climatización,Diagnóstico en sistemas de refrigeración y climatización,18,14,e2.png?v=3,3d,E2 AE3 etapa 1 (hotspot),"Establece los tipos de fallas o mal funcionamiento que pueden corregirse en obra o en taller, de acuerdo a las especificaciones técnicas de los distintos equipos y sistemas.",1
Refrigeración y Climatización,Diagnóstico en sistemas de refrigeración y climatización,18,15,e2.png?v=3,foto,E2 AE3 etapa 2 (match),"Establece los tipos de fallas o mal funcionamiento que pueden corregirse en obra o en taller, de acuerdo a las especificaciones técnicas de los distintos equipos y sistemas.",1
Refrigeración y Climatización,Diagnóstico en sistemas de refrigeración y climatización,18,16,e2.png?v=3,foto,E2 AE3 etapa 3 (order),"Establece los tipos de fallas o mal funcionamiento que pueden corregirse en obra o en taller, de acuerdo a las especificaciones técnicas de los distintos equipos y sistemas.",1
Refrigeración y Climatización,Diagnóstico en sistemas de refrigeración y climatización,18,17,e2.png?v=3,foto,E2 AE3 etapa 4 (choice),"Establece los tipos de fallas o mal funcionamiento que pueden corregirse en obra o en taller, de acuerdo a las especificaciones técnicas de los distintos equipos y sistemas.",1
Refrigeración y Climatización,Diagnóstico en sistemas de refrigeración y climatización,18,18,e2.png?v=3,foto,E2 AE3 etapa 5 (choice),"Establece los tipos de fallas o mal funcionamiento que pueden corregirse en obra o en taller, de acuerdo a las especificaciones técnicas de los distintos equipos y sistemas.",1
Refrigeración y Climatización,Diagnóstico en sistemas de refrigeración y climatización,18,19,e2.png?v=3,foto,E2 AE3 etapa 6 (reflect),"Establece los tipos de fallas o mal funcionamiento que pueden corregirse en obra o en taller, de acuerdo a las especificaciones técnicas de los distintos equipos y sistemas.",1
Refrigeración y Climatización,Diagnóstico en sistemas de refrigeración y climatización,18,20,e3.png?v=3,foto,E3 Situación 1,Decidir en la situación con evidencia visible,1
Refrigeración y Climatización,Diagnóstico en sistemas de refrigeración y climatización,18,21,e3.png?v=3,foto,E3 Situación 2,Decidir en la situación con evidencia visible,1
Refrigeración y Climatización,Diagnóstico en sistemas de refrigeración y climatización,18,22,e3.png?v=3,foto,E3 Situación 3,Decidir en la situación con evidencia visible,1
Refrigeración y Climatización,Diagnóstico en sistemas de refrigeración y climatización,18,23,e3.png?v=3,foto,E3 Situación 4,Decidir en la situación con evidencia visible,1
Refrigeración y Climatización,Diagnóstico en sistemas de refrigeración y climatización,18,24,e3.png?v=3,foto,E3 Situación 5,Decidir en la situación con evidencia visible,1
Refrigeración y Climatización,Diagnóstico en sistemas de refrigeración y climatización,18,25,e3.png?v=3,foto,E3 Situación 6,Decidir en la situación con evidencia visible,1
Refrigeración y Climatización,Diagnóstico en sistemas de refrigeración y climatización,18,26,e3.png?v=3,foto,E3 Situación 7,Decidir en la situación con evidencia visible,1
Refrigeración y Climatización,Diagnóstico en sistemas de refrigeración y climatización,18,27,e3.png?v=3,foto,E3 Situación 8,Decidir en la situación con evidencia visible,1
Refrigeración y Climatización,Diagnóstico en sistemas de refrigeración y climatización,18,28,e3.png?v=3,foto,E3 Situación 9,Decidir en la situación con evidencia visible,1
Refrigeración y Climatización,Diagnóstico en sistemas de refrigeración y climatización,18,29,e3.png?v=3,foto,E3 Situación 10,Decidir en la situación con evidencia visible,1
Refrigeración y Climatización,Diagnóstico en sistemas de refrigeración y climatización,18,30,e3.png?v=3,foto,E3 Situación 11,Decidir en la situación con evidencia visible,1
Refrigeración y Climatización,Diagnóstico en sistemas de refrigeración y climatización,18,31,e3.png?v=3,foto,E3 Situación 12,Decidir en la situación con evidencia visible,1
Refrigeración y Climatización,Diagnóstico en sistemas de refrigeración y climatización,18,32,e3.png?v=3,foto,E3 Situación 13,Decidir en la situación con evidencia visible,1
Refrigeración y Climatización,Diagnóstico en sistemas de refrigeración y climatización,18,33,e3.png?v=3,foto,E3 Situación 14,Decidir en la situación con evidencia visible,1
Refrigeración y Climatización,Diagnóstico en sistemas de refrigeración y climatización,18,34,e3.png?v=3,foto,E3 Situación 15,Decidir en la situación con evidencia visible,1
Refrigeración y Climatización,Diagnóstico en sistemas de refrigeración y climatización,18,35,e3.png?v=3,interactive-procedure,E3 Situación final 3D,"Recorrer el procedimiento (armar, instalar, diagnosticar) en el equipo",1
Refrigeración y Climatización,Diagnóstico en sistemas de refrigeración y climatización,18,36,e4.png?v=3,foto,E4 Ítem 1,Imagen real del estímulo; el dato se lee en la figura,1
Refrigeración y Climatización,Diagnóstico en sistemas de refrigeración y climatización,18,37,e4.png?v=3,foto,E4 Ítem 2,Imagen real del estímulo; el dato se lee en la figura,1
Refrigeración y Climatización,Diagnóstico en sistemas de refrigeración y climatización,18,38,e4.png?v=3,foto,E4 Ítem 3,Imagen real del estímulo; el dato se lee en la figura,1
Refrigeración y Climatización,Diagnóstico en sistemas de refrigeración y climatización,18,39,e4.png?v=3,foto,E4 Ítem 4,Imagen real del estímulo; el dato se lee en la figura,1
Refrigeración y Climatización,Diagnóstico en sistemas de refrigeración y climatización,18,40,e4.png?v=3,foto,E4 Ítem 5,Imagen real del estímulo; el dato se lee en la figura,1
Refrigeración y Climatización,Diagnóstico en sistemas de refrigeración y climatización,18,41,e4.png?v=3,foto,E4 Ítem 6,Imagen real del estímulo; el dato se lee en la figura,1
Refrigeración y Climatización,Diagnóstico en sistemas de refrigeración y climatización,18,42,e4.png?v=3,foto,E4 Ítem 7,Imagen real del estímulo; el dato se lee en la figura,1
Refrigeración y Climatización,Diagnóstico en sistemas de refrigeración y climatización,18,43,e4.png?v=3,foto,E4 Ítem 8,Imagen real del estímulo; el dato se lee en la figura,1
Refrigeración y Climatización,Diagnóstico en sistemas de refrigeración y climatización,18,44,e4.png?v=3,foto,E4 Ítem 9,Imagen real del estímulo; el dato se lee en la figura,1
Refrigeración y Climatización,Diagnóstico en sistemas de refrigeración y climatización,18,45,e4.png?v=3,foto,E4 Ítem 10,Imagen real del estímulo; el dato se lee en la figura,1
Refrigeración y Climatización,Diagnóstico en sistemas de refrigeración y climatización,18,46,e4.png?v=3,foto,E4 Ítem 11,Imagen real del estímulo; el dato se lee en la figura,1
Refrigeración y Climatización,Diagnóstico en sistemas de refrigeración y climatización,18,47,e4.png?v=3,foto,E4 Ítem 12,Imagen real del estímulo; el dato se lee en la figura,1
Refrigeración y Climatización,Diagnóstico en sistemas de refrigeración y climatización,18,48,e4.png?v=3,foto,E4 Ítem 13,Imagen real del estímulo; el dato se lee en la figura,1
Refrigeración y Climatización,Diagnóstico en sistemas de refrigeración y climatización,18,49,e4.png?v=3,foto,E4 Ítem 14,Imagen real del estímulo; el dato se lee en la figura,1
Refrigeración y Climatización,Diagnóstico en sistemas de refrigeración y climatización,18,50,e4.png?v=3,foto,E4 Ítem 15,Imagen real del estímulo; el dato se lee en la figura,1
Refrigeración y Climatización,Diagnóstico en sistemas de refrigeración y climatización,18,51,e4.png?v=3,foto,E4 Ítem 16,Imagen real del estímulo; el dato se lee en la figura,1
Refrigeración y Climatización,Diagnóstico en sistemas de refrigeración y climatización,18,52,e4.png?v=3,foto,E4 Ítem 17,Imagen real del estímulo; el dato se lee en la figura,1
Refrigeración y Climatización,Diagnóstico en sistemas de refrigeración y climatización,18,53,e4.png?v=3,foto,E4 Ítem 18,Imagen real del estímulo; el dato se lee en la figura,1
Refrigeración y Climatización,Diagnóstico en sistemas de refrigeración y climatización,18,54,e4.png?v=3,foto,E4 Ítem 19,Imagen real del estímulo; el dato se lee en la figura,1
Refrigeración y Climatización,Diagnóstico en sistemas de refrigeración y climatización,18,55,e4.png?v=3,foto,E4 Ítem 20,Imagen real del estímulo; el dato se lee en la figura,1
Refrigeración y Climatización,Diagnóstico en sistemas de refrigeración y climatización,18,56,e4.png?v=3,foto,E4 Ítem 21,Imagen real del estímulo; el dato se lee en la figura,1
Refrigeración y Climatización,Diagnóstico en sistemas de refrigeración y climatización,18,57,e4.png?v=3,foto,E4 Ítem 22,Imagen real del estímulo; el dato se lee en la figura,1
Refrigeración y Climatización,Diagnóstico en sistemas de refrigeración y climatización,18,58,e4.png?v=3,foto,E4 Ítem 23,Imagen real del estímulo; el dato se lee en la figura,1
Refrigeración y Climatización,Diagnóstico en sistemas de refrigeración y climatización,18,59,e4.png?v=3,foto,E4 Ítem 24,Imagen real del estímulo; el dato se lee en la figura,1
Refrigeración y Climatización,Diagnóstico en sistemas de refrigeración y climatización,18,60,e4.png?v=3,foto,E4 Ítem 25,Imagen real del estímulo; el dato se lee en la figura,1
Refrigeración y Climatización,Diagnóstico en sistemas de refrigeración y climatización,18,61,oficio-plano-leyenda.png?v=3,foto,E5 Retroalimentación,Frame del error en cada pregunta incorrecta,1
Refrigeración y Climatización,Mantención de sistemas de refrigeración y climatización,19,1,e1.png?v=3,foto,E1 Contextualización · explorar,Observar el escenario del AE con hotspots ligados a criterio,1
Refrigeración y Climatización,Mantención de sistemas de refrigeración y climatización,19,2,e2.png?v=3,3d,E2 AE1 etapa 1 (hotspot),"Realiza mantenimiento preventivo considerando las especificaciones del proyecto, las condiciones de obra y los manuales de funcionamiento desde fábrica.",1
Refrigeración y Climatización,Mantención de sistemas de refrigeración y climatización,19,3,e2.png?v=3,foto,E2 AE1 etapa 2 (match),"Realiza mantenimiento preventivo considerando las especificaciones del proyecto, las condiciones de obra y los manuales de funcionamiento desde fábrica.",1
Refrigeración y Climatización,Mantención de sistemas de refrigeración y climatización,19,4,e2.png?v=3,foto,E2 AE1 etapa 3 (order),"Realiza mantenimiento preventivo considerando las especificaciones del proyecto, las condiciones de obra y los manuales de funcionamiento desde fábrica.",1
Refrigeración y Climatización,Mantención de sistemas de refrigeración y climatización,19,5,e2.png?v=3,foto,E2 AE1 etapa 4 (choice),"Realiza mantenimiento preventivo considerando las especificaciones del proyecto, las condiciones de obra y los manuales de funcionamiento desde fábrica.",1
Refrigeración y Climatización,Mantención de sistemas de refrigeración y climatización,19,6,e2.png?v=3,foto,E2 AE1 etapa 5 (choice),"Realiza mantenimiento preventivo considerando las especificaciones del proyecto, las condiciones de obra y los manuales de funcionamiento desde fábrica.",1
Refrigeración y Climatización,Mantención de sistemas de refrigeración y climatización,19,7,e2.png?v=3,foto,E2 AE1 etapa 6 (reflect),"Realiza mantenimiento preventivo considerando las especificaciones del proyecto, las condiciones de obra y los manuales de funcionamiento desde fábrica.",1
Refrigeración y Climatización,Mantención de sistemas de refrigeración y climatización,19,8,e2.png?v=3,3d,E2 AE2 etapa 1 (hotspot),"Realiza mantenimiento correctivo, considerando las especificaciones del proyecto, las condiciones de obra y los manuales de funcionamiento y fabricación.",1
Refrigeración y Climatización,Mantención de sistemas de refrigeración y climatización,19,9,e2.png?v=3,foto,E2 AE2 etapa 2 (match),"Realiza mantenimiento correctivo, considerando las especificaciones del proyecto, las condiciones de obra y los manuales de funcionamiento y fabricación.",1
Refrigeración y Climatización,Mantención de sistemas de refrigeración y climatización,19,10,e2.png?v=3,foto,E2 AE2 etapa 3 (order),"Realiza mantenimiento correctivo, considerando las especificaciones del proyecto, las condiciones de obra y los manuales de funcionamiento y fabricación.",1
Refrigeración y Climatización,Mantención de sistemas de refrigeración y climatización,19,11,e2.png?v=3,foto,E2 AE2 etapa 4 (choice),"Realiza mantenimiento correctivo, considerando las especificaciones del proyecto, las condiciones de obra y los manuales de funcionamiento y fabricación.",1
Refrigeración y Climatización,Mantención de sistemas de refrigeración y climatización,19,12,e2.png?v=3,foto,E2 AE2 etapa 5 (choice),"Realiza mantenimiento correctivo, considerando las especificaciones del proyecto, las condiciones de obra y los manuales de funcionamiento y fabricación.",1
Refrigeración y Climatización,Mantención de sistemas de refrigeración y climatización,19,13,e2.png?v=3,foto,E2 AE2 etapa 6 (reflect),"Realiza mantenimiento correctivo, considerando las especificaciones del proyecto, las condiciones de obra y los manuales de funcionamiento y fabricación.",1
Refrigeración y Climatización,Mantención de sistemas de refrigeración y climatización,19,14,e3.png?v=3,foto,E3 Situación 1,Decidir en la situación con evidencia visible,1
Refrigeración y Climatización,Mantención de sistemas de refrigeración y climatización,19,15,e3.png?v=3,foto,E3 Situación 2,Decidir en la situación con evidencia visible,1
Refrigeración y Climatización,Mantención de sistemas de refrigeración y climatización,19,16,e3.png?v=3,foto,E3 Situación 3,Decidir en la situación con evidencia visible,1
Refrigeración y Climatización,Mantención de sistemas de refrigeración y climatización,19,17,e3.png?v=3,foto,E3 Situación 4,Decidir en la situación con evidencia visible,1
Refrigeración y Climatización,Mantención de sistemas de refrigeración y climatización,19,18,e3.png?v=3,foto,E3 Situación 5,Decidir en la situación con evidencia visible,1
Refrigeración y Climatización,Mantención de sistemas de refrigeración y climatización,19,19,e3.png?v=3,foto,E3 Situación 6,Decidir en la situación con evidencia visible,1
Refrigeración y Climatización,Mantención de sistemas de refrigeración y climatización,19,20,e3.png?v=3,foto,E3 Situación 7,Decidir en la situación con evidencia visible,1
Refrigeración y Climatización,Mantención de sistemas de refrigeración y climatización,19,21,e3.png?v=3,foto,E3 Situación 8,Decidir en la situación con evidencia visible,1
Refrigeración y Climatización,Mantención de sistemas de refrigeración y climatización,19,22,e3.png?v=3,foto,E3 Situación 9,Decidir en la situación con evidencia visible,1
Refrigeración y Climatización,Mantención de sistemas de refrigeración y climatización,19,23,e3.png?v=3,foto,E3 Situación 10,Decidir en la situación con evidencia visible,1
Refrigeración y Climatización,Mantención de sistemas de refrigeración y climatización,19,24,e3.png?v=3,foto,E3 Situación 11,Decidir en la situación con evidencia visible,1
Refrigeración y Climatización,Mantención de sistemas de refrigeración y climatización,19,25,e3.png?v=3,foto,E3 Situación 12,Decidir en la situación con evidencia visible,1
Refrigeración y Climatización,Mantención de sistemas de refrigeración y climatización,19,26,e3.png?v=3,foto,E3 Situación 13,Decidir en la situación con evidencia visible,1
Refrigeración y Climatización,Mantención de sistemas de refrigeración y climatización,19,27,e3.png?v=3,foto,E3 Situación 14,Decidir en la situación con evidencia visible,1
Refrigeración y Climatización,Mantención de sistemas de refrigeración y climatización,19,28,e3.png?v=3,foto,E3 Situación 15,Decidir en la situación con evidencia visible,1
Refrigeración y Climatización,Mantención de sistemas de refrigeración y climatización,19,29,e3.png?v=3,interactive-procedure,E3 Situación final 3D,"Recorrer el procedimiento (armar, instalar, diagnosticar) en el equipo",1
Refrigeración y Climatización,Mantención de sistemas de refrigeración y climatización,19,30,e4.png?v=3,foto,E4 Ítem 1,Imagen real del estímulo; el dato se lee en la figura,1
Refrigeración y Climatización,Mantención de sistemas de refrigeración y climatización,19,31,e4.png?v=3,foto,E4 Ítem 2,Imagen real del estímulo; el dato se lee en la figura,1
Refrigeración y Climatización,Mantención de sistemas de refrigeración y climatización,19,32,e4.png?v=3,foto,E4 Ítem 3,Imagen real del estímulo; el dato se lee en la figura,1
Refrigeración y Climatización,Mantención de sistemas de refrigeración y climatización,19,33,e4.png?v=3,foto,E4 Ítem 4,Imagen real del estímulo; el dato se lee en la figura,1
Refrigeración y Climatización,Mantención de sistemas de refrigeración y climatización,19,34,e4.png?v=3,foto,E4 Ítem 5,Imagen real del estímulo; el dato se lee en la figura,1
Refrigeración y Climatización,Mantención de sistemas de refrigeración y climatización,19,35,e4.png?v=3,foto,E4 Ítem 6,Imagen real del estímulo; el dato se lee en la figura,1
Refrigeración y Climatización,Mantención de sistemas de refrigeración y climatización,19,36,e4.png?v=3,foto,E4 Ítem 7,Imagen real del estímulo; el dato se lee en la figura,1
Refrigeración y Climatización,Mantención de sistemas de refrigeración y climatización,19,37,e4.png?v=3,foto,E4 Ítem 8,Imagen real del estímulo; el dato se lee en la figura,1
Refrigeración y Climatización,Mantención de sistemas de refrigeración y climatización,19,38,e4.png?v=3,foto,E4 Ítem 9,Imagen real del estímulo; el dato se lee en la figura,1
Refrigeración y Climatización,Mantención de sistemas de refrigeración y climatización,19,39,e4.png?v=3,foto,E4 Ítem 10,Imagen real del estímulo; el dato se lee en la figura,1
Refrigeración y Climatización,Mantención de sistemas de refrigeración y climatización,19,40,e4.png?v=3,foto,E4 Ítem 11,Imagen real del estímulo; el dato se lee en la figura,1
Refrigeración y Climatización,Mantención de sistemas de refrigeración y climatización,19,41,e4.png?v=3,foto,E4 Ítem 12,Imagen real del estímulo; el dato se lee en la figura,1
Refrigeración y Climatización,Mantención de sistemas de refrigeración y climatización,19,42,e4.png?v=3,foto,E4 Ítem 13,Imagen real del estímulo; el dato se lee en la figura,1
Refrigeración y Climatización,Mantención de sistemas de refrigeración y climatización,19,43,e4.png?v=3,foto,E4 Ítem 14,Imagen real del estímulo; el dato se lee en la figura,1
Refrigeración y Climatización,Mantención de sistemas de refrigeración y climatización,19,44,e4.png?v=3,foto,E4 Ítem 15,Imagen real del estímulo; el dato se lee en la figura,1
Refrigeración y Climatización,Mantención de sistemas de refrigeración y climatización,19,45,e4.png?v=3,foto,E4 Ítem 16,Imagen real del estímulo; el dato se lee en la figura,1
Refrigeración y Climatización,Mantención de sistemas de refrigeración y climatización,19,46,e4.png?v=3,foto,E4 Ítem 17,Imagen real del estímulo; el dato se lee en la figura,1
Refrigeración y Climatización,Mantención de sistemas de refrigeración y climatización,19,47,e4.png?v=3,foto,E4 Ítem 18,Imagen real del estímulo; el dato se lee en la figura,1
Refrigeración y Climatización,Mantención de sistemas de refrigeración y climatización,19,48,e4.png?v=3,foto,E4 Ítem 19,Imagen real del estímulo; el dato se lee en la figura,1
Refrigeración y Climatización,Mantención de sistemas de refrigeración y climatización,19,49,e4.png?v=3,foto,E4 Ítem 20,Imagen real del estímulo; el dato se lee en la figura,1
Refrigeración y Climatización,Mantención de sistemas de refrigeración y climatización,19,50,e4.png?v=3,foto,E4 Ítem 21,Imagen real del estímulo; el dato se lee en la figura,1
Refrigeración y Climatización,Mantención de sistemas de refrigeración y climatización,19,51,e4.png?v=3,foto,E4 Ítem 22,Imagen real del estímulo; el dato se lee en la figura,1
Refrigeración y Climatización,Mantención de sistemas de refrigeración y climatización,19,52,e4.png?v=3,foto,E4 Ítem 23,Imagen real del estímulo; el dato se lee en la figura,1
Refrigeración y Climatización,Mantención de sistemas de refrigeración y climatización,19,53,e4.png?v=3,foto,E4 Ítem 24,Imagen real del estímulo; el dato se lee en la figura,1
Refrigeración y Climatización,Mantención de sistemas de refrigeración y climatización,19,54,e4.png?v=3,foto,E4 Ítem 25,Imagen real del estímulo; el dato se lee en la figura,1
Refrigeración y Climatización,Mantención de sistemas de refrigeración y climatización,19,55,oficio-plano-leyenda.png?v=3,foto,E5 Retroalimentación,Frame del error en cada pregunta incorrecta,1
Refrigeración y Climatización,Reciclaje y almacenamiento de refrigerantes,20,1,e1.png?v=3,foto,E1 Contextualización · explorar,Observar el escenario del AE con hotspots ligados a criterio,1
Refrigeración y Climatización,Reciclaje y almacenamiento de refrigerantes,20,2,e2.png?v=3,3d,E2 AE1 etapa 1 (hotspot),"Recupera refrigerantes en sistemas de refrigeración, aplicando las medidas de seguridad y cuidado del medio ambiente necesarios para manipular fluidos en equipos de refrigeración y climatización establecidos en la Norma Chilena de Buenas Prácticas (NCh3241).",1
Refrigeración y Climatización,Reciclaje y almacenamiento de refrigerantes,20,3,e2.png?v=3,foto,E2 AE1 etapa 2 (match),"Recupera refrigerantes en sistemas de refrigeración, aplicando las medidas de seguridad y cuidado del medio ambiente necesarios para manipular fluidos en equipos de refrigeración y climatización establecidos en la Norma Chilena de Buenas Prácticas (NCh3241).",1
Refrigeración y Climatización,Reciclaje y almacenamiento de refrigerantes,20,4,e2.png?v=3,foto,E2 AE1 etapa 3 (order),"Recupera refrigerantes en sistemas de refrigeración, aplicando las medidas de seguridad y cuidado del medio ambiente necesarios para manipular fluidos en equipos de refrigeración y climatización establecidos en la Norma Chilena de Buenas Prácticas (NCh3241).",1
Refrigeración y Climatización,Reciclaje y almacenamiento de refrigerantes,20,5,e2.png?v=3,foto,E2 AE1 etapa 4 (choice),"Recupera refrigerantes en sistemas de refrigeración, aplicando las medidas de seguridad y cuidado del medio ambiente necesarios para manipular fluidos en equipos de refrigeración y climatización establecidos en la Norma Chilena de Buenas Prácticas (NCh3241).",1
Refrigeración y Climatización,Reciclaje y almacenamiento de refrigerantes,20,6,e2.png?v=3,foto,E2 AE1 etapa 5 (choice),"Recupera refrigerantes en sistemas de refrigeración, aplicando las medidas de seguridad y cuidado del medio ambiente necesarios para manipular fluidos en equipos de refrigeración y climatización establecidos en la Norma Chilena de Buenas Prácticas (NCh3241).",1
Refrigeración y Climatización,Reciclaje y almacenamiento de refrigerantes,20,7,e2.png?v=3,foto,E2 AE1 etapa 6 (reflect),"Recupera refrigerantes en sistemas de refrigeración, aplicando las medidas de seguridad y cuidado del medio ambiente necesarios para manipular fluidos en equipos de refrigeración y climatización establecidos en la Norma Chilena de Buenas Prácticas (NCh3241).",1
Refrigeración y Climatización,Reciclaje y almacenamiento de refrigerantes,20,8,e2.png?v=3,3d,E2 AE2 etapa 1 (hotspot),"Recicla refrigerantes de los sistemas de refrigeración, aplicando protocolos de reciclaje de fluidos en equipos de refrigeración y climatización, de acuerdo con las indicaciones presentes en la Norma Chilena (NCh3241/2011).",1
Refrigeración y Climatización,Reciclaje y almacenamiento de refrigerantes,20,9,e2.png?v=3,foto,E2 AE2 etapa 2 (match),"Recicla refrigerantes de los sistemas de refrigeración, aplicando protocolos de reciclaje de fluidos en equipos de refrigeración y climatización, de acuerdo con las indicaciones presentes en la Norma Chilena (NCh3241/2011).",1
Refrigeración y Climatización,Reciclaje y almacenamiento de refrigerantes,20,10,e2.png?v=3,foto,E2 AE2 etapa 3 (order),"Recicla refrigerantes de los sistemas de refrigeración, aplicando protocolos de reciclaje de fluidos en equipos de refrigeración y climatización, de acuerdo con las indicaciones presentes en la Norma Chilena (NCh3241/2011).",1
Refrigeración y Climatización,Reciclaje y almacenamiento de refrigerantes,20,11,e2.png?v=3,foto,E2 AE2 etapa 4 (choice),"Recicla refrigerantes de los sistemas de refrigeración, aplicando protocolos de reciclaje de fluidos en equipos de refrigeración y climatización, de acuerdo con las indicaciones presentes en la Norma Chilena (NCh3241/2011).",1
Refrigeración y Climatización,Reciclaje y almacenamiento de refrigerantes,20,12,e2.png?v=3,foto,E2 AE2 etapa 5 (choice),"Recicla refrigerantes de los sistemas de refrigeración, aplicando protocolos de reciclaje de fluidos en equipos de refrigeración y climatización, de acuerdo con las indicaciones presentes en la Norma Chilena (NCh3241/2011).",1
Refrigeración y Climatización,Reciclaje y almacenamiento de refrigerantes,20,13,e2.png?v=3,foto,E2 AE2 etapa 6 (reflect),"Recicla refrigerantes de los sistemas de refrigeración, aplicando protocolos de reciclaje de fluidos en equipos de refrigeración y climatización, de acuerdo con las indicaciones presentes en la Norma Chilena (NCh3241/2011).",1
Refrigeración y Climatización,Reciclaje y almacenamiento de refrigerantes,20,14,e2.png?v=3,3d,E2 AE3 etapa 1 (hotspot),"Almacena refrigerantes, aplicando los protocolos de almacenamiento de fluidos en equipos de refrigeración y climatización, de acuerdo con las indicaciones presentes en la Norma Chilena (NCh3241/2011).",1
Refrigeración y Climatización,Reciclaje y almacenamiento de refrigerantes,20,15,e2.png?v=3,foto,E2 AE3 etapa 2 (match),"Almacena refrigerantes, aplicando los protocolos de almacenamiento de fluidos en equipos de refrigeración y climatización, de acuerdo con las indicaciones presentes en la Norma Chilena (NCh3241/2011).",1
Refrigeración y Climatización,Reciclaje y almacenamiento de refrigerantes,20,16,e2.png?v=3,foto,E2 AE3 etapa 3 (order),"Almacena refrigerantes, aplicando los protocolos de almacenamiento de fluidos en equipos de refrigeración y climatización, de acuerdo con las indicaciones presentes en la Norma Chilena (NCh3241/2011).",1
Refrigeración y Climatización,Reciclaje y almacenamiento de refrigerantes,20,17,e2.png?v=3,foto,E2 AE3 etapa 4 (choice),"Almacena refrigerantes, aplicando los protocolos de almacenamiento de fluidos en equipos de refrigeración y climatización, de acuerdo con las indicaciones presentes en la Norma Chilena (NCh3241/2011).",1
Refrigeración y Climatización,Reciclaje y almacenamiento de refrigerantes,20,18,e2.png?v=3,foto,E2 AE3 etapa 5 (choice),"Almacena refrigerantes, aplicando los protocolos de almacenamiento de fluidos en equipos de refrigeración y climatización, de acuerdo con las indicaciones presentes en la Norma Chilena (NCh3241/2011).",1
Refrigeración y Climatización,Reciclaje y almacenamiento de refrigerantes,20,19,e2.png?v=3,foto,E2 AE3 etapa 6 (reflect),"Almacena refrigerantes, aplicando los protocolos de almacenamiento de fluidos en equipos de refrigeración y climatización, de acuerdo con las indicaciones presentes en la Norma Chilena (NCh3241/2011).",1
Refrigeración y Climatización,Reciclaje y almacenamiento de refrigerantes,20,20,e3.png?v=3,foto,E3 Situación 1,Decidir en la situación con evidencia visible,1
Refrigeración y Climatización,Reciclaje y almacenamiento de refrigerantes,20,21,e3.png?v=3,foto,E3 Situación 2,Decidir en la situación con evidencia visible,1
Refrigeración y Climatización,Reciclaje y almacenamiento de refrigerantes,20,22,e3.png?v=3,foto,E3 Situación 3,Decidir en la situación con evidencia visible,1
Refrigeración y Climatización,Reciclaje y almacenamiento de refrigerantes,20,23,e3.png?v=3,foto,E3 Situación 4,Decidir en la situación con evidencia visible,1
Refrigeración y Climatización,Reciclaje y almacenamiento de refrigerantes,20,24,e3.png?v=3,foto,E3 Situación 5,Decidir en la situación con evidencia visible,1
Refrigeración y Climatización,Reciclaje y almacenamiento de refrigerantes,20,25,e3.png?v=3,foto,E3 Situación 6,Decidir en la situación con evidencia visible,1
Refrigeración y Climatización,Reciclaje y almacenamiento de refrigerantes,20,26,e3.png?v=3,foto,E3 Situación 7,Decidir en la situación con evidencia visible,1
Refrigeración y Climatización,Reciclaje y almacenamiento de refrigerantes,20,27,e3.png?v=3,foto,E3 Situación 8,Decidir en la situación con evidencia visible,1
Refrigeración y Climatización,Reciclaje y almacenamiento de refrigerantes,20,28,e3.png?v=3,foto,E3 Situación 9,Decidir en la situación con evidencia visible,1
Refrigeración y Climatización,Reciclaje y almacenamiento de refrigerantes,20,29,e3.png?v=3,foto,E3 Situación 10,Decidir en la situación con evidencia visible,1
Refrigeración y Climatización,Reciclaje y almacenamiento de refrigerantes,20,30,e3.png?v=3,foto,E3 Situación 11,Decidir en la situación con evidencia visible,1
Refrigeración y Climatización,Reciclaje y almacenamiento de refrigerantes,20,31,e3.png?v=3,foto,E3 Situación 12,Decidir en la situación con evidencia visible,1
Refrigeración y Climatización,Reciclaje y almacenamiento de refrigerantes,20,32,e3.png?v=3,foto,E3 Situación 13,Decidir en la situación con evidencia visible,1
Refrigeración y Climatización,Reciclaje y almacenamiento de refrigerantes,20,33,e3.png?v=3,foto,E3 Situación 14,Decidir en la situación con evidencia visible,1
Refrigeración y Climatización,Reciclaje y almacenamiento de refrigerantes,20,34,e3.png?v=3,foto,E3 Situación 15,Decidir en la situación con evidencia visible,1
Refrigeración y Climatización,Reciclaje y almacenamiento de refrigerantes,20,35,e3.png?v=3,interactive-procedure,E3 Situación final 3D,"Recorrer el procedimiento (armar, instalar, diagnosticar) en el equipo",1
Refrigeración y Climatización,Reciclaje y almacenamiento de refrigerantes,20,36,e4.png?v=3,foto,E4 Ítem 1,Imagen real del estímulo; el dato se lee en la figura,1
Refrigeración y Climatización,Reciclaje y almacenamiento de refrigerantes,20,37,e4.png?v=3,foto,E4 Ítem 2,Imagen real del estímulo; el dato se lee en la figura,1
Refrigeración y Climatización,Reciclaje y almacenamiento de refrigerantes,20,38,e4.png?v=3,foto,E4 Ítem 3,Imagen real del estímulo; el dato se lee en la figura,1
Refrigeración y Climatización,Reciclaje y almacenamiento de refrigerantes,20,39,e4.png?v=3,foto,E4 Ítem 4,Imagen real del estímulo; el dato se lee en la figura,1
Refrigeración y Climatización,Reciclaje y almacenamiento de refrigerantes,20,40,e4.png?v=3,foto,E4 Ítem 5,Imagen real del estímulo; el dato se lee en la figura,1
Refrigeración y Climatización,Reciclaje y almacenamiento de refrigerantes,20,41,e4.png?v=3,foto,E4 Ítem 6,Imagen real del estímulo; el dato se lee en la figura,1
Refrigeración y Climatización,Reciclaje y almacenamiento de refrigerantes,20,42,e4.png?v=3,foto,E4 Ítem 7,Imagen real del estímulo; el dato se lee en la figura,1
Refrigeración y Climatización,Reciclaje y almacenamiento de refrigerantes,20,43,e4.png?v=3,foto,E4 Ítem 8,Imagen real del estímulo; el dato se lee en la figura,1
Refrigeración y Climatización,Reciclaje y almacenamiento de refrigerantes,20,44,e4.png?v=3,foto,E4 Ítem 9,Imagen real del estímulo; el dato se lee en la figura,1
Refrigeración y Climatización,Reciclaje y almacenamiento de refrigerantes,20,45,e4.png?v=3,foto,E4 Ítem 10,Imagen real del estímulo; el dato se lee en la figura,1
Refrigeración y Climatización,Reciclaje y almacenamiento de refrigerantes,20,46,e4.png?v=3,foto,E4 Ítem 11,Imagen real del estímulo; el dato se lee en la figura,1
Refrigeración y Climatización,Reciclaje y almacenamiento de refrigerantes,20,47,e4.png?v=3,foto,E4 Ítem 12,Imagen real del estímulo; el dato se lee en la figura,1
Refrigeración y Climatización,Reciclaje y almacenamiento de refrigerantes,20,48,e4.png?v=3,foto,E4 Ítem 13,Imagen real del estímulo; el dato se lee en la figura,1
Refrigeración y Climatización,Reciclaje y almacenamiento de refrigerantes,20,49,e4.png?v=3,foto,E4 Ítem 14,Imagen real del estímulo; el dato se lee en la figura,1
Refrigeración y Climatización,Reciclaje y almacenamiento de refrigerantes,20,50,e4.png?v=3,foto,E4 Ítem 15,Imagen real del estímulo; el dato se lee en la figura,1
Refrigeración y Climatización,Reciclaje y almacenamiento de refrigerantes,20,51,e4.png?v=3,foto,E4 Ítem 16,Imagen real del estímulo; el dato se lee en la figura,1
Refrigeración y Climatización,Reciclaje y almacenamiento de refrigerantes,20,52,e4.png?v=3,foto,E4 Ítem 17,Imagen real del estímulo; el dato se lee en la figura,1
Refrigeración y Climatización,Reciclaje y almacenamiento de refrigerantes,20,53,e4.png?v=3,foto,E4 Ítem 18,Imagen real del estímulo; el dato se lee en la figura,1
Refrigeración y Climatización,Reciclaje y almacenamiento de refrigerantes,20,54,e4.png?v=3,foto,E4 Ítem 19,Imagen real del estímulo; el dato se lee en la figura,1
Refrigeración y Climatización,Reciclaje y almacenamiento de refrigerantes,20,55,e4.png?v=3,foto,E4 Ítem 20,Imagen real del estímulo; el dato se lee en la figura,1
Refrigeración y Climatización,Reciclaje y almacenamiento de refrigerantes,20,56,e4.png?v=3,foto,E4 Ítem 21,Imagen real del estímulo; el dato se lee en la figura,1
Refrigeración y Climatización,Reciclaje y almacenamiento de refrigerantes,20,57,e4.png?v=3,foto,E4 Ítem 22,Imagen real del estímulo; el dato se lee en la figura,1
Refrigeración y Climatización,Reciclaje y almacenamiento de refrigerantes,20,58,e4.png?v=3,foto,E4 Ítem 23,Imagen real del estímulo; el dato se lee en la figura,1
Refrigeración y Climatización,Reciclaje y almacenamiento de refrigerantes,20,59,e4.png?v=3,foto,E4 Ítem 24,Imagen real del estímulo; el dato se lee en la figura,1
Refrigeración y Climatización,Reciclaje y almacenamiento de refrigerantes,20,60,e4.png?v=3,foto,E4 Ítem 25,Imagen real del estímulo; el dato se lee en la figura,1
Refrigeración y Climatización,Reciclaje y almacenamiento de refrigerantes,20,61,oficio-plano-leyenda.png?v=3,foto,E5 Retroalimentación,Frame del error en cada pregunta incorrecta,1
Refrigeración y Climatización,Emprendimiento y empleabilidad,21,1,e1.png?v=3,foto,E1 Contextualización · explorar,Observar el escenario del AE con hotspots ligados a criterio,1
Refrigeración y Climatización,Emprendimiento y empleabilidad,21,2,e2.png?v=3,3d,E2 AE1 etapa 1 (hotspot),"Diseña y ejecuta un proyecto para concretar iniciativas de emprendimiento, identificando las acciones a realizar, el cronograma de su ejecución y los presupuestos, definiendo alternativas de financiamiento y evaluando y controlando su avance.",1
Refrigeración y Climatización,Emprendimiento y empleabilidad,21,3,e2.png?v=3,foto,E2 AE1 etapa 2 (match),"Diseña y ejecuta un proyecto para concretar iniciativas de emprendimiento, identificando las acciones a realizar, el cronograma de su ejecución y los presupuestos, definiendo alternativas de financiamiento y evaluando y controlando su avance.",1
Refrigeración y Climatización,Emprendimiento y empleabilidad,21,4,e2.png?v=3,foto,E2 AE1 etapa 3 (order),"Diseña y ejecuta un proyecto para concretar iniciativas de emprendimiento, identificando las acciones a realizar, el cronograma de su ejecución y los presupuestos, definiendo alternativas de financiamiento y evaluando y controlando su avance.",1
Refrigeración y Climatización,Emprendimiento y empleabilidad,21,5,e2.png?v=3,foto,E2 AE1 etapa 4 (choice),"Diseña y ejecuta un proyecto para concretar iniciativas de emprendimiento, identificando las acciones a realizar, el cronograma de su ejecución y los presupuestos, definiendo alternativas de financiamiento y evaluando y controlando su avance.",1
Refrigeración y Climatización,Emprendimiento y empleabilidad,21,6,e2.png?v=3,foto,E2 AE1 etapa 5 (choice),"Diseña y ejecuta un proyecto para concretar iniciativas de emprendimiento, identificando las acciones a realizar, el cronograma de su ejecución y los presupuestos, definiendo alternativas de financiamiento y evaluando y controlando su avance.",1
Refrigeración y Climatización,Emprendimiento y empleabilidad,21,7,e2.png?v=3,foto,E2 AE1 etapa 6 (reflect),"Diseña y ejecuta un proyecto para concretar iniciativas de emprendimiento, identificando las acciones a realizar, el cronograma de su ejecución y los presupuestos, definiendo alternativas de financiamiento y evaluando y controlando su avance.",1
Refrigeración y Climatización,Emprendimiento y empleabilidad,21,8,e2.png?v=3,3d,E2 AE2 etapa 1 (hotspot),"Maneja la legislación laboral y previsional chilena como marco regulador de las relaciones entre trabajadores y empleadores, identificando los derechos y deberes de ambas partes, tanto individuales como colectivos, y la reconoce como base para establecer buenas relaciones laborales.",1
Refrigeración y Climatización,Emprendimiento y empleabilidad,21,9,e2.png?v=3,foto,E2 AE2 etapa 2 (match),"Maneja la legislación laboral y previsional chilena como marco regulador de las relaciones entre trabajadores y empleadores, identificando los derechos y deberes de ambas partes, tanto individuales como colectivos, y la reconoce como base para establecer buenas relaciones laborales.",1
Refrigeración y Climatización,Emprendimiento y empleabilidad,21,10,e2.png?v=3,foto,E2 AE2 etapa 3 (order),"Maneja la legislación laboral y previsional chilena como marco regulador de las relaciones entre trabajadores y empleadores, identificando los derechos y deberes de ambas partes, tanto individuales como colectivos, y la reconoce como base para establecer buenas relaciones laborales.",1
Refrigeración y Climatización,Emprendimiento y empleabilidad,21,11,e2.png?v=3,foto,E2 AE2 etapa 4 (choice),"Maneja la legislación laboral y previsional chilena como marco regulador de las relaciones entre trabajadores y empleadores, identificando los derechos y deberes de ambas partes, tanto individuales como colectivos, y la reconoce como base para establecer buenas relaciones laborales.",1
Refrigeración y Climatización,Emprendimiento y empleabilidad,21,12,e2.png?v=3,foto,E2 AE2 etapa 5 (choice),"Maneja la legislación laboral y previsional chilena como marco regulador de las relaciones entre trabajadores y empleadores, identificando los derechos y deberes de ambas partes, tanto individuales como colectivos, y la reconoce como base para establecer buenas relaciones laborales.",1
Refrigeración y Climatización,Emprendimiento y empleabilidad,21,13,e2.png?v=3,foto,E2 AE2 etapa 6 (reflect),"Maneja la legislación laboral y previsional chilena como marco regulador de las relaciones entre trabajadores y empleadores, identificando los derechos y deberes de ambas partes, tanto individuales como colectivos, y la reconoce como base para establecer buenas relaciones laborales.",1
Refrigeración y Climatización,Emprendimiento y empleabilidad,21,14,e2.png?v=3,3d,E2 AE3 etapa 1 (hotspot),"Prepara los elementos necesarios para participar de un proceso de incorporación al mundo del trabajo, valorando y planificando su trayectoria formativa y laboral.",1
Refrigeración y Climatización,Emprendimiento y empleabilidad,21,15,e2.png?v=3,foto,E2 AE3 etapa 2 (match),"Prepara los elementos necesarios para participar de un proceso de incorporación al mundo del trabajo, valorando y planificando su trayectoria formativa y laboral.",1
Refrigeración y Climatización,Emprendimiento y empleabilidad,21,16,e2.png?v=3,foto,E2 AE3 etapa 3 (order),"Prepara los elementos necesarios para participar de un proceso de incorporación al mundo del trabajo, valorando y planificando su trayectoria formativa y laboral.",1
Refrigeración y Climatización,Emprendimiento y empleabilidad,21,17,e2.png?v=3,foto,E2 AE3 etapa 4 (choice),"Prepara los elementos necesarios para participar de un proceso de incorporación al mundo del trabajo, valorando y planificando su trayectoria formativa y laboral.",1
Refrigeración y Climatización,Emprendimiento y empleabilidad,21,18,e2.png?v=3,foto,E2 AE3 etapa 5 (choice),"Prepara los elementos necesarios para participar de un proceso de incorporación al mundo del trabajo, valorando y planificando su trayectoria formativa y laboral.",1
Refrigeración y Climatización,Emprendimiento y empleabilidad,21,19,e2.png?v=3,foto,E2 AE3 etapa 6 (reflect),"Prepara los elementos necesarios para participar de un proceso de incorporación al mundo del trabajo, valorando y planificando su trayectoria formativa y laboral.",1
Refrigeración y Climatización,Emprendimiento y empleabilidad,21,20,e2.png?v=3,3d,E2 AE4 etapa 1 (hotspot),"Selecciona alternativas de capacitación y de educación superior para fortalecer sus competencias o desarrollar nuevas y adquirir certificaciones, ya sea e-learning o presenciales, evaluando las diversas opciones de financiamiento.",1
Refrigeración y Climatización,Emprendimiento y empleabilidad,21,21,e2.png?v=3,foto,E2 AE4 etapa 2 (match),"Selecciona alternativas de capacitación y de educación superior para fortalecer sus competencias o desarrollar nuevas y adquirir certificaciones, ya sea e-learning o presenciales, evaluando las diversas opciones de financiamiento.",1
Refrigeración y Climatización,Emprendimiento y empleabilidad,21,22,e2.png?v=3,foto,E2 AE4 etapa 3 (order),"Selecciona alternativas de capacitación y de educación superior para fortalecer sus competencias o desarrollar nuevas y adquirir certificaciones, ya sea e-learning o presenciales, evaluando las diversas opciones de financiamiento.",1
Refrigeración y Climatización,Emprendimiento y empleabilidad,21,23,e2.png?v=3,foto,E2 AE4 etapa 4 (choice),"Selecciona alternativas de capacitación y de educación superior para fortalecer sus competencias o desarrollar nuevas y adquirir certificaciones, ya sea e-learning o presenciales, evaluando las diversas opciones de financiamiento.",1
Refrigeración y Climatización,Emprendimiento y empleabilidad,21,24,e2.png?v=3,foto,E2 AE4 etapa 5 (choice),"Selecciona alternativas de capacitación y de educación superior para fortalecer sus competencias o desarrollar nuevas y adquirir certificaciones, ya sea e-learning o presenciales, evaluando las diversas opciones de financiamiento.",1
Refrigeración y Climatización,Emprendimiento y empleabilidad,21,25,e2.png?v=3,foto,E2 AE4 etapa 6 (reflect),"Selecciona alternativas de capacitación y de educación superior para fortalecer sus competencias o desarrollar nuevas y adquirir certificaciones, ya sea e-learning o presenciales, evaluando las diversas opciones de financiamiento.",1
Refrigeración y Climatización,Emprendimiento y empleabilidad,21,26,e3.png?v=3,foto,E3 Situación 1,Decidir en la situación con evidencia visible,1
Refrigeración y Climatización,Emprendimiento y empleabilidad,21,27,e3.png?v=3,foto,E3 Situación 2,Decidir en la situación con evidencia visible,1
Refrigeración y Climatización,Emprendimiento y empleabilidad,21,28,e3.png?v=3,foto,E3 Situación 3,Decidir en la situación con evidencia visible,1
Refrigeración y Climatización,Emprendimiento y empleabilidad,21,29,e3.png?v=3,foto,E3 Situación 4,Decidir en la situación con evidencia visible,1
Refrigeración y Climatización,Emprendimiento y empleabilidad,21,30,e3.png?v=3,foto,E3 Situación 5,Decidir en la situación con evidencia visible,1
Refrigeración y Climatización,Emprendimiento y empleabilidad,21,31,e3.png?v=3,foto,E3 Situación 6,Decidir en la situación con evidencia visible,1
Refrigeración y Climatización,Emprendimiento y empleabilidad,21,32,e3.png?v=3,foto,E3 Situación 7,Decidir en la situación con evidencia visible,1
Refrigeración y Climatización,Emprendimiento y empleabilidad,21,33,e3.png?v=3,foto,E3 Situación 8,Decidir en la situación con evidencia visible,1
Refrigeración y Climatización,Emprendimiento y empleabilidad,21,34,e3.png?v=3,foto,E3 Situación 9,Decidir en la situación con evidencia visible,1
Refrigeración y Climatización,Emprendimiento y empleabilidad,21,35,e3.png?v=3,foto,E3 Situación 10,Decidir en la situación con evidencia visible,1
Refrigeración y Climatización,Emprendimiento y empleabilidad,21,36,e3.png?v=3,foto,E3 Situación 11,Decidir en la situación con evidencia visible,1
Refrigeración y Climatización,Emprendimiento y empleabilidad,21,37,e3.png?v=3,foto,E3 Situación 12,Decidir en la situación con evidencia visible,1
Refrigeración y Climatización,Emprendimiento y empleabilidad,21,38,e3.png?v=3,foto,E3 Situación 13,Decidir en la situación con evidencia visible,1
Refrigeración y Climatización,Emprendimiento y empleabilidad,21,39,e3.png?v=3,foto,E3 Situación 14,Decidir en la situación con evidencia visible,1
Refrigeración y Climatización,Emprendimiento y empleabilidad,21,40,e3.png?v=3,foto,E3 Situación 15,Decidir en la situación con evidencia visible,1
Refrigeración y Climatización,Emprendimiento y empleabilidad,21,41,e3.png?v=3,interactive-procedure,E3 Situación final 3D,"Recorrer el procedimiento (armar, instalar, diagnosticar) en el equipo",1
Refrigeración y Climatización,Emprendimiento y empleabilidad,21,42,e4.png?v=3,foto,E4 Ítem 1,Imagen real del estímulo; el dato se lee en la figura,1
Refrigeración y Climatización,Emprendimiento y empleabilidad,21,43,e4.png?v=3,foto,E4 Ítem 2,Imagen real del estímulo; el dato se lee en la figura,1
Refrigeración y Climatización,Emprendimiento y empleabilidad,21,44,e4.png?v=3,foto,E4 Ítem 3,Imagen real del estímulo; el dato se lee en la figura,1
Refrigeración y Climatización,Emprendimiento y empleabilidad,21,45,e4.png?v=3,foto,E4 Ítem 4,Imagen real del estímulo; el dato se lee en la figura,1
Refrigeración y Climatización,Emprendimiento y empleabilidad,21,46,e4.png?v=3,foto,E4 Ítem 5,Imagen real del estímulo; el dato se lee en la figura,1
Refrigeración y Climatización,Emprendimiento y empleabilidad,21,47,e4.png?v=3,foto,E4 Ítem 6,Imagen real del estímulo; el dato se lee en la figura,1
Refrigeración y Climatización,Emprendimiento y empleabilidad,21,48,e4.png?v=3,foto,E4 Ítem 7,Imagen real del estímulo; el dato se lee en la figura,1
Refrigeración y Climatización,Emprendimiento y empleabilidad,21,49,e4.png?v=3,foto,E4 Ítem 8,Imagen real del estímulo; el dato se lee en la figura,1
Refrigeración y Climatización,Emprendimiento y empleabilidad,21,50,e4.png?v=3,foto,E4 Ítem 9,Imagen real del estímulo; el dato se lee en la figura,1
Refrigeración y Climatización,Emprendimiento y empleabilidad,21,51,e4.png?v=3,foto,E4 Ítem 10,Imagen real del estímulo; el dato se lee en la figura,1
Refrigeración y Climatización,Emprendimiento y empleabilidad,21,52,e4.png?v=3,foto,E4 Ítem 11,Imagen real del estímulo; el dato se lee en la figura,1
Refrigeración y Climatización,Emprendimiento y empleabilidad,21,53,e4.png?v=3,foto,E4 Ítem 12,Imagen real del estímulo; el dato se lee en la figura,1
Refrigeración y Climatización,Emprendimiento y empleabilidad,21,54,e4.png?v=3,foto,E4 Ítem 13,Imagen real del estímulo; el dato se lee en la figura,1
Refrigeración y Climatización,Emprendimiento y empleabilidad,21,55,e4.png?v=3,foto,E4 Ítem 14,Imagen real del estímulo; el dato se lee en la figura,1
Refrigeración y Climatización,Emprendimiento y empleabilidad,21,56,e4.png?v=3,foto,E4 Ítem 15,Imagen real del estímulo; el dato se lee en la figura,1
Refrigeración y Climatización,Emprendimiento y empleabilidad,21,57,e4.png?v=3,foto,E4 Ítem 16,Imagen real del estímulo; el dato se lee en la figura,1
Refrigeración y Climatización,Emprendimiento y empleabilidad,21,58,e4.png?v=3,foto,E4 Ítem 17,Imagen real del estímulo; el dato se lee en la figura,1
Refrigeración y Climatización,Emprendimiento y empleabilidad,21,59,e4.png?v=3,foto,E4 Ítem 18,Imagen real del estímulo; el dato se lee en la figura,1
Refrigeración y Climatización,Emprendimiento y empleabilidad,21,60,e4.png?v=3,foto,E4 Ítem 19,Imagen real del estímulo; el dato se lee en la figura,1
Refrigeración y Climatización,Emprendimiento y empleabilidad,21,61,e4.png?v=3,foto,E4 Ítem 20,Imagen real del estímulo; el dato se lee en la figura,1
Refrigeración y Climatización,Emprendimiento y empleabilidad,21,62,e4.png?v=3,foto,E4 Ítem 21,Imagen real del estímulo; el dato se lee en la figura,1
Refrigeración y Climatización,Emprendimiento y empleabilidad,21,63,e4.png?v=3,foto,E4 Ítem 22,Imagen real del estímulo; el dato se lee en la figura,1
Refrigeración y Climatización,Emprendimiento y empleabilidad,21,64,e4.png?v=3,foto,E4 Ítem 23,Imagen real del estímulo; el dato se lee en la figura,1
Refrigeración y Climatización,Emprendimiento y empleabilidad,21,65,e4.png?v=3,foto,E4 Ítem 24,Imagen real del estímulo; el dato se lee en la figura,1
Refrigeración y Climatización,Emprendimiento y empleabilidad,21,66,e4.png?v=3,foto,E4 Ítem 25,Imagen real del estímulo; el dato se lee en la figura,1
Refrigeración y Climatización,Emprendimiento y empleabilidad,21,67,oficio-plano-leyenda.png?v=3,foto,E5 Retroalimentación,Frame del error en cada pregunta incorrecta,1
Electricidad,Instalación de motores eléctricos y equipos de calefacción,5,1,e1.png?v=3,foto,E1 Contextualización · explorar,Observar el escenario del AE con hotspots ligados a criterio,1
Electricidad,Instalación de motores eléctricos y equipos de calefacción,5,2,e2.png?v=3,3d,E2 AE1 etapa 1 (hotspot),"Instala motores eléctricos en baja tensión, de acuerdo a los requerimientos y considerando la normativa eléctrica vigente.",1
Electricidad,Instalación de motores eléctricos y equipos de calefacción,5,3,e2.png?v=3,foto,E2 AE1 etapa 2 (match),"Instala motores eléctricos en baja tensión, de acuerdo a los requerimientos y considerando la normativa eléctrica vigente.",1
Electricidad,Instalación de motores eléctricos y equipos de calefacción,5,4,e2.png?v=3,foto,E2 AE1 etapa 3 (order),"Instala motores eléctricos en baja tensión, de acuerdo a los requerimientos y considerando la normativa eléctrica vigente.",1
Electricidad,Instalación de motores eléctricos y equipos de calefacción,5,5,e2.png?v=3,foto,E2 AE1 etapa 4 (choice),"Instala motores eléctricos en baja tensión, de acuerdo a los requerimientos y considerando la normativa eléctrica vigente.",1
Electricidad,Instalación de motores eléctricos y equipos de calefacción,5,6,e2.png?v=3,foto,E2 AE1 etapa 5 (choice),"Instala motores eléctricos en baja tensión, de acuerdo a los requerimientos y considerando la normativa eléctrica vigente.",1
Electricidad,Instalación de motores eléctricos y equipos de calefacción,5,7,e2.png?v=3,foto,E2 AE1 etapa 6 (reflect),"Instala motores eléctricos en baja tensión, de acuerdo a los requerimientos y considerando la normativa eléctrica vigente.",1
Electricidad,Instalación de motores eléctricos y equipos de calefacción,5,8,e2.png?v=3,3d,E2 AE2 etapa 1 (hotspot),"Instala equipos de calefacción en baja tensión, de acuerdo a los requerimientos y considerando la normativa eléctrica vigente.",1
Electricidad,Instalación de motores eléctricos y equipos de calefacción,5,9,e2.png?v=3,foto,E2 AE2 etapa 2 (match),"Instala equipos de calefacción en baja tensión, de acuerdo a los requerimientos y considerando la normativa eléctrica vigente.",1
Electricidad,Instalación de motores eléctricos y equipos de calefacción,5,10,e2.png?v=3,foto,E2 AE2 etapa 3 (order),"Instala equipos de calefacción en baja tensión, de acuerdo a los requerimientos y considerando la normativa eléctrica vigente.",1
Electricidad,Instalación de motores eléctricos y equipos de calefacción,5,11,e2.png?v=3,foto,E2 AE2 etapa 4 (choice),"Instala equipos de calefacción en baja tensión, de acuerdo a los requerimientos y considerando la normativa eléctrica vigente.",1
Electricidad,Instalación de motores eléctricos y equipos de calefacción,5,12,e2.png?v=3,foto,E2 AE2 etapa 5 (choice),"Instala equipos de calefacción en baja tensión, de acuerdo a los requerimientos y considerando la normativa eléctrica vigente.",1
Electricidad,Instalación de motores eléctricos y equipos de calefacción,5,13,e2.png?v=3,foto,E2 AE2 etapa 6 (reflect),"Instala equipos de calefacción en baja tensión, de acuerdo a los requerimientos y considerando la normativa eléctrica vigente.",1
Electricidad,Instalación de motores eléctricos y equipos de calefacción,5,14,e3.png?v=3,foto,E3 Situación 1,Decidir en la situación con evidencia visible,1
Electricidad,Instalación de motores eléctricos y equipos de calefacción,5,15,e3.png?v=3,foto,E3 Situación 2,Decidir en la situación con evidencia visible,1
Electricidad,Instalación de motores eléctricos y equipos de calefacción,5,16,e3.png?v=3,foto,E3 Situación 3,Decidir en la situación con evidencia visible,1
Electricidad,Instalación de motores eléctricos y equipos de calefacción,5,17,e3.png?v=3,foto,E3 Situación 4,Decidir en la situación con evidencia visible,1
Electricidad,Instalación de motores eléctricos y equipos de calefacción,5,18,e3.png?v=3,foto,E3 Situación 5,Decidir en la situación con evidencia visible,1
Electricidad,Instalación de motores eléctricos y equipos de calefacción,5,19,e3.png?v=3,foto,E3 Situación 6,Decidir en la situación con evidencia visible,1
Electricidad,Instalación de motores eléctricos y equipos de calefacción,5,20,e3.png?v=3,foto,E3 Situación 7,Decidir en la situación con evidencia visible,1
Electricidad,Instalación de motores eléctricos y equipos de calefacción,5,21,e3.png?v=3,foto,E3 Situación 8,Decidir en la situación con evidencia visible,1
Electricidad,Instalación de motores eléctricos y equipos de calefacción,5,22,e3.png?v=3,foto,E3 Situación 9,Decidir en la situación con evidencia visible,1
Electricidad,Instalación de motores eléctricos y equipos de calefacción,5,23,e3.png?v=3,foto,E3 Situación 10,Decidir en la situación con evidencia visible,1
Electricidad,Instalación de motores eléctricos y equipos de calefacción,5,24,e3.png?v=3,foto,E3 Situación 11,Decidir en la situación con evidencia visible,1
Electricidad,Instalación de motores eléctricos y equipos de calefacción,5,25,e3.png?v=3,foto,E3 Situación 12,Decidir en la situación con evidencia visible,1
Electricidad,Instalación de motores eléctricos y equipos de calefacción,5,26,e3.png?v=3,foto,E3 Situación 13,Decidir en la situación con evidencia visible,1
Electricidad,Instalación de motores eléctricos y equipos de calefacción,5,27,e3.png?v=3,foto,E3 Situación 14,Decidir en la situación con evidencia visible,1
Electricidad,Instalación de motores eléctricos y equipos de calefacción,5,28,e3.png?v=3,foto,E3 Situación 15,Decidir en la situación con evidencia visible,1
Electricidad,Instalación de motores eléctricos y equipos de calefacción,5,29,e3.png?v=3,interactive-procedure,E3 Situación final 3D,"Recorrer el procedimiento (armar, instalar, diagnosticar) en el equipo",1
Electricidad,Instalación de motores eléctricos y equipos de calefacción,5,30,e4.png?v=3,foto,E4 Ítem 1,Imagen real del estímulo; el dato se lee en la figura,1
Electricidad,Instalación de motores eléctricos y equipos de calefacción,5,31,e4.png?v=3,foto,E4 Ítem 2,Imagen real del estímulo; el dato se lee en la figura,1
Electricidad,Instalación de motores eléctricos y equipos de calefacción,5,32,e4.png?v=3,foto,E4 Ítem 3,Imagen real del estímulo; el dato se lee en la figura,1
Electricidad,Instalación de motores eléctricos y equipos de calefacción,5,33,e4.png?v=3,foto,E4 Ítem 4,Imagen real del estímulo; el dato se lee en la figura,1
Electricidad,Instalación de motores eléctricos y equipos de calefacción,5,34,e4.png?v=3,foto,E4 Ítem 5,Imagen real del estímulo; el dato se lee en la figura,1
Electricidad,Instalación de motores eléctricos y equipos de calefacción,5,35,e4.png?v=3,foto,E4 Ítem 6,Imagen real del estímulo; el dato se lee en la figura,1
Electricidad,Instalación de motores eléctricos y equipos de calefacción,5,36,e4.png?v=3,foto,E4 Ítem 7,Imagen real del estímulo; el dato se lee en la figura,1
Electricidad,Instalación de motores eléctricos y equipos de calefacción,5,37,e4.png?v=3,foto,E4 Ítem 8,Imagen real del estímulo; el dato se lee en la figura,1
Electricidad,Instalación de motores eléctricos y equipos de calefacción,5,38,e4.png?v=3,foto,E4 Ítem 9,Imagen real del estímulo; el dato se lee en la figura,1
Electricidad,Instalación de motores eléctricos y equipos de calefacción,5,39,e4.png?v=3,foto,E4 Ítem 10,Imagen real del estímulo; el dato se lee en la figura,1
Electricidad,Instalación de motores eléctricos y equipos de calefacción,5,40,e4.png?v=3,foto,E4 Ítem 11,Imagen real del estímulo; el dato se lee en la figura,1
Electricidad,Instalación de motores eléctricos y equipos de calefacción,5,41,e4.png?v=3,foto,E4 Ítem 12,Imagen real del estímulo; el dato se lee en la figura,1
Electricidad,Instalación de motores eléctricos y equipos de calefacción,5,42,e4.png?v=3,foto,E4 Ítem 13,Imagen real del estímulo; el dato se lee en la figura,1
Electricidad,Instalación de motores eléctricos y equipos de calefacción,5,43,e4.png?v=3,foto,E4 Ítem 14,Imagen real del estímulo; el dato se lee en la figura,1
Electricidad,Instalación de motores eléctricos y equipos de calefacción,5,44,e4.png?v=3,foto,E4 Ítem 15,Imagen real del estímulo; el dato se lee en la figura,1
Electricidad,Instalación de motores eléctricos y equipos de calefacción,5,45,e4.png?v=3,foto,E4 Ítem 16,Imagen real del estímulo; el dato se lee en la figura,1
Electricidad,Instalación de motores eléctricos y equipos de calefacción,5,46,e4.png?v=3,foto,E4 Ítem 17,Imagen real del estímulo; el dato se lee en la figura,1
Electricidad,Instalación de motores eléctricos y equipos de calefacción,5,47,e4.png?v=3,foto,E4 Ítem 18,Imagen real del estímulo; el dato se lee en la figura,1
Electricidad,Instalación de motores eléctricos y equipos de calefacción,5,48,e4.png?v=3,foto,E4 Ítem 19,Imagen real del estímulo; el dato se lee en la figura,1
Electricidad,Instalación de motores eléctricos y equipos de calefacción,5,49,e4.png?v=3,foto,E4 Ítem 20,Imagen real del estímulo; el dato se lee en la figura,1
Electricidad,Instalación de motores eléctricos y equipos de calefacción,5,50,e4.png?v=3,foto,E4 Ítem 21,Imagen real del estímulo; el dato se lee en la figura,1
Electricidad,Instalación de motores eléctricos y equipos de calefacción,5,51,e4.png?v=3,foto,E4 Ítem 22,Imagen real del estímulo; el dato se lee en la figura,1
Electricidad,Instalación de motores eléctricos y equipos de calefacción,5,52,e4.png?v=3,foto,E4 Ítem 23,Imagen real del estímulo; el dato se lee en la figura,1
Electricidad,Instalación de motores eléctricos y equipos de calefacción,5,53,e4.png?v=3,foto,E4 Ítem 24,Imagen real del estímulo; el dato se lee en la figura,1
Electricidad,Instalación de motores eléctricos y equipos de calefacción,5,54,e4.png?v=3,foto,E4 Ítem 25,Imagen real del estímulo; el dato se lee en la figura,1
Electricidad,Instalación de motores eléctricos y equipos de calefacción,5,55,oficio-plano-leyenda.png?v=3,foto,E5 Retroalimentación,Frame del error en cada pregunta incorrecta,1
Electricidad,Instalaciones eléctricas domiciliarias,6,1,e1.png?v=3,foto,E1 Contextualización · explorar,Observar el escenario del AE con hotspots ligados a criterio,1
Electricidad,Instalaciones eléctricas domiciliarias,6,2,e2.png?v=3,3d,E2 AE1 etapa 1 (hotspot),"Monta ductos y canalizaciones para instalación eléctrica domiciliaria, de acuerdo a los planos, al proyecto eléctrico y a la normativa vigente.",1
Electricidad,Instalaciones eléctricas domiciliarias,6,3,e2.png?v=3,foto,E2 AE1 etapa 2 (match),"Monta ductos y canalizaciones para instalación eléctrica domiciliaria, de acuerdo a los planos, al proyecto eléctrico y a la normativa vigente.",1
Electricidad,Instalaciones eléctricas domiciliarias,6,4,e2.png?v=3,foto,E2 AE1 etapa 3 (order),"Monta ductos y canalizaciones para instalación eléctrica domiciliaria, de acuerdo a los planos, al proyecto eléctrico y a la normativa vigente.",1
Electricidad,Instalaciones eléctricas domiciliarias,6,5,e2.png?v=3,foto,E2 AE1 etapa 4 (choice),"Monta ductos y canalizaciones para instalación eléctrica domiciliaria, de acuerdo a los planos, al proyecto eléctrico y a la normativa vigente.",1
Electricidad,Instalaciones eléctricas domiciliarias,6,6,e2.png?v=3,foto,E2 AE1 etapa 5 (choice),"Monta ductos y canalizaciones para instalación eléctrica domiciliaria, de acuerdo a los planos, al proyecto eléctrico y a la normativa vigente.",1
Electricidad,Instalaciones eléctricas domiciliarias,6,7,e2.png?v=3,foto,E2 AE1 etapa 6 (reflect),"Monta ductos y canalizaciones para instalación eléctrica domiciliaria, de acuerdo a los planos, al proyecto eléctrico y a la normativa vigente.",1
Electricidad,Instalaciones eléctricas domiciliarias,6,8,e2.png?v=3,3d,E2 AE2 etapa 1 (hotspot),"Realiza cableado y conexionado de conductores y componentes de una instalación eléctrica de alumbrado, de acuerdo las especificaciones técnicas del plano o proyecto eléctrico, considerando la normativa vigente.",1
Electricidad,Instalaciones eléctricas domiciliarias,6,9,e2.png?v=3,foto,E2 AE2 etapa 2 (match),"Realiza cableado y conexionado de conductores y componentes de una instalación eléctrica de alumbrado, de acuerdo las especificaciones técnicas del plano o proyecto eléctrico, considerando la normativa vigente.",1
Electricidad,Instalaciones eléctricas domiciliarias,6,10,e2.png?v=3,foto,E2 AE2 etapa 3 (order),"Realiza cableado y conexionado de conductores y componentes de una instalación eléctrica de alumbrado, de acuerdo las especificaciones técnicas del plano o proyecto eléctrico, considerando la normativa vigente.",1
Electricidad,Instalaciones eléctricas domiciliarias,6,11,e2.png?v=3,foto,E2 AE2 etapa 4 (choice),"Realiza cableado y conexionado de conductores y componentes de una instalación eléctrica de alumbrado, de acuerdo las especificaciones técnicas del plano o proyecto eléctrico, considerando la normativa vigente.",1
Electricidad,Instalaciones eléctricas domiciliarias,6,12,e2.png?v=3,foto,E2 AE2 etapa 5 (choice),"Realiza cableado y conexionado de conductores y componentes de una instalación eléctrica de alumbrado, de acuerdo las especificaciones técnicas del plano o proyecto eléctrico, considerando la normativa vigente.",1
Electricidad,Instalaciones eléctricas domiciliarias,6,13,e2.png?v=3,foto,E2 AE2 etapa 6 (reflect),"Realiza cableado y conexionado de conductores y componentes de una instalación eléctrica de alumbrado, de acuerdo las especificaciones técnicas del plano o proyecto eléctrico, considerando la normativa vigente.",1
Electricidad,Instalaciones eléctricas domiciliarias,6,14,e2.png?v=3,3d,E2 AE3 etapa 1 (hotspot),"Instala tablero eléctrico y elementos de protección eléctrica para instalación eléctrica de alumbrado, de acuerdo a las especificaciones técnicas del plano y/o proyecto eléctrico, considerando la normativa vigente.",1
Electricidad,Instalaciones eléctricas domiciliarias,6,15,e2.png?v=3,foto,E2 AE3 etapa 2 (match),"Instala tablero eléctrico y elementos de protección eléctrica para instalación eléctrica de alumbrado, de acuerdo a las especificaciones técnicas del plano y/o proyecto eléctrico, considerando la normativa vigente.",1
Electricidad,Instalaciones eléctricas domiciliarias,6,16,e2.png?v=3,foto,E2 AE3 etapa 3 (order),"Instala tablero eléctrico y elementos de protección eléctrica para instalación eléctrica de alumbrado, de acuerdo a las especificaciones técnicas del plano y/o proyecto eléctrico, considerando la normativa vigente.",1
Electricidad,Instalaciones eléctricas domiciliarias,6,17,e2.png?v=3,foto,E2 AE3 etapa 4 (choice),"Instala tablero eléctrico y elementos de protección eléctrica para instalación eléctrica de alumbrado, de acuerdo a las especificaciones técnicas del plano y/o proyecto eléctrico, considerando la normativa vigente.",1
Electricidad,Instalaciones eléctricas domiciliarias,6,18,e2.png?v=3,foto,E2 AE3 etapa 5 (choice),"Instala tablero eléctrico y elementos de protección eléctrica para instalación eléctrica de alumbrado, de acuerdo a las especificaciones técnicas del plano y/o proyecto eléctrico, considerando la normativa vigente.",1
Electricidad,Instalaciones eléctricas domiciliarias,6,19,e2.png?v=3,foto,E2 AE3 etapa 6 (reflect),"Instala tablero eléctrico y elementos de protección eléctrica para instalación eléctrica de alumbrado, de acuerdo a las especificaciones técnicas del plano y/o proyecto eléctrico, considerando la normativa vigente.",1
Electricidad,Instalaciones eléctricas domiciliarias,6,20,e3.png?v=3,foto,E3 Situación 1,Decidir en la situación con evidencia visible,1
Electricidad,Instalaciones eléctricas domiciliarias,6,21,e3.png?v=3,foto,E3 Situación 2,Decidir en la situación con evidencia visible,1
Electricidad,Instalaciones eléctricas domiciliarias,6,22,e3.png?v=3,foto,E3 Situación 3,Decidir en la situación con evidencia visible,1
Electricidad,Instalaciones eléctricas domiciliarias,6,23,e3.png?v=3,foto,E3 Situación 4,Decidir en la situación con evidencia visible,1
Electricidad,Instalaciones eléctricas domiciliarias,6,24,e3.png?v=3,foto,E3 Situación 5,Decidir en la situación con evidencia visible,1
Electricidad,Instalaciones eléctricas domiciliarias,6,25,e3.png?v=3,foto,E3 Situación 6,Decidir en la situación con evidencia visible,1
Electricidad,Instalaciones eléctricas domiciliarias,6,26,e3.png?v=3,foto,E3 Situación 7,Decidir en la situación con evidencia visible,1
Electricidad,Instalaciones eléctricas domiciliarias,6,27,e3.png?v=3,foto,E3 Situación 8,Decidir en la situación con evidencia visible,1
Electricidad,Instalaciones eléctricas domiciliarias,6,28,e3.png?v=3,foto,E3 Situación 9,Decidir en la situación con evidencia visible,1
Electricidad,Instalaciones eléctricas domiciliarias,6,29,e3.png?v=3,foto,E3 Situación 10,Decidir en la situación con evidencia visible,1
Electricidad,Instalaciones eléctricas domiciliarias,6,30,e3.png?v=3,foto,E3 Situación 11,Decidir en la situación con evidencia visible,1
Electricidad,Instalaciones eléctricas domiciliarias,6,31,e3.png?v=3,foto,E3 Situación 12,Decidir en la situación con evidencia visible,1
Electricidad,Instalaciones eléctricas domiciliarias,6,32,e3.png?v=3,foto,E3 Situación 13,Decidir en la situación con evidencia visible,1
Electricidad,Instalaciones eléctricas domiciliarias,6,33,e3.png?v=3,foto,E3 Situación 14,Decidir en la situación con evidencia visible,1
Electricidad,Instalaciones eléctricas domiciliarias,6,34,e3.png?v=3,foto,E3 Situación 15,Decidir en la situación con evidencia visible,1
Electricidad,Instalaciones eléctricas domiciliarias,6,35,e3.png?v=3,interactive-procedure,E3 Situación final 3D,"Recorrer el procedimiento (armar, instalar, diagnosticar) en el equipo",1
Electricidad,Instalaciones eléctricas domiciliarias,6,36,e4.png?v=3,foto,E4 Ítem 1,Imagen real del estímulo; el dato se lee en la figura,1
Electricidad,Instalaciones eléctricas domiciliarias,6,37,e4.png?v=3,foto,E4 Ítem 2,Imagen real del estímulo; el dato se lee en la figura,1
Electricidad,Instalaciones eléctricas domiciliarias,6,38,e4.png?v=3,foto,E4 Ítem 3,Imagen real del estímulo; el dato se lee en la figura,1
Electricidad,Instalaciones eléctricas domiciliarias,6,39,e4.png?v=3,foto,E4 Ítem 4,Imagen real del estímulo; el dato se lee en la figura,1
Electricidad,Instalaciones eléctricas domiciliarias,6,40,e4.png?v=3,foto,E4 Ítem 5,Imagen real del estímulo; el dato se lee en la figura,1
Electricidad,Instalaciones eléctricas domiciliarias,6,41,e4.png?v=3,foto,E4 Ítem 6,Imagen real del estímulo; el dato se lee en la figura,1
Electricidad,Instalaciones eléctricas domiciliarias,6,42,e4.png?v=3,foto,E4 Ítem 7,Imagen real del estímulo; el dato se lee en la figura,1
Electricidad,Instalaciones eléctricas domiciliarias,6,43,e4.png?v=3,foto,E4 Ítem 8,Imagen real del estímulo; el dato se lee en la figura,1
Electricidad,Instalaciones eléctricas domiciliarias,6,44,e4.png?v=3,foto,E4 Ítem 9,Imagen real del estímulo; el dato se lee en la figura,1
Electricidad,Instalaciones eléctricas domiciliarias,6,45,e4.png?v=3,foto,E4 Ítem 10,Imagen real del estímulo; el dato se lee en la figura,1
Electricidad,Instalaciones eléctricas domiciliarias,6,46,e4.png?v=3,foto,E4 Ítem 11,Imagen real del estímulo; el dato se lee en la figura,1
Electricidad,Instalaciones eléctricas domiciliarias,6,47,e4.png?v=3,foto,E4 Ítem 12,Imagen real del estímulo; el dato se lee en la figura,1
Electricidad,Instalaciones eléctricas domiciliarias,6,48,e4.png?v=3,foto,E4 Ítem 13,Imagen real del estímulo; el dato se lee en la figura,1
Electricidad,Instalaciones eléctricas domiciliarias,6,49,e4.png?v=3,foto,E4 Ítem 14,Imagen real del estímulo; el dato se lee en la figura,1
Electricidad,Instalaciones eléctricas domiciliarias,6,50,e4.png?v=3,foto,E4 Ítem 15,Imagen real del estímulo; el dato se lee en la figura,1
Electricidad,Instalaciones eléctricas domiciliarias,6,51,e4.png?v=3,foto,E4 Ítem 16,Imagen real del estímulo; el dato se lee en la figura,1
Electricidad,Instalaciones eléctricas domiciliarias,6,52,e4.png?v=3,foto,E4 Ítem 17,Imagen real del estímulo; el dato se lee en la figura,1
Electricidad,Instalaciones eléctricas domiciliarias,6,53,e4.png?v=3,foto,E4 Ítem 18,Imagen real del estímulo; el dato se lee en la figura,1
Electricidad,Instalaciones eléctricas domiciliarias,6,54,e4.png?v=3,foto,E4 Ítem 19,Imagen real del estímulo; el dato se lee en la figura,1
Electricidad,Instalaciones eléctricas domiciliarias,6,55,e4.png?v=3,foto,E4 Ítem 20,Imagen real del estímulo; el dato se lee en la figura,1
Electricidad,Instalaciones eléctricas domiciliarias,6,56,e4.png?v=3,foto,E4 Ítem 21,Imagen real del estímulo; el dato se lee en la figura,1
Electricidad,Instalaciones eléctricas domiciliarias,6,57,e4.png?v=3,foto,E4 Ítem 22,Imagen real del estímulo; el dato se lee en la figura,1
Electricidad,Instalaciones eléctricas domiciliarias,6,58,e4.png?v=3,foto,E4 Ítem 23,Imagen real del estímulo; el dato se lee en la figura,1
Electricidad,Instalaciones eléctricas domiciliarias,6,59,e4.png?v=3,foto,E4 Ítem 24,Imagen real del estímulo; el dato se lee en la figura,1
Electricidad,Instalaciones eléctricas domiciliarias,6,60,e4.png?v=3,foto,E4 Ítem 25,Imagen real del estímulo; el dato se lee en la figura,1
Electricidad,Instalaciones eléctricas domiciliarias,6,61,oficio-visor-21c.png?v=3,foto,E5 Retroalimentación,Frame del error en cada pregunta incorrecta,1
Electricidad,Elaboración de proyectos eléctricos,7,1,e1.png?v=3,foto,E1 Contextualización · explorar,Observar el escenario del AE con hotspots ligados a criterio,1
Electricidad,Elaboración de proyectos eléctricos,7,2,e2.png?v=3,3d,E2 AE1 etapa 1 (hotspot),"Utiliza sistemas computacionales para la ejecución de programas de diseño de circuitos eléctricos, de acuerdo a lo expresado en la solicitud.",1
Electricidad,Elaboración de proyectos eléctricos,7,3,e2.png?v=3,foto,E2 AE1 etapa 2 (match),"Utiliza sistemas computacionales para la ejecución de programas de diseño de circuitos eléctricos, de acuerdo a lo expresado en la solicitud.",1
Electricidad,Elaboración de proyectos eléctricos,7,4,e2.png?v=3,foto,E2 AE1 etapa 3 (order),"Utiliza sistemas computacionales para la ejecución de programas de diseño de circuitos eléctricos, de acuerdo a lo expresado en la solicitud.",1
Electricidad,Elaboración de proyectos eléctricos,7,5,e2.png?v=3,foto,E2 AE1 etapa 4 (choice),"Utiliza sistemas computacionales para la ejecución de programas de diseño de circuitos eléctricos, de acuerdo a lo expresado en la solicitud.",1
Electricidad,Elaboración de proyectos eléctricos,7,6,e2.png?v=3,foto,E2 AE1 etapa 5 (choice),"Utiliza sistemas computacionales para la ejecución de programas de diseño de circuitos eléctricos, de acuerdo a lo expresado en la solicitud.",1
Electricidad,Elaboración de proyectos eléctricos,7,7,e2.png?v=3,foto,E2 AE1 etapa 6 (reflect),"Utiliza sistemas computacionales para la ejecución de programas de diseño de circuitos eléctricos, de acuerdo a lo expresado en la solicitud.",1
Electricidad,Elaboración de proyectos eléctricos,7,8,e2.png?v=3,3d,E2 AE2 etapa 1 (hotspot),"Dibuja circuitos eléctricos según las especificaciones y requerimientos de un proyecto, considerando la normativa eléctrica.",1
Electricidad,Elaboración de proyectos eléctricos,7,9,e2.png?v=3,foto,E2 AE2 etapa 2 (match),"Dibuja circuitos eléctricos según las especificaciones y requerimientos de un proyecto, considerando la normativa eléctrica.",1
Electricidad,Elaboración de proyectos eléctricos,7,10,e2.png?v=3,foto,E2 AE2 etapa 3 (order),"Dibuja circuitos eléctricos según las especificaciones y requerimientos de un proyecto, considerando la normativa eléctrica.",1
Electricidad,Elaboración de proyectos eléctricos,7,11,e2.png?v=3,foto,E2 AE2 etapa 4 (choice),"Dibuja circuitos eléctricos según las especificaciones y requerimientos de un proyecto, considerando la normativa eléctrica.",1
Electricidad,Elaboración de proyectos eléctricos,7,12,e2.png?v=3,foto,E2 AE2 etapa 5 (choice),"Dibuja circuitos eléctricos según las especificaciones y requerimientos de un proyecto, considerando la normativa eléctrica.",1
Electricidad,Elaboración de proyectos eléctricos,7,13,e2.png?v=3,foto,E2 AE2 etapa 6 (reflect),"Dibuja circuitos eléctricos según las especificaciones y requerimientos de un proyecto, considerando la normativa eléctrica.",1
Electricidad,Elaboración de proyectos eléctricos,7,14,e2.png?v=3,3d,E2 AE3 etapa 1 (hotspot),"Dimensiona cantidad de materiales para ejecutar la instalación eléctrica de circuitos, de acuerdo a los planos, a la normativa eléctrica y a las especificaciones técnicas.",1
Electricidad,Elaboración de proyectos eléctricos,7,15,e2.png?v=3,foto,E2 AE3 etapa 2 (match),"Dimensiona cantidad de materiales para ejecutar la instalación eléctrica de circuitos, de acuerdo a los planos, a la normativa eléctrica y a las especificaciones técnicas.",1
Electricidad,Elaboración de proyectos eléctricos,7,16,e2.png?v=3,foto,E2 AE3 etapa 3 (order),"Dimensiona cantidad de materiales para ejecutar la instalación eléctrica de circuitos, de acuerdo a los planos, a la normativa eléctrica y a las especificaciones técnicas.",1
Electricidad,Elaboración de proyectos eléctricos,7,17,e2.png?v=3,foto,E2 AE3 etapa 4 (choice),"Dimensiona cantidad de materiales para ejecutar la instalación eléctrica de circuitos, de acuerdo a los planos, a la normativa eléctrica y a las especificaciones técnicas.",1
Electricidad,Elaboración de proyectos eléctricos,7,18,e2.png?v=3,foto,E2 AE3 etapa 5 (choice),"Dimensiona cantidad de materiales para ejecutar la instalación eléctrica de circuitos, de acuerdo a los planos, a la normativa eléctrica y a las especificaciones técnicas.",1
Electricidad,Elaboración de proyectos eléctricos,7,19,e2.png?v=3,foto,E2 AE3 etapa 6 (reflect),"Dimensiona cantidad de materiales para ejecutar la instalación eléctrica de circuitos, de acuerdo a los planos, a la normativa eléctrica y a las especificaciones técnicas.",1
Electricidad,Elaboración de proyectos eléctricos,7,20,e3.png?v=3,foto,E3 Situación 1,Decidir en la situación con evidencia visible,1
Electricidad,Elaboración de proyectos eléctricos,7,21,e3.png?v=3,foto,E3 Situación 2,Decidir en la situación con evidencia visible,1
Electricidad,Elaboración de proyectos eléctricos,7,22,e3.png?v=3,foto,E3 Situación 3,Decidir en la situación con evidencia visible,1
Electricidad,Elaboración de proyectos eléctricos,7,23,e3.png?v=3,foto,E3 Situación 4,Decidir en la situación con evidencia visible,1
Electricidad,Elaboración de proyectos eléctricos,7,24,e3.png?v=3,foto,E3 Situación 5,Decidir en la situación con evidencia visible,1
Electricidad,Elaboración de proyectos eléctricos,7,25,e3.png?v=3,foto,E3 Situación 6,Decidir en la situación con evidencia visible,1
Electricidad,Elaboración de proyectos eléctricos,7,26,e3.png?v=3,foto,E3 Situación 7,Decidir en la situación con evidencia visible,1
Electricidad,Elaboración de proyectos eléctricos,7,27,e3.png?v=3,foto,E3 Situación 8,Decidir en la situación con evidencia visible,1
Electricidad,Elaboración de proyectos eléctricos,7,28,e3.png?v=3,foto,E3 Situación 9,Decidir en la situación con evidencia visible,1
Electricidad,Elaboración de proyectos eléctricos,7,29,e3.png?v=3,foto,E3 Situación 10,Decidir en la situación con evidencia visible,1
Electricidad,Elaboración de proyectos eléctricos,7,30,e3.png?v=3,foto,E3 Situación 11,Decidir en la situación con evidencia visible,1
Electricidad,Elaboración de proyectos eléctricos,7,31,e3.png?v=3,foto,E3 Situación 12,Decidir en la situación con evidencia visible,1
Electricidad,Elaboración de proyectos eléctricos,7,32,e3.png?v=3,foto,E3 Situación 13,Decidir en la situación con evidencia visible,1
Electricidad,Elaboración de proyectos eléctricos,7,33,e3.png?v=3,foto,E3 Situación 14,Decidir en la situación con evidencia visible,1
Electricidad,Elaboración de proyectos eléctricos,7,34,e3.png?v=3,foto,E3 Situación 15,Decidir en la situación con evidencia visible,1
Electricidad,Elaboración de proyectos eléctricos,7,35,e3.png?v=3,interactive-procedure,E3 Situación final 3D,"Recorrer el procedimiento (armar, instalar, diagnosticar) en el equipo",1
Electricidad,Elaboración de proyectos eléctricos,7,36,e4.png?v=3,foto,E4 Ítem 1,Imagen real del estímulo; el dato se lee en la figura,1
Electricidad,Elaboración de proyectos eléctricos,7,37,e4.png?v=3,foto,E4 Ítem 2,Imagen real del estímulo; el dato se lee en la figura,1
Electricidad,Elaboración de proyectos eléctricos,7,38,e4.png?v=3,foto,E4 Ítem 3,Imagen real del estímulo; el dato se lee en la figura,1
Electricidad,Elaboración de proyectos eléctricos,7,39,e4.png?v=3,foto,E4 Ítem 4,Imagen real del estímulo; el dato se lee en la figura,1
Electricidad,Elaboración de proyectos eléctricos,7,40,e4.png?v=3,foto,E4 Ítem 5,Imagen real del estímulo; el dato se lee en la figura,1
Electricidad,Elaboración de proyectos eléctricos,7,41,e4.png?v=3,foto,E4 Ítem 6,Imagen real del estímulo; el dato se lee en la figura,1
Electricidad,Elaboración de proyectos eléctricos,7,42,e4.png?v=3,foto,E4 Ítem 7,Imagen real del estímulo; el dato se lee en la figura,1
Electricidad,Elaboración de proyectos eléctricos,7,43,e4.png?v=3,foto,E4 Ítem 8,Imagen real del estímulo; el dato se lee en la figura,1
Electricidad,Elaboración de proyectos eléctricos,7,44,e4.png?v=3,foto,E4 Ítem 9,Imagen real del estímulo; el dato se lee en la figura,1
Electricidad,Elaboración de proyectos eléctricos,7,45,e4.png?v=3,foto,E4 Ítem 10,Imagen real del estímulo; el dato se lee en la figura,1
Electricidad,Elaboración de proyectos eléctricos,7,46,e4.png?v=3,foto,E4 Ítem 11,Imagen real del estímulo; el dato se lee en la figura,1
Electricidad,Elaboración de proyectos eléctricos,7,47,e4.png?v=3,foto,E4 Ítem 12,Imagen real del estímulo; el dato se lee en la figura,1
Electricidad,Elaboración de proyectos eléctricos,7,48,e4.png?v=3,foto,E4 Ítem 13,Imagen real del estímulo; el dato se lee en la figura,1
Electricidad,Elaboración de proyectos eléctricos,7,49,e4.png?v=3,foto,E4 Ítem 14,Imagen real del estímulo; el dato se lee en la figura,1
Electricidad,Elaboración de proyectos eléctricos,7,50,e4.png?v=3,foto,E4 Ítem 15,Imagen real del estímulo; el dato se lee en la figura,1
Electricidad,Elaboración de proyectos eléctricos,7,51,e4.png?v=3,foto,E4 Ítem 16,Imagen real del estímulo; el dato se lee en la figura,1
Electricidad,Elaboración de proyectos eléctricos,7,52,e4.png?v=3,foto,E4 Ítem 17,Imagen real del estímulo; el dato se lee en la figura,1
Electricidad,Elaboración de proyectos eléctricos,7,53,e4.png?v=3,foto,E4 Ítem 18,Imagen real del estímulo; el dato se lee en la figura,1
Electricidad,Elaboración de proyectos eléctricos,7,54,e4.png?v=3,foto,E4 Ítem 19,Imagen real del estímulo; el dato se lee en la figura,1
Electricidad,Elaboración de proyectos eléctricos,7,55,e4.png?v=3,foto,E4 Ítem 20,Imagen real del estímulo; el dato se lee en la figura,1
Electricidad,Elaboración de proyectos eléctricos,7,56,e4.png?v=3,foto,E4 Ítem 21,Imagen real del estímulo; el dato se lee en la figura,1
Electricidad,Elaboración de proyectos eléctricos,7,57,e4.png?v=3,foto,E4 Ítem 22,Imagen real del estímulo; el dato se lee en la figura,1
Electricidad,Elaboración de proyectos eléctricos,7,58,e4.png?v=3,foto,E4 Ítem 23,Imagen real del estímulo; el dato se lee en la figura,1
Electricidad,Elaboración de proyectos eléctricos,7,59,e4.png?v=3,foto,E4 Ítem 24,Imagen real del estímulo; el dato se lee en la figura,1
Electricidad,Elaboración de proyectos eléctricos,7,60,e4.png?v=3,foto,E4 Ítem 25,Imagen real del estímulo; el dato se lee en la figura,1
Electricidad,Elaboración de proyectos eléctricos,7,61,oficio-tramos.png?v=3,foto,E5 Retroalimentación,Frame del error en cada pregunta incorrecta,1
Electricidad,"Mantenimiento de máquinas, equipos y sistemas eléctricos",8,1,e1.png?v=3,foto,E1 Contextualización · explorar,Observar el escenario del AE con hotspots ligados a criterio,1
Electricidad,"Mantenimiento de máquinas, equipos y sistemas eléctricos",8,2,e2.png?v=3,3d,E2 AE1 etapa 1 (hotspot),"Realiza mantenimiento preventivo de equipos, máquinas y sistemas eléctricos para prevenir fallas y dar continuidad a los servicios, considerando la normativa vigente.",1
Electricidad,"Mantenimiento de máquinas, equipos y sistemas eléctricos",8,3,e2.png?v=3,foto,E2 AE1 etapa 2 (match),"Realiza mantenimiento preventivo de equipos, máquinas y sistemas eléctricos para prevenir fallas y dar continuidad a los servicios, considerando la normativa vigente.",1
Electricidad,"Mantenimiento de máquinas, equipos y sistemas eléctricos",8,4,e2.png?v=3,foto,E2 AE1 etapa 3 (order),"Realiza mantenimiento preventivo de equipos, máquinas y sistemas eléctricos para prevenir fallas y dar continuidad a los servicios, considerando la normativa vigente.",1
Electricidad,"Mantenimiento de máquinas, equipos y sistemas eléctricos",8,5,e2.png?v=3,foto,E2 AE1 etapa 4 (choice),"Realiza mantenimiento preventivo de equipos, máquinas y sistemas eléctricos para prevenir fallas y dar continuidad a los servicios, considerando la normativa vigente.",1
Electricidad,"Mantenimiento de máquinas, equipos y sistemas eléctricos",8,6,e2.png?v=3,foto,E2 AE1 etapa 5 (choice),"Realiza mantenimiento preventivo de equipos, máquinas y sistemas eléctricos para prevenir fallas y dar continuidad a los servicios, considerando la normativa vigente.",1
Electricidad,"Mantenimiento de máquinas, equipos y sistemas eléctricos",8,7,e2.png?v=3,foto,E2 AE1 etapa 6 (reflect),"Realiza mantenimiento preventivo de equipos, máquinas y sistemas eléctricos para prevenir fallas y dar continuidad a los servicios, considerando la normativa vigente.",1
Electricidad,"Mantenimiento de máquinas, equipos y sistemas eléctricos",8,8,e2.png?v=3,3d,E2 AE2 etapa 1 (hotspot),"Realiza mantenimiento correctivo de equipos y sistemas eléctricos para restablecer o mejorar su funcionamiento, de acuerdo a los informes de falla o a las pautas de mantenimiento, a la normativa vigente y a las normas de seguridad.",1
Electricidad,"Mantenimiento de máquinas, equipos y sistemas eléctricos",8,9,e2.png?v=3,foto,E2 AE2 etapa 2 (match),"Realiza mantenimiento correctivo de equipos y sistemas eléctricos para restablecer o mejorar su funcionamiento, de acuerdo a los informes de falla o a las pautas de mantenimiento, a la normativa vigente y a las normas de seguridad.",1
Electricidad,"Mantenimiento de máquinas, equipos y sistemas eléctricos",8,10,e2.png?v=3,foto,E2 AE2 etapa 3 (order),"Realiza mantenimiento correctivo de equipos y sistemas eléctricos para restablecer o mejorar su funcionamiento, de acuerdo a los informes de falla o a las pautas de mantenimiento, a la normativa vigente y a las normas de seguridad.",1
Electricidad,"Mantenimiento de máquinas, equipos y sistemas eléctricos",8,11,e2.png?v=3,foto,E2 AE2 etapa 4 (choice),"Realiza mantenimiento correctivo de equipos y sistemas eléctricos para restablecer o mejorar su funcionamiento, de acuerdo a los informes de falla o a las pautas de mantenimiento, a la normativa vigente y a las normas de seguridad.",1
Electricidad,"Mantenimiento de máquinas, equipos y sistemas eléctricos",8,12,e2.png?v=3,foto,E2 AE2 etapa 5 (choice),"Realiza mantenimiento correctivo de equipos y sistemas eléctricos para restablecer o mejorar su funcionamiento, de acuerdo a los informes de falla o a las pautas de mantenimiento, a la normativa vigente y a las normas de seguridad.",1
Electricidad,"Mantenimiento de máquinas, equipos y sistemas eléctricos",8,13,e2.png?v=3,foto,E2 AE2 etapa 6 (reflect),"Realiza mantenimiento correctivo de equipos y sistemas eléctricos para restablecer o mejorar su funcionamiento, de acuerdo a los informes de falla o a las pautas de mantenimiento, a la normativa vigente y a las normas de seguridad.",1
Electricidad,"Mantenimiento de máquinas, equipos y sistemas eléctricos",8,14,e3.png?v=3,foto,E3 Situación 1,Decidir en la situación con evidencia visible,1
Electricidad,"Mantenimiento de máquinas, equipos y sistemas eléctricos",8,15,e3.png?v=3,foto,E3 Situación 2,Decidir en la situación con evidencia visible,1
Electricidad,"Mantenimiento de máquinas, equipos y sistemas eléctricos",8,16,e3.png?v=3,foto,E3 Situación 3,Decidir en la situación con evidencia visible,1
Electricidad,"Mantenimiento de máquinas, equipos y sistemas eléctricos",8,17,e3.png?v=3,foto,E3 Situación 4,Decidir en la situación con evidencia visible,1
Electricidad,"Mantenimiento de máquinas, equipos y sistemas eléctricos",8,18,e3.png?v=3,foto,E3 Situación 5,Decidir en la situación con evidencia visible,1
Electricidad,"Mantenimiento de máquinas, equipos y sistemas eléctricos",8,19,e3.png?v=3,foto,E3 Situación 6,Decidir en la situación con evidencia visible,1
Electricidad,"Mantenimiento de máquinas, equipos y sistemas eléctricos",8,20,e3.png?v=3,foto,E3 Situación 7,Decidir en la situación con evidencia visible,1
Electricidad,"Mantenimiento de máquinas, equipos y sistemas eléctricos",8,21,e3.png?v=3,foto,E3 Situación 8,Decidir en la situación con evidencia visible,1
Electricidad,"Mantenimiento de máquinas, equipos y sistemas eléctricos",8,22,e3.png?v=3,foto,E3 Situación 9,Decidir en la situación con evidencia visible,1
Electricidad,"Mantenimiento de máquinas, equipos y sistemas eléctricos",8,23,e3.png?v=3,foto,E3 Situación 10,Decidir en la situación con evidencia visible,1
Electricidad,"Mantenimiento de máquinas, equipos y sistemas eléctricos",8,24,e3.png?v=3,foto,E3 Situación 11,Decidir en la situación con evidencia visible,1
Electricidad,"Mantenimiento de máquinas, equipos y sistemas eléctricos",8,25,e3.png?v=3,foto,E3 Situación 12,Decidir en la situación con evidencia visible,1
Electricidad,"Mantenimiento de máquinas, equipos y sistemas eléctricos",8,26,e3.png?v=3,foto,E3 Situación 13,Decidir en la situación con evidencia visible,1
Electricidad,"Mantenimiento de máquinas, equipos y sistemas eléctricos",8,27,e3.png?v=3,foto,E3 Situación 14,Decidir en la situación con evidencia visible,1
Electricidad,"Mantenimiento de máquinas, equipos y sistemas eléctricos",8,28,e3.png?v=3,foto,E3 Situación 15,Decidir en la situación con evidencia visible,1
Electricidad,"Mantenimiento de máquinas, equipos y sistemas eléctricos",8,29,e3.png?v=3,interactive-procedure,E3 Situación final 3D,"Recorrer el procedimiento (armar, instalar, diagnosticar) en el equipo",1
Electricidad,"Mantenimiento de máquinas, equipos y sistemas eléctricos",8,30,e4.png?v=3,foto,E4 Ítem 1,Imagen real del estímulo; el dato se lee en la figura,1
Electricidad,"Mantenimiento de máquinas, equipos y sistemas eléctricos",8,31,e4.png?v=3,foto,E4 Ítem 2,Imagen real del estímulo; el dato se lee en la figura,1
Electricidad,"Mantenimiento de máquinas, equipos y sistemas eléctricos",8,32,e4.png?v=3,foto,E4 Ítem 3,Imagen real del estímulo; el dato se lee en la figura,1
Electricidad,"Mantenimiento de máquinas, equipos y sistemas eléctricos",8,33,e4.png?v=3,foto,E4 Ítem 4,Imagen real del estímulo; el dato se lee en la figura,1
Electricidad,"Mantenimiento de máquinas, equipos y sistemas eléctricos",8,34,e4.png?v=3,foto,E4 Ítem 5,Imagen real del estímulo; el dato se lee en la figura,1
Electricidad,"Mantenimiento de máquinas, equipos y sistemas eléctricos",8,35,e4.png?v=3,foto,E4 Ítem 6,Imagen real del estímulo; el dato se lee en la figura,1
Electricidad,"Mantenimiento de máquinas, equipos y sistemas eléctricos",8,36,e4.png?v=3,foto,E4 Ítem 7,Imagen real del estímulo; el dato se lee en la figura,1
Electricidad,"Mantenimiento de máquinas, equipos y sistemas eléctricos",8,37,e4.png?v=3,foto,E4 Ítem 8,Imagen real del estímulo; el dato se lee en la figura,1
Electricidad,"Mantenimiento de máquinas, equipos y sistemas eléctricos",8,38,e4.png?v=3,foto,E4 Ítem 9,Imagen real del estímulo; el dato se lee en la figura,1
Electricidad,"Mantenimiento de máquinas, equipos y sistemas eléctricos",8,39,e4.png?v=3,foto,E4 Ítem 10,Imagen real del estímulo; el dato se lee en la figura,1
Electricidad,"Mantenimiento de máquinas, equipos y sistemas eléctricos",8,40,e4.png?v=3,foto,E4 Ítem 11,Imagen real del estímulo; el dato se lee en la figura,1
Electricidad,"Mantenimiento de máquinas, equipos y sistemas eléctricos",8,41,e4.png?v=3,foto,E4 Ítem 12,Imagen real del estímulo; el dato se lee en la figura,1
Electricidad,"Mantenimiento de máquinas, equipos y sistemas eléctricos",8,42,e4.png?v=3,foto,E4 Ítem 13,Imagen real del estímulo; el dato se lee en la figura,1
Electricidad,"Mantenimiento de máquinas, equipos y sistemas eléctricos",8,43,e4.png?v=3,foto,E4 Ítem 14,Imagen real del estímulo; el dato se lee en la figura,1
Electricidad,"Mantenimiento de máquinas, equipos y sistemas eléctricos",8,44,e4.png?v=3,foto,E4 Ítem 15,Imagen real del estímulo; el dato se lee en la figura,1
Electricidad,"Mantenimiento de máquinas, equipos y sistemas eléctricos",8,45,e4.png?v=3,foto,E4 Ítem 16,Imagen real del estímulo; el dato se lee en la figura,1
Electricidad,"Mantenimiento de máquinas, equipos y sistemas eléctricos",8,46,e4.png?v=3,foto,E4 Ítem 17,Imagen real del estímulo; el dato se lee en la figura,1
Electricidad,"Mantenimiento de máquinas, equipos y sistemas eléctricos",8,47,e4.png?v=3,foto,E4 Ítem 18,Imagen real del estímulo; el dato se lee en la figura,1
Electricidad,"Mantenimiento de máquinas, equipos y sistemas eléctricos",8,48,e4.png?v=3,foto,E4 Ítem 19,Imagen real del estímulo; el dato se lee en la figura,1
Electricidad,"Mantenimiento de máquinas, equipos y sistemas eléctricos",8,49,e4.png?v=3,foto,E4 Ítem 20,Imagen real del estímulo; el dato se lee en la figura,1
Electricidad,"Mantenimiento de máquinas, equipos y sistemas eléctricos",8,50,e4.png?v=3,foto,E4 Ítem 21,Imagen real del estímulo; el dato se lee en la figura,1
Electricidad,"Mantenimiento de máquinas, equipos y sistemas eléctricos",8,51,e4.png?v=3,foto,E4 Ítem 22,Imagen real del estímulo; el dato se lee en la figura,1
Electricidad,"Mantenimiento de máquinas, equipos y sistemas eléctricos",8,52,e4.png?v=3,foto,E4 Ítem 23,Imagen real del estímulo; el dato se lee en la figura,1
Electricidad,"Mantenimiento de máquinas, equipos y sistemas eléctricos",8,53,e4.png?v=3,foto,E4 Ítem 24,Imagen real del estímulo; el dato se lee en la figura,1
Electricidad,"Mantenimiento de máquinas, equipos y sistemas eléctricos",8,54,e4.png?v=3,foto,E4 Ítem 25,Imagen real del estímulo; el dato se lee en la figura,1
Electricidad,"Mantenimiento de máquinas, equipos y sistemas eléctricos",8,55,oficio-equipo-ctrl.png?v=3,foto,E5 Retroalimentación,Frame del error en cada pregunta incorrecta,1
Electricidad,Instalación de sistemas de control eléctrico industrial,22,1,e1.png?v=3,foto,E1 Contextualización · explorar,Observar el escenario del AE con hotspots ligados a criterio,1
Electricidad,Instalación de sistemas de control eléctrico industrial,22,2,e2.png?v=3,3d,E2 AE1 etapa 1 (hotspot),"Instala circuitos eléctricos para el control y comando de equipos, máquinas e instalaciones eléctricas, de acuerdo a la normativa vigente.",1
Electricidad,Instalación de sistemas de control eléctrico industrial,22,3,e2.png?v=3,foto,E2 AE1 etapa 2 (match),"Instala circuitos eléctricos para el control y comando de equipos, máquinas e instalaciones eléctricas, de acuerdo a la normativa vigente.",1
Electricidad,Instalación de sistemas de control eléctrico industrial,22,4,e2.png?v=3,foto,E2 AE1 etapa 3 (order),"Instala circuitos eléctricos para el control y comando de equipos, máquinas e instalaciones eléctricas, de acuerdo a la normativa vigente.",1
Electricidad,Instalación de sistemas de control eléctrico industrial,22,5,e2.png?v=3,foto,E2 AE1 etapa 4 (choice),"Instala circuitos eléctricos para el control y comando de equipos, máquinas e instalaciones eléctricas, de acuerdo a la normativa vigente.",1
Electricidad,Instalación de sistemas de control eléctrico industrial,22,6,e2.png?v=3,foto,E2 AE1 etapa 5 (choice),"Instala circuitos eléctricos para el control y comando de equipos, máquinas e instalaciones eléctricas, de acuerdo a la normativa vigente.",1
Electricidad,Instalación de sistemas de control eléctrico industrial,22,7,e2.png?v=3,foto,E2 AE1 etapa 6 (reflect),"Instala circuitos eléctricos para el control y comando de equipos, máquinas e instalaciones eléctricas, de acuerdo a la normativa vigente.",1
Electricidad,Instalación de sistemas de control eléctrico industrial,22,8,e2.png?v=3,3d,E2 AE2 etapa 1 (hotspot),"Instala circuitos de fuerza para abastecer de energía a equipos, máquinas y sistemas eléctricos, de acuerdo a la normativa vigente.",1
Electricidad,Instalación de sistemas de control eléctrico industrial,22,9,e2.png?v=3,foto,E2 AE2 etapa 2 (match),"Instala circuitos de fuerza para abastecer de energía a equipos, máquinas y sistemas eléctricos, de acuerdo a la normativa vigente.",1
Electricidad,Instalación de sistemas de control eléctrico industrial,22,10,e2.png?v=3,foto,E2 AE2 etapa 3 (order),"Instala circuitos de fuerza para abastecer de energía a equipos, máquinas y sistemas eléctricos, de acuerdo a la normativa vigente.",1
Electricidad,Instalación de sistemas de control eléctrico industrial,22,11,e2.png?v=3,foto,E2 AE2 etapa 4 (choice),"Instala circuitos de fuerza para abastecer de energía a equipos, máquinas y sistemas eléctricos, de acuerdo a la normativa vigente.",1
Electricidad,Instalación de sistemas de control eléctrico industrial,22,12,e2.png?v=3,foto,E2 AE2 etapa 5 (choice),"Instala circuitos de fuerza para abastecer de energía a equipos, máquinas y sistemas eléctricos, de acuerdo a la normativa vigente.",1
Electricidad,Instalación de sistemas de control eléctrico industrial,22,13,e2.png?v=3,foto,E2 AE2 etapa 6 (reflect),"Instala circuitos de fuerza para abastecer de energía a equipos, máquinas y sistemas eléctricos, de acuerdo a la normativa vigente.",1
Electricidad,Instalación de sistemas de control eléctrico industrial,22,14,e2.png?v=3,3d,E2 AE3 etapa 1 (hotspot),"Instala tablero eléctrico, sistemas y dispositivos de protección para proteger máquinas y usuarios, de acuerdo a la normativa vigente.",1
Electricidad,Instalación de sistemas de control eléctrico industrial,22,15,e2.png?v=3,foto,E2 AE3 etapa 2 (match),"Instala tablero eléctrico, sistemas y dispositivos de protección para proteger máquinas y usuarios, de acuerdo a la normativa vigente.",1
Electricidad,Instalación de sistemas de control eléctrico industrial,22,16,e2.png?v=3,foto,E2 AE3 etapa 3 (order),"Instala tablero eléctrico, sistemas y dispositivos de protección para proteger máquinas y usuarios, de acuerdo a la normativa vigente.",1
Electricidad,Instalación de sistemas de control eléctrico industrial,22,17,e2.png?v=3,foto,E2 AE3 etapa 4 (choice),"Instala tablero eléctrico, sistemas y dispositivos de protección para proteger máquinas y usuarios, de acuerdo a la normativa vigente.",1
Electricidad,Instalación de sistemas de control eléctrico industrial,22,18,e2.png?v=3,foto,E2 AE3 etapa 5 (choice),"Instala tablero eléctrico, sistemas y dispositivos de protección para proteger máquinas y usuarios, de acuerdo a la normativa vigente.",1
Electricidad,Instalación de sistemas de control eléctrico industrial,22,19,e2.png?v=3,foto,E2 AE3 etapa 6 (reflect),"Instala tablero eléctrico, sistemas y dispositivos de protección para proteger máquinas y usuarios, de acuerdo a la normativa vigente.",1
Electricidad,Instalación de sistemas de control eléctrico industrial,22,20,e2.png?v=3,3d,E2 AE4 etapa 1 (hotspot),"Instala cuadros de maniobra para el control o temporización de máquinas, equipos e instalaciones eléctricas.",1
Electricidad,Instalación de sistemas de control eléctrico industrial,22,21,e2.png?v=3,foto,E2 AE4 etapa 2 (match),"Instala cuadros de maniobra para el control o temporización de máquinas, equipos e instalaciones eléctricas.",1
Electricidad,Instalación de sistemas de control eléctrico industrial,22,22,e2.png?v=3,foto,E2 AE4 etapa 3 (order),"Instala cuadros de maniobra para el control o temporización de máquinas, equipos e instalaciones eléctricas.",1
Electricidad,Instalación de sistemas de control eléctrico industrial,22,23,e2.png?v=3,foto,E2 AE4 etapa 4 (choice),"Instala cuadros de maniobra para el control o temporización de máquinas, equipos e instalaciones eléctricas.",1
Electricidad,Instalación de sistemas de control eléctrico industrial,22,24,e2.png?v=3,foto,E2 AE4 etapa 5 (choice),"Instala cuadros de maniobra para el control o temporización de máquinas, equipos e instalaciones eléctricas.",1
Electricidad,Instalación de sistemas de control eléctrico industrial,22,25,e2.png?v=3,foto,E2 AE4 etapa 6 (reflect),"Instala cuadros de maniobra para el control o temporización de máquinas, equipos e instalaciones eléctricas.",1
Electricidad,Instalación de sistemas de control eléctrico industrial,22,26,e3.png?v=3,foto,E3 Situación 1,Decidir en la situación con evidencia visible,1
Electricidad,Instalación de sistemas de control eléctrico industrial,22,27,e3.png?v=3,foto,E3 Situación 2,Decidir en la situación con evidencia visible,1
Electricidad,Instalación de sistemas de control eléctrico industrial,22,28,e3.png?v=3,foto,E3 Situación 3,Decidir en la situación con evidencia visible,1
Electricidad,Instalación de sistemas de control eléctrico industrial,22,29,e3.png?v=3,foto,E3 Situación 4,Decidir en la situación con evidencia visible,1
Electricidad,Instalación de sistemas de control eléctrico industrial,22,30,e3.png?v=3,foto,E3 Situación 5,Decidir en la situación con evidencia visible,1
Electricidad,Instalación de sistemas de control eléctrico industrial,22,31,e3.png?v=3,foto,E3 Situación 6,Decidir en la situación con evidencia visible,1
Electricidad,Instalación de sistemas de control eléctrico industrial,22,32,e3.png?v=3,foto,E3 Situación 7,Decidir en la situación con evidencia visible,1
Electricidad,Instalación de sistemas de control eléctrico industrial,22,33,e3.png?v=3,foto,E3 Situación 8,Decidir en la situación con evidencia visible,1
Electricidad,Instalación de sistemas de control eléctrico industrial,22,34,e3.png?v=3,foto,E3 Situación 9,Decidir en la situación con evidencia visible,1
Electricidad,Instalación de sistemas de control eléctrico industrial,22,35,e3.png?v=3,foto,E3 Situación 10,Decidir en la situación con evidencia visible,1
Electricidad,Instalación de sistemas de control eléctrico industrial,22,36,e3.png?v=3,foto,E3 Situación 11,Decidir en la situación con evidencia visible,1
Electricidad,Instalación de sistemas de control eléctrico industrial,22,37,e3.png?v=3,foto,E3 Situación 12,Decidir en la situación con evidencia visible,1
Electricidad,Instalación de sistemas de control eléctrico industrial,22,38,e3.png?v=3,foto,E3 Situación 13,Decidir en la situación con evidencia visible,1
Electricidad,Instalación de sistemas de control eléctrico industrial,22,39,e3.png?v=3,foto,E3 Situación 14,Decidir en la situación con evidencia visible,1
Electricidad,Instalación de sistemas de control eléctrico industrial,22,40,e3.png?v=3,foto,E3 Situación 15,Decidir en la situación con evidencia visible,1
Electricidad,Instalación de sistemas de control eléctrico industrial,22,41,e3.png?v=3,interactive-procedure,E3 Situación final 3D,"Recorrer el procedimiento (armar, instalar, diagnosticar) en el equipo",1
Electricidad,Instalación de sistemas de control eléctrico industrial,22,42,e4.png?v=3,foto,E4 Ítem 1,Imagen real del estímulo; el dato se lee en la figura,1
Electricidad,Instalación de sistemas de control eléctrico industrial,22,43,e4.png?v=3,foto,E4 Ítem 2,Imagen real del estímulo; el dato se lee en la figura,1
Electricidad,Instalación de sistemas de control eléctrico industrial,22,44,e4.png?v=3,foto,E4 Ítem 3,Imagen real del estímulo; el dato se lee en la figura,1
Electricidad,Instalación de sistemas de control eléctrico industrial,22,45,e4.png?v=3,foto,E4 Ítem 4,Imagen real del estímulo; el dato se lee en la figura,1
Electricidad,Instalación de sistemas de control eléctrico industrial,22,46,e4.png?v=3,foto,E4 Ítem 5,Imagen real del estímulo; el dato se lee en la figura,1
Electricidad,Instalación de sistemas de control eléctrico industrial,22,47,e4.png?v=3,foto,E4 Ítem 6,Imagen real del estímulo; el dato se lee en la figura,1
Electricidad,Instalación de sistemas de control eléctrico industrial,22,48,e4.png?v=3,foto,E4 Ítem 7,Imagen real del estímulo; el dato se lee en la figura,1
Electricidad,Instalación de sistemas de control eléctrico industrial,22,49,e4.png?v=3,foto,E4 Ítem 8,Imagen real del estímulo; el dato se lee en la figura,1
Electricidad,Instalación de sistemas de control eléctrico industrial,22,50,e4.png?v=3,foto,E4 Ítem 9,Imagen real del estímulo; el dato se lee en la figura,1
Electricidad,Instalación de sistemas de control eléctrico industrial,22,51,e4.png?v=3,foto,E4 Ítem 10,Imagen real del estímulo; el dato se lee en la figura,1
Electricidad,Instalación de sistemas de control eléctrico industrial,22,52,e4.png?v=3,foto,E4 Ítem 11,Imagen real del estímulo; el dato se lee en la figura,1
Electricidad,Instalación de sistemas de control eléctrico industrial,22,53,e4.png?v=3,foto,E4 Ítem 12,Imagen real del estímulo; el dato se lee en la figura,1
Electricidad,Instalación de sistemas de control eléctrico industrial,22,54,e4.png?v=3,foto,E4 Ítem 13,Imagen real del estímulo; el dato se lee en la figura,1
Electricidad,Instalación de sistemas de control eléctrico industrial,22,55,e4.png?v=3,foto,E4 Ítem 14,Imagen real del estímulo; el dato se lee en la figura,1
Electricidad,Instalación de sistemas de control eléctrico industrial,22,56,e4.png?v=3,foto,E4 Ítem 15,Imagen real del estímulo; el dato se lee en la figura,1
Electricidad,Instalación de sistemas de control eléctrico industrial,22,57,e4.png?v=3,foto,E4 Ítem 16,Imagen real del estímulo; el dato se lee en la figura,1
Electricidad,Instalación de sistemas de control eléctrico industrial,22,58,e4.png?v=3,foto,E4 Ítem 17,Imagen real del estímulo; el dato se lee en la figura,1
Electricidad,Instalación de sistemas de control eléctrico industrial,22,59,e4.png?v=3,foto,E4 Ítem 18,Imagen real del estímulo; el dato se lee en la figura,1
Electricidad,Instalación de sistemas de control eléctrico industrial,22,60,e4.png?v=3,foto,E4 Ítem 19,Imagen real del estímulo; el dato se lee en la figura,1
Electricidad,Instalación de sistemas de control eléctrico industrial,22,61,e4.png?v=3,foto,E4 Ítem 20,Imagen real del estímulo; el dato se lee en la figura,1
Electricidad,Instalación de sistemas de control eléctrico industrial,22,62,e4.png?v=3,foto,E4 Ítem 21,Imagen real del estímulo; el dato se lee en la figura,1
Electricidad,Instalación de sistemas de control eléctrico industrial,22,63,e4.png?v=3,foto,E4 Ítem 22,Imagen real del estímulo; el dato se lee en la figura,1
Electricidad,Instalación de sistemas de control eléctrico industrial,22,64,e4.png?v=3,foto,E4 Ítem 23,Imagen real del estímulo; el dato se lee en la figura,1
Electricidad,Instalación de sistemas de control eléctrico industrial,22,65,e4.png?v=3,foto,E4 Ítem 24,Imagen real del estímulo; el dato se lee en la figura,1
Electricidad,Instalación de sistemas de control eléctrico industrial,22,66,e4.png?v=3,foto,E4 Ítem 25,Imagen real del estímulo; el dato se lee en la figura,1
Electricidad,Instalación de sistemas de control eléctrico industrial,22,67,oficio-plano-leyenda.png?v=3,foto,E5 Retroalimentación,Frame del error en cada pregunta incorrecta,1
Electricidad,Instalaciones eléctricas industriales,23,1,e1.png?v=3,foto,E1 Contextualización · explorar,Observar el escenario del AE con hotspots ligados a criterio,1
Electricidad,Instalaciones eléctricas industriales,23,2,e2.png?v=3,3d,E2 AE1 etapa 1 (hotspot),"Ejecuta instalación eléctrica de fuerza motriz de acuerdo a las especificaciones técnicas del plano o proyecto eléctrico, considerando las exigencias generales para instalaciones de fuerza y de calefacción de la normativa vigente.",1
Electricidad,Instalaciones eléctricas industriales,23,3,e2.png?v=3,foto,E2 AE1 etapa 2 (match),"Ejecuta instalación eléctrica de fuerza motriz de acuerdo a las especificaciones técnicas del plano o proyecto eléctrico, considerando las exigencias generales para instalaciones de fuerza y de calefacción de la normativa vigente.",1
Electricidad,Instalaciones eléctricas industriales,23,4,e2.png?v=3,foto,E2 AE1 etapa 3 (order),"Ejecuta instalación eléctrica de fuerza motriz de acuerdo a las especificaciones técnicas del plano o proyecto eléctrico, considerando las exigencias generales para instalaciones de fuerza y de calefacción de la normativa vigente.",1
Electricidad,Instalaciones eléctricas industriales,23,5,e2.png?v=3,foto,E2 AE1 etapa 4 (choice),"Ejecuta instalación eléctrica de fuerza motriz de acuerdo a las especificaciones técnicas del plano o proyecto eléctrico, considerando las exigencias generales para instalaciones de fuerza y de calefacción de la normativa vigente.",1
Electricidad,Instalaciones eléctricas industriales,23,6,e2.png?v=3,foto,E2 AE1 etapa 5 (choice),"Ejecuta instalación eléctrica de fuerza motriz de acuerdo a las especificaciones técnicas del plano o proyecto eléctrico, considerando las exigencias generales para instalaciones de fuerza y de calefacción de la normativa vigente.",1
Electricidad,Instalaciones eléctricas industriales,23,7,e2.png?v=3,foto,E2 AE1 etapa 6 (reflect),"Ejecuta instalación eléctrica de fuerza motriz de acuerdo a las especificaciones técnicas del plano o proyecto eléctrico, considerando las exigencias generales para instalaciones de fuerza y de calefacción de la normativa vigente.",1
Electricidad,Instalaciones eléctricas industriales,23,8,e2.png?v=3,3d,E2 AE2 etapa 1 (hotspot),"Realiza instalación eléctrica de calefacción de acuerdo a las especificaciones técnicas del proyecto eléctrico, considerando las exigencias y normativa generales para instalaciones de calefacción.",1
Electricidad,Instalaciones eléctricas industriales,23,9,e2.png?v=3,foto,E2 AE2 etapa 2 (match),"Realiza instalación eléctrica de calefacción de acuerdo a las especificaciones técnicas del proyecto eléctrico, considerando las exigencias y normativa generales para instalaciones de calefacción.",1
Electricidad,Instalaciones eléctricas industriales,23,10,e2.png?v=3,foto,E2 AE2 etapa 3 (order),"Realiza instalación eléctrica de calefacción de acuerdo a las especificaciones técnicas del proyecto eléctrico, considerando las exigencias y normativa generales para instalaciones de calefacción.",1
Electricidad,Instalaciones eléctricas industriales,23,11,e2.png?v=3,foto,E2 AE2 etapa 4 (choice),"Realiza instalación eléctrica de calefacción de acuerdo a las especificaciones técnicas del proyecto eléctrico, considerando las exigencias y normativa generales para instalaciones de calefacción.",1
Electricidad,Instalaciones eléctricas industriales,23,12,e2.png?v=3,foto,E2 AE2 etapa 5 (choice),"Realiza instalación eléctrica de calefacción de acuerdo a las especificaciones técnicas del proyecto eléctrico, considerando las exigencias y normativa generales para instalaciones de calefacción.",1
Electricidad,Instalaciones eléctricas industriales,23,13,e2.png?v=3,foto,E2 AE2 etapa 6 (reflect),"Realiza instalación eléctrica de calefacción de acuerdo a las especificaciones técnicas del proyecto eléctrico, considerando las exigencias y normativa generales para instalaciones de calefacción.",1
Electricidad,Instalaciones eléctricas industriales,23,14,e2.png?v=3,3d,E2 AE3 etapa 1 (hotspot),"Instala tablero eléctrico y dispositivos de protección en instalación eléctrica de calefacción y fuerza motriz de acuerdo a las especificaciones técnicas del plano o proyecto eléctrico, considerando las exigencias generales para instalaciones de fuerza y calefacción de la normativa vigente.",1
Electricidad,Instalaciones eléctricas industriales,23,15,e2.png?v=3,foto,E2 AE3 etapa 2 (match),"Instala tablero eléctrico y dispositivos de protección en instalación eléctrica de calefacción y fuerza motriz de acuerdo a las especificaciones técnicas del plano o proyecto eléctrico, considerando las exigencias generales para instalaciones de fuerza y calefacción de la normativa vigente.",1
Electricidad,Instalaciones eléctricas industriales,23,16,e2.png?v=3,foto,E2 AE3 etapa 3 (order),"Instala tablero eléctrico y dispositivos de protección en instalación eléctrica de calefacción y fuerza motriz de acuerdo a las especificaciones técnicas del plano o proyecto eléctrico, considerando las exigencias generales para instalaciones de fuerza y calefacción de la normativa vigente.",1
Electricidad,Instalaciones eléctricas industriales,23,17,e2.png?v=3,foto,E2 AE3 etapa 4 (choice),"Instala tablero eléctrico y dispositivos de protección en instalación eléctrica de calefacción y fuerza motriz de acuerdo a las especificaciones técnicas del plano o proyecto eléctrico, considerando las exigencias generales para instalaciones de fuerza y calefacción de la normativa vigente.",1
Electricidad,Instalaciones eléctricas industriales,23,18,e2.png?v=3,foto,E2 AE3 etapa 5 (choice),"Instala tablero eléctrico y dispositivos de protección en instalación eléctrica de calefacción y fuerza motriz de acuerdo a las especificaciones técnicas del plano o proyecto eléctrico, considerando las exigencias generales para instalaciones de fuerza y calefacción de la normativa vigente.",1
Electricidad,Instalaciones eléctricas industriales,23,19,e2.png?v=3,foto,E2 AE3 etapa 6 (reflect),"Instala tablero eléctrico y dispositivos de protección en instalación eléctrica de calefacción y fuerza motriz de acuerdo a las especificaciones técnicas del plano o proyecto eléctrico, considerando las exigencias generales para instalaciones de fuerza y calefacción de la normativa vigente.",1
Electricidad,Instalaciones eléctricas industriales,23,20,e3.png?v=3,foto,E3 Situación 1,Decidir en la situación con evidencia visible,1
Electricidad,Instalaciones eléctricas industriales,23,21,e3.png?v=3,foto,E3 Situación 2,Decidir en la situación con evidencia visible,1
Electricidad,Instalaciones eléctricas industriales,23,22,e3.png?v=3,foto,E3 Situación 3,Decidir en la situación con evidencia visible,1
Electricidad,Instalaciones eléctricas industriales,23,23,e3.png?v=3,foto,E3 Situación 4,Decidir en la situación con evidencia visible,1
Electricidad,Instalaciones eléctricas industriales,23,24,e3.png?v=3,foto,E3 Situación 5,Decidir en la situación con evidencia visible,1
Electricidad,Instalaciones eléctricas industriales,23,25,e3.png?v=3,foto,E3 Situación 6,Decidir en la situación con evidencia visible,1
Electricidad,Instalaciones eléctricas industriales,23,26,e3.png?v=3,foto,E3 Situación 7,Decidir en la situación con evidencia visible,1
Electricidad,Instalaciones eléctricas industriales,23,27,e3.png?v=3,foto,E3 Situación 8,Decidir en la situación con evidencia visible,1
Electricidad,Instalaciones eléctricas industriales,23,28,e3.png?v=3,foto,E3 Situación 9,Decidir en la situación con evidencia visible,1
Electricidad,Instalaciones eléctricas industriales,23,29,e3.png?v=3,foto,E3 Situación 10,Decidir en la situación con evidencia visible,1
Electricidad,Instalaciones eléctricas industriales,23,30,e3.png?v=3,foto,E3 Situación 11,Decidir en la situación con evidencia visible,1
Electricidad,Instalaciones eléctricas industriales,23,31,e3.png?v=3,foto,E3 Situación 12,Decidir en la situación con evidencia visible,1
Electricidad,Instalaciones eléctricas industriales,23,32,e3.png?v=3,foto,E3 Situación 13,Decidir en la situación con evidencia visible,1
Electricidad,Instalaciones eléctricas industriales,23,33,e3.png?v=3,foto,E3 Situación 14,Decidir en la situación con evidencia visible,1
Electricidad,Instalaciones eléctricas industriales,23,34,e3.png?v=3,foto,E3 Situación 15,Decidir en la situación con evidencia visible,1
Electricidad,Instalaciones eléctricas industriales,23,35,e3.png?v=3,interactive-procedure,E3 Situación final 3D,"Recorrer el procedimiento (armar, instalar, diagnosticar) en el equipo",1
Electricidad,Instalaciones eléctricas industriales,23,36,e4.png?v=3,foto,E4 Ítem 1,Imagen real del estímulo; el dato se lee en la figura,1
Electricidad,Instalaciones eléctricas industriales,23,37,e4.png?v=3,foto,E4 Ítem 2,Imagen real del estímulo; el dato se lee en la figura,1
Electricidad,Instalaciones eléctricas industriales,23,38,e4.png?v=3,foto,E4 Ítem 3,Imagen real del estímulo; el dato se lee en la figura,1
Electricidad,Instalaciones eléctricas industriales,23,39,e4.png?v=3,foto,E4 Ítem 4,Imagen real del estímulo; el dato se lee en la figura,1
Electricidad,Instalaciones eléctricas industriales,23,40,e4.png?v=3,foto,E4 Ítem 5,Imagen real del estímulo; el dato se lee en la figura,1
Electricidad,Instalaciones eléctricas industriales,23,41,e4.png?v=3,foto,E4 Ítem 6,Imagen real del estímulo; el dato se lee en la figura,1
Electricidad,Instalaciones eléctricas industriales,23,42,e4.png?v=3,foto,E4 Ítem 7,Imagen real del estímulo; el dato se lee en la figura,1
Electricidad,Instalaciones eléctricas industriales,23,43,e4.png?v=3,foto,E4 Ítem 8,Imagen real del estímulo; el dato se lee en la figura,1
Electricidad,Instalaciones eléctricas industriales,23,44,e4.png?v=3,foto,E4 Ítem 9,Imagen real del estímulo; el dato se lee en la figura,1
Electricidad,Instalaciones eléctricas industriales,23,45,e4.png?v=3,foto,E4 Ítem 10,Imagen real del estímulo; el dato se lee en la figura,1
Electricidad,Instalaciones eléctricas industriales,23,46,e4.png?v=3,foto,E4 Ítem 11,Imagen real del estímulo; el dato se lee en la figura,1
Electricidad,Instalaciones eléctricas industriales,23,47,e4.png?v=3,foto,E4 Ítem 12,Imagen real del estímulo; el dato se lee en la figura,1
Electricidad,Instalaciones eléctricas industriales,23,48,e4.png?v=3,foto,E4 Ítem 13,Imagen real del estímulo; el dato se lee en la figura,1
Electricidad,Instalaciones eléctricas industriales,23,49,e4.png?v=3,foto,E4 Ítem 14,Imagen real del estímulo; el dato se lee en la figura,1
Electricidad,Instalaciones eléctricas industriales,23,50,e4.png?v=3,foto,E4 Ítem 15,Imagen real del estímulo; el dato se lee en la figura,1
Electricidad,Instalaciones eléctricas industriales,23,51,e4.png?v=3,foto,E4 Ítem 16,Imagen real del estímulo; el dato se lee en la figura,1
Electricidad,Instalaciones eléctricas industriales,23,52,e4.png?v=3,foto,E4 Ítem 17,Imagen real del estímulo; el dato se lee en la figura,1
Electricidad,Instalaciones eléctricas industriales,23,53,e4.png?v=3,foto,E4 Ítem 18,Imagen real del estímulo; el dato se lee en la figura,1
Electricidad,Instalaciones eléctricas industriales,23,54,e4.png?v=3,foto,E4 Ítem 19,Imagen real del estímulo; el dato se lee en la figura,1
Electricidad,Instalaciones eléctricas industriales,23,55,e4.png?v=3,foto,E4 Ítem 20,Imagen real del estímulo; el dato se lee en la figura,1
Electricidad,Instalaciones eléctricas industriales,23,56,e4.png?v=3,foto,E4 Ítem 21,Imagen real del estímulo; el dato se lee en la figura,1
Electricidad,Instalaciones eléctricas industriales,23,57,e4.png?v=3,foto,E4 Ítem 22,Imagen real del estímulo; el dato se lee en la figura,1
Electricidad,Instalaciones eléctricas industriales,23,58,e4.png?v=3,foto,E4 Ítem 23,Imagen real del estímulo; el dato se lee en la figura,1
Electricidad,Instalaciones eléctricas industriales,23,59,e4.png?v=3,foto,E4 Ítem 24,Imagen real del estímulo; el dato se lee en la figura,1
Electricidad,Instalaciones eléctricas industriales,23,60,e4.png?v=3,foto,E4 Ítem 25,Imagen real del estímulo; el dato se lee en la figura,1
Electricidad,Instalaciones eléctricas industriales,23,61,oficio-plano-leyenda.png?v=3,foto,E5 Retroalimentación,Frame del error en cada pregunta incorrecta,1
Electricidad,Instalación de equipos electrónicos de potencia,24,1,e1.png?v=3,foto,E1 Contextualización · explorar,Observar el escenario del AE con hotspots ligados a criterio,1
Electricidad,Instalación de equipos electrónicos de potencia,24,2,e2.png?v=3,3d,E2 AE1 etapa 1 (hotspot),"Instala dispositivos electrónicos de potencia para el control de sistemas o equipos eléctricos, de acuerdo a las especificaciones técnicas y a los estándares de calidad.",1
Electricidad,Instalación de equipos electrónicos de potencia,24,3,e2.png?v=3,foto,E2 AE1 etapa 2 (match),"Instala dispositivos electrónicos de potencia para el control de sistemas o equipos eléctricos, de acuerdo a las especificaciones técnicas y a los estándares de calidad.",1
Electricidad,Instalación de equipos electrónicos de potencia,24,4,e2.png?v=3,foto,E2 AE1 etapa 3 (order),"Instala dispositivos electrónicos de potencia para el control de sistemas o equipos eléctricos, de acuerdo a las especificaciones técnicas y a los estándares de calidad.",1
Electricidad,Instalación de equipos electrónicos de potencia,24,5,e2.png?v=3,foto,E2 AE1 etapa 4 (choice),"Instala dispositivos electrónicos de potencia para el control de sistemas o equipos eléctricos, de acuerdo a las especificaciones técnicas y a los estándares de calidad.",1
Electricidad,Instalación de equipos electrónicos de potencia,24,6,e2.png?v=3,foto,E2 AE1 etapa 5 (choice),"Instala dispositivos electrónicos de potencia para el control de sistemas o equipos eléctricos, de acuerdo a las especificaciones técnicas y a los estándares de calidad.",1
Electricidad,Instalación de equipos electrónicos de potencia,24,7,e2.png?v=3,foto,E2 AE1 etapa 6 (reflect),"Instala dispositivos electrónicos de potencia para el control de sistemas o equipos eléctricos, de acuerdo a las especificaciones técnicas y a los estándares de calidad.",1
Electricidad,Instalación de equipos electrónicos de potencia,24,8,e2.png?v=3,3d,E2 AE2 etapa 1 (hotspot),Instala circuitos de control utilizando dispositivos electrónicos de potencia de acuerdo a los requerimientos técnicos.,1
Electricidad,Instalación de equipos electrónicos de potencia,24,9,e2.png?v=3,foto,E2 AE2 etapa 2 (match),Instala circuitos de control utilizando dispositivos electrónicos de potencia de acuerdo a los requerimientos técnicos.,1
Electricidad,Instalación de equipos electrónicos de potencia,24,10,e2.png?v=3,foto,E2 AE2 etapa 3 (order),Instala circuitos de control utilizando dispositivos electrónicos de potencia de acuerdo a los requerimientos técnicos.,1
Electricidad,Instalación de equipos electrónicos de potencia,24,11,e2.png?v=3,foto,E2 AE2 etapa 4 (choice),Instala circuitos de control utilizando dispositivos electrónicos de potencia de acuerdo a los requerimientos técnicos.,1
Electricidad,Instalación de equipos electrónicos de potencia,24,12,e2.png?v=3,foto,E2 AE2 etapa 5 (choice),Instala circuitos de control utilizando dispositivos electrónicos de potencia de acuerdo a los requerimientos técnicos.,1
Electricidad,Instalación de equipos electrónicos de potencia,24,13,e2.png?v=3,foto,E2 AE2 etapa 6 (reflect),Instala circuitos de control utilizando dispositivos electrónicos de potencia de acuerdo a los requerimientos técnicos.,1
Electricidad,Instalación de equipos electrónicos de potencia,24,14,e3.png?v=3,foto,E3 Situación 1,Decidir en la situación con evidencia visible,1
Electricidad,Instalación de equipos electrónicos de potencia,24,15,e3.png?v=3,foto,E3 Situación 2,Decidir en la situación con evidencia visible,1
Electricidad,Instalación de equipos electrónicos de potencia,24,16,e3.png?v=3,foto,E3 Situación 3,Decidir en la situación con evidencia visible,1
Electricidad,Instalación de equipos electrónicos de potencia,24,17,e3.png?v=3,foto,E3 Situación 4,Decidir en la situación con evidencia visible,1
Electricidad,Instalación de equipos electrónicos de potencia,24,18,e3.png?v=3,foto,E3 Situación 5,Decidir en la situación con evidencia visible,1
Electricidad,Instalación de equipos electrónicos de potencia,24,19,e3.png?v=3,foto,E3 Situación 6,Decidir en la situación con evidencia visible,1
Electricidad,Instalación de equipos electrónicos de potencia,24,20,e3.png?v=3,foto,E3 Situación 7,Decidir en la situación con evidencia visible,1
Electricidad,Instalación de equipos electrónicos de potencia,24,21,e3.png?v=3,foto,E3 Situación 8,Decidir en la situación con evidencia visible,1
Electricidad,Instalación de equipos electrónicos de potencia,24,22,e3.png?v=3,foto,E3 Situación 9,Decidir en la situación con evidencia visible,1
Electricidad,Instalación de equipos electrónicos de potencia,24,23,e3.png?v=3,foto,E3 Situación 10,Decidir en la situación con evidencia visible,1
Electricidad,Instalación de equipos electrónicos de potencia,24,24,e3.png?v=3,foto,E3 Situación 11,Decidir en la situación con evidencia visible,1
Electricidad,Instalación de equipos electrónicos de potencia,24,25,e3.png?v=3,foto,E3 Situación 12,Decidir en la situación con evidencia visible,1
Electricidad,Instalación de equipos electrónicos de potencia,24,26,e3.png?v=3,foto,E3 Situación 13,Decidir en la situación con evidencia visible,1
Electricidad,Instalación de equipos electrónicos de potencia,24,27,e3.png?v=3,foto,E3 Situación 14,Decidir en la situación con evidencia visible,1
Electricidad,Instalación de equipos electrónicos de potencia,24,28,e3.png?v=3,foto,E3 Situación 15,Decidir en la situación con evidencia visible,1
Electricidad,Instalación de equipos electrónicos de potencia,24,29,e3.png?v=3,interactive-procedure,E3 Situación final 3D,"Recorrer el procedimiento (armar, instalar, diagnosticar) en el equipo",1
Electricidad,Instalación de equipos electrónicos de potencia,24,30,e4.png?v=3,foto,E4 Ítem 1,Imagen real del estímulo; el dato se lee en la figura,1
Electricidad,Instalación de equipos electrónicos de potencia,24,31,e4.png?v=3,foto,E4 Ítem 2,Imagen real del estímulo; el dato se lee en la figura,1
Electricidad,Instalación de equipos electrónicos de potencia,24,32,e4.png?v=3,foto,E4 Ítem 3,Imagen real del estímulo; el dato se lee en la figura,1
Electricidad,Instalación de equipos electrónicos de potencia,24,33,e4.png?v=3,foto,E4 Ítem 4,Imagen real del estímulo; el dato se lee en la figura,1
Electricidad,Instalación de equipos electrónicos de potencia,24,34,e4.png?v=3,foto,E4 Ítem 5,Imagen real del estímulo; el dato se lee en la figura,1
Electricidad,Instalación de equipos electrónicos de potencia,24,35,e4.png?v=3,foto,E4 Ítem 6,Imagen real del estímulo; el dato se lee en la figura,1
Electricidad,Instalación de equipos electrónicos de potencia,24,36,e4.png?v=3,foto,E4 Ítem 7,Imagen real del estímulo; el dato se lee en la figura,1
Electricidad,Instalación de equipos electrónicos de potencia,24,37,e4.png?v=3,foto,E4 Ítem 8,Imagen real del estímulo; el dato se lee en la figura,1
Electricidad,Instalación de equipos electrónicos de potencia,24,38,e4.png?v=3,foto,E4 Ítem 9,Imagen real del estímulo; el dato se lee en la figura,1
Electricidad,Instalación de equipos electrónicos de potencia,24,39,e4.png?v=3,foto,E4 Ítem 10,Imagen real del estímulo; el dato se lee en la figura,1
Electricidad,Instalación de equipos electrónicos de potencia,24,40,e4.png?v=3,foto,E4 Ítem 11,Imagen real del estímulo; el dato se lee en la figura,1
Electricidad,Instalación de equipos electrónicos de potencia,24,41,e4.png?v=3,foto,E4 Ítem 12,Imagen real del estímulo; el dato se lee en la figura,1
Electricidad,Instalación de equipos electrónicos de potencia,24,42,e4.png?v=3,foto,E4 Ítem 13,Imagen real del estímulo; el dato se lee en la figura,1
Electricidad,Instalación de equipos electrónicos de potencia,24,43,e4.png?v=3,foto,E4 Ítem 14,Imagen real del estímulo; el dato se lee en la figura,1
Electricidad,Instalación de equipos electrónicos de potencia,24,44,e4.png?v=3,foto,E4 Ítem 15,Imagen real del estímulo; el dato se lee en la figura,1
Electricidad,Instalación de equipos electrónicos de potencia,24,45,e4.png?v=3,foto,E4 Ítem 16,Imagen real del estímulo; el dato se lee en la figura,1
Electricidad,Instalación de equipos electrónicos de potencia,24,46,e4.png?v=3,foto,E4 Ítem 17,Imagen real del estímulo; el dato se lee en la figura,1
Electricidad,Instalación de equipos electrónicos de potencia,24,47,e4.png?v=3,foto,E4 Ítem 18,Imagen real del estímulo; el dato se lee en la figura,1
Electricidad,Instalación de equipos electrónicos de potencia,24,48,e4.png?v=3,foto,E4 Ítem 19,Imagen real del estímulo; el dato se lee en la figura,1
Electricidad,Instalación de equipos electrónicos de potencia,24,49,e4.png?v=3,foto,E4 Ítem 20,Imagen real del estímulo; el dato se lee en la figura,1
Electricidad,Instalación de equipos electrónicos de potencia,24,50,e4.png?v=3,foto,E4 Ítem 21,Imagen real del estímulo; el dato se lee en la figura,1
Electricidad,Instalación de equipos electrónicos de potencia,24,51,e4.png?v=3,foto,E4 Ítem 22,Imagen real del estímulo; el dato se lee en la figura,1
Electricidad,Instalación de equipos electrónicos de potencia,24,52,e4.png?v=3,foto,E4 Ítem 23,Imagen real del estímulo; el dato se lee en la figura,1
Electricidad,Instalación de equipos electrónicos de potencia,24,53,e4.png?v=3,foto,E4 Ítem 24,Imagen real del estímulo; el dato se lee en la figura,1
Electricidad,Instalación de equipos electrónicos de potencia,24,54,e4.png?v=3,foto,E4 Ítem 25,Imagen real del estímulo; el dato se lee en la figura,1
Electricidad,Instalación de equipos electrónicos de potencia,24,55,oficio-plano-leyenda.png?v=3,foto,E5 Retroalimentación,Frame del error en cada pregunta incorrecta,1
Electricidad,Automatización de sistemas eléctricos industriales,25,1,e1.png?v=3,foto,E1 Contextualización · explorar,Observar el escenario del AE con hotspots ligados a criterio,1
Electricidad,Automatización de sistemas eléctricos industriales,25,2,e2.png?v=3,3d,E2 AE1 etapa 1 (hotspot),"Maneja y ajusta parámetros en equipos y sistemas eléctricos y electrónicos utilizados en control de procesos, según los requerimientos operacionales del equipo o de la planta y la normativa eléctrica vigente.",1
Electricidad,Automatización de sistemas eléctricos industriales,25,3,e2.png?v=3,foto,E2 AE1 etapa 2 (match),"Maneja y ajusta parámetros en equipos y sistemas eléctricos y electrónicos utilizados en control de procesos, según los requerimientos operacionales del equipo o de la planta y la normativa eléctrica vigente.",1
Electricidad,Automatización de sistemas eléctricos industriales,25,4,e2.png?v=3,foto,E2 AE1 etapa 3 (order),"Maneja y ajusta parámetros en equipos y sistemas eléctricos y electrónicos utilizados en control de procesos, según los requerimientos operacionales del equipo o de la planta y la normativa eléctrica vigente.",1
Electricidad,Automatización de sistemas eléctricos industriales,25,5,e2.png?v=3,foto,E2 AE1 etapa 4 (choice),"Maneja y ajusta parámetros en equipos y sistemas eléctricos y electrónicos utilizados en control de procesos, según los requerimientos operacionales del equipo o de la planta y la normativa eléctrica vigente.",1
Electricidad,Automatización de sistemas eléctricos industriales,25,6,e2.png?v=3,foto,E2 AE1 etapa 5 (choice),"Maneja y ajusta parámetros en equipos y sistemas eléctricos y electrónicos utilizados en control de procesos, según los requerimientos operacionales del equipo o de la planta y la normativa eléctrica vigente.",1
Electricidad,Automatización de sistemas eléctricos industriales,25,7,e2.png?v=3,foto,E2 AE1 etapa 6 (reflect),"Maneja y ajusta parámetros en equipos y sistemas eléctricos y electrónicos utilizados en control de procesos, según los requerimientos operacionales del equipo o de la planta y la normativa eléctrica vigente.",1
Electricidad,Automatización de sistemas eléctricos industriales,25,8,e2.png?v=3,3d,E2 AE2 etapa 1 (hotspot),"Programa dispositivos de automatización de procesos industriales, de acuerdo a los requerimientos y a las especificaciones técnicas.",1
Electricidad,Automatización de sistemas eléctricos industriales,25,9,e2.png?v=3,foto,E2 AE2 etapa 2 (match),"Programa dispositivos de automatización de procesos industriales, de acuerdo a los requerimientos y a las especificaciones técnicas.",1
Electricidad,Automatización de sistemas eléctricos industriales,25,10,e2.png?v=3,foto,E2 AE2 etapa 3 (order),"Programa dispositivos de automatización de procesos industriales, de acuerdo a los requerimientos y a las especificaciones técnicas.",1
Electricidad,Automatización de sistemas eléctricos industriales,25,11,e2.png?v=3,foto,E2 AE2 etapa 4 (choice),"Programa dispositivos de automatización de procesos industriales, de acuerdo a los requerimientos y a las especificaciones técnicas.",1
Electricidad,Automatización de sistemas eléctricos industriales,25,12,e2.png?v=3,foto,E2 AE2 etapa 5 (choice),"Programa dispositivos de automatización de procesos industriales, de acuerdo a los requerimientos y a las especificaciones técnicas.",1
Electricidad,Automatización de sistemas eléctricos industriales,25,13,e2.png?v=3,foto,E2 AE2 etapa 6 (reflect),"Programa dispositivos de automatización de procesos industriales, de acuerdo a los requerimientos y a las especificaciones técnicas.",1
Electricidad,Automatización de sistemas eléctricos industriales,25,14,e3.png?v=3,foto,E3 Situación 1,Decidir en la situación con evidencia visible,1
Electricidad,Automatización de sistemas eléctricos industriales,25,15,e3.png?v=3,foto,E3 Situación 2,Decidir en la situación con evidencia visible,1
Electricidad,Automatización de sistemas eléctricos industriales,25,16,e3.png?v=3,foto,E3 Situación 3,Decidir en la situación con evidencia visible,1
Electricidad,Automatización de sistemas eléctricos industriales,25,17,e3.png?v=3,foto,E3 Situación 4,Decidir en la situación con evidencia visible,1
Electricidad,Automatización de sistemas eléctricos industriales,25,18,e3.png?v=3,foto,E3 Situación 5,Decidir en la situación con evidencia visible,1
Electricidad,Automatización de sistemas eléctricos industriales,25,19,e3.png?v=3,foto,E3 Situación 6,Decidir en la situación con evidencia visible,1
Electricidad,Automatización de sistemas eléctricos industriales,25,20,e3.png?v=3,foto,E3 Situación 7,Decidir en la situación con evidencia visible,1
Electricidad,Automatización de sistemas eléctricos industriales,25,21,e3.png?v=3,foto,E3 Situación 8,Decidir en la situación con evidencia visible,1
Electricidad,Automatización de sistemas eléctricos industriales,25,22,e3.png?v=3,foto,E3 Situación 9,Decidir en la situación con evidencia visible,1
Electricidad,Automatización de sistemas eléctricos industriales,25,23,e3.png?v=3,foto,E3 Situación 10,Decidir en la situación con evidencia visible,1
Electricidad,Automatización de sistemas eléctricos industriales,25,24,e3.png?v=3,foto,E3 Situación 11,Decidir en la situación con evidencia visible,1
Electricidad,Automatización de sistemas eléctricos industriales,25,25,e3.png?v=3,foto,E3 Situación 12,Decidir en la situación con evidencia visible,1
Electricidad,Automatización de sistemas eléctricos industriales,25,26,e3.png?v=3,foto,E3 Situación 13,Decidir en la situación con evidencia visible,1
Electricidad,Automatización de sistemas eléctricos industriales,25,27,e3.png?v=3,foto,E3 Situación 14,Decidir en la situación con evidencia visible,1
Electricidad,Automatización de sistemas eléctricos industriales,25,28,e3.png?v=3,foto,E3 Situación 15,Decidir en la situación con evidencia visible,1
Electricidad,Automatización de sistemas eléctricos industriales,25,29,e3.png?v=3,interactive-procedure,E3 Situación final 3D,"Recorrer el procedimiento (armar, instalar, diagnosticar) en el equipo",1
Electricidad,Automatización de sistemas eléctricos industriales,25,30,e4.png?v=3,foto,E4 Ítem 1,Imagen real del estímulo; el dato se lee en la figura,1
Electricidad,Automatización de sistemas eléctricos industriales,25,31,e4.png?v=3,foto,E4 Ítem 2,Imagen real del estímulo; el dato se lee en la figura,1
Electricidad,Automatización de sistemas eléctricos industriales,25,32,e4.png?v=3,foto,E4 Ítem 3,Imagen real del estímulo; el dato se lee en la figura,1
Electricidad,Automatización de sistemas eléctricos industriales,25,33,e4.png?v=3,foto,E4 Ítem 4,Imagen real del estímulo; el dato se lee en la figura,1
Electricidad,Automatización de sistemas eléctricos industriales,25,34,e4.png?v=3,foto,E4 Ítem 5,Imagen real del estímulo; el dato se lee en la figura,1
Electricidad,Automatización de sistemas eléctricos industriales,25,35,e4.png?v=3,foto,E4 Ítem 6,Imagen real del estímulo; el dato se lee en la figura,1
Electricidad,Automatización de sistemas eléctricos industriales,25,36,e4.png?v=3,foto,E4 Ítem 7,Imagen real del estímulo; el dato se lee en la figura,1
Electricidad,Automatización de sistemas eléctricos industriales,25,37,e4.png?v=3,foto,E4 Ítem 8,Imagen real del estímulo; el dato se lee en la figura,1
Electricidad,Automatización de sistemas eléctricos industriales,25,38,e4.png?v=3,foto,E4 Ítem 9,Imagen real del estímulo; el dato se lee en la figura,1
Electricidad,Automatización de sistemas eléctricos industriales,25,39,e4.png?v=3,foto,E4 Ítem 10,Imagen real del estímulo; el dato se lee en la figura,1
Electricidad,Automatización de sistemas eléctricos industriales,25,40,e4.png?v=3,foto,E4 Ítem 11,Imagen real del estímulo; el dato se lee en la figura,1
Electricidad,Automatización de sistemas eléctricos industriales,25,41,e4.png?v=3,foto,E4 Ítem 12,Imagen real del estímulo; el dato se lee en la figura,1
Electricidad,Automatización de sistemas eléctricos industriales,25,42,e4.png?v=3,foto,E4 Ítem 13,Imagen real del estímulo; el dato se lee en la figura,1
Electricidad,Automatización de sistemas eléctricos industriales,25,43,e4.png?v=3,foto,E4 Ítem 14,Imagen real del estímulo; el dato se lee en la figura,1
Electricidad,Automatización de sistemas eléctricos industriales,25,44,e4.png?v=3,foto,E4 Ítem 15,Imagen real del estímulo; el dato se lee en la figura,1
Electricidad,Automatización de sistemas eléctricos industriales,25,45,e4.png?v=3,foto,E4 Ítem 16,Imagen real del estímulo; el dato se lee en la figura,1
Electricidad,Automatización de sistemas eléctricos industriales,25,46,e4.png?v=3,foto,E4 Ítem 17,Imagen real del estímulo; el dato se lee en la figura,1
Electricidad,Automatización de sistemas eléctricos industriales,25,47,e4.png?v=3,foto,E4 Ítem 18,Imagen real del estímulo; el dato se lee en la figura,1
Electricidad,Automatización de sistemas eléctricos industriales,25,48,e4.png?v=3,foto,E4 Ítem 19,Imagen real del estímulo; el dato se lee en la figura,1
Electricidad,Automatización de sistemas eléctricos industriales,25,49,e4.png?v=3,foto,E4 Ítem 20,Imagen real del estímulo; el dato se lee en la figura,1
Electricidad,Automatización de sistemas eléctricos industriales,25,50,e4.png?v=3,foto,E4 Ítem 21,Imagen real del estímulo; el dato se lee en la figura,1
Electricidad,Automatización de sistemas eléctricos industriales,25,51,e4.png?v=3,foto,E4 Ítem 22,Imagen real del estímulo; el dato se lee en la figura,1
Electricidad,Automatización de sistemas eléctricos industriales,25,52,e4.png?v=3,foto,E4 Ítem 23,Imagen real del estímulo; el dato se lee en la figura,1
Electricidad,Automatización de sistemas eléctricos industriales,25,53,e4.png?v=3,foto,E4 Ítem 24,Imagen real del estímulo; el dato se lee en la figura,1
Electricidad,Automatización de sistemas eléctricos industriales,25,54,e4.png?v=3,foto,E4 Ítem 25,Imagen real del estímulo; el dato se lee en la figura,1
Electricidad,Automatización de sistemas eléctricos industriales,25,55,oficio-plano-leyenda.png?v=3,foto,E5 Retroalimentación,Frame del error en cada pregunta incorrecta,1
Electricidad,Emprendimiento y empleabilidad,26,1,e1.png?v=3,foto,E1 Contextualización · explorar,Observar el escenario del AE con hotspots ligados a criterio,1
Electricidad,Emprendimiento y empleabilidad,26,2,e2.png?v=3,3d,E2 AE1 etapa 1 (hotspot),"Diseña y ejecuta un proyecto para concretar iniciativas de emprendimiento, identificando las acciones a realizar, el cronograma de su ejecución y los presupuestos, definiendo alternativas de financiamiento y evaluando y controlando su avance.",1
Electricidad,Emprendimiento y empleabilidad,26,3,e2.png?v=3,foto,E2 AE1 etapa 2 (match),"Diseña y ejecuta un proyecto para concretar iniciativas de emprendimiento, identificando las acciones a realizar, el cronograma de su ejecución y los presupuestos, definiendo alternativas de financiamiento y evaluando y controlando su avance.",1
Electricidad,Emprendimiento y empleabilidad,26,4,e2.png?v=3,foto,E2 AE1 etapa 3 (order),"Diseña y ejecuta un proyecto para concretar iniciativas de emprendimiento, identificando las acciones a realizar, el cronograma de su ejecución y los presupuestos, definiendo alternativas de financiamiento y evaluando y controlando su avance.",1
Electricidad,Emprendimiento y empleabilidad,26,5,e2.png?v=3,foto,E2 AE1 etapa 4 (choice),"Diseña y ejecuta un proyecto para concretar iniciativas de emprendimiento, identificando las acciones a realizar, el cronograma de su ejecución y los presupuestos, definiendo alternativas de financiamiento y evaluando y controlando su avance.",1
Electricidad,Emprendimiento y empleabilidad,26,6,e2.png?v=3,foto,E2 AE1 etapa 5 (choice),"Diseña y ejecuta un proyecto para concretar iniciativas de emprendimiento, identificando las acciones a realizar, el cronograma de su ejecución y los presupuestos, definiendo alternativas de financiamiento y evaluando y controlando su avance.",1
Electricidad,Emprendimiento y empleabilidad,26,7,e2.png?v=3,foto,E2 AE1 etapa 6 (reflect),"Diseña y ejecuta un proyecto para concretar iniciativas de emprendimiento, identificando las acciones a realizar, el cronograma de su ejecución y los presupuestos, definiendo alternativas de financiamiento y evaluando y controlando su avance.",1
Electricidad,Emprendimiento y empleabilidad,26,8,e2.png?v=3,3d,E2 AE2 etapa 1 (hotspot),"Maneja la legislación laboral y previsional chilena como marco regulador de las relaciones entre trabajadores y empleadores, identificando los derechos y deberes de ambas partes, tanto individuales como colectivos, y la reconoce como base para establecer buenas relaciones laborales.",1
Electricidad,Emprendimiento y empleabilidad,26,9,e2.png?v=3,foto,E2 AE2 etapa 2 (match),"Maneja la legislación laboral y previsional chilena como marco regulador de las relaciones entre trabajadores y empleadores, identificando los derechos y deberes de ambas partes, tanto individuales como colectivos, y la reconoce como base para establecer buenas relaciones laborales.",1
Electricidad,Emprendimiento y empleabilidad,26,10,e2.png?v=3,foto,E2 AE2 etapa 3 (order),"Maneja la legislación laboral y previsional chilena como marco regulador de las relaciones entre trabajadores y empleadores, identificando los derechos y deberes de ambas partes, tanto individuales como colectivos, y la reconoce como base para establecer buenas relaciones laborales.",1
Electricidad,Emprendimiento y empleabilidad,26,11,e2.png?v=3,foto,E2 AE2 etapa 4 (choice),"Maneja la legislación laboral y previsional chilena como marco regulador de las relaciones entre trabajadores y empleadores, identificando los derechos y deberes de ambas partes, tanto individuales como colectivos, y la reconoce como base para establecer buenas relaciones laborales.",1
Electricidad,Emprendimiento y empleabilidad,26,12,e2.png?v=3,foto,E2 AE2 etapa 5 (choice),"Maneja la legislación laboral y previsional chilena como marco regulador de las relaciones entre trabajadores y empleadores, identificando los derechos y deberes de ambas partes, tanto individuales como colectivos, y la reconoce como base para establecer buenas relaciones laborales.",1
Electricidad,Emprendimiento y empleabilidad,26,13,e2.png?v=3,foto,E2 AE2 etapa 6 (reflect),"Maneja la legislación laboral y previsional chilena como marco regulador de las relaciones entre trabajadores y empleadores, identificando los derechos y deberes de ambas partes, tanto individuales como colectivos, y la reconoce como base para establecer buenas relaciones laborales.",1
Electricidad,Emprendimiento y empleabilidad,26,14,e2.png?v=3,3d,E2 AE3 etapa 1 (hotspot),"Prepara los elementos necesarios para participar de un proceso de incorporación al mundo del trabajo, valorando y planificando su trayectoria formativa y laboral.",1
Electricidad,Emprendimiento y empleabilidad,26,15,e2.png?v=3,foto,E2 AE3 etapa 2 (match),"Prepara los elementos necesarios para participar de un proceso de incorporación al mundo del trabajo, valorando y planificando su trayectoria formativa y laboral.",1
Electricidad,Emprendimiento y empleabilidad,26,16,e2.png?v=3,foto,E2 AE3 etapa 3 (order),"Prepara los elementos necesarios para participar de un proceso de incorporación al mundo del trabajo, valorando y planificando su trayectoria formativa y laboral.",1
Electricidad,Emprendimiento y empleabilidad,26,17,e2.png?v=3,foto,E2 AE3 etapa 4 (choice),"Prepara los elementos necesarios para participar de un proceso de incorporación al mundo del trabajo, valorando y planificando su trayectoria formativa y laboral.",1
Electricidad,Emprendimiento y empleabilidad,26,18,e2.png?v=3,foto,E2 AE3 etapa 5 (choice),"Prepara los elementos necesarios para participar de un proceso de incorporación al mundo del trabajo, valorando y planificando su trayectoria formativa y laboral.",1
Electricidad,Emprendimiento y empleabilidad,26,19,e2.png?v=3,foto,E2 AE3 etapa 6 (reflect),"Prepara los elementos necesarios para participar de un proceso de incorporación al mundo del trabajo, valorando y planificando su trayectoria formativa y laboral.",1
Electricidad,Emprendimiento y empleabilidad,26,20,e2.png?v=3,3d,E2 AE4 etapa 1 (hotspot),"Selecciona alternativas de capacitación y de educación superior para fortalecer sus competencias o desarrollar nuevas y adquirir certificaciones, ya sea e-learning o presenciales, evaluando las diversas opciones de financiamiento.",1
Electricidad,Emprendimiento y empleabilidad,26,21,e2.png?v=3,foto,E2 AE4 etapa 2 (match),"Selecciona alternativas de capacitación y de educación superior para fortalecer sus competencias o desarrollar nuevas y adquirir certificaciones, ya sea e-learning o presenciales, evaluando las diversas opciones de financiamiento.",1
Electricidad,Emprendimiento y empleabilidad,26,22,e2.png?v=3,foto,E2 AE4 etapa 3 (order),"Selecciona alternativas de capacitación y de educación superior para fortalecer sus competencias o desarrollar nuevas y adquirir certificaciones, ya sea e-learning o presenciales, evaluando las diversas opciones de financiamiento.",1
Electricidad,Emprendimiento y empleabilidad,26,23,e2.png?v=3,foto,E2 AE4 etapa 4 (choice),"Selecciona alternativas de capacitación y de educación superior para fortalecer sus competencias o desarrollar nuevas y adquirir certificaciones, ya sea e-learning o presenciales, evaluando las diversas opciones de financiamiento.",1
Electricidad,Emprendimiento y empleabilidad,26,24,e2.png?v=3,foto,E2 AE4 etapa 5 (choice),"Selecciona alternativas de capacitación y de educación superior para fortalecer sus competencias o desarrollar nuevas y adquirir certificaciones, ya sea e-learning o presenciales, evaluando las diversas opciones de financiamiento.",1
Electricidad,Emprendimiento y empleabilidad,26,25,e2.png?v=3,foto,E2 AE4 etapa 6 (reflect),"Selecciona alternativas de capacitación y de educación superior para fortalecer sus competencias o desarrollar nuevas y adquirir certificaciones, ya sea e-learning o presenciales, evaluando las diversas opciones de financiamiento.",1
Electricidad,Emprendimiento y empleabilidad,26,26,e3.png?v=3,foto,E3 Situación 1,Decidir en la situación con evidencia visible,1
Electricidad,Emprendimiento y empleabilidad,26,27,e3.png?v=3,foto,E3 Situación 2,Decidir en la situación con evidencia visible,1
Electricidad,Emprendimiento y empleabilidad,26,28,e3.png?v=3,foto,E3 Situación 3,Decidir en la situación con evidencia visible,1
Electricidad,Emprendimiento y empleabilidad,26,29,e3.png?v=3,foto,E3 Situación 4,Decidir en la situación con evidencia visible,1
Electricidad,Emprendimiento y empleabilidad,26,30,e3.png?v=3,foto,E3 Situación 5,Decidir en la situación con evidencia visible,1
Electricidad,Emprendimiento y empleabilidad,26,31,e3.png?v=3,foto,E3 Situación 6,Decidir en la situación con evidencia visible,1
Electricidad,Emprendimiento y empleabilidad,26,32,e3.png?v=3,foto,E3 Situación 7,Decidir en la situación con evidencia visible,1
Electricidad,Emprendimiento y empleabilidad,26,33,e3.png?v=3,foto,E3 Situación 8,Decidir en la situación con evidencia visible,1
Electricidad,Emprendimiento y empleabilidad,26,34,e3.png?v=3,foto,E3 Situación 9,Decidir en la situación con evidencia visible,1
Electricidad,Emprendimiento y empleabilidad,26,35,e3.png?v=3,foto,E3 Situación 10,Decidir en la situación con evidencia visible,1
Electricidad,Emprendimiento y empleabilidad,26,36,e3.png?v=3,foto,E3 Situación 11,Decidir en la situación con evidencia visible,1
Electricidad,Emprendimiento y empleabilidad,26,37,e3.png?v=3,foto,E3 Situación 12,Decidir en la situación con evidencia visible,1
Electricidad,Emprendimiento y empleabilidad,26,38,e3.png?v=3,foto,E3 Situación 13,Decidir en la situación con evidencia visible,1
Electricidad,Emprendimiento y empleabilidad,26,39,e3.png?v=3,foto,E3 Situación 14,Decidir en la situación con evidencia visible,1
Electricidad,Emprendimiento y empleabilidad,26,40,e3.png?v=3,foto,E3 Situación 15,Decidir en la situación con evidencia visible,1
Electricidad,Emprendimiento y empleabilidad,26,41,e3.png?v=3,interactive-procedure,E3 Situación final 3D,"Recorrer el procedimiento (armar, instalar, diagnosticar) en el equipo",1
Electricidad,Emprendimiento y empleabilidad,26,42,e4.png?v=3,foto,E4 Ítem 1,Imagen real del estímulo; el dato se lee en la figura,1
Electricidad,Emprendimiento y empleabilidad,26,43,e4.png?v=3,foto,E4 Ítem 2,Imagen real del estímulo; el dato se lee en la figura,1
Electricidad,Emprendimiento y empleabilidad,26,44,e4.png?v=3,foto,E4 Ítem 3,Imagen real del estímulo; el dato se lee en la figura,1
Electricidad,Emprendimiento y empleabilidad,26,45,e4.png?v=3,foto,E4 Ítem 4,Imagen real del estímulo; el dato se lee en la figura,1
Electricidad,Emprendimiento y empleabilidad,26,46,e4.png?v=3,foto,E4 Ítem 5,Imagen real del estímulo; el dato se lee en la figura,1
Electricidad,Emprendimiento y empleabilidad,26,47,e4.png?v=3,foto,E4 Ítem 6,Imagen real del estímulo; el dato se lee en la figura,1
Electricidad,Emprendimiento y empleabilidad,26,48,e4.png?v=3,foto,E4 Ítem 7,Imagen real del estímulo; el dato se lee en la figura,1
Electricidad,Emprendimiento y empleabilidad,26,49,e4.png?v=3,foto,E4 Ítem 8,Imagen real del estímulo; el dato se lee en la figura,1
Electricidad,Emprendimiento y empleabilidad,26,50,e4.png?v=3,foto,E4 Ítem 9,Imagen real del estímulo; el dato se lee en la figura,1
Electricidad,Emprendimiento y empleabilidad,26,51,e4.png?v=3,foto,E4 Ítem 10,Imagen real del estímulo; el dato se lee en la figura,1
Electricidad,Emprendimiento y empleabilidad,26,52,e4.png?v=3,foto,E4 Ítem 11,Imagen real del estímulo; el dato se lee en la figura,1
Electricidad,Emprendimiento y empleabilidad,26,53,e4.png?v=3,foto,E4 Ítem 12,Imagen real del estímulo; el dato se lee en la figura,1
Electricidad,Emprendimiento y empleabilidad,26,54,e4.png?v=3,foto,E4 Ítem 13,Imagen real del estímulo; el dato se lee en la figura,1
Electricidad,Emprendimiento y empleabilidad,26,55,e4.png?v=3,foto,E4 Ítem 14,Imagen real del estímulo; el dato se lee en la figura,1
Electricidad,Emprendimiento y empleabilidad,26,56,e4.png?v=3,foto,E4 Ítem 15,Imagen real del estímulo; el dato se lee en la figura,1
Electricidad,Emprendimiento y empleabilidad,26,57,e4.png?v=3,foto,E4 Ítem 16,Imagen real del estímulo; el dato se lee en la figura,1
Electricidad,Emprendimiento y empleabilidad,26,58,e4.png?v=3,foto,E4 Ítem 17,Imagen real del estímulo; el dato se lee en la figura,1
Electricidad,Emprendimiento y empleabilidad,26,59,e4.png?v=3,foto,E4 Ítem 18,Imagen real del estímulo; el dato se lee en la figura,1
Electricidad,Emprendimiento y empleabilidad,26,60,e4.png?v=3,foto,E4 Ítem 19,Imagen real del estímulo; el dato se lee en la figura,1
Electricidad,Emprendimiento y empleabilidad,26,61,e4.png?v=3,foto,E4 Ítem 20,Imagen real del estímulo; el dato se lee en la figura,1
Electricidad,Emprendimiento y empleabilidad,26,62,e4.png?v=3,foto,E4 Ítem 21,Imagen real del estímulo; el dato se lee en la figura,1
Electricidad,Emprendimiento y empleabilidad,26,63,e4.png?v=3,foto,E4 Ítem 22,Imagen real del estímulo; el dato se lee en la figura,1
Electricidad,Emprendimiento y empleabilidad,26,64,e4.png?v=3,foto,E4 Ítem 23,Imagen real del estímulo; el dato se lee en la figura,1
Electricidad,Emprendimiento y empleabilidad,26,65,e4.png?v=3,foto,E4 Ítem 24,Imagen real del estímulo; el dato se lee en la figura,1
Electricidad,Emprendimiento y empleabilidad,26,66,e4.png?v=3,foto,E4 Ítem 25,Imagen real del estímulo; el dato se lee en la figura,1
Electricidad,Emprendimiento y empleabilidad,26,67,oficio-plano-leyenda.png?v=3,foto,E5 Retroalimentación,Frame del error en cada pregunta incorrecta,1
"Atención de Enfermería, mención Adulto Mayor",Aplicación de cuidados básicos,9,1,e1.png?v=3,foto,E1 Contextualización · explorar,Observar el escenario del AE con hotspots ligados a criterio,1
"Atención de Enfermería, mención Adulto Mayor",Aplicación de cuidados básicos,9,2,e2.png?v=3,3d,E2 AE1 etapa 1 (hotspot),"Atiende integralmente y con los cuidados básicos de enfermería, a las y los pacientes y su familia según la etapa del ciclo vital, considerando las necesidades básicas, los derechos del paciente y la calidad de la atención en salud.",1
"Atención de Enfermería, mención Adulto Mayor",Aplicación de cuidados básicos,9,3,e2.png?v=3,foto,E2 AE1 etapa 2 (match),"Atiende integralmente y con los cuidados básicos de enfermería, a las y los pacientes y su familia según la etapa del ciclo vital, considerando las necesidades básicas, los derechos del paciente y la calidad de la atención en salud.",1
"Atención de Enfermería, mención Adulto Mayor",Aplicación de cuidados básicos,9,4,e2.png?v=3,foto,E2 AE1 etapa 3 (order),"Atiende integralmente y con los cuidados básicos de enfermería, a las y los pacientes y su familia según la etapa del ciclo vital, considerando las necesidades básicas, los derechos del paciente y la calidad de la atención en salud.",1
"Atención de Enfermería, mención Adulto Mayor",Aplicación de cuidados básicos,9,5,e2.png?v=3,foto,E2 AE1 etapa 4 (choice),"Atiende integralmente y con los cuidados básicos de enfermería, a las y los pacientes y su familia según la etapa del ciclo vital, considerando las necesidades básicas, los derechos del paciente y la calidad de la atención en salud.",1
"Atención de Enfermería, mención Adulto Mayor",Aplicación de cuidados básicos,9,6,e2.png?v=3,foto,E2 AE1 etapa 5 (choice),"Atiende integralmente y con los cuidados básicos de enfermería, a las y los pacientes y su familia según la etapa del ciclo vital, considerando las necesidades básicas, los derechos del paciente y la calidad de la atención en salud.",1
"Atención de Enfermería, mención Adulto Mayor",Aplicación de cuidados básicos,9,7,e2.png?v=3,foto,E2 AE1 etapa 6 (reflect),"Atiende integralmente y con los cuidados básicos de enfermería, a las y los pacientes y su familia según la etapa del ciclo vital, considerando las necesidades básicas, los derechos del paciente y la calidad de la atención en salud.",1
"Atención de Enfermería, mención Adulto Mayor",Aplicación de cuidados básicos,9,8,e2.png?v=3,3d,E2 AE2 etapa 1 (hotspot),"Ejecuta los procedimientos de higiene y confort a pacientes pediátricos y adultos, de acuerdo al plan de atención de enfermería, respetando la privacidad, el pudor y el protocolo establecido.",1
"Atención de Enfermería, mención Adulto Mayor",Aplicación de cuidados básicos,9,9,e2.png?v=3,foto,E2 AE2 etapa 2 (match),"Ejecuta los procedimientos de higiene y confort a pacientes pediátricos y adultos, de acuerdo al plan de atención de enfermería, respetando la privacidad, el pudor y el protocolo establecido.",1
"Atención de Enfermería, mención Adulto Mayor",Aplicación de cuidados básicos,9,10,e2.png?v=3,foto,E2 AE2 etapa 3 (order),"Ejecuta los procedimientos de higiene y confort a pacientes pediátricos y adultos, de acuerdo al plan de atención de enfermería, respetando la privacidad, el pudor y el protocolo establecido.",1
"Atención de Enfermería, mención Adulto Mayor",Aplicación de cuidados básicos,9,11,e2.png?v=3,foto,E2 AE2 etapa 4 (choice),"Ejecuta los procedimientos de higiene y confort a pacientes pediátricos y adultos, de acuerdo al plan de atención de enfermería, respetando la privacidad, el pudor y el protocolo establecido.",1
"Atención de Enfermería, mención Adulto Mayor",Aplicación de cuidados básicos,9,12,e2.png?v=3,foto,E2 AE2 etapa 5 (choice),"Ejecuta los procedimientos de higiene y confort a pacientes pediátricos y adultos, de acuerdo al plan de atención de enfermería, respetando la privacidad, el pudor y el protocolo establecido.",1
"Atención de Enfermería, mención Adulto Mayor",Aplicación de cuidados básicos,9,13,e2.png?v=3,foto,E2 AE2 etapa 6 (reflect),"Ejecuta los procedimientos de higiene y confort a pacientes pediátricos y adultos, de acuerdo al plan de atención de enfermería, respetando la privacidad, el pudor y el protocolo establecido.",1
"Atención de Enfermería, mención Adulto Mayor",Aplicación de cuidados básicos,9,14,e2.png?v=3,3d,E2 AE3 etapa 1 (hotspot),"Realiza las actividades y tareas de prevención de alteración de las necesidades básicas, considerando las normas de calidad de atención y los derechos de las y los pacientes.",1
"Atención de Enfermería, mención Adulto Mayor",Aplicación de cuidados básicos,9,15,e2.png?v=3,foto,E2 AE3 etapa 2 (match),"Realiza las actividades y tareas de prevención de alteración de las necesidades básicas, considerando las normas de calidad de atención y los derechos de las y los pacientes.",1
"Atención de Enfermería, mención Adulto Mayor",Aplicación de cuidados básicos,9,16,e2.png?v=3,foto,E2 AE3 etapa 3 (order),"Realiza las actividades y tareas de prevención de alteración de las necesidades básicas, considerando las normas de calidad de atención y los derechos de las y los pacientes.",1
"Atención de Enfermería, mención Adulto Mayor",Aplicación de cuidados básicos,9,17,e2.png?v=3,foto,E2 AE3 etapa 4 (choice),"Realiza las actividades y tareas de prevención de alteración de las necesidades básicas, considerando las normas de calidad de atención y los derechos de las y los pacientes.",1
"Atención de Enfermería, mención Adulto Mayor",Aplicación de cuidados básicos,9,18,e2.png?v=3,foto,E2 AE3 etapa 5 (choice),"Realiza las actividades y tareas de prevención de alteración de las necesidades básicas, considerando las normas de calidad de atención y los derechos de las y los pacientes.",1
"Atención de Enfermería, mención Adulto Mayor",Aplicación de cuidados básicos,9,19,e2.png?v=3,foto,E2 AE3 etapa 6 (reflect),"Realiza las actividades y tareas de prevención de alteración de las necesidades básicas, considerando las normas de calidad de atención y los derechos de las y los pacientes.",1
"Atención de Enfermería, mención Adulto Mayor",Aplicación de cuidados básicos,9,20,e3.png?v=3,foto,E3 Situación 1,Decidir en la situación con evidencia visible,1
"Atención de Enfermería, mención Adulto Mayor",Aplicación de cuidados básicos,9,21,e3.png?v=3,foto,E3 Situación 2,Decidir en la situación con evidencia visible,1
"Atención de Enfermería, mención Adulto Mayor",Aplicación de cuidados básicos,9,22,e3.png?v=3,foto,E3 Situación 3,Decidir en la situación con evidencia visible,1
"Atención de Enfermería, mención Adulto Mayor",Aplicación de cuidados básicos,9,23,e3.png?v=3,foto,E3 Situación 4,Decidir en la situación con evidencia visible,1
"Atención de Enfermería, mención Adulto Mayor",Aplicación de cuidados básicos,9,24,e3.png?v=3,foto,E3 Situación 5,Decidir en la situación con evidencia visible,1
"Atención de Enfermería, mención Adulto Mayor",Aplicación de cuidados básicos,9,25,e3.png?v=3,foto,E3 Situación 6,Decidir en la situación con evidencia visible,1
"Atención de Enfermería, mención Adulto Mayor",Aplicación de cuidados básicos,9,26,e3.png?v=3,foto,E3 Situación 7,Decidir en la situación con evidencia visible,1
"Atención de Enfermería, mención Adulto Mayor",Aplicación de cuidados básicos,9,27,e3.png?v=3,foto,E3 Situación 8,Decidir en la situación con evidencia visible,1
"Atención de Enfermería, mención Adulto Mayor",Aplicación de cuidados básicos,9,28,e3.png?v=3,foto,E3 Situación 9,Decidir en la situación con evidencia visible,1
"Atención de Enfermería, mención Adulto Mayor",Aplicación de cuidados básicos,9,29,e3.png?v=3,foto,E3 Situación 10,Decidir en la situación con evidencia visible,1
"Atención de Enfermería, mención Adulto Mayor",Aplicación de cuidados básicos,9,30,e3.png?v=3,foto,E3 Situación 11,Decidir en la situación con evidencia visible,1
"Atención de Enfermería, mención Adulto Mayor",Aplicación de cuidados básicos,9,31,e3.png?v=3,foto,E3 Situación 12,Decidir en la situación con evidencia visible,1
"Atención de Enfermería, mención Adulto Mayor",Aplicación de cuidados básicos,9,32,e3.png?v=3,foto,E3 Situación 13,Decidir en la situación con evidencia visible,1
"Atención de Enfermería, mención Adulto Mayor",Aplicación de cuidados básicos,9,33,e3.png?v=3,foto,E3 Situación 14,Decidir en la situación con evidencia visible,1
"Atención de Enfermería, mención Adulto Mayor",Aplicación de cuidados básicos,9,34,e3.png?v=3,foto,E3 Situación 15,Decidir en la situación con evidencia visible,1
"Atención de Enfermería, mención Adulto Mayor",Aplicación de cuidados básicos,9,35,e3.png?v=3,interactive-procedure,E3 Situación final 3D,"Recorrer el procedimiento (armar, instalar, diagnosticar) en el equipo",1
"Atención de Enfermería, mención Adulto Mayor",Aplicación de cuidados básicos,9,36,e4.png?v=3,foto,E4 Ítem 1,Imagen real del estímulo; el dato se lee en la figura,1
"Atención de Enfermería, mención Adulto Mayor",Aplicación de cuidados básicos,9,37,e4.png?v=3,foto,E4 Ítem 2,Imagen real del estímulo; el dato se lee en la figura,1
"Atención de Enfermería, mención Adulto Mayor",Aplicación de cuidados básicos,9,38,e4.png?v=3,foto,E4 Ítem 3,Imagen real del estímulo; el dato se lee en la figura,1
"Atención de Enfermería, mención Adulto Mayor",Aplicación de cuidados básicos,9,39,e4.png?v=3,foto,E4 Ítem 4,Imagen real del estímulo; el dato se lee en la figura,1
"Atención de Enfermería, mención Adulto Mayor",Aplicación de cuidados básicos,9,40,e4.png?v=3,foto,E4 Ítem 5,Imagen real del estímulo; el dato se lee en la figura,1
"Atención de Enfermería, mención Adulto Mayor",Aplicación de cuidados básicos,9,41,e4.png?v=3,foto,E4 Ítem 6,Imagen real del estímulo; el dato se lee en la figura,1
"Atención de Enfermería, mención Adulto Mayor",Aplicación de cuidados básicos,9,42,e4.png?v=3,foto,E4 Ítem 7,Imagen real del estímulo; el dato se lee en la figura,1
"Atención de Enfermería, mención Adulto Mayor",Aplicación de cuidados básicos,9,43,e4.png?v=3,foto,E4 Ítem 8,Imagen real del estímulo; el dato se lee en la figura,1
"Atención de Enfermería, mención Adulto Mayor",Aplicación de cuidados básicos,9,44,e4.png?v=3,foto,E4 Ítem 9,Imagen real del estímulo; el dato se lee en la figura,1
"Atención de Enfermería, mención Adulto Mayor",Aplicación de cuidados básicos,9,45,e4.png?v=3,foto,E4 Ítem 10,Imagen real del estímulo; el dato se lee en la figura,1
"Atención de Enfermería, mención Adulto Mayor",Aplicación de cuidados básicos,9,46,e4.png?v=3,foto,E4 Ítem 11,Imagen real del estímulo; el dato se lee en la figura,1
"Atención de Enfermería, mención Adulto Mayor",Aplicación de cuidados básicos,9,47,e4.png?v=3,foto,E4 Ítem 12,Imagen real del estímulo; el dato se lee en la figura,1
"Atención de Enfermería, mención Adulto Mayor",Aplicación de cuidados básicos,9,48,e4.png?v=3,foto,E4 Ítem 13,Imagen real del estímulo; el dato se lee en la figura,1
"Atención de Enfermería, mención Adulto Mayor",Aplicación de cuidados básicos,9,49,e4.png?v=3,foto,E4 Ítem 14,Imagen real del estímulo; el dato se lee en la figura,1
"Atención de Enfermería, mención Adulto Mayor",Aplicación de cuidados básicos,9,50,e4.png?v=3,foto,E4 Ítem 15,Imagen real del estímulo; el dato se lee en la figura,1
"Atención de Enfermería, mención Adulto Mayor",Aplicación de cuidados básicos,9,51,e4.png?v=3,foto,E4 Ítem 16,Imagen real del estímulo; el dato se lee en la figura,1
"Atención de Enfermería, mención Adulto Mayor",Aplicación de cuidados básicos,9,52,e4.png?v=3,foto,E4 Ítem 17,Imagen real del estímulo; el dato se lee en la figura,1
"Atención de Enfermería, mención Adulto Mayor",Aplicación de cuidados básicos,9,53,e4.png?v=3,foto,E4 Ítem 18,Imagen real del estímulo; el dato se lee en la figura,1
"Atención de Enfermería, mención Adulto Mayor",Aplicación de cuidados básicos,9,54,e4.png?v=3,foto,E4 Ítem 19,Imagen real del estímulo; el dato se lee en la figura,1
"Atención de Enfermería, mención Adulto Mayor",Aplicación de cuidados básicos,9,55,e4.png?v=3,foto,E4 Ítem 20,Imagen real del estímulo; el dato se lee en la figura,1
"Atención de Enfermería, mención Adulto Mayor",Aplicación de cuidados básicos,9,56,e4.png?v=3,foto,E4 Ítem 21,Imagen real del estímulo; el dato se lee en la figura,1
"Atención de Enfermería, mención Adulto Mayor",Aplicación de cuidados básicos,9,57,e4.png?v=3,foto,E4 Ítem 22,Imagen real del estímulo; el dato se lee en la figura,1
"Atención de Enfermería, mención Adulto Mayor",Aplicación de cuidados básicos,9,58,e4.png?v=3,foto,E4 Ítem 23,Imagen real del estímulo; el dato se lee en la figura,1
"Atención de Enfermería, mención Adulto Mayor",Aplicación de cuidados básicos,9,59,e4.png?v=3,foto,E4 Ítem 24,Imagen real del estímulo; el dato se lee en la figura,1
"Atención de Enfermería, mención Adulto Mayor",Aplicación de cuidados básicos,9,60,e4.png?v=3,foto,E4 Ítem 25,Imagen real del estímulo; el dato se lee en la figura,1
"Atención de Enfermería, mención Adulto Mayor",Aplicación de cuidados básicos,9,61,oficio-plano-leyenda.png?v=3,foto,E5 Retroalimentación,Frame del error en cada pregunta incorrecta,1
"Atención de Enfermería, mención Adulto Mayor",Medición y control de parámetros básicos en salud,10,1,e1.png?v=3,foto,E1 Contextualización · explorar,Observar el escenario del AE con hotspots ligados a criterio,1
"Atención de Enfermería, mención Adulto Mayor",Medición y control de parámetros básicos en salud,10,2,e2.png?v=3,3d,E2 AE1 etapa 1 (hotspot),"Controla los signos vitales de acuerdo a la indicación profesional, al plan de atención y necesidad de la o el paciente, considerando los principios de asepsia, antisepsia y seguridad.",1
"Atención de Enfermería, mención Adulto Mayor",Medición y control de parámetros básicos en salud,10,3,e2.png?v=3,foto,E2 AE1 etapa 2 (match),"Controla los signos vitales de acuerdo a la indicación profesional, al plan de atención y necesidad de la o el paciente, considerando los principios de asepsia, antisepsia y seguridad.",1
"Atención de Enfermería, mención Adulto Mayor",Medición y control de parámetros básicos en salud,10,4,e2.png?v=3,foto,E2 AE1 etapa 3 (order),"Controla los signos vitales de acuerdo a la indicación profesional, al plan de atención y necesidad de la o el paciente, considerando los principios de asepsia, antisepsia y seguridad.",1
"Atención de Enfermería, mención Adulto Mayor",Medición y control de parámetros básicos en salud,10,5,e2.png?v=3,foto,E2 AE1 etapa 4 (choice),"Controla los signos vitales de acuerdo a la indicación profesional, al plan de atención y necesidad de la o el paciente, considerando los principios de asepsia, antisepsia y seguridad.",1
"Atención de Enfermería, mención Adulto Mayor",Medición y control de parámetros básicos en salud,10,6,e2.png?v=3,foto,E2 AE1 etapa 5 (choice),"Controla los signos vitales de acuerdo a la indicación profesional, al plan de atención y necesidad de la o el paciente, considerando los principios de asepsia, antisepsia y seguridad.",1
"Atención de Enfermería, mención Adulto Mayor",Medición y control de parámetros básicos en salud,10,7,e2.png?v=3,foto,E2 AE1 etapa 6 (reflect),"Controla los signos vitales de acuerdo a la indicación profesional, al plan de atención y necesidad de la o el paciente, considerando los principios de asepsia, antisepsia y seguridad.",1
"Atención de Enfermería, mención Adulto Mayor",Medición y control de parámetros básicos en salud,10,8,e2.png?v=3,3d,E2 AE2 etapa 1 (hotspot),"Efectúa control de antropometría a pacientes pediátricos y adultos, cumpliendo las normas establecidas y el protocolo definido en el establecimiento.",1
"Atención de Enfermería, mención Adulto Mayor",Medición y control de parámetros básicos en salud,10,9,e2.png?v=3,foto,E2 AE2 etapa 2 (match),"Efectúa control de antropometría a pacientes pediátricos y adultos, cumpliendo las normas establecidas y el protocolo definido en el establecimiento.",1
"Atención de Enfermería, mención Adulto Mayor",Medición y control de parámetros básicos en salud,10,10,e2.png?v=3,foto,E2 AE2 etapa 3 (order),"Efectúa control de antropometría a pacientes pediátricos y adultos, cumpliendo las normas establecidas y el protocolo definido en el establecimiento.",1
"Atención de Enfermería, mención Adulto Mayor",Medición y control de parámetros básicos en salud,10,11,e2.png?v=3,foto,E2 AE2 etapa 4 (choice),"Efectúa control de antropometría a pacientes pediátricos y adultos, cumpliendo las normas establecidas y el protocolo definido en el establecimiento.",1
"Atención de Enfermería, mención Adulto Mayor",Medición y control de parámetros básicos en salud,10,12,e2.png?v=3,foto,E2 AE2 etapa 5 (choice),"Efectúa control de antropometría a pacientes pediátricos y adultos, cumpliendo las normas establecidas y el protocolo definido en el establecimiento.",1
"Atención de Enfermería, mención Adulto Mayor",Medición y control de parámetros básicos en salud,10,13,e2.png?v=3,foto,E2 AE2 etapa 6 (reflect),"Efectúa control de antropometría a pacientes pediátricos y adultos, cumpliendo las normas establecidas y el protocolo definido en el establecimiento.",1
"Atención de Enfermería, mención Adulto Mayor",Medición y control de parámetros básicos en salud,10,14,e2.png?v=3,3d,E2 AE3 etapa 1 (hotspot),"Organiza equipos, materiales e insumos, para realizar el control de signos vitales y antropometría a pacientes, de acuerdo a los protocolos establecidos.",1
"Atención de Enfermería, mención Adulto Mayor",Medición y control de parámetros básicos en salud,10,15,e2.png?v=3,foto,E2 AE3 etapa 2 (match),"Organiza equipos, materiales e insumos, para realizar el control de signos vitales y antropometría a pacientes, de acuerdo a los protocolos establecidos.",1
"Atención de Enfermería, mención Adulto Mayor",Medición y control de parámetros básicos en salud,10,16,e2.png?v=3,foto,E2 AE3 etapa 3 (order),"Organiza equipos, materiales e insumos, para realizar el control de signos vitales y antropometría a pacientes, de acuerdo a los protocolos establecidos.",1
"Atención de Enfermería, mención Adulto Mayor",Medición y control de parámetros básicos en salud,10,17,e2.png?v=3,foto,E2 AE3 etapa 4 (choice),"Organiza equipos, materiales e insumos, para realizar el control de signos vitales y antropometría a pacientes, de acuerdo a los protocolos establecidos.",1
"Atención de Enfermería, mención Adulto Mayor",Medición y control de parámetros básicos en salud,10,18,e2.png?v=3,foto,E2 AE3 etapa 5 (choice),"Organiza equipos, materiales e insumos, para realizar el control de signos vitales y antropometría a pacientes, de acuerdo a los protocolos establecidos.",1
"Atención de Enfermería, mención Adulto Mayor",Medición y control de parámetros básicos en salud,10,19,e2.png?v=3,foto,E2 AE3 etapa 6 (reflect),"Organiza equipos, materiales e insumos, para realizar el control de signos vitales y antropometría a pacientes, de acuerdo a los protocolos establecidos.",1
"Atención de Enfermería, mención Adulto Mayor",Medición y control de parámetros básicos en salud,10,20,e3.png?v=3,foto,E3 Situación 1,Decidir en la situación con evidencia visible,1
"Atención de Enfermería, mención Adulto Mayor",Medición y control de parámetros básicos en salud,10,21,e3.png?v=3,foto,E3 Situación 2,Decidir en la situación con evidencia visible,1
"Atención de Enfermería, mención Adulto Mayor",Medición y control de parámetros básicos en salud,10,22,e3.png?v=3,foto,E3 Situación 3,Decidir en la situación con evidencia visible,1
"Atención de Enfermería, mención Adulto Mayor",Medición y control de parámetros básicos en salud,10,23,e3.png?v=3,foto,E3 Situación 4,Decidir en la situación con evidencia visible,1
"Atención de Enfermería, mención Adulto Mayor",Medición y control de parámetros básicos en salud,10,24,e3.png?v=3,foto,E3 Situación 5,Decidir en la situación con evidencia visible,1
"Atención de Enfermería, mención Adulto Mayor",Medición y control de parámetros básicos en salud,10,25,e3.png?v=3,foto,E3 Situación 6,Decidir en la situación con evidencia visible,1
"Atención de Enfermería, mención Adulto Mayor",Medición y control de parámetros básicos en salud,10,26,e3.png?v=3,foto,E3 Situación 7,Decidir en la situación con evidencia visible,1
"Atención de Enfermería, mención Adulto Mayor",Medición y control de parámetros básicos en salud,10,27,e3.png?v=3,foto,E3 Situación 8,Decidir en la situación con evidencia visible,1
"Atención de Enfermería, mención Adulto Mayor",Medición y control de parámetros básicos en salud,10,28,e3.png?v=3,foto,E3 Situación 9,Decidir en la situación con evidencia visible,1
"Atención de Enfermería, mención Adulto Mayor",Medición y control de parámetros básicos en salud,10,29,e3.png?v=3,foto,E3 Situación 10,Decidir en la situación con evidencia visible,1
"Atención de Enfermería, mención Adulto Mayor",Medición y control de parámetros básicos en salud,10,30,e3.png?v=3,foto,E3 Situación 11,Decidir en la situación con evidencia visible,1
"Atención de Enfermería, mención Adulto Mayor",Medición y control de parámetros básicos en salud,10,31,e3.png?v=3,foto,E3 Situación 12,Decidir en la situación con evidencia visible,1
"Atención de Enfermería, mención Adulto Mayor",Medición y control de parámetros básicos en salud,10,32,e3.png?v=3,foto,E3 Situación 13,Decidir en la situación con evidencia visible,1
"Atención de Enfermería, mención Adulto Mayor",Medición y control de parámetros básicos en salud,10,33,e3.png?v=3,foto,E3 Situación 14,Decidir en la situación con evidencia visible,1
"Atención de Enfermería, mención Adulto Mayor",Medición y control de parámetros básicos en salud,10,34,e3.png?v=3,foto,E3 Situación 15,Decidir en la situación con evidencia visible,1
"Atención de Enfermería, mención Adulto Mayor",Medición y control de parámetros básicos en salud,10,35,e3.png?v=3,interactive-procedure,E3 Situación final 3D,"Recorrer el procedimiento (armar, instalar, diagnosticar) en el equipo",1
"Atención de Enfermería, mención Adulto Mayor",Medición y control de parámetros básicos en salud,10,36,e4.png?v=3,foto,E4 Ítem 1,Imagen real del estímulo; el dato se lee en la figura,1
"Atención de Enfermería, mención Adulto Mayor",Medición y control de parámetros básicos en salud,10,37,e4.png?v=3,foto,E4 Ítem 2,Imagen real del estímulo; el dato se lee en la figura,1
"Atención de Enfermería, mención Adulto Mayor",Medición y control de parámetros básicos en salud,10,38,e4.png?v=3,foto,E4 Ítem 3,Imagen real del estímulo; el dato se lee en la figura,1
"Atención de Enfermería, mención Adulto Mayor",Medición y control de parámetros básicos en salud,10,39,e4.png?v=3,foto,E4 Ítem 4,Imagen real del estímulo; el dato se lee en la figura,1
"Atención de Enfermería, mención Adulto Mayor",Medición y control de parámetros básicos en salud,10,40,e4.png?v=3,foto,E4 Ítem 5,Imagen real del estímulo; el dato se lee en la figura,1
"Atención de Enfermería, mención Adulto Mayor",Medición y control de parámetros básicos en salud,10,41,e4.png?v=3,foto,E4 Ítem 6,Imagen real del estímulo; el dato se lee en la figura,1
"Atención de Enfermería, mención Adulto Mayor",Medición y control de parámetros básicos en salud,10,42,e4.png?v=3,foto,E4 Ítem 7,Imagen real del estímulo; el dato se lee en la figura,1
"Atención de Enfermería, mención Adulto Mayor",Medición y control de parámetros básicos en salud,10,43,e4.png?v=3,foto,E4 Ítem 8,Imagen real del estímulo; el dato se lee en la figura,1
"Atención de Enfermería, mención Adulto Mayor",Medición y control de parámetros básicos en salud,10,44,e4.png?v=3,foto,E4 Ítem 9,Imagen real del estímulo; el dato se lee en la figura,1
"Atención de Enfermería, mención Adulto Mayor",Medición y control de parámetros básicos en salud,10,45,e4.png?v=3,foto,E4 Ítem 10,Imagen real del estímulo; el dato se lee en la figura,1
"Atención de Enfermería, mención Adulto Mayor",Medición y control de parámetros básicos en salud,10,46,e4.png?v=3,foto,E4 Ítem 11,Imagen real del estímulo; el dato se lee en la figura,1
"Atención de Enfermería, mención Adulto Mayor",Medición y control de parámetros básicos en salud,10,47,e4.png?v=3,foto,E4 Ítem 12,Imagen real del estímulo; el dato se lee en la figura,1
"Atención de Enfermería, mención Adulto Mayor",Medición y control de parámetros básicos en salud,10,48,e4.png?v=3,foto,E4 Ítem 13,Imagen real del estímulo; el dato se lee en la figura,1
"Atención de Enfermería, mención Adulto Mayor",Medición y control de parámetros básicos en salud,10,49,e4.png?v=3,foto,E4 Ítem 14,Imagen real del estímulo; el dato se lee en la figura,1
"Atención de Enfermería, mención Adulto Mayor",Medición y control de parámetros básicos en salud,10,50,e4.png?v=3,foto,E4 Ítem 15,Imagen real del estímulo; el dato se lee en la figura,1
"Atención de Enfermería, mención Adulto Mayor",Medición y control de parámetros básicos en salud,10,51,e4.png?v=3,foto,E4 Ítem 16,Imagen real del estímulo; el dato se lee en la figura,1
"Atención de Enfermería, mención Adulto Mayor",Medición y control de parámetros básicos en salud,10,52,e4.png?v=3,foto,E4 Ítem 17,Imagen real del estímulo; el dato se lee en la figura,1
"Atención de Enfermería, mención Adulto Mayor",Medición y control de parámetros básicos en salud,10,53,e4.png?v=3,foto,E4 Ítem 18,Imagen real del estímulo; el dato se lee en la figura,1
"Atención de Enfermería, mención Adulto Mayor",Medición y control de parámetros básicos en salud,10,54,e4.png?v=3,foto,E4 Ítem 19,Imagen real del estímulo; el dato se lee en la figura,1
"Atención de Enfermería, mención Adulto Mayor",Medición y control de parámetros básicos en salud,10,55,e4.png?v=3,foto,E4 Ítem 20,Imagen real del estímulo; el dato se lee en la figura,1
"Atención de Enfermería, mención Adulto Mayor",Medición y control de parámetros básicos en salud,10,56,e4.png?v=3,foto,E4 Ítem 21,Imagen real del estímulo; el dato se lee en la figura,1
"Atención de Enfermería, mención Adulto Mayor",Medición y control de parámetros básicos en salud,10,57,e4.png?v=3,foto,E4 Ítem 22,Imagen real del estímulo; el dato se lee en la figura,1
"Atención de Enfermería, mención Adulto Mayor",Medición y control de parámetros básicos en salud,10,58,e4.png?v=3,foto,E4 Ítem 23,Imagen real del estímulo; el dato se lee en la figura,1
"Atención de Enfermería, mención Adulto Mayor",Medición y control de parámetros básicos en salud,10,59,e4.png?v=3,foto,E4 Ítem 24,Imagen real del estímulo; el dato se lee en la figura,1
"Atención de Enfermería, mención Adulto Mayor",Medición y control de parámetros básicos en salud,10,60,e4.png?v=3,foto,E4 Ítem 25,Imagen real del estímulo; el dato se lee en la figura,1
"Atención de Enfermería, mención Adulto Mayor",Medición y control de parámetros básicos en salud,10,61,oficio-visor-21c.png?v=3,foto,E5 Retroalimentación,Frame del error en cada pregunta incorrecta,1
"Atención de Enfermería, mención Adulto Mayor",Promoción de la salud y prevención de la enfermedad,11,1,e1.png?v=3,foto,E1 Contextualización · explorar,Observar el escenario del AE con hotspots ligados a criterio,1
"Atención de Enfermería, mención Adulto Mayor",Promoción de la salud y prevención de la enfermedad,11,2,e2.png?v=3,3d,E2 AE1 etapa 1 (hotspot),"Realiza acciones de prevención de enfermedades en distintos grupos etarios, y promueve el modelo de salud familiar desde su nivel de competencias y de acuerdo a lo establecido por el MINSAL.",1
"Atención de Enfermería, mención Adulto Mayor",Promoción de la salud y prevención de la enfermedad,11,3,e2.png?v=3,foto,E2 AE1 etapa 2 (match),"Realiza acciones de prevención de enfermedades en distintos grupos etarios, y promueve el modelo de salud familiar desde su nivel de competencias y de acuerdo a lo establecido por el MINSAL.",1
"Atención de Enfermería, mención Adulto Mayor",Promoción de la salud y prevención de la enfermedad,11,4,e2.png?v=3,foto,E2 AE1 etapa 3 (order),"Realiza acciones de prevención de enfermedades en distintos grupos etarios, y promueve el modelo de salud familiar desde su nivel de competencias y de acuerdo a lo establecido por el MINSAL.",1
"Atención de Enfermería, mención Adulto Mayor",Promoción de la salud y prevención de la enfermedad,11,5,e2.png?v=3,foto,E2 AE1 etapa 4 (choice),"Realiza acciones de prevención de enfermedades en distintos grupos etarios, y promueve el modelo de salud familiar desde su nivel de competencias y de acuerdo a lo establecido por el MINSAL.",1
"Atención de Enfermería, mención Adulto Mayor",Promoción de la salud y prevención de la enfermedad,11,6,e2.png?v=3,foto,E2 AE1 etapa 5 (choice),"Realiza acciones de prevención de enfermedades en distintos grupos etarios, y promueve el modelo de salud familiar desde su nivel de competencias y de acuerdo a lo establecido por el MINSAL.",1
"Atención de Enfermería, mención Adulto Mayor",Promoción de la salud y prevención de la enfermedad,11,7,e2.png?v=3,foto,E2 AE1 etapa 6 (reflect),"Realiza acciones de prevención de enfermedades en distintos grupos etarios, y promueve el modelo de salud familiar desde su nivel de competencias y de acuerdo a lo establecido por el MINSAL.",1
"Atención de Enfermería, mención Adulto Mayor",Promoción de la salud y prevención de la enfermedad,11,8,e2.png?v=3,3d,E2 AE2 etapa 1 (hotspot),"Ejecuta acciones de prevención de riesgos para la salud de las personas asociadas a la manipulación e ingesta de agua y alimentos, la disposición de residuos domiciliarios, la contaminación atmosférica y las condiciones de la vivienda, considerando los estándares de saneamiento básico.",1
"Atención de Enfermería, mención Adulto Mayor",Promoción de la salud y prevención de la enfermedad,11,9,e2.png?v=3,foto,E2 AE2 etapa 2 (match),"Ejecuta acciones de prevención de riesgos para la salud de las personas asociadas a la manipulación e ingesta de agua y alimentos, la disposición de residuos domiciliarios, la contaminación atmosférica y las condiciones de la vivienda, considerando los estándares de saneamiento básico.",1
"Atención de Enfermería, mención Adulto Mayor",Promoción de la salud y prevención de la enfermedad,11,10,e2.png?v=3,foto,E2 AE2 etapa 3 (order),"Ejecuta acciones de prevención de riesgos para la salud de las personas asociadas a la manipulación e ingesta de agua y alimentos, la disposición de residuos domiciliarios, la contaminación atmosférica y las condiciones de la vivienda, considerando los estándares de saneamiento básico.",1
"Atención de Enfermería, mención Adulto Mayor",Promoción de la salud y prevención de la enfermedad,11,11,e2.png?v=3,foto,E2 AE2 etapa 4 (choice),"Ejecuta acciones de prevención de riesgos para la salud de las personas asociadas a la manipulación e ingesta de agua y alimentos, la disposición de residuos domiciliarios, la contaminación atmosférica y las condiciones de la vivienda, considerando los estándares de saneamiento básico.",1
"Atención de Enfermería, mención Adulto Mayor",Promoción de la salud y prevención de la enfermedad,11,12,e2.png?v=3,foto,E2 AE2 etapa 5 (choice),"Ejecuta acciones de prevención de riesgos para la salud de las personas asociadas a la manipulación e ingesta de agua y alimentos, la disposición de residuos domiciliarios, la contaminación atmosférica y las condiciones de la vivienda, considerando los estándares de saneamiento básico.",1
"Atención de Enfermería, mención Adulto Mayor",Promoción de la salud y prevención de la enfermedad,11,13,e2.png?v=3,foto,E2 AE2 etapa 6 (reflect),"Ejecuta acciones de prevención de riesgos para la salud de las personas asociadas a la manipulación e ingesta de agua y alimentos, la disposición de residuos domiciliarios, la contaminación atmosférica y las condiciones de la vivienda, considerando los estándares de saneamiento básico.",1
"Atención de Enfermería, mención Adulto Mayor",Promoción de la salud y prevención de la enfermedad,11,14,e2.png?v=3,3d,E2 AE3 etapa 1 (hotspot),"Colabora en la ejecución del plan de salud comunal y programas nacionales de promoción de la salud y prevención de enfermedades en relación con la prevención de problemas infectocontagiosos, digestivos, respiratorios, enfermedades crónicas, entre otros, establecidos por el MINSAL.",1
"Atención de Enfermería, mención Adulto Mayor",Promoción de la salud y prevención de la enfermedad,11,15,e2.png?v=3,foto,E2 AE3 etapa 2 (match),"Colabora en la ejecución del plan de salud comunal y programas nacionales de promoción de la salud y prevención de enfermedades en relación con la prevención de problemas infectocontagiosos, digestivos, respiratorios, enfermedades crónicas, entre otros, establecidos por el MINSAL.",1
"Atención de Enfermería, mención Adulto Mayor",Promoción de la salud y prevención de la enfermedad,11,16,e2.png?v=3,foto,E2 AE3 etapa 3 (order),"Colabora en la ejecución del plan de salud comunal y programas nacionales de promoción de la salud y prevención de enfermedades en relación con la prevención de problemas infectocontagiosos, digestivos, respiratorios, enfermedades crónicas, entre otros, establecidos por el MINSAL.",1
"Atención de Enfermería, mención Adulto Mayor",Promoción de la salud y prevención de la enfermedad,11,17,e2.png?v=3,foto,E2 AE3 etapa 4 (choice),"Colabora en la ejecución del plan de salud comunal y programas nacionales de promoción de la salud y prevención de enfermedades en relación con la prevención de problemas infectocontagiosos, digestivos, respiratorios, enfermedades crónicas, entre otros, establecidos por el MINSAL.",1
"Atención de Enfermería, mención Adulto Mayor",Promoción de la salud y prevención de la enfermedad,11,18,e2.png?v=3,foto,E2 AE3 etapa 5 (choice),"Colabora en la ejecución del plan de salud comunal y programas nacionales de promoción de la salud y prevención de enfermedades en relación con la prevención de problemas infectocontagiosos, digestivos, respiratorios, enfermedades crónicas, entre otros, establecidos por el MINSAL.",1
"Atención de Enfermería, mención Adulto Mayor",Promoción de la salud y prevención de la enfermedad,11,19,e2.png?v=3,foto,E2 AE3 etapa 6 (reflect),"Colabora en la ejecución del plan de salud comunal y programas nacionales de promoción de la salud y prevención de enfermedades en relación con la prevención de problemas infectocontagiosos, digestivos, respiratorios, enfermedades crónicas, entre otros, establecidos por el MINSAL.",1
"Atención de Enfermería, mención Adulto Mayor",Promoción de la salud y prevención de la enfermedad,11,20,e3.png?v=3,foto,E3 Situación 1,Decidir en la situación con evidencia visible,1
"Atención de Enfermería, mención Adulto Mayor",Promoción de la salud y prevención de la enfermedad,11,21,e3.png?v=3,foto,E3 Situación 2,Decidir en la situación con evidencia visible,1
"Atención de Enfermería, mención Adulto Mayor",Promoción de la salud y prevención de la enfermedad,11,22,e3.png?v=3,foto,E3 Situación 3,Decidir en la situación con evidencia visible,1
"Atención de Enfermería, mención Adulto Mayor",Promoción de la salud y prevención de la enfermedad,11,23,e3.png?v=3,foto,E3 Situación 4,Decidir en la situación con evidencia visible,1
"Atención de Enfermería, mención Adulto Mayor",Promoción de la salud y prevención de la enfermedad,11,24,e3.png?v=3,foto,E3 Situación 5,Decidir en la situación con evidencia visible,1
"Atención de Enfermería, mención Adulto Mayor",Promoción de la salud y prevención de la enfermedad,11,25,e3.png?v=3,foto,E3 Situación 6,Decidir en la situación con evidencia visible,1
"Atención de Enfermería, mención Adulto Mayor",Promoción de la salud y prevención de la enfermedad,11,26,e3.png?v=3,foto,E3 Situación 7,Decidir en la situación con evidencia visible,1
"Atención de Enfermería, mención Adulto Mayor",Promoción de la salud y prevención de la enfermedad,11,27,e3.png?v=3,foto,E3 Situación 8,Decidir en la situación con evidencia visible,1
"Atención de Enfermería, mención Adulto Mayor",Promoción de la salud y prevención de la enfermedad,11,28,e3.png?v=3,foto,E3 Situación 9,Decidir en la situación con evidencia visible,1
"Atención de Enfermería, mención Adulto Mayor",Promoción de la salud y prevención de la enfermedad,11,29,e3.png?v=3,foto,E3 Situación 10,Decidir en la situación con evidencia visible,1
"Atención de Enfermería, mención Adulto Mayor",Promoción de la salud y prevención de la enfermedad,11,30,e3.png?v=3,foto,E3 Situación 11,Decidir en la situación con evidencia visible,1
"Atención de Enfermería, mención Adulto Mayor",Promoción de la salud y prevención de la enfermedad,11,31,e3.png?v=3,foto,E3 Situación 12,Decidir en la situación con evidencia visible,1
"Atención de Enfermería, mención Adulto Mayor",Promoción de la salud y prevención de la enfermedad,11,32,e3.png?v=3,foto,E3 Situación 13,Decidir en la situación con evidencia visible,1
"Atención de Enfermería, mención Adulto Mayor",Promoción de la salud y prevención de la enfermedad,11,33,e3.png?v=3,foto,E3 Situación 14,Decidir en la situación con evidencia visible,1
"Atención de Enfermería, mención Adulto Mayor",Promoción de la salud y prevención de la enfermedad,11,34,e3.png?v=3,foto,E3 Situación 15,Decidir en la situación con evidencia visible,1
"Atención de Enfermería, mención Adulto Mayor",Promoción de la salud y prevención de la enfermedad,11,35,e3.png?v=3,interactive-procedure,E3 Situación final 3D,"Recorrer el procedimiento (armar, instalar, diagnosticar) en el equipo",1
"Atención de Enfermería, mención Adulto Mayor",Promoción de la salud y prevención de la enfermedad,11,36,e4.png?v=3,foto,E4 Ítem 1,Imagen real del estímulo; el dato se lee en la figura,1
"Atención de Enfermería, mención Adulto Mayor",Promoción de la salud y prevención de la enfermedad,11,37,e4.png?v=3,foto,E4 Ítem 2,Imagen real del estímulo; el dato se lee en la figura,1
"Atención de Enfermería, mención Adulto Mayor",Promoción de la salud y prevención de la enfermedad,11,38,e4.png?v=3,foto,E4 Ítem 3,Imagen real del estímulo; el dato se lee en la figura,1
"Atención de Enfermería, mención Adulto Mayor",Promoción de la salud y prevención de la enfermedad,11,39,e4.png?v=3,foto,E4 Ítem 4,Imagen real del estímulo; el dato se lee en la figura,1
"Atención de Enfermería, mención Adulto Mayor",Promoción de la salud y prevención de la enfermedad,11,40,e4.png?v=3,foto,E4 Ítem 5,Imagen real del estímulo; el dato se lee en la figura,1
"Atención de Enfermería, mención Adulto Mayor",Promoción de la salud y prevención de la enfermedad,11,41,e4.png?v=3,foto,E4 Ítem 6,Imagen real del estímulo; el dato se lee en la figura,1
"Atención de Enfermería, mención Adulto Mayor",Promoción de la salud y prevención de la enfermedad,11,42,e4.png?v=3,foto,E4 Ítem 7,Imagen real del estímulo; el dato se lee en la figura,1
"Atención de Enfermería, mención Adulto Mayor",Promoción de la salud y prevención de la enfermedad,11,43,e4.png?v=3,foto,E4 Ítem 8,Imagen real del estímulo; el dato se lee en la figura,1
"Atención de Enfermería, mención Adulto Mayor",Promoción de la salud y prevención de la enfermedad,11,44,e4.png?v=3,foto,E4 Ítem 9,Imagen real del estímulo; el dato se lee en la figura,1
"Atención de Enfermería, mención Adulto Mayor",Promoción de la salud y prevención de la enfermedad,11,45,e4.png?v=3,foto,E4 Ítem 10,Imagen real del estímulo; el dato se lee en la figura,1
"Atención de Enfermería, mención Adulto Mayor",Promoción de la salud y prevención de la enfermedad,11,46,e4.png?v=3,foto,E4 Ítem 11,Imagen real del estímulo; el dato se lee en la figura,1
"Atención de Enfermería, mención Adulto Mayor",Promoción de la salud y prevención de la enfermedad,11,47,e4.png?v=3,foto,E4 Ítem 12,Imagen real del estímulo; el dato se lee en la figura,1
"Atención de Enfermería, mención Adulto Mayor",Promoción de la salud y prevención de la enfermedad,11,48,e4.png?v=3,foto,E4 Ítem 13,Imagen real del estímulo; el dato se lee en la figura,1
"Atención de Enfermería, mención Adulto Mayor",Promoción de la salud y prevención de la enfermedad,11,49,e4.png?v=3,foto,E4 Ítem 14,Imagen real del estímulo; el dato se lee en la figura,1
"Atención de Enfermería, mención Adulto Mayor",Promoción de la salud y prevención de la enfermedad,11,50,e4.png?v=3,foto,E4 Ítem 15,Imagen real del estímulo; el dato se lee en la figura,1
"Atención de Enfermería, mención Adulto Mayor",Promoción de la salud y prevención de la enfermedad,11,51,e4.png?v=3,foto,E4 Ítem 16,Imagen real del estímulo; el dato se lee en la figura,1
"Atención de Enfermería, mención Adulto Mayor",Promoción de la salud y prevención de la enfermedad,11,52,e4.png?v=3,foto,E4 Ítem 17,Imagen real del estímulo; el dato se lee en la figura,1
"Atención de Enfermería, mención Adulto Mayor",Promoción de la salud y prevención de la enfermedad,11,53,e4.png?v=3,foto,E4 Ítem 18,Imagen real del estímulo; el dato se lee en la figura,1
"Atención de Enfermería, mención Adulto Mayor",Promoción de la salud y prevención de la enfermedad,11,54,e4.png?v=3,foto,E4 Ítem 19,Imagen real del estímulo; el dato se lee en la figura,1
"Atención de Enfermería, mención Adulto Mayor",Promoción de la salud y prevención de la enfermedad,11,55,e4.png?v=3,foto,E4 Ítem 20,Imagen real del estímulo; el dato se lee en la figura,1
"Atención de Enfermería, mención Adulto Mayor",Promoción de la salud y prevención de la enfermedad,11,56,e4.png?v=3,foto,E4 Ítem 21,Imagen real del estímulo; el dato se lee en la figura,1
"Atención de Enfermería, mención Adulto Mayor",Promoción de la salud y prevención de la enfermedad,11,57,e4.png?v=3,foto,E4 Ítem 22,Imagen real del estímulo; el dato se lee en la figura,1
"Atención de Enfermería, mención Adulto Mayor",Promoción de la salud y prevención de la enfermedad,11,58,e4.png?v=3,foto,E4 Ítem 23,Imagen real del estímulo; el dato se lee en la figura,1
"Atención de Enfermería, mención Adulto Mayor",Promoción de la salud y prevención de la enfermedad,11,59,e4.png?v=3,foto,E4 Ítem 24,Imagen real del estímulo; el dato se lee en la figura,1
"Atención de Enfermería, mención Adulto Mayor",Promoción de la salud y prevención de la enfermedad,11,60,e4.png?v=3,foto,E4 Ítem 25,Imagen real del estímulo; el dato se lee en la figura,1
"Atención de Enfermería, mención Adulto Mayor",Promoción de la salud y prevención de la enfermedad,11,61,oficio-tramos.png?v=3,foto,E5 Retroalimentación,Frame del error en cada pregunta incorrecta,1
"Atención de Enfermería, mención Adulto Mayor",Higiene y bioseguridad del ambiente,12,1,e1.png?v=3,foto,E1 Contextualización · explorar,Observar el escenario del AE con hotspots ligados a criterio,1
"Atención de Enfermería, mención Adulto Mayor",Higiene y bioseguridad del ambiente,12,2,e2.png?v=3,3d,E2 AE1 etapa 1 (hotspot),"Aplica los procedimientos de aseo e higiene diariamente en la unidad de paciente y en su entorno más inmediato, de acuerdo a las normas sanitarias básicas de los centros de salud.",1
"Atención de Enfermería, mención Adulto Mayor",Higiene y bioseguridad del ambiente,12,3,e2.png?v=3,foto,E2 AE1 etapa 2 (match),"Aplica los procedimientos de aseo e higiene diariamente en la unidad de paciente y en su entorno más inmediato, de acuerdo a las normas sanitarias básicas de los centros de salud.",1
"Atención de Enfermería, mención Adulto Mayor",Higiene y bioseguridad del ambiente,12,4,e2.png?v=3,foto,E2 AE1 etapa 3 (order),"Aplica los procedimientos de aseo e higiene diariamente en la unidad de paciente y en su entorno más inmediato, de acuerdo a las normas sanitarias básicas de los centros de salud.",1
"Atención de Enfermería, mención Adulto Mayor",Higiene y bioseguridad del ambiente,12,5,e2.png?v=3,foto,E2 AE1 etapa 4 (choice),"Aplica los procedimientos de aseo e higiene diariamente en la unidad de paciente y en su entorno más inmediato, de acuerdo a las normas sanitarias básicas de los centros de salud.",1
"Atención de Enfermería, mención Adulto Mayor",Higiene y bioseguridad del ambiente,12,6,e2.png?v=3,foto,E2 AE1 etapa 5 (choice),"Aplica los procedimientos de aseo e higiene diariamente en la unidad de paciente y en su entorno más inmediato, de acuerdo a las normas sanitarias básicas de los centros de salud.",1
"Atención de Enfermería, mención Adulto Mayor",Higiene y bioseguridad del ambiente,12,7,e2.png?v=3,foto,E2 AE1 etapa 6 (reflect),"Aplica los procedimientos de aseo e higiene diariamente en la unidad de paciente y en su entorno más inmediato, de acuerdo a las normas sanitarias básicas de los centros de salud.",1
"Atención de Enfermería, mención Adulto Mayor",Higiene y bioseguridad del ambiente,12,8,e2.png?v=3,3d,E2 AE2 etapa 1 (hotspot),"Mantiene un ambiente clínico seguro para cada paciente durante el proceso de atención, aplicando las normas de seguridad de la institución.",1
"Atención de Enfermería, mención Adulto Mayor",Higiene y bioseguridad del ambiente,12,9,e2.png?v=3,foto,E2 AE2 etapa 2 (match),"Mantiene un ambiente clínico seguro para cada paciente durante el proceso de atención, aplicando las normas de seguridad de la institución.",1
"Atención de Enfermería, mención Adulto Mayor",Higiene y bioseguridad del ambiente,12,10,e2.png?v=3,foto,E2 AE2 etapa 3 (order),"Mantiene un ambiente clínico seguro para cada paciente durante el proceso de atención, aplicando las normas de seguridad de la institución.",1
"Atención de Enfermería, mención Adulto Mayor",Higiene y bioseguridad del ambiente,12,11,e2.png?v=3,foto,E2 AE2 etapa 4 (choice),"Mantiene un ambiente clínico seguro para cada paciente durante el proceso de atención, aplicando las normas de seguridad de la institución.",1
"Atención de Enfermería, mención Adulto Mayor",Higiene y bioseguridad del ambiente,12,12,e2.png?v=3,foto,E2 AE2 etapa 5 (choice),"Mantiene un ambiente clínico seguro para cada paciente durante el proceso de atención, aplicando las normas de seguridad de la institución.",1
"Atención de Enfermería, mención Adulto Mayor",Higiene y bioseguridad del ambiente,12,13,e2.png?v=3,foto,E2 AE2 etapa 6 (reflect),"Mantiene un ambiente clínico seguro para cada paciente durante el proceso de atención, aplicando las normas de seguridad de la institución.",1
"Atención de Enfermería, mención Adulto Mayor",Higiene y bioseguridad del ambiente,12,14,e3.png?v=3,foto,E3 Situación 1,Decidir en la situación con evidencia visible,1
"Atención de Enfermería, mención Adulto Mayor",Higiene y bioseguridad del ambiente,12,15,e3.png?v=3,foto,E3 Situación 2,Decidir en la situación con evidencia visible,1
"Atención de Enfermería, mención Adulto Mayor",Higiene y bioseguridad del ambiente,12,16,e3.png?v=3,foto,E3 Situación 3,Decidir en la situación con evidencia visible,1
"Atención de Enfermería, mención Adulto Mayor",Higiene y bioseguridad del ambiente,12,17,e3.png?v=3,foto,E3 Situación 4,Decidir en la situación con evidencia visible,1
"Atención de Enfermería, mención Adulto Mayor",Higiene y bioseguridad del ambiente,12,18,e3.png?v=3,foto,E3 Situación 5,Decidir en la situación con evidencia visible,1
"Atención de Enfermería, mención Adulto Mayor",Higiene y bioseguridad del ambiente,12,19,e3.png?v=3,foto,E3 Situación 6,Decidir en la situación con evidencia visible,1
"Atención de Enfermería, mención Adulto Mayor",Higiene y bioseguridad del ambiente,12,20,e3.png?v=3,foto,E3 Situación 7,Decidir en la situación con evidencia visible,1
"Atención de Enfermería, mención Adulto Mayor",Higiene y bioseguridad del ambiente,12,21,e3.png?v=3,foto,E3 Situación 8,Decidir en la situación con evidencia visible,1
"Atención de Enfermería, mención Adulto Mayor",Higiene y bioseguridad del ambiente,12,22,e3.png?v=3,foto,E3 Situación 9,Decidir en la situación con evidencia visible,1
"Atención de Enfermería, mención Adulto Mayor",Higiene y bioseguridad del ambiente,12,23,e3.png?v=3,foto,E3 Situación 10,Decidir en la situación con evidencia visible,1
"Atención de Enfermería, mención Adulto Mayor",Higiene y bioseguridad del ambiente,12,24,e3.png?v=3,foto,E3 Situación 11,Decidir en la situación con evidencia visible,1
"Atención de Enfermería, mención Adulto Mayor",Higiene y bioseguridad del ambiente,12,25,e3.png?v=3,foto,E3 Situación 12,Decidir en la situación con evidencia visible,1
"Atención de Enfermería, mención Adulto Mayor",Higiene y bioseguridad del ambiente,12,26,e3.png?v=3,foto,E3 Situación 13,Decidir en la situación con evidencia visible,1
"Atención de Enfermería, mención Adulto Mayor",Higiene y bioseguridad del ambiente,12,27,e3.png?v=3,foto,E3 Situación 14,Decidir en la situación con evidencia visible,1
"Atención de Enfermería, mención Adulto Mayor",Higiene y bioseguridad del ambiente,12,28,e3.png?v=3,foto,E3 Situación 15,Decidir en la situación con evidencia visible,1
"Atención de Enfermería, mención Adulto Mayor",Higiene y bioseguridad del ambiente,12,29,e3.png?v=3,interactive-procedure,E3 Situación final 3D,"Recorrer el procedimiento (armar, instalar, diagnosticar) en el equipo",1
"Atención de Enfermería, mención Adulto Mayor",Higiene y bioseguridad del ambiente,12,30,e4.png?v=3,foto,E4 Ítem 1,Imagen real del estímulo; el dato se lee en la figura,1
"Atención de Enfermería, mención Adulto Mayor",Higiene y bioseguridad del ambiente,12,31,e4.png?v=3,foto,E4 Ítem 2,Imagen real del estímulo; el dato se lee en la figura,1
"Atención de Enfermería, mención Adulto Mayor",Higiene y bioseguridad del ambiente,12,32,e4.png?v=3,foto,E4 Ítem 3,Imagen real del estímulo; el dato se lee en la figura,1
"Atención de Enfermería, mención Adulto Mayor",Higiene y bioseguridad del ambiente,12,33,e4.png?v=3,foto,E4 Ítem 4,Imagen real del estímulo; el dato se lee en la figura,1
"Atención de Enfermería, mención Adulto Mayor",Higiene y bioseguridad del ambiente,12,34,e4.png?v=3,foto,E4 Ítem 5,Imagen real del estímulo; el dato se lee en la figura,1
"Atención de Enfermería, mención Adulto Mayor",Higiene y bioseguridad del ambiente,12,35,e4.png?v=3,foto,E4 Ítem 6,Imagen real del estímulo; el dato se lee en la figura,1
"Atención de Enfermería, mención Adulto Mayor",Higiene y bioseguridad del ambiente,12,36,e4.png?v=3,foto,E4 Ítem 7,Imagen real del estímulo; el dato se lee en la figura,1
"Atención de Enfermería, mención Adulto Mayor",Higiene y bioseguridad del ambiente,12,37,e4.png?v=3,foto,E4 Ítem 8,Imagen real del estímulo; el dato se lee en la figura,1
"Atención de Enfermería, mención Adulto Mayor",Higiene y bioseguridad del ambiente,12,38,e4.png?v=3,foto,E4 Ítem 9,Imagen real del estímulo; el dato se lee en la figura,1
"Atención de Enfermería, mención Adulto Mayor",Higiene y bioseguridad del ambiente,12,39,e4.png?v=3,foto,E4 Ítem 10,Imagen real del estímulo; el dato se lee en la figura,1
"Atención de Enfermería, mención Adulto Mayor",Higiene y bioseguridad del ambiente,12,40,e4.png?v=3,foto,E4 Ítem 11,Imagen real del estímulo; el dato se lee en la figura,1
"Atención de Enfermería, mención Adulto Mayor",Higiene y bioseguridad del ambiente,12,41,e4.png?v=3,foto,E4 Ítem 12,Imagen real del estímulo; el dato se lee en la figura,1
"Atención de Enfermería, mención Adulto Mayor",Higiene y bioseguridad del ambiente,12,42,e4.png?v=3,foto,E4 Ítem 13,Imagen real del estímulo; el dato se lee en la figura,1
"Atención de Enfermería, mención Adulto Mayor",Higiene y bioseguridad del ambiente,12,43,e4.png?v=3,foto,E4 Ítem 14,Imagen real del estímulo; el dato se lee en la figura,1
"Atención de Enfermería, mención Adulto Mayor",Higiene y bioseguridad del ambiente,12,44,e4.png?v=3,foto,E4 Ítem 15,Imagen real del estímulo; el dato se lee en la figura,1
"Atención de Enfermería, mención Adulto Mayor",Higiene y bioseguridad del ambiente,12,45,e4.png?v=3,foto,E4 Ítem 16,Imagen real del estímulo; el dato se lee en la figura,1
"Atención de Enfermería, mención Adulto Mayor",Higiene y bioseguridad del ambiente,12,46,e4.png?v=3,foto,E4 Ítem 17,Imagen real del estímulo; el dato se lee en la figura,1
"Atención de Enfermería, mención Adulto Mayor",Higiene y bioseguridad del ambiente,12,47,e4.png?v=3,foto,E4 Ítem 18,Imagen real del estímulo; el dato se lee en la figura,1
"Atención de Enfermería, mención Adulto Mayor",Higiene y bioseguridad del ambiente,12,48,e4.png?v=3,foto,E4 Ítem 19,Imagen real del estímulo; el dato se lee en la figura,1
"Atención de Enfermería, mención Adulto Mayor",Higiene y bioseguridad del ambiente,12,49,e4.png?v=3,foto,E4 Ítem 20,Imagen real del estímulo; el dato se lee en la figura,1
"Atención de Enfermería, mención Adulto Mayor",Higiene y bioseguridad del ambiente,12,50,e4.png?v=3,foto,E4 Ítem 21,Imagen real del estímulo; el dato se lee en la figura,1
"Atención de Enfermería, mención Adulto Mayor",Higiene y bioseguridad del ambiente,12,51,e4.png?v=3,foto,E4 Ítem 22,Imagen real del estímulo; el dato se lee en la figura,1
"Atención de Enfermería, mención Adulto Mayor",Higiene y bioseguridad del ambiente,12,52,e4.png?v=3,foto,E4 Ítem 23,Imagen real del estímulo; el dato se lee en la figura,1
"Atención de Enfermería, mención Adulto Mayor",Higiene y bioseguridad del ambiente,12,53,e4.png?v=3,foto,E4 Ítem 24,Imagen real del estímulo; el dato se lee en la figura,1
"Atención de Enfermería, mención Adulto Mayor",Higiene y bioseguridad del ambiente,12,54,e4.png?v=3,foto,E4 Ítem 25,Imagen real del estímulo; el dato se lee en la figura,1
"Atención de Enfermería, mención Adulto Mayor",Higiene y bioseguridad del ambiente,12,55,oficio-equipo-ctrl.png?v=3,foto,E5 Retroalimentación,Frame del error en cada pregunta incorrecta,1
"Atención de Enfermería, mención Adulto Mayor",Sistemas de registro e información en salud,27,1,e1.png?v=3,foto,E1 Contextualización · explorar,Observar el escenario del AE con hotspots ligados a criterio,1
"Atención de Enfermería, mención Adulto Mayor",Sistemas de registro e información en salud,27,2,e2.png?v=3,3d,E2 AE1 etapa 1 (hotspot),"Registra en forma digital o manual la información relativa al control de salud de las personas bajo su cuidado, según las normas vigentes.",1
"Atención de Enfermería, mención Adulto Mayor",Sistemas de registro e información en salud,27,3,e2.png?v=3,foto,E2 AE1 etapa 2 (match),"Registra en forma digital o manual la información relativa al control de salud de las personas bajo su cuidado, según las normas vigentes.",1
"Atención de Enfermería, mención Adulto Mayor",Sistemas de registro e información en salud,27,4,e2.png?v=3,foto,E2 AE1 etapa 3 (order),"Registra en forma digital o manual la información relativa al control de salud de las personas bajo su cuidado, según las normas vigentes.",1
"Atención de Enfermería, mención Adulto Mayor",Sistemas de registro e información en salud,27,5,e2.png?v=3,foto,E2 AE1 etapa 4 (choice),"Registra en forma digital o manual la información relativa al control de salud de las personas bajo su cuidado, según las normas vigentes.",1
"Atención de Enfermería, mención Adulto Mayor",Sistemas de registro e información en salud,27,6,e2.png?v=3,foto,E2 AE1 etapa 5 (choice),"Registra en forma digital o manual la información relativa al control de salud de las personas bajo su cuidado, según las normas vigentes.",1
"Atención de Enfermería, mención Adulto Mayor",Sistemas de registro e información en salud,27,7,e2.png?v=3,foto,E2 AE1 etapa 6 (reflect),"Registra en forma digital o manual la información relativa al control de salud de las personas bajo su cuidado, según las normas vigentes.",1
"Atención de Enfermería, mención Adulto Mayor",Sistemas de registro e información en salud,27,8,e2.png?v=3,3d,E2 AE2 etapa 1 (hotspot),"Registra la información relativa a los procedimientos administrativos de ingreso, permanencia y egreso de sus pacientes.",1
"Atención de Enfermería, mención Adulto Mayor",Sistemas de registro e información en salud,27,9,e2.png?v=3,foto,E2 AE2 etapa 2 (match),"Registra la información relativa a los procedimientos administrativos de ingreso, permanencia y egreso de sus pacientes.",1
"Atención de Enfermería, mención Adulto Mayor",Sistemas de registro e información en salud,27,10,e2.png?v=3,foto,E2 AE2 etapa 3 (order),"Registra la información relativa a los procedimientos administrativos de ingreso, permanencia y egreso de sus pacientes.",1
"Atención de Enfermería, mención Adulto Mayor",Sistemas de registro e información en salud,27,11,e2.png?v=3,foto,E2 AE2 etapa 4 (choice),"Registra la información relativa a los procedimientos administrativos de ingreso, permanencia y egreso de sus pacientes.",1
"Atención de Enfermería, mención Adulto Mayor",Sistemas de registro e información en salud,27,12,e2.png?v=3,foto,E2 AE2 etapa 5 (choice),"Registra la información relativa a los procedimientos administrativos de ingreso, permanencia y egreso de sus pacientes.",1
"Atención de Enfermería, mención Adulto Mayor",Sistemas de registro e información en salud,27,13,e2.png?v=3,foto,E2 AE2 etapa 6 (reflect),"Registra la información relativa a los procedimientos administrativos de ingreso, permanencia y egreso de sus pacientes.",1
"Atención de Enfermería, mención Adulto Mayor",Sistemas de registro e información en salud,27,14,e2.png?v=3,3d,E2 AE3 etapa 1 (hotspot),"Usa las TIC en los procesos administrativos para la admisión y el egreso de pacientes, de acuerdo a las normas establecidas.",1
"Atención de Enfermería, mención Adulto Mayor",Sistemas de registro e información en salud,27,15,e2.png?v=3,foto,E2 AE3 etapa 2 (match),"Usa las TIC en los procesos administrativos para la admisión y el egreso de pacientes, de acuerdo a las normas establecidas.",1
"Atención de Enfermería, mención Adulto Mayor",Sistemas de registro e información en salud,27,16,e2.png?v=3,foto,E2 AE3 etapa 3 (order),"Usa las TIC en los procesos administrativos para la admisión y el egreso de pacientes, de acuerdo a las normas establecidas.",1
"Atención de Enfermería, mención Adulto Mayor",Sistemas de registro e información en salud,27,17,e2.png?v=3,foto,E2 AE3 etapa 4 (choice),"Usa las TIC en los procesos administrativos para la admisión y el egreso de pacientes, de acuerdo a las normas establecidas.",1
"Atención de Enfermería, mención Adulto Mayor",Sistemas de registro e información en salud,27,18,e2.png?v=3,foto,E2 AE3 etapa 5 (choice),"Usa las TIC en los procesos administrativos para la admisión y el egreso de pacientes, de acuerdo a las normas establecidas.",1
"Atención de Enfermería, mención Adulto Mayor",Sistemas de registro e información en salud,27,19,e2.png?v=3,foto,E2 AE3 etapa 6 (reflect),"Usa las TIC en los procesos administrativos para la admisión y el egreso de pacientes, de acuerdo a las normas establecidas.",1
"Atención de Enfermería, mención Adulto Mayor",Sistemas de registro e información en salud,27,20,e3.png?v=3,foto,E3 Situación 1,Decidir en la situación con evidencia visible,1
"Atención de Enfermería, mención Adulto Mayor",Sistemas de registro e información en salud,27,21,e3.png?v=3,foto,E3 Situación 2,Decidir en la situación con evidencia visible,1
"Atención de Enfermería, mención Adulto Mayor",Sistemas de registro e información en salud,27,22,e3.png?v=3,foto,E3 Situación 3,Decidir en la situación con evidencia visible,1
"Atención de Enfermería, mención Adulto Mayor",Sistemas de registro e información en salud,27,23,e3.png?v=3,foto,E3 Situación 4,Decidir en la situación con evidencia visible,1
"Atención de Enfermería, mención Adulto Mayor",Sistemas de registro e información en salud,27,24,e3.png?v=3,foto,E3 Situación 5,Decidir en la situación con evidencia visible,1
"Atención de Enfermería, mención Adulto Mayor",Sistemas de registro e información en salud,27,25,e3.png?v=3,foto,E3 Situación 6,Decidir en la situación con evidencia visible,1
"Atención de Enfermería, mención Adulto Mayor",Sistemas de registro e información en salud,27,26,e3.png?v=3,foto,E3 Situación 7,Decidir en la situación con evidencia visible,1
"Atención de Enfermería, mención Adulto Mayor",Sistemas de registro e información en salud,27,27,e3.png?v=3,foto,E3 Situación 8,Decidir en la situación con evidencia visible,1
"Atención de Enfermería, mención Adulto Mayor",Sistemas de registro e información en salud,27,28,e3.png?v=3,foto,E3 Situación 9,Decidir en la situación con evidencia visible,1
"Atención de Enfermería, mención Adulto Mayor",Sistemas de registro e información en salud,27,29,e3.png?v=3,foto,E3 Situación 10,Decidir en la situación con evidencia visible,1
"Atención de Enfermería, mención Adulto Mayor",Sistemas de registro e información en salud,27,30,e3.png?v=3,foto,E3 Situación 11,Decidir en la situación con evidencia visible,1
"Atención de Enfermería, mención Adulto Mayor",Sistemas de registro e información en salud,27,31,e3.png?v=3,foto,E3 Situación 12,Decidir en la situación con evidencia visible,1
"Atención de Enfermería, mención Adulto Mayor",Sistemas de registro e información en salud,27,32,e3.png?v=3,foto,E3 Situación 13,Decidir en la situación con evidencia visible,1
"Atención de Enfermería, mención Adulto Mayor",Sistemas de registro e información en salud,27,33,e3.png?v=3,foto,E3 Situación 14,Decidir en la situación con evidencia visible,1
"Atención de Enfermería, mención Adulto Mayor",Sistemas de registro e información en salud,27,34,e3.png?v=3,foto,E3 Situación 15,Decidir en la situación con evidencia visible,1
"Atención de Enfermería, mención Adulto Mayor",Sistemas de registro e información en salud,27,35,e3.png?v=3,interactive-procedure,E3 Situación final 3D,"Recorrer el procedimiento (armar, instalar, diagnosticar) en el equipo",1
"Atención de Enfermería, mención Adulto Mayor",Sistemas de registro e información en salud,27,36,e4.png?v=3,foto,E4 Ítem 1,Imagen real del estímulo; el dato se lee en la figura,1
"Atención de Enfermería, mención Adulto Mayor",Sistemas de registro e información en salud,27,37,e4.png?v=3,foto,E4 Ítem 2,Imagen real del estímulo; el dato se lee en la figura,1
"Atención de Enfermería, mención Adulto Mayor",Sistemas de registro e información en salud,27,38,e4.png?v=3,foto,E4 Ítem 3,Imagen real del estímulo; el dato se lee en la figura,1
"Atención de Enfermería, mención Adulto Mayor",Sistemas de registro e información en salud,27,39,e4.png?v=3,foto,E4 Ítem 4,Imagen real del estímulo; el dato se lee en la figura,1
"Atención de Enfermería, mención Adulto Mayor",Sistemas de registro e información en salud,27,40,e4.png?v=3,foto,E4 Ítem 5,Imagen real del estímulo; el dato se lee en la figura,1
"Atención de Enfermería, mención Adulto Mayor",Sistemas de registro e información en salud,27,41,e4.png?v=3,foto,E4 Ítem 6,Imagen real del estímulo; el dato se lee en la figura,1
"Atención de Enfermería, mención Adulto Mayor",Sistemas de registro e información en salud,27,42,e4.png?v=3,foto,E4 Ítem 7,Imagen real del estímulo; el dato se lee en la figura,1
"Atención de Enfermería, mención Adulto Mayor",Sistemas de registro e información en salud,27,43,e4.png?v=3,foto,E4 Ítem 8,Imagen real del estímulo; el dato se lee en la figura,1
"Atención de Enfermería, mención Adulto Mayor",Sistemas de registro e información en salud,27,44,e4.png?v=3,foto,E4 Ítem 9,Imagen real del estímulo; el dato se lee en la figura,1
"Atención de Enfermería, mención Adulto Mayor",Sistemas de registro e información en salud,27,45,e4.png?v=3,foto,E4 Ítem 10,Imagen real del estímulo; el dato se lee en la figura,1
"Atención de Enfermería, mención Adulto Mayor",Sistemas de registro e información en salud,27,46,e4.png?v=3,foto,E4 Ítem 11,Imagen real del estímulo; el dato se lee en la figura,1
"Atención de Enfermería, mención Adulto Mayor",Sistemas de registro e información en salud,27,47,e4.png?v=3,foto,E4 Ítem 12,Imagen real del estímulo; el dato se lee en la figura,1
"Atención de Enfermería, mención Adulto Mayor",Sistemas de registro e información en salud,27,48,e4.png?v=3,foto,E4 Ítem 13,Imagen real del estímulo; el dato se lee en la figura,1
"Atención de Enfermería, mención Adulto Mayor",Sistemas de registro e información en salud,27,49,e4.png?v=3,foto,E4 Ítem 14,Imagen real del estímulo; el dato se lee en la figura,1
"Atención de Enfermería, mención Adulto Mayor",Sistemas de registro e información en salud,27,50,e4.png?v=3,foto,E4 Ítem 15,Imagen real del estímulo; el dato se lee en la figura,1
"Atención de Enfermería, mención Adulto Mayor",Sistemas de registro e información en salud,27,51,e4.png?v=3,foto,E4 Ítem 16,Imagen real del estímulo; el dato se lee en la figura,1
"Atención de Enfermería, mención Adulto Mayor",Sistemas de registro e información en salud,27,52,e4.png?v=3,foto,E4 Ítem 17,Imagen real del estímulo; el dato se lee en la figura,1
"Atención de Enfermería, mención Adulto Mayor",Sistemas de registro e información en salud,27,53,e4.png?v=3,foto,E4 Ítem 18,Imagen real del estímulo; el dato se lee en la figura,1
"Atención de Enfermería, mención Adulto Mayor",Sistemas de registro e información en salud,27,54,e4.png?v=3,foto,E4 Ítem 19,Imagen real del estímulo; el dato se lee en la figura,1
"Atención de Enfermería, mención Adulto Mayor",Sistemas de registro e información en salud,27,55,e4.png?v=3,foto,E4 Ítem 20,Imagen real del estímulo; el dato se lee en la figura,1
"Atención de Enfermería, mención Adulto Mayor",Sistemas de registro e información en salud,27,56,e4.png?v=3,foto,E4 Ítem 21,Imagen real del estímulo; el dato se lee en la figura,1
"Atención de Enfermería, mención Adulto Mayor",Sistemas de registro e información en salud,27,57,e4.png?v=3,foto,E4 Ítem 22,Imagen real del estímulo; el dato se lee en la figura,1
"Atención de Enfermería, mención Adulto Mayor",Sistemas de registro e información en salud,27,58,e4.png?v=3,foto,E4 Ítem 23,Imagen real del estímulo; el dato se lee en la figura,1
"Atención de Enfermería, mención Adulto Mayor",Sistemas de registro e información en salud,27,59,e4.png?v=3,foto,E4 Ítem 24,Imagen real del estímulo; el dato se lee en la figura,1
"Atención de Enfermería, mención Adulto Mayor",Sistemas de registro e información en salud,27,60,e4.png?v=3,foto,E4 Ítem 25,Imagen real del estímulo; el dato se lee en la figura,1
"Atención de Enfermería, mención Adulto Mayor",Sistemas de registro e información en salud,27,61,oficio-plano-leyenda.png?v=3,foto,E5 Retroalimentación,Frame del error en cada pregunta incorrecta,1
"Atención de Enfermería, mención Adulto Mayor",Prevención y control de infecciones intrahospitalarias,28,1,e1.png?v=3,foto,E1 Contextualización · explorar,Observar el escenario del AE con hotspots ligados a criterio,1
"Atención de Enfermería, mención Adulto Mayor",Prevención y control de infecciones intrahospitalarias,28,2,e2.png?v=3,3d,E2 AE1 etapa 1 (hotspot),Brinda cuidados de enfermería respetando las normas de asepsia y antisepsia durante el proceso de atención de pacientes.,1
"Atención de Enfermería, mención Adulto Mayor",Prevención y control de infecciones intrahospitalarias,28,3,e2.png?v=3,foto,E2 AE1 etapa 2 (match),Brinda cuidados de enfermería respetando las normas de asepsia y antisepsia durante el proceso de atención de pacientes.,1
"Atención de Enfermería, mención Adulto Mayor",Prevención y control de infecciones intrahospitalarias,28,4,e2.png?v=3,foto,E2 AE1 etapa 3 (order),Brinda cuidados de enfermería respetando las normas de asepsia y antisepsia durante el proceso de atención de pacientes.,1
"Atención de Enfermería, mención Adulto Mayor",Prevención y control de infecciones intrahospitalarias,28,5,e2.png?v=3,foto,E2 AE1 etapa 4 (choice),Brinda cuidados de enfermería respetando las normas de asepsia y antisepsia durante el proceso de atención de pacientes.,1
"Atención de Enfermería, mención Adulto Mayor",Prevención y control de infecciones intrahospitalarias,28,6,e2.png?v=3,foto,E2 AE1 etapa 5 (choice),Brinda cuidados de enfermería respetando las normas de asepsia y antisepsia durante el proceso de atención de pacientes.,1
"Atención de Enfermería, mención Adulto Mayor",Prevención y control de infecciones intrahospitalarias,28,7,e2.png?v=3,foto,E2 AE1 etapa 6 (reflect),Brinda cuidados de enfermería respetando las normas de asepsia y antisepsia durante el proceso de atención de pacientes.,1
"Atención de Enfermería, mención Adulto Mayor",Prevención y control de infecciones intrahospitalarias,28,8,e2.png?v=3,3d,E2 AE2 etapa 1 (hotspot),"Aplica, durante la atención de cada paciente, las barreras protectoras y las medidas de aislamiento establecidas en el plan de atención.",1
"Atención de Enfermería, mención Adulto Mayor",Prevención y control de infecciones intrahospitalarias,28,9,e2.png?v=3,foto,E2 AE2 etapa 2 (match),"Aplica, durante la atención de cada paciente, las barreras protectoras y las medidas de aislamiento establecidas en el plan de atención.",1
"Atención de Enfermería, mención Adulto Mayor",Prevención y control de infecciones intrahospitalarias,28,10,e2.png?v=3,foto,E2 AE2 etapa 3 (order),"Aplica, durante la atención de cada paciente, las barreras protectoras y las medidas de aislamiento establecidas en el plan de atención.",1
"Atención de Enfermería, mención Adulto Mayor",Prevención y control de infecciones intrahospitalarias,28,11,e2.png?v=3,foto,E2 AE2 etapa 4 (choice),"Aplica, durante la atención de cada paciente, las barreras protectoras y las medidas de aislamiento establecidas en el plan de atención.",1
"Atención de Enfermería, mención Adulto Mayor",Prevención y control de infecciones intrahospitalarias,28,12,e2.png?v=3,foto,E2 AE2 etapa 5 (choice),"Aplica, durante la atención de cada paciente, las barreras protectoras y las medidas de aislamiento establecidas en el plan de atención.",1
"Atención de Enfermería, mención Adulto Mayor",Prevención y control de infecciones intrahospitalarias,28,13,e2.png?v=3,foto,E2 AE2 etapa 6 (reflect),"Aplica, durante la atención de cada paciente, las barreras protectoras y las medidas de aislamiento establecidas en el plan de atención.",1
"Atención de Enfermería, mención Adulto Mayor",Prevención y control de infecciones intrahospitalarias,28,14,e2.png?v=3,3d,E2 AE3 etapa 1 (hotspot),"Realiza el lavado, preparación y esterilización de materiales e instrumental, de acuerdo a la normativa vigente y a lo determinado por el establecimiento.",1
"Atención de Enfermería, mención Adulto Mayor",Prevención y control de infecciones intrahospitalarias,28,15,e2.png?v=3,foto,E2 AE3 etapa 2 (match),"Realiza el lavado, preparación y esterilización de materiales e instrumental, de acuerdo a la normativa vigente y a lo determinado por el establecimiento.",1
"Atención de Enfermería, mención Adulto Mayor",Prevención y control de infecciones intrahospitalarias,28,16,e2.png?v=3,foto,E2 AE3 etapa 3 (order),"Realiza el lavado, preparación y esterilización de materiales e instrumental, de acuerdo a la normativa vigente y a lo determinado por el establecimiento.",1
"Atención de Enfermería, mención Adulto Mayor",Prevención y control de infecciones intrahospitalarias,28,17,e2.png?v=3,foto,E2 AE3 etapa 4 (choice),"Realiza el lavado, preparación y esterilización de materiales e instrumental, de acuerdo a la normativa vigente y a lo determinado por el establecimiento.",1
"Atención de Enfermería, mención Adulto Mayor",Prevención y control de infecciones intrahospitalarias,28,18,e2.png?v=3,foto,E2 AE3 etapa 5 (choice),"Realiza el lavado, preparación y esterilización de materiales e instrumental, de acuerdo a la normativa vigente y a lo determinado por el establecimiento.",1
"Atención de Enfermería, mención Adulto Mayor",Prevención y control de infecciones intrahospitalarias,28,19,e2.png?v=3,foto,E2 AE3 etapa 6 (reflect),"Realiza el lavado, preparación y esterilización de materiales e instrumental, de acuerdo a la normativa vigente y a lo determinado por el establecimiento.",1
"Atención de Enfermería, mención Adulto Mayor",Prevención y control de infecciones intrahospitalarias,28,20,e3.png?v=3,foto,E3 Situación 1,Decidir en la situación con evidencia visible,1
"Atención de Enfermería, mención Adulto Mayor",Prevención y control de infecciones intrahospitalarias,28,21,e3.png?v=3,foto,E3 Situación 2,Decidir en la situación con evidencia visible,1
"Atención de Enfermería, mención Adulto Mayor",Prevención y control de infecciones intrahospitalarias,28,22,e3.png?v=3,foto,E3 Situación 3,Decidir en la situación con evidencia visible,1
"Atención de Enfermería, mención Adulto Mayor",Prevención y control de infecciones intrahospitalarias,28,23,e3.png?v=3,foto,E3 Situación 4,Decidir en la situación con evidencia visible,1
"Atención de Enfermería, mención Adulto Mayor",Prevención y control de infecciones intrahospitalarias,28,24,e3.png?v=3,foto,E3 Situación 5,Decidir en la situación con evidencia visible,1
"Atención de Enfermería, mención Adulto Mayor",Prevención y control de infecciones intrahospitalarias,28,25,e3.png?v=3,foto,E3 Situación 6,Decidir en la situación con evidencia visible,1
"Atención de Enfermería, mención Adulto Mayor",Prevención y control de infecciones intrahospitalarias,28,26,e3.png?v=3,foto,E3 Situación 7,Decidir en la situación con evidencia visible,1
"Atención de Enfermería, mención Adulto Mayor",Prevención y control de infecciones intrahospitalarias,28,27,e3.png?v=3,foto,E3 Situación 8,Decidir en la situación con evidencia visible,1
"Atención de Enfermería, mención Adulto Mayor",Prevención y control de infecciones intrahospitalarias,28,28,e3.png?v=3,foto,E3 Situación 9,Decidir en la situación con evidencia visible,1
"Atención de Enfermería, mención Adulto Mayor",Prevención y control de infecciones intrahospitalarias,28,29,e3.png?v=3,foto,E3 Situación 10,Decidir en la situación con evidencia visible,1
"Atención de Enfermería, mención Adulto Mayor",Prevención y control de infecciones intrahospitalarias,28,30,e3.png?v=3,foto,E3 Situación 11,Decidir en la situación con evidencia visible,1
"Atención de Enfermería, mención Adulto Mayor",Prevención y control de infecciones intrahospitalarias,28,31,e3.png?v=3,foto,E3 Situación 12,Decidir en la situación con evidencia visible,1
"Atención de Enfermería, mención Adulto Mayor",Prevención y control de infecciones intrahospitalarias,28,32,e3.png?v=3,foto,E3 Situación 13,Decidir en la situación con evidencia visible,1
"Atención de Enfermería, mención Adulto Mayor",Prevención y control de infecciones intrahospitalarias,28,33,e3.png?v=3,foto,E3 Situación 14,Decidir en la situación con evidencia visible,1
"Atención de Enfermería, mención Adulto Mayor",Prevención y control de infecciones intrahospitalarias,28,34,e3.png?v=3,foto,E3 Situación 15,Decidir en la situación con evidencia visible,1
"Atención de Enfermería, mención Adulto Mayor",Prevención y control de infecciones intrahospitalarias,28,35,e3.png?v=3,interactive-procedure,E3 Situación final 3D,"Recorrer el procedimiento (armar, instalar, diagnosticar) en el equipo",1
"Atención de Enfermería, mención Adulto Mayor",Prevención y control de infecciones intrahospitalarias,28,36,e4.png?v=3,foto,E4 Ítem 1,Imagen real del estímulo; el dato se lee en la figura,1
"Atención de Enfermería, mención Adulto Mayor",Prevención y control de infecciones intrahospitalarias,28,37,e4.png?v=3,foto,E4 Ítem 2,Imagen real del estímulo; el dato se lee en la figura,1
"Atención de Enfermería, mención Adulto Mayor",Prevención y control de infecciones intrahospitalarias,28,38,e4.png?v=3,foto,E4 Ítem 3,Imagen real del estímulo; el dato se lee en la figura,1
"Atención de Enfermería, mención Adulto Mayor",Prevención y control de infecciones intrahospitalarias,28,39,e4.png?v=3,foto,E4 Ítem 4,Imagen real del estímulo; el dato se lee en la figura,1
"Atención de Enfermería, mención Adulto Mayor",Prevención y control de infecciones intrahospitalarias,28,40,e4.png?v=3,foto,E4 Ítem 5,Imagen real del estímulo; el dato se lee en la figura,1
"Atención de Enfermería, mención Adulto Mayor",Prevención y control de infecciones intrahospitalarias,28,41,e4.png?v=3,foto,E4 Ítem 6,Imagen real del estímulo; el dato se lee en la figura,1
"Atención de Enfermería, mención Adulto Mayor",Prevención y control de infecciones intrahospitalarias,28,42,e4.png?v=3,foto,E4 Ítem 7,Imagen real del estímulo; el dato se lee en la figura,1
"Atención de Enfermería, mención Adulto Mayor",Prevención y control de infecciones intrahospitalarias,28,43,e4.png?v=3,foto,E4 Ítem 8,Imagen real del estímulo; el dato se lee en la figura,1
"Atención de Enfermería, mención Adulto Mayor",Prevención y control de infecciones intrahospitalarias,28,44,e4.png?v=3,foto,E4 Ítem 9,Imagen real del estímulo; el dato se lee en la figura,1
"Atención de Enfermería, mención Adulto Mayor",Prevención y control de infecciones intrahospitalarias,28,45,e4.png?v=3,foto,E4 Ítem 10,Imagen real del estímulo; el dato se lee en la figura,1
"Atención de Enfermería, mención Adulto Mayor",Prevención y control de infecciones intrahospitalarias,28,46,e4.png?v=3,foto,E4 Ítem 11,Imagen real del estímulo; el dato se lee en la figura,1
"Atención de Enfermería, mención Adulto Mayor",Prevención y control de infecciones intrahospitalarias,28,47,e4.png?v=3,foto,E4 Ítem 12,Imagen real del estímulo; el dato se lee en la figura,1
"Atención de Enfermería, mención Adulto Mayor",Prevención y control de infecciones intrahospitalarias,28,48,e4.png?v=3,foto,E4 Ítem 13,Imagen real del estímulo; el dato se lee en la figura,1
"Atención de Enfermería, mención Adulto Mayor",Prevención y control de infecciones intrahospitalarias,28,49,e4.png?v=3,foto,E4 Ítem 14,Imagen real del estímulo; el dato se lee en la figura,1
"Atención de Enfermería, mención Adulto Mayor",Prevención y control de infecciones intrahospitalarias,28,50,e4.png?v=3,foto,E4 Ítem 15,Imagen real del estímulo; el dato se lee en la figura,1
"Atención de Enfermería, mención Adulto Mayor",Prevención y control de infecciones intrahospitalarias,28,51,e4.png?v=3,foto,E4 Ítem 16,Imagen real del estímulo; el dato se lee en la figura,1
"Atención de Enfermería, mención Adulto Mayor",Prevención y control de infecciones intrahospitalarias,28,52,e4.png?v=3,foto,E4 Ítem 17,Imagen real del estímulo; el dato se lee en la figura,1
"Atención de Enfermería, mención Adulto Mayor",Prevención y control de infecciones intrahospitalarias,28,53,e4.png?v=3,foto,E4 Ítem 18,Imagen real del estímulo; el dato se lee en la figura,1
"Atención de Enfermería, mención Adulto Mayor",Prevención y control de infecciones intrahospitalarias,28,54,e4.png?v=3,foto,E4 Ítem 19,Imagen real del estímulo; el dato se lee en la figura,1
"Atención de Enfermería, mención Adulto Mayor",Prevención y control de infecciones intrahospitalarias,28,55,e4.png?v=3,foto,E4 Ítem 20,Imagen real del estímulo; el dato se lee en la figura,1
"Atención de Enfermería, mención Adulto Mayor",Prevención y control de infecciones intrahospitalarias,28,56,e4.png?v=3,foto,E4 Ítem 21,Imagen real del estímulo; el dato se lee en la figura,1
"Atención de Enfermería, mención Adulto Mayor",Prevención y control de infecciones intrahospitalarias,28,57,e4.png?v=3,foto,E4 Ítem 22,Imagen real del estímulo; el dato se lee en la figura,1
"Atención de Enfermería, mención Adulto Mayor",Prevención y control de infecciones intrahospitalarias,28,58,e4.png?v=3,foto,E4 Ítem 23,Imagen real del estímulo; el dato se lee en la figura,1
"Atención de Enfermería, mención Adulto Mayor",Prevención y control de infecciones intrahospitalarias,28,59,e4.png?v=3,foto,E4 Ítem 24,Imagen real del estímulo; el dato se lee en la figura,1
"Atención de Enfermería, mención Adulto Mayor",Prevención y control de infecciones intrahospitalarias,28,60,e4.png?v=3,foto,E4 Ítem 25,Imagen real del estímulo; el dato se lee en la figura,1
"Atención de Enfermería, mención Adulto Mayor",Prevención y control de infecciones intrahospitalarias,28,61,oficio-plano-leyenda.png?v=3,foto,E5 Retroalimentación,Frame del error en cada pregunta incorrecta,1
"Atención de Enfermería, mención Adulto Mayor",Necesidades psicosociales del adulto mayor,29,1,e1.png?v=3,foto,E1 Contextualización · explorar,Observar el escenario del AE con hotspots ligados a criterio,1
"Atención de Enfermería, mención Adulto Mayor",Necesidades psicosociales del adulto mayor,29,2,e2.png?v=3,3d,E2 AE1 etapa 1 (hotspot),"Aplica técnicas de comunicación efectiva con el fin de conocer las características, habilidades, necesidades e intereses de los adultos mayores en relación con los ámbitos social y recreativo.",1
"Atención de Enfermería, mención Adulto Mayor",Necesidades psicosociales del adulto mayor,29,3,e2.png?v=3,foto,E2 AE1 etapa 2 (match),"Aplica técnicas de comunicación efectiva con el fin de conocer las características, habilidades, necesidades e intereses de los adultos mayores en relación con los ámbitos social y recreativo.",1
"Atención de Enfermería, mención Adulto Mayor",Necesidades psicosociales del adulto mayor,29,4,e2.png?v=3,foto,E2 AE1 etapa 3 (order),"Aplica técnicas de comunicación efectiva con el fin de conocer las características, habilidades, necesidades e intereses de los adultos mayores en relación con los ámbitos social y recreativo.",1
"Atención de Enfermería, mención Adulto Mayor",Necesidades psicosociales del adulto mayor,29,5,e2.png?v=3,foto,E2 AE1 etapa 4 (choice),"Aplica técnicas de comunicación efectiva con el fin de conocer las características, habilidades, necesidades e intereses de los adultos mayores en relación con los ámbitos social y recreativo.",1
"Atención de Enfermería, mención Adulto Mayor",Necesidades psicosociales del adulto mayor,29,6,e2.png?v=3,foto,E2 AE1 etapa 5 (choice),"Aplica técnicas de comunicación efectiva con el fin de conocer las características, habilidades, necesidades e intereses de los adultos mayores en relación con los ámbitos social y recreativo.",1
"Atención de Enfermería, mención Adulto Mayor",Necesidades psicosociales del adulto mayor,29,7,e2.png?v=3,foto,E2 AE1 etapa 6 (reflect),"Aplica técnicas de comunicación efectiva con el fin de conocer las características, habilidades, necesidades e intereses de los adultos mayores en relación con los ámbitos social y recreativo.",1
"Atención de Enfermería, mención Adulto Mayor",Necesidades psicosociales del adulto mayor,29,8,e2.png?v=3,3d,E2 AE2 etapa 1 (hotspot),"Planifica y programa actividades recreativas para el desarrollo integral del adulto mayor, de acuerdo a su motivación y condiciones de dependencia física y psíquica, considerando los recursos que brinda la comunidad, la situación ambiental, elementos de seguridad, materiales, vestuario y recursos económicos.",1
"Atención de Enfermería, mención Adulto Mayor",Necesidades psicosociales del adulto mayor,29,9,e2.png?v=3,foto,E2 AE2 etapa 2 (match),"Planifica y programa actividades recreativas para el desarrollo integral del adulto mayor, de acuerdo a su motivación y condiciones de dependencia física y psíquica, considerando los recursos que brinda la comunidad, la situación ambiental, elementos de seguridad, materiales, vestuario y recursos económicos.",1
"Atención de Enfermería, mención Adulto Mayor",Necesidades psicosociales del adulto mayor,29,10,e2.png?v=3,foto,E2 AE2 etapa 3 (order),"Planifica y programa actividades recreativas para el desarrollo integral del adulto mayor, de acuerdo a su motivación y condiciones de dependencia física y psíquica, considerando los recursos que brinda la comunidad, la situación ambiental, elementos de seguridad, materiales, vestuario y recursos económicos.",1
"Atención de Enfermería, mención Adulto Mayor",Necesidades psicosociales del adulto mayor,29,11,e2.png?v=3,foto,E2 AE2 etapa 4 (choice),"Planifica y programa actividades recreativas para el desarrollo integral del adulto mayor, de acuerdo a su motivación y condiciones de dependencia física y psíquica, considerando los recursos que brinda la comunidad, la situación ambiental, elementos de seguridad, materiales, vestuario y recursos económicos.",1
"Atención de Enfermería, mención Adulto Mayor",Necesidades psicosociales del adulto mayor,29,12,e2.png?v=3,foto,E2 AE2 etapa 5 (choice),"Planifica y programa actividades recreativas para el desarrollo integral del adulto mayor, de acuerdo a su motivación y condiciones de dependencia física y psíquica, considerando los recursos que brinda la comunidad, la situación ambiental, elementos de seguridad, materiales, vestuario y recursos económicos.",1
"Atención de Enfermería, mención Adulto Mayor",Necesidades psicosociales del adulto mayor,29,13,e2.png?v=3,foto,E2 AE2 etapa 6 (reflect),"Planifica y programa actividades recreativas para el desarrollo integral del adulto mayor, de acuerdo a su motivación y condiciones de dependencia física y psíquica, considerando los recursos que brinda la comunidad, la situación ambiental, elementos de seguridad, materiales, vestuario y recursos económicos.",1
"Atención de Enfermería, mención Adulto Mayor",Necesidades psicosociales del adulto mayor,29,14,e3.png?v=3,foto,E3 Situación 1,Decidir en la situación con evidencia visible,1
"Atención de Enfermería, mención Adulto Mayor",Necesidades psicosociales del adulto mayor,29,15,e3.png?v=3,foto,E3 Situación 2,Decidir en la situación con evidencia visible,1
"Atención de Enfermería, mención Adulto Mayor",Necesidades psicosociales del adulto mayor,29,16,e3.png?v=3,foto,E3 Situación 3,Decidir en la situación con evidencia visible,1
"Atención de Enfermería, mención Adulto Mayor",Necesidades psicosociales del adulto mayor,29,17,e3.png?v=3,foto,E3 Situación 4,Decidir en la situación con evidencia visible,1
"Atención de Enfermería, mención Adulto Mayor",Necesidades psicosociales del adulto mayor,29,18,e3.png?v=3,foto,E3 Situación 5,Decidir en la situación con evidencia visible,1
"Atención de Enfermería, mención Adulto Mayor",Necesidades psicosociales del adulto mayor,29,19,e3.png?v=3,foto,E3 Situación 6,Decidir en la situación con evidencia visible,1
"Atención de Enfermería, mención Adulto Mayor",Necesidades psicosociales del adulto mayor,29,20,e3.png?v=3,foto,E3 Situación 7,Decidir en la situación con evidencia visible,1
"Atención de Enfermería, mención Adulto Mayor",Necesidades psicosociales del adulto mayor,29,21,e3.png?v=3,foto,E3 Situación 8,Decidir en la situación con evidencia visible,1
"Atención de Enfermería, mención Adulto Mayor",Necesidades psicosociales del adulto mayor,29,22,e3.png?v=3,foto,E3 Situación 9,Decidir en la situación con evidencia visible,1
"Atención de Enfermería, mención Adulto Mayor",Necesidades psicosociales del adulto mayor,29,23,e3.png?v=3,foto,E3 Situación 10,Decidir en la situación con evidencia visible,1
"Atención de Enfermería, mención Adulto Mayor",Necesidades psicosociales del adulto mayor,29,24,e3.png?v=3,foto,E3 Situación 11,Decidir en la situación con evidencia visible,1
"Atención de Enfermería, mención Adulto Mayor",Necesidades psicosociales del adulto mayor,29,25,e3.png?v=3,foto,E3 Situación 12,Decidir en la situación con evidencia visible,1
"Atención de Enfermería, mención Adulto Mayor",Necesidades psicosociales del adulto mayor,29,26,e3.png?v=3,foto,E3 Situación 13,Decidir en la situación con evidencia visible,1
"Atención de Enfermería, mención Adulto Mayor",Necesidades psicosociales del adulto mayor,29,27,e3.png?v=3,foto,E3 Situación 14,Decidir en la situación con evidencia visible,1
"Atención de Enfermería, mención Adulto Mayor",Necesidades psicosociales del adulto mayor,29,28,e3.png?v=3,foto,E3 Situación 15,Decidir en la situación con evidencia visible,1
"Atención de Enfermería, mención Adulto Mayor",Necesidades psicosociales del adulto mayor,29,29,e3.png?v=3,interactive-procedure,E3 Situación final 3D,"Recorrer el procedimiento (armar, instalar, diagnosticar) en el equipo",1
"Atención de Enfermería, mención Adulto Mayor",Necesidades psicosociales del adulto mayor,29,30,e4.png?v=3,foto,E4 Ítem 1,Imagen real del estímulo; el dato se lee en la figura,1
"Atención de Enfermería, mención Adulto Mayor",Necesidades psicosociales del adulto mayor,29,31,e4.png?v=3,foto,E4 Ítem 2,Imagen real del estímulo; el dato se lee en la figura,1
"Atención de Enfermería, mención Adulto Mayor",Necesidades psicosociales del adulto mayor,29,32,e4.png?v=3,foto,E4 Ítem 3,Imagen real del estímulo; el dato se lee en la figura,1
"Atención de Enfermería, mención Adulto Mayor",Necesidades psicosociales del adulto mayor,29,33,e4.png?v=3,foto,E4 Ítem 4,Imagen real del estímulo; el dato se lee en la figura,1
"Atención de Enfermería, mención Adulto Mayor",Necesidades psicosociales del adulto mayor,29,34,e4.png?v=3,foto,E4 Ítem 5,Imagen real del estímulo; el dato se lee en la figura,1
"Atención de Enfermería, mención Adulto Mayor",Necesidades psicosociales del adulto mayor,29,35,e4.png?v=3,foto,E4 Ítem 6,Imagen real del estímulo; el dato se lee en la figura,1
"Atención de Enfermería, mención Adulto Mayor",Necesidades psicosociales del adulto mayor,29,36,e4.png?v=3,foto,E4 Ítem 7,Imagen real del estímulo; el dato se lee en la figura,1
"Atención de Enfermería, mención Adulto Mayor",Necesidades psicosociales del adulto mayor,29,37,e4.png?v=3,foto,E4 Ítem 8,Imagen real del estímulo; el dato se lee en la figura,1
"Atención de Enfermería, mención Adulto Mayor",Necesidades psicosociales del adulto mayor,29,38,e4.png?v=3,foto,E4 Ítem 9,Imagen real del estímulo; el dato se lee en la figura,1
"Atención de Enfermería, mención Adulto Mayor",Necesidades psicosociales del adulto mayor,29,39,e4.png?v=3,foto,E4 Ítem 10,Imagen real del estímulo; el dato se lee en la figura,1
"Atención de Enfermería, mención Adulto Mayor",Necesidades psicosociales del adulto mayor,29,40,e4.png?v=3,foto,E4 Ítem 11,Imagen real del estímulo; el dato se lee en la figura,1
"Atención de Enfermería, mención Adulto Mayor",Necesidades psicosociales del adulto mayor,29,41,e4.png?v=3,foto,E4 Ítem 12,Imagen real del estímulo; el dato se lee en la figura,1
"Atención de Enfermería, mención Adulto Mayor",Necesidades psicosociales del adulto mayor,29,42,e4.png?v=3,foto,E4 Ítem 13,Imagen real del estímulo; el dato se lee en la figura,1
"Atención de Enfermería, mención Adulto Mayor",Necesidades psicosociales del adulto mayor,29,43,e4.png?v=3,foto,E4 Ítem 14,Imagen real del estímulo; el dato se lee en la figura,1
"Atención de Enfermería, mención Adulto Mayor",Necesidades psicosociales del adulto mayor,29,44,e4.png?v=3,foto,E4 Ítem 15,Imagen real del estímulo; el dato se lee en la figura,1
"Atención de Enfermería, mención Adulto Mayor",Necesidades psicosociales del adulto mayor,29,45,e4.png?v=3,foto,E4 Ítem 16,Imagen real del estímulo; el dato se lee en la figura,1
"Atención de Enfermería, mención Adulto Mayor",Necesidades psicosociales del adulto mayor,29,46,e4.png?v=3,foto,E4 Ítem 17,Imagen real del estímulo; el dato se lee en la figura,1
"Atención de Enfermería, mención Adulto Mayor",Necesidades psicosociales del adulto mayor,29,47,e4.png?v=3,foto,E4 Ítem 18,Imagen real del estímulo; el dato se lee en la figura,1
"Atención de Enfermería, mención Adulto Mayor",Necesidades psicosociales del adulto mayor,29,48,e4.png?v=3,foto,E4 Ítem 19,Imagen real del estímulo; el dato se lee en la figura,1
"Atención de Enfermería, mención Adulto Mayor",Necesidades psicosociales del adulto mayor,29,49,e4.png?v=3,foto,E4 Ítem 20,Imagen real del estímulo; el dato se lee en la figura,1
"Atención de Enfermería, mención Adulto Mayor",Necesidades psicosociales del adulto mayor,29,50,e4.png?v=3,foto,E4 Ítem 21,Imagen real del estímulo; el dato se lee en la figura,1
"Atención de Enfermería, mención Adulto Mayor",Necesidades psicosociales del adulto mayor,29,51,e4.png?v=3,foto,E4 Ítem 22,Imagen real del estímulo; el dato se lee en la figura,1
"Atención de Enfermería, mención Adulto Mayor",Necesidades psicosociales del adulto mayor,29,52,e4.png?v=3,foto,E4 Ítem 23,Imagen real del estímulo; el dato se lee en la figura,1
"Atención de Enfermería, mención Adulto Mayor",Necesidades psicosociales del adulto mayor,29,53,e4.png?v=3,foto,E4 Ítem 24,Imagen real del estímulo; el dato se lee en la figura,1
"Atención de Enfermería, mención Adulto Mayor",Necesidades psicosociales del adulto mayor,29,54,e4.png?v=3,foto,E4 Ítem 25,Imagen real del estímulo; el dato se lee en la figura,1
"Atención de Enfermería, mención Adulto Mayor",Necesidades psicosociales del adulto mayor,29,55,oficio-plano-leyenda.png?v=3,foto,E5 Retroalimentación,Frame del error en cada pregunta incorrecta,1
"Atención de Enfermería, mención Adulto Mayor",Orientación familiar para el cuidado del adulto mayor,30,1,e1.png?v=3,foto,E1 Contextualización · explorar,Observar el escenario del AE con hotspots ligados a criterio,1
"Atención de Enfermería, mención Adulto Mayor",Orientación familiar para el cuidado del adulto mayor,30,2,e2.png?v=3,3d,E2 AE1 etapa 1 (hotspot),Mantiene informada a la familia respecto del cuidado integral del adulto mayor y de las normas y protocolos de la institución.,1
"Atención de Enfermería, mención Adulto Mayor",Orientación familiar para el cuidado del adulto mayor,30,3,e2.png?v=3,foto,E2 AE1 etapa 2 (match),Mantiene informada a la familia respecto del cuidado integral del adulto mayor y de las normas y protocolos de la institución.,1
"Atención de Enfermería, mención Adulto Mayor",Orientación familiar para el cuidado del adulto mayor,30,4,e2.png?v=3,foto,E2 AE1 etapa 3 (order),Mantiene informada a la familia respecto del cuidado integral del adulto mayor y de las normas y protocolos de la institución.,1
"Atención de Enfermería, mención Adulto Mayor",Orientación familiar para el cuidado del adulto mayor,30,5,e2.png?v=3,foto,E2 AE1 etapa 4 (choice),Mantiene informada a la familia respecto del cuidado integral del adulto mayor y de las normas y protocolos de la institución.,1
"Atención de Enfermería, mención Adulto Mayor",Orientación familiar para el cuidado del adulto mayor,30,6,e2.png?v=3,foto,E2 AE1 etapa 5 (choice),Mantiene informada a la familia respecto del cuidado integral del adulto mayor y de las normas y protocolos de la institución.,1
"Atención de Enfermería, mención Adulto Mayor",Orientación familiar para el cuidado del adulto mayor,30,7,e2.png?v=3,foto,E2 AE1 etapa 6 (reflect),Mantiene informada a la familia respecto del cuidado integral del adulto mayor y de las normas y protocolos de la institución.,1
"Atención de Enfermería, mención Adulto Mayor",Orientación familiar para el cuidado del adulto mayor,30,8,e2.png?v=3,3d,E2 AE2 etapa 1 (hotspot),Involucra y hace participar a la familia en el programa de mantención de las capacidades del adulto mayor.,1
"Atención de Enfermería, mención Adulto Mayor",Orientación familiar para el cuidado del adulto mayor,30,9,e2.png?v=3,foto,E2 AE2 etapa 2 (match),Involucra y hace participar a la familia en el programa de mantención de las capacidades del adulto mayor.,1
"Atención de Enfermería, mención Adulto Mayor",Orientación familiar para el cuidado del adulto mayor,30,10,e2.png?v=3,foto,E2 AE2 etapa 3 (order),Involucra y hace participar a la familia en el programa de mantención de las capacidades del adulto mayor.,1
"Atención de Enfermería, mención Adulto Mayor",Orientación familiar para el cuidado del adulto mayor,30,11,e2.png?v=3,foto,E2 AE2 etapa 4 (choice),Involucra y hace participar a la familia en el programa de mantención de las capacidades del adulto mayor.,1
"Atención de Enfermería, mención Adulto Mayor",Orientación familiar para el cuidado del adulto mayor,30,12,e2.png?v=3,foto,E2 AE2 etapa 5 (choice),Involucra y hace participar a la familia en el programa de mantención de las capacidades del adulto mayor.,1
"Atención de Enfermería, mención Adulto Mayor",Orientación familiar para el cuidado del adulto mayor,30,13,e2.png?v=3,foto,E2 AE2 etapa 6 (reflect),Involucra y hace participar a la familia en el programa de mantención de las capacidades del adulto mayor.,1
"Atención de Enfermería, mención Adulto Mayor",Orientación familiar para el cuidado del adulto mayor,30,14,e3.png?v=3,foto,E3 Situación 1,Decidir en la situación con evidencia visible,1
"Atención de Enfermería, mención Adulto Mayor",Orientación familiar para el cuidado del adulto mayor,30,15,e3.png?v=3,foto,E3 Situación 2,Decidir en la situación con evidencia visible,1
"Atención de Enfermería, mención Adulto Mayor",Orientación familiar para el cuidado del adulto mayor,30,16,e3.png?v=3,foto,E3 Situación 3,Decidir en la situación con evidencia visible,1
"Atención de Enfermería, mención Adulto Mayor",Orientación familiar para el cuidado del adulto mayor,30,17,e3.png?v=3,foto,E3 Situación 4,Decidir en la situación con evidencia visible,1
"Atención de Enfermería, mención Adulto Mayor",Orientación familiar para el cuidado del adulto mayor,30,18,e3.png?v=3,foto,E3 Situación 5,Decidir en la situación con evidencia visible,1
"Atención de Enfermería, mención Adulto Mayor",Orientación familiar para el cuidado del adulto mayor,30,19,e3.png?v=3,foto,E3 Situación 6,Decidir en la situación con evidencia visible,1
"Atención de Enfermería, mención Adulto Mayor",Orientación familiar para el cuidado del adulto mayor,30,20,e3.png?v=3,foto,E3 Situación 7,Decidir en la situación con evidencia visible,1
"Atención de Enfermería, mención Adulto Mayor",Orientación familiar para el cuidado del adulto mayor,30,21,e3.png?v=3,foto,E3 Situación 8,Decidir en la situación con evidencia visible,1
"Atención de Enfermería, mención Adulto Mayor",Orientación familiar para el cuidado del adulto mayor,30,22,e3.png?v=3,foto,E3 Situación 9,Decidir en la situación con evidencia visible,1
"Atención de Enfermería, mención Adulto Mayor",Orientación familiar para el cuidado del adulto mayor,30,23,e3.png?v=3,foto,E3 Situación 10,Decidir en la situación con evidencia visible,1
"Atención de Enfermería, mención Adulto Mayor",Orientación familiar para el cuidado del adulto mayor,30,24,e3.png?v=3,foto,E3 Situación 11,Decidir en la situación con evidencia visible,1
"Atención de Enfermería, mención Adulto Mayor",Orientación familiar para el cuidado del adulto mayor,30,25,e3.png?v=3,foto,E3 Situación 12,Decidir en la situación con evidencia visible,1
"Atención de Enfermería, mención Adulto Mayor",Orientación familiar para el cuidado del adulto mayor,30,26,e3.png?v=3,foto,E3 Situación 13,Decidir en la situación con evidencia visible,1
"Atención de Enfermería, mención Adulto Mayor",Orientación familiar para el cuidado del adulto mayor,30,27,e3.png?v=3,foto,E3 Situación 14,Decidir en la situación con evidencia visible,1
"Atención de Enfermería, mención Adulto Mayor",Orientación familiar para el cuidado del adulto mayor,30,28,e3.png?v=3,foto,E3 Situación 15,Decidir en la situación con evidencia visible,1
"Atención de Enfermería, mención Adulto Mayor",Orientación familiar para el cuidado del adulto mayor,30,29,e3.png?v=3,interactive-procedure,E3 Situación final 3D,"Recorrer el procedimiento (armar, instalar, diagnosticar) en el equipo",1
"Atención de Enfermería, mención Adulto Mayor",Orientación familiar para el cuidado del adulto mayor,30,30,e4.png?v=3,foto,E4 Ítem 1,Imagen real del estímulo; el dato se lee en la figura,1
"Atención de Enfermería, mención Adulto Mayor",Orientación familiar para el cuidado del adulto mayor,30,31,e4.png?v=3,foto,E4 Ítem 2,Imagen real del estímulo; el dato se lee en la figura,1
"Atención de Enfermería, mención Adulto Mayor",Orientación familiar para el cuidado del adulto mayor,30,32,e4.png?v=3,foto,E4 Ítem 3,Imagen real del estímulo; el dato se lee en la figura,1
"Atención de Enfermería, mención Adulto Mayor",Orientación familiar para el cuidado del adulto mayor,30,33,e4.png?v=3,foto,E4 Ítem 4,Imagen real del estímulo; el dato se lee en la figura,1
"Atención de Enfermería, mención Adulto Mayor",Orientación familiar para el cuidado del adulto mayor,30,34,e4.png?v=3,foto,E4 Ítem 5,Imagen real del estímulo; el dato se lee en la figura,1
"Atención de Enfermería, mención Adulto Mayor",Orientación familiar para el cuidado del adulto mayor,30,35,e4.png?v=3,foto,E4 Ítem 6,Imagen real del estímulo; el dato se lee en la figura,1
"Atención de Enfermería, mención Adulto Mayor",Orientación familiar para el cuidado del adulto mayor,30,36,e4.png?v=3,foto,E4 Ítem 7,Imagen real del estímulo; el dato se lee en la figura,1
"Atención de Enfermería, mención Adulto Mayor",Orientación familiar para el cuidado del adulto mayor,30,37,e4.png?v=3,foto,E4 Ítem 8,Imagen real del estímulo; el dato se lee en la figura,1
"Atención de Enfermería, mención Adulto Mayor",Orientación familiar para el cuidado del adulto mayor,30,38,e4.png?v=3,foto,E4 Ítem 9,Imagen real del estímulo; el dato se lee en la figura,1
"Atención de Enfermería, mención Adulto Mayor",Orientación familiar para el cuidado del adulto mayor,30,39,e4.png?v=3,foto,E4 Ítem 10,Imagen real del estímulo; el dato se lee en la figura,1
"Atención de Enfermería, mención Adulto Mayor",Orientación familiar para el cuidado del adulto mayor,30,40,e4.png?v=3,foto,E4 Ítem 11,Imagen real del estímulo; el dato se lee en la figura,1
"Atención de Enfermería, mención Adulto Mayor",Orientación familiar para el cuidado del adulto mayor,30,41,e4.png?v=3,foto,E4 Ítem 12,Imagen real del estímulo; el dato se lee en la figura,1
"Atención de Enfermería, mención Adulto Mayor",Orientación familiar para el cuidado del adulto mayor,30,42,e4.png?v=3,foto,E4 Ítem 13,Imagen real del estímulo; el dato se lee en la figura,1
"Atención de Enfermería, mención Adulto Mayor",Orientación familiar para el cuidado del adulto mayor,30,43,e4.png?v=3,foto,E4 Ítem 14,Imagen real del estímulo; el dato se lee en la figura,1
"Atención de Enfermería, mención Adulto Mayor",Orientación familiar para el cuidado del adulto mayor,30,44,e4.png?v=3,foto,E4 Ítem 15,Imagen real del estímulo; el dato se lee en la figura,1
"Atención de Enfermería, mención Adulto Mayor",Orientación familiar para el cuidado del adulto mayor,30,45,e4.png?v=3,foto,E4 Ítem 16,Imagen real del estímulo; el dato se lee en la figura,1
"Atención de Enfermería, mención Adulto Mayor",Orientación familiar para el cuidado del adulto mayor,30,46,e4.png?v=3,foto,E4 Ítem 17,Imagen real del estímulo; el dato se lee en la figura,1
"Atención de Enfermería, mención Adulto Mayor",Orientación familiar para el cuidado del adulto mayor,30,47,e4.png?v=3,foto,E4 Ítem 18,Imagen real del estímulo; el dato se lee en la figura,1
"Atención de Enfermería, mención Adulto Mayor",Orientación familiar para el cuidado del adulto mayor,30,48,e4.png?v=3,foto,E4 Ítem 19,Imagen real del estímulo; el dato se lee en la figura,1
"Atención de Enfermería, mención Adulto Mayor",Orientación familiar para el cuidado del adulto mayor,30,49,e4.png?v=3,foto,E4 Ítem 20,Imagen real del estímulo; el dato se lee en la figura,1
"Atención de Enfermería, mención Adulto Mayor",Orientación familiar para el cuidado del adulto mayor,30,50,e4.png?v=3,foto,E4 Ítem 21,Imagen real del estímulo; el dato se lee en la figura,1
"Atención de Enfermería, mención Adulto Mayor",Orientación familiar para el cuidado del adulto mayor,30,51,e4.png?v=3,foto,E4 Ítem 22,Imagen real del estímulo; el dato se lee en la figura,1
"Atención de Enfermería, mención Adulto Mayor",Orientación familiar para el cuidado del adulto mayor,30,52,e4.png?v=3,foto,E4 Ítem 23,Imagen real del estímulo; el dato se lee en la figura,1
"Atención de Enfermería, mención Adulto Mayor",Orientación familiar para el cuidado del adulto mayor,30,53,e4.png?v=3,foto,E4 Ítem 24,Imagen real del estímulo; el dato se lee en la figura,1
"Atención de Enfermería, mención Adulto Mayor",Orientación familiar para el cuidado del adulto mayor,30,54,e4.png?v=3,foto,E4 Ítem 25,Imagen real del estímulo; el dato se lee en la figura,1
"Atención de Enfermería, mención Adulto Mayor",Orientación familiar para el cuidado del adulto mayor,30,55,oficio-plano-leyenda.png?v=3,foto,E5 Retroalimentación,Frame del error en cada pregunta incorrecta,1
"Atención de Enfermería, mención Adulto Mayor",Alimentación y nutrición del adulto mayor,31,1,e1.png?v=3,foto,E1 Contextualización · explorar,Observar el escenario del AE con hotspots ligados a criterio,1
"Atención de Enfermería, mención Adulto Mayor",Alimentación y nutrición del adulto mayor,31,2,e2.png?v=3,3d,E2 AE1 etapa 1 (hotspot),Fomenta la participación activa del adulto mayor en su alimentación y nutrición mediante la colaboración constante en su actividad diaria (dentro de su hogar o en el establecimiento de atención especializada).,1
"Atención de Enfermería, mención Adulto Mayor",Alimentación y nutrición del adulto mayor,31,3,e2.png?v=3,foto,E2 AE1 etapa 2 (match),Fomenta la participación activa del adulto mayor en su alimentación y nutrición mediante la colaboración constante en su actividad diaria (dentro de su hogar o en el establecimiento de atención especializada).,1
"Atención de Enfermería, mención Adulto Mayor",Alimentación y nutrición del adulto mayor,31,4,e2.png?v=3,foto,E2 AE1 etapa 3 (order),Fomenta la participación activa del adulto mayor en su alimentación y nutrición mediante la colaboración constante en su actividad diaria (dentro de su hogar o en el establecimiento de atención especializada).,1
"Atención de Enfermería, mención Adulto Mayor",Alimentación y nutrición del adulto mayor,31,5,e2.png?v=3,foto,E2 AE1 etapa 4 (choice),Fomenta la participación activa del adulto mayor en su alimentación y nutrición mediante la colaboración constante en su actividad diaria (dentro de su hogar o en el establecimiento de atención especializada).,1
"Atención de Enfermería, mención Adulto Mayor",Alimentación y nutrición del adulto mayor,31,6,e2.png?v=3,foto,E2 AE1 etapa 5 (choice),Fomenta la participación activa del adulto mayor en su alimentación y nutrición mediante la colaboración constante en su actividad diaria (dentro de su hogar o en el establecimiento de atención especializada).,1
"Atención de Enfermería, mención Adulto Mayor",Alimentación y nutrición del adulto mayor,31,7,e2.png?v=3,foto,E2 AE1 etapa 6 (reflect),Fomenta la participación activa del adulto mayor en su alimentación y nutrición mediante la colaboración constante en su actividad diaria (dentro de su hogar o en el establecimiento de atención especializada).,1
"Atención de Enfermería, mención Adulto Mayor",Alimentación y nutrición del adulto mayor,31,8,e2.png?v=3,3d,E2 AE2 etapa 1 (hotspot),Explica al adulto mayor la importancia y los beneficios de una alimentación equilibrada para la conservación de la salud.,1
"Atención de Enfermería, mención Adulto Mayor",Alimentación y nutrición del adulto mayor,31,9,e2.png?v=3,foto,E2 AE2 etapa 2 (match),Explica al adulto mayor la importancia y los beneficios de una alimentación equilibrada para la conservación de la salud.,1
"Atención de Enfermería, mención Adulto Mayor",Alimentación y nutrición del adulto mayor,31,10,e2.png?v=3,foto,E2 AE2 etapa 3 (order),Explica al adulto mayor la importancia y los beneficios de una alimentación equilibrada para la conservación de la salud.,1
"Atención de Enfermería, mención Adulto Mayor",Alimentación y nutrición del adulto mayor,31,11,e2.png?v=3,foto,E2 AE2 etapa 4 (choice),Explica al adulto mayor la importancia y los beneficios de una alimentación equilibrada para la conservación de la salud.,1
"Atención de Enfermería, mención Adulto Mayor",Alimentación y nutrición del adulto mayor,31,12,e2.png?v=3,foto,E2 AE2 etapa 5 (choice),Explica al adulto mayor la importancia y los beneficios de una alimentación equilibrada para la conservación de la salud.,1
"Atención de Enfermería, mención Adulto Mayor",Alimentación y nutrición del adulto mayor,31,13,e2.png?v=3,foto,E2 AE2 etapa 6 (reflect),Explica al adulto mayor la importancia y los beneficios de una alimentación equilibrada para la conservación de la salud.,1
"Atención de Enfermería, mención Adulto Mayor",Alimentación y nutrición del adulto mayor,31,14,e2.png?v=3,3d,E2 AE3 etapa 1 (hotspot),Prepara alimentos para el adulto mayor cumpliendo las normas sanitarias e higiénicas exigidas y utilizando los implementos adecuados.,1
"Atención de Enfermería, mención Adulto Mayor",Alimentación y nutrición del adulto mayor,31,15,e2.png?v=3,foto,E2 AE3 etapa 2 (match),Prepara alimentos para el adulto mayor cumpliendo las normas sanitarias e higiénicas exigidas y utilizando los implementos adecuados.,1
"Atención de Enfermería, mención Adulto Mayor",Alimentación y nutrición del adulto mayor,31,16,e2.png?v=3,foto,E2 AE3 etapa 3 (order),Prepara alimentos para el adulto mayor cumpliendo las normas sanitarias e higiénicas exigidas y utilizando los implementos adecuados.,1
"Atención de Enfermería, mención Adulto Mayor",Alimentación y nutrición del adulto mayor,31,17,e2.png?v=3,foto,E2 AE3 etapa 4 (choice),Prepara alimentos para el adulto mayor cumpliendo las normas sanitarias e higiénicas exigidas y utilizando los implementos adecuados.,1
"Atención de Enfermería, mención Adulto Mayor",Alimentación y nutrición del adulto mayor,31,18,e2.png?v=3,foto,E2 AE3 etapa 5 (choice),Prepara alimentos para el adulto mayor cumpliendo las normas sanitarias e higiénicas exigidas y utilizando los implementos adecuados.,1
"Atención de Enfermería, mención Adulto Mayor",Alimentación y nutrición del adulto mayor,31,19,e2.png?v=3,foto,E2 AE3 etapa 6 (reflect),Prepara alimentos para el adulto mayor cumpliendo las normas sanitarias e higiénicas exigidas y utilizando los implementos adecuados.,1
"Atención de Enfermería, mención Adulto Mayor",Alimentación y nutrición del adulto mayor,31,20,e2.png?v=3,3d,E2 AE4 etapa 1 (hotspot),"Apoya y realiza las actividades de alimentar y servir los alimentos al adulto mayor según nivel de autonomía, cumpliendo indicaciones médicas y nutricionales y considerando técnicas de presentación y de atención postalimentación.",1
"Atención de Enfermería, mención Adulto Mayor",Alimentación y nutrición del adulto mayor,31,21,e2.png?v=3,foto,E2 AE4 etapa 2 (match),"Apoya y realiza las actividades de alimentar y servir los alimentos al adulto mayor según nivel de autonomía, cumpliendo indicaciones médicas y nutricionales y considerando técnicas de presentación y de atención postalimentación.",1
"Atención de Enfermería, mención Adulto Mayor",Alimentación y nutrición del adulto mayor,31,22,e2.png?v=3,foto,E2 AE4 etapa 3 (order),"Apoya y realiza las actividades de alimentar y servir los alimentos al adulto mayor según nivel de autonomía, cumpliendo indicaciones médicas y nutricionales y considerando técnicas de presentación y de atención postalimentación.",1
"Atención de Enfermería, mención Adulto Mayor",Alimentación y nutrición del adulto mayor,31,23,e2.png?v=3,foto,E2 AE4 etapa 4 (choice),"Apoya y realiza las actividades de alimentar y servir los alimentos al adulto mayor según nivel de autonomía, cumpliendo indicaciones médicas y nutricionales y considerando técnicas de presentación y de atención postalimentación.",1
"Atención de Enfermería, mención Adulto Mayor",Alimentación y nutrición del adulto mayor,31,24,e2.png?v=3,foto,E2 AE4 etapa 5 (choice),"Apoya y realiza las actividades de alimentar y servir los alimentos al adulto mayor según nivel de autonomía, cumpliendo indicaciones médicas y nutricionales y considerando técnicas de presentación y de atención postalimentación.",1
"Atención de Enfermería, mención Adulto Mayor",Alimentación y nutrición del adulto mayor,31,25,e2.png?v=3,foto,E2 AE4 etapa 6 (reflect),"Apoya y realiza las actividades de alimentar y servir los alimentos al adulto mayor según nivel de autonomía, cumpliendo indicaciones médicas y nutricionales y considerando técnicas de presentación y de atención postalimentación.",1
"Atención de Enfermería, mención Adulto Mayor",Alimentación y nutrición del adulto mayor,31,26,e3.png?v=3,foto,E3 Situación 1,Decidir en la situación con evidencia visible,1
"Atención de Enfermería, mención Adulto Mayor",Alimentación y nutrición del adulto mayor,31,27,e3.png?v=3,foto,E3 Situación 2,Decidir en la situación con evidencia visible,1
"Atención de Enfermería, mención Adulto Mayor",Alimentación y nutrición del adulto mayor,31,28,e3.png?v=3,foto,E3 Situación 3,Decidir en la situación con evidencia visible,1
"Atención de Enfermería, mención Adulto Mayor",Alimentación y nutrición del adulto mayor,31,29,e3.png?v=3,foto,E3 Situación 4,Decidir en la situación con evidencia visible,1
"Atención de Enfermería, mención Adulto Mayor",Alimentación y nutrición del adulto mayor,31,30,e3.png?v=3,foto,E3 Situación 5,Decidir en la situación con evidencia visible,1
"Atención de Enfermería, mención Adulto Mayor",Alimentación y nutrición del adulto mayor,31,31,e3.png?v=3,foto,E3 Situación 6,Decidir en la situación con evidencia visible,1
"Atención de Enfermería, mención Adulto Mayor",Alimentación y nutrición del adulto mayor,31,32,e3.png?v=3,foto,E3 Situación 7,Decidir en la situación con evidencia visible,1
"Atención de Enfermería, mención Adulto Mayor",Alimentación y nutrición del adulto mayor,31,33,e3.png?v=3,foto,E3 Situación 8,Decidir en la situación con evidencia visible,1
"Atención de Enfermería, mención Adulto Mayor",Alimentación y nutrición del adulto mayor,31,34,e3.png?v=3,foto,E3 Situación 9,Decidir en la situación con evidencia visible,1
"Atención de Enfermería, mención Adulto Mayor",Alimentación y nutrición del adulto mayor,31,35,e3.png?v=3,foto,E3 Situación 10,Decidir en la situación con evidencia visible,1
"Atención de Enfermería, mención Adulto Mayor",Alimentación y nutrición del adulto mayor,31,36,e3.png?v=3,foto,E3 Situación 11,Decidir en la situación con evidencia visible,1
"Atención de Enfermería, mención Adulto Mayor",Alimentación y nutrición del adulto mayor,31,37,e3.png?v=3,foto,E3 Situación 12,Decidir en la situación con evidencia visible,1
"Atención de Enfermería, mención Adulto Mayor",Alimentación y nutrición del adulto mayor,31,38,e3.png?v=3,foto,E3 Situación 13,Decidir en la situación con evidencia visible,1
"Atención de Enfermería, mención Adulto Mayor",Alimentación y nutrición del adulto mayor,31,39,e3.png?v=3,foto,E3 Situación 14,Decidir en la situación con evidencia visible,1
"Atención de Enfermería, mención Adulto Mayor",Alimentación y nutrición del adulto mayor,31,40,e3.png?v=3,foto,E3 Situación 15,Decidir en la situación con evidencia visible,1
"Atención de Enfermería, mención Adulto Mayor",Alimentación y nutrición del adulto mayor,31,41,e3.png?v=3,interactive-procedure,E3 Situación final 3D,"Recorrer el procedimiento (armar, instalar, diagnosticar) en el equipo",1
"Atención de Enfermería, mención Adulto Mayor",Alimentación y nutrición del adulto mayor,31,42,e4.png?v=3,foto,E4 Ítem 1,Imagen real del estímulo; el dato se lee en la figura,1
"Atención de Enfermería, mención Adulto Mayor",Alimentación y nutrición del adulto mayor,31,43,e4.png?v=3,foto,E4 Ítem 2,Imagen real del estímulo; el dato se lee en la figura,1
"Atención de Enfermería, mención Adulto Mayor",Alimentación y nutrición del adulto mayor,31,44,e4.png?v=3,foto,E4 Ítem 3,Imagen real del estímulo; el dato se lee en la figura,1
"Atención de Enfermería, mención Adulto Mayor",Alimentación y nutrición del adulto mayor,31,45,e4.png?v=3,foto,E4 Ítem 4,Imagen real del estímulo; el dato se lee en la figura,1
"Atención de Enfermería, mención Adulto Mayor",Alimentación y nutrición del adulto mayor,31,46,e4.png?v=3,foto,E4 Ítem 5,Imagen real del estímulo; el dato se lee en la figura,1
"Atención de Enfermería, mención Adulto Mayor",Alimentación y nutrición del adulto mayor,31,47,e4.png?v=3,foto,E4 Ítem 6,Imagen real del estímulo; el dato se lee en la figura,1
"Atención de Enfermería, mención Adulto Mayor",Alimentación y nutrición del adulto mayor,31,48,e4.png?v=3,foto,E4 Ítem 7,Imagen real del estímulo; el dato se lee en la figura,1
"Atención de Enfermería, mención Adulto Mayor",Alimentación y nutrición del adulto mayor,31,49,e4.png?v=3,foto,E4 Ítem 8,Imagen real del estímulo; el dato se lee en la figura,1
"Atención de Enfermería, mención Adulto Mayor",Alimentación y nutrición del adulto mayor,31,50,e4.png?v=3,foto,E4 Ítem 9,Imagen real del estímulo; el dato se lee en la figura,1
"Atención de Enfermería, mención Adulto Mayor",Alimentación y nutrición del adulto mayor,31,51,e4.png?v=3,foto,E4 Ítem 10,Imagen real del estímulo; el dato se lee en la figura,1
"Atención de Enfermería, mención Adulto Mayor",Alimentación y nutrición del adulto mayor,31,52,e4.png?v=3,foto,E4 Ítem 11,Imagen real del estímulo; el dato se lee en la figura,1
"Atención de Enfermería, mención Adulto Mayor",Alimentación y nutrición del adulto mayor,31,53,e4.png?v=3,foto,E4 Ítem 12,Imagen real del estímulo; el dato se lee en la figura,1
"Atención de Enfermería, mención Adulto Mayor",Alimentación y nutrición del adulto mayor,31,54,e4.png?v=3,foto,E4 Ítem 13,Imagen real del estímulo; el dato se lee en la figura,1
"Atención de Enfermería, mención Adulto Mayor",Alimentación y nutrición del adulto mayor,31,55,e4.png?v=3,foto,E4 Ítem 14,Imagen real del estímulo; el dato se lee en la figura,1
"Atención de Enfermería, mención Adulto Mayor",Alimentación y nutrición del adulto mayor,31,56,e4.png?v=3,foto,E4 Ítem 15,Imagen real del estímulo; el dato se lee en la figura,1
"Atención de Enfermería, mención Adulto Mayor",Alimentación y nutrición del adulto mayor,31,57,e4.png?v=3,foto,E4 Ítem 16,Imagen real del estímulo; el dato se lee en la figura,1
"Atención de Enfermería, mención Adulto Mayor",Alimentación y nutrición del adulto mayor,31,58,e4.png?v=3,foto,E4 Ítem 17,Imagen real del estímulo; el dato se lee en la figura,1
"Atención de Enfermería, mención Adulto Mayor",Alimentación y nutrición del adulto mayor,31,59,e4.png?v=3,foto,E4 Ítem 18,Imagen real del estímulo; el dato se lee en la figura,1
"Atención de Enfermería, mención Adulto Mayor",Alimentación y nutrición del adulto mayor,31,60,e4.png?v=3,foto,E4 Ítem 19,Imagen real del estímulo; el dato se lee en la figura,1
"Atención de Enfermería, mención Adulto Mayor",Alimentación y nutrición del adulto mayor,31,61,e4.png?v=3,foto,E4 Ítem 20,Imagen real del estímulo; el dato se lee en la figura,1
"Atención de Enfermería, mención Adulto Mayor",Alimentación y nutrición del adulto mayor,31,62,e4.png?v=3,foto,E4 Ítem 21,Imagen real del estímulo; el dato se lee en la figura,1
"Atención de Enfermería, mención Adulto Mayor",Alimentación y nutrición del adulto mayor,31,63,e4.png?v=3,foto,E4 Ítem 22,Imagen real del estímulo; el dato se lee en la figura,1
"Atención de Enfermería, mención Adulto Mayor",Alimentación y nutrición del adulto mayor,31,64,e4.png?v=3,foto,E4 Ítem 23,Imagen real del estímulo; el dato se lee en la figura,1
"Atención de Enfermería, mención Adulto Mayor",Alimentación y nutrición del adulto mayor,31,65,e4.png?v=3,foto,E4 Ítem 24,Imagen real del estímulo; el dato se lee en la figura,1
"Atención de Enfermería, mención Adulto Mayor",Alimentación y nutrición del adulto mayor,31,66,e4.png?v=3,foto,E4 Ítem 25,Imagen real del estímulo; el dato se lee en la figura,1
"Atención de Enfermería, mención Adulto Mayor",Alimentación y nutrición del adulto mayor,31,67,oficio-plano-leyenda.png?v=3,foto,E5 Retroalimentación,Frame del error en cada pregunta incorrecta,1
"Atención de Enfermería, mención Adulto Mayor",Atención de primeros auxilios del adulto mayor,32,1,e1.png?v=3,foto,E1 Contextualización · explorar,Observar el escenario del AE con hotspots ligados a criterio,1
"Atención de Enfermería, mención Adulto Mayor",Atención de primeros auxilios del adulto mayor,32,2,e2.png?v=3,3d,E2 AE1 etapa 1 (hotspot),"Colabora en la atención del adulto mayor frente a alteraciones graves de su condición de salud, con los recursos disponibles y de acuerdo a sus competencias y a los protocolos de la institución, e informa a quien corresponda, según la norma.",1
"Atención de Enfermería, mención Adulto Mayor",Atención de primeros auxilios del adulto mayor,32,3,e2.png?v=3,foto,E2 AE1 etapa 2 (match),"Colabora en la atención del adulto mayor frente a alteraciones graves de su condición de salud, con los recursos disponibles y de acuerdo a sus competencias y a los protocolos de la institución, e informa a quien corresponda, según la norma.",1
"Atención de Enfermería, mención Adulto Mayor",Atención de primeros auxilios del adulto mayor,32,4,e2.png?v=3,foto,E2 AE1 etapa 3 (order),"Colabora en la atención del adulto mayor frente a alteraciones graves de su condición de salud, con los recursos disponibles y de acuerdo a sus competencias y a los protocolos de la institución, e informa a quien corresponda, según la norma.",1
"Atención de Enfermería, mención Adulto Mayor",Atención de primeros auxilios del adulto mayor,32,5,e2.png?v=3,foto,E2 AE1 etapa 4 (choice),"Colabora en la atención del adulto mayor frente a alteraciones graves de su condición de salud, con los recursos disponibles y de acuerdo a sus competencias y a los protocolos de la institución, e informa a quien corresponda, según la norma.",1
"Atención de Enfermería, mención Adulto Mayor",Atención de primeros auxilios del adulto mayor,32,6,e2.png?v=3,foto,E2 AE1 etapa 5 (choice),"Colabora en la atención del adulto mayor frente a alteraciones graves de su condición de salud, con los recursos disponibles y de acuerdo a sus competencias y a los protocolos de la institución, e informa a quien corresponda, según la norma.",1
"Atención de Enfermería, mención Adulto Mayor",Atención de primeros auxilios del adulto mayor,32,7,e2.png?v=3,foto,E2 AE1 etapa 6 (reflect),"Colabora en la atención del adulto mayor frente a alteraciones graves de su condición de salud, con los recursos disponibles y de acuerdo a sus competencias y a los protocolos de la institución, e informa a quien corresponda, según la norma.",1
"Atención de Enfermería, mención Adulto Mayor",Atención de primeros auxilios del adulto mayor,32,8,e2.png?v=3,3d,E2 AE2 etapa 1 (hotspot),"Colabora en la aplicación de los primeros auxilios al adulto mayor en caso de accidentes, considerando las indicaciones médicas y de enfermería, el nivel de autonomía y la condición clínica del adulto mayor, e informa a quien corresponda, según la norma.",1
"Atención de Enfermería, mención Adulto Mayor",Atención de primeros auxilios del adulto mayor,32,9,e2.png?v=3,foto,E2 AE2 etapa 2 (match),"Colabora en la aplicación de los primeros auxilios al adulto mayor en caso de accidentes, considerando las indicaciones médicas y de enfermería, el nivel de autonomía y la condición clínica del adulto mayor, e informa a quien corresponda, según la norma.",1
"Atención de Enfermería, mención Adulto Mayor",Atención de primeros auxilios del adulto mayor,32,10,e2.png?v=3,foto,E2 AE2 etapa 3 (order),"Colabora en la aplicación de los primeros auxilios al adulto mayor en caso de accidentes, considerando las indicaciones médicas y de enfermería, el nivel de autonomía y la condición clínica del adulto mayor, e informa a quien corresponda, según la norma.",1
"Atención de Enfermería, mención Adulto Mayor",Atención de primeros auxilios del adulto mayor,32,11,e2.png?v=3,foto,E2 AE2 etapa 4 (choice),"Colabora en la aplicación de los primeros auxilios al adulto mayor en caso de accidentes, considerando las indicaciones médicas y de enfermería, el nivel de autonomía y la condición clínica del adulto mayor, e informa a quien corresponda, según la norma.",1
"Atención de Enfermería, mención Adulto Mayor",Atención de primeros auxilios del adulto mayor,32,12,e2.png?v=3,foto,E2 AE2 etapa 5 (choice),"Colabora en la aplicación de los primeros auxilios al adulto mayor en caso de accidentes, considerando las indicaciones médicas y de enfermería, el nivel de autonomía y la condición clínica del adulto mayor, e informa a quien corresponda, según la norma.",1
"Atención de Enfermería, mención Adulto Mayor",Atención de primeros auxilios del adulto mayor,32,13,e2.png?v=3,foto,E2 AE2 etapa 6 (reflect),"Colabora en la aplicación de los primeros auxilios al adulto mayor en caso de accidentes, considerando las indicaciones médicas y de enfermería, el nivel de autonomía y la condición clínica del adulto mayor, e informa a quien corresponda, según la norma.",1
"Atención de Enfermería, mención Adulto Mayor",Atención de primeros auxilios del adulto mayor,32,14,e3.png?v=3,foto,E3 Situación 1,Decidir en la situación con evidencia visible,1
"Atención de Enfermería, mención Adulto Mayor",Atención de primeros auxilios del adulto mayor,32,15,e3.png?v=3,foto,E3 Situación 2,Decidir en la situación con evidencia visible,1
"Atención de Enfermería, mención Adulto Mayor",Atención de primeros auxilios del adulto mayor,32,16,e3.png?v=3,foto,E3 Situación 3,Decidir en la situación con evidencia visible,1
"Atención de Enfermería, mención Adulto Mayor",Atención de primeros auxilios del adulto mayor,32,17,e3.png?v=3,foto,E3 Situación 4,Decidir en la situación con evidencia visible,1
"Atención de Enfermería, mención Adulto Mayor",Atención de primeros auxilios del adulto mayor,32,18,e3.png?v=3,foto,E3 Situación 5,Decidir en la situación con evidencia visible,1
"Atención de Enfermería, mención Adulto Mayor",Atención de primeros auxilios del adulto mayor,32,19,e3.png?v=3,foto,E3 Situación 6,Decidir en la situación con evidencia visible,1
"Atención de Enfermería, mención Adulto Mayor",Atención de primeros auxilios del adulto mayor,32,20,e3.png?v=3,foto,E3 Situación 7,Decidir en la situación con evidencia visible,1
"Atención de Enfermería, mención Adulto Mayor",Atención de primeros auxilios del adulto mayor,32,21,e3.png?v=3,foto,E3 Situación 8,Decidir en la situación con evidencia visible,1
"Atención de Enfermería, mención Adulto Mayor",Atención de primeros auxilios del adulto mayor,32,22,e3.png?v=3,foto,E3 Situación 9,Decidir en la situación con evidencia visible,1
"Atención de Enfermería, mención Adulto Mayor",Atención de primeros auxilios del adulto mayor,32,23,e3.png?v=3,foto,E3 Situación 10,Decidir en la situación con evidencia visible,1
"Atención de Enfermería, mención Adulto Mayor",Atención de primeros auxilios del adulto mayor,32,24,e3.png?v=3,foto,E3 Situación 11,Decidir en la situación con evidencia visible,1
"Atención de Enfermería, mención Adulto Mayor",Atención de primeros auxilios del adulto mayor,32,25,e3.png?v=3,foto,E3 Situación 12,Decidir en la situación con evidencia visible,1
"Atención de Enfermería, mención Adulto Mayor",Atención de primeros auxilios del adulto mayor,32,26,e3.png?v=3,foto,E3 Situación 13,Decidir en la situación con evidencia visible,1
"Atención de Enfermería, mención Adulto Mayor",Atención de primeros auxilios del adulto mayor,32,27,e3.png?v=3,foto,E3 Situación 14,Decidir en la situación con evidencia visible,1
"Atención de Enfermería, mención Adulto Mayor",Atención de primeros auxilios del adulto mayor,32,28,e3.png?v=3,foto,E3 Situación 15,Decidir en la situación con evidencia visible,1
"Atención de Enfermería, mención Adulto Mayor",Atención de primeros auxilios del adulto mayor,32,29,e3.png?v=3,interactive-procedure,E3 Situación final 3D,"Recorrer el procedimiento (armar, instalar, diagnosticar) en el equipo",1
"Atención de Enfermería, mención Adulto Mayor",Atención de primeros auxilios del adulto mayor,32,30,e4.png?v=3,foto,E4 Ítem 1,Imagen real del estímulo; el dato se lee en la figura,1
"Atención de Enfermería, mención Adulto Mayor",Atención de primeros auxilios del adulto mayor,32,31,e4.png?v=3,foto,E4 Ítem 2,Imagen real del estímulo; el dato se lee en la figura,1
"Atención de Enfermería, mención Adulto Mayor",Atención de primeros auxilios del adulto mayor,32,32,e4.png?v=3,foto,E4 Ítem 3,Imagen real del estímulo; el dato se lee en la figura,1
"Atención de Enfermería, mención Adulto Mayor",Atención de primeros auxilios del adulto mayor,32,33,e4.png?v=3,foto,E4 Ítem 4,Imagen real del estímulo; el dato se lee en la figura,1
"Atención de Enfermería, mención Adulto Mayor",Atención de primeros auxilios del adulto mayor,32,34,e4.png?v=3,foto,E4 Ítem 5,Imagen real del estímulo; el dato se lee en la figura,1
"Atención de Enfermería, mención Adulto Mayor",Atención de primeros auxilios del adulto mayor,32,35,e4.png?v=3,foto,E4 Ítem 6,Imagen real del estímulo; el dato se lee en la figura,1
"Atención de Enfermería, mención Adulto Mayor",Atención de primeros auxilios del adulto mayor,32,36,e4.png?v=3,foto,E4 Ítem 7,Imagen real del estímulo; el dato se lee en la figura,1
"Atención de Enfermería, mención Adulto Mayor",Atención de primeros auxilios del adulto mayor,32,37,e4.png?v=3,foto,E4 Ítem 8,Imagen real del estímulo; el dato se lee en la figura,1
"Atención de Enfermería, mención Adulto Mayor",Atención de primeros auxilios del adulto mayor,32,38,e4.png?v=3,foto,E4 Ítem 9,Imagen real del estímulo; el dato se lee en la figura,1
"Atención de Enfermería, mención Adulto Mayor",Atención de primeros auxilios del adulto mayor,32,39,e4.png?v=3,foto,E4 Ítem 10,Imagen real del estímulo; el dato se lee en la figura,1
"Atención de Enfermería, mención Adulto Mayor",Atención de primeros auxilios del adulto mayor,32,40,e4.png?v=3,foto,E4 Ítem 11,Imagen real del estímulo; el dato se lee en la figura,1
"Atención de Enfermería, mención Adulto Mayor",Atención de primeros auxilios del adulto mayor,32,41,e4.png?v=3,foto,E4 Ítem 12,Imagen real del estímulo; el dato se lee en la figura,1
"Atención de Enfermería, mención Adulto Mayor",Atención de primeros auxilios del adulto mayor,32,42,e4.png?v=3,foto,E4 Ítem 13,Imagen real del estímulo; el dato se lee en la figura,1
"Atención de Enfermería, mención Adulto Mayor",Atención de primeros auxilios del adulto mayor,32,43,e4.png?v=3,foto,E4 Ítem 14,Imagen real del estímulo; el dato se lee en la figura,1
"Atención de Enfermería, mención Adulto Mayor",Atención de primeros auxilios del adulto mayor,32,44,e4.png?v=3,foto,E4 Ítem 15,Imagen real del estímulo; el dato se lee en la figura,1
"Atención de Enfermería, mención Adulto Mayor",Atención de primeros auxilios del adulto mayor,32,45,e4.png?v=3,foto,E4 Ítem 16,Imagen real del estímulo; el dato se lee en la figura,1
"Atención de Enfermería, mención Adulto Mayor",Atención de primeros auxilios del adulto mayor,32,46,e4.png?v=3,foto,E4 Ítem 17,Imagen real del estímulo; el dato se lee en la figura,1
"Atención de Enfermería, mención Adulto Mayor",Atención de primeros auxilios del adulto mayor,32,47,e4.png?v=3,foto,E4 Ítem 18,Imagen real del estímulo; el dato se lee en la figura,1
"Atención de Enfermería, mención Adulto Mayor",Atención de primeros auxilios del adulto mayor,32,48,e4.png?v=3,foto,E4 Ítem 19,Imagen real del estímulo; el dato se lee en la figura,1
"Atención de Enfermería, mención Adulto Mayor",Atención de primeros auxilios del adulto mayor,32,49,e4.png?v=3,foto,E4 Ítem 20,Imagen real del estímulo; el dato se lee en la figura,1
"Atención de Enfermería, mención Adulto Mayor",Atención de primeros auxilios del adulto mayor,32,50,e4.png?v=3,foto,E4 Ítem 21,Imagen real del estímulo; el dato se lee en la figura,1
"Atención de Enfermería, mención Adulto Mayor",Atención de primeros auxilios del adulto mayor,32,51,e4.png?v=3,foto,E4 Ítem 22,Imagen real del estímulo; el dato se lee en la figura,1
"Atención de Enfermería, mención Adulto Mayor",Atención de primeros auxilios del adulto mayor,32,52,e4.png?v=3,foto,E4 Ítem 23,Imagen real del estímulo; el dato se lee en la figura,1
"Atención de Enfermería, mención Adulto Mayor",Atención de primeros auxilios del adulto mayor,32,53,e4.png?v=3,foto,E4 Ítem 24,Imagen real del estímulo; el dato se lee en la figura,1
"Atención de Enfermería, mención Adulto Mayor",Atención de primeros auxilios del adulto mayor,32,54,e4.png?v=3,foto,E4 Ítem 25,Imagen real del estímulo; el dato se lee en la figura,1
"Atención de Enfermería, mención Adulto Mayor",Atención de primeros auxilios del adulto mayor,32,55,oficio-plano-leyenda.png?v=3,foto,E5 Retroalimentación,Frame del error en cada pregunta incorrecta,1
"Atención de Enfermería, mención Adulto Mayor",Administración de medicamentos,33,1,e1.png?v=3,foto,E1 Contextualización · explorar,Observar el escenario del AE con hotspots ligados a criterio,1
"Atención de Enfermería, mención Adulto Mayor",Administración de medicamentos,33,2,e2.png?v=3,3d,E2 AE1 etapa 1 (hotspot),"Prepara medicamentos indicados al adulto mayor, de acuerdo a la prescripción médica e indicación de enfermería, aplicando los principios de asepsia y antisepsia, la técnica descrita en el manual de procedimientos de enfermería y las indicaciones establecidas por el laboratorio farmacéutico.",1
"Atención de Enfermería, mención Adulto Mayor",Administración de medicamentos,33,3,e2.png?v=3,foto,E2 AE1 etapa 2 (match),"Prepara medicamentos indicados al adulto mayor, de acuerdo a la prescripción médica e indicación de enfermería, aplicando los principios de asepsia y antisepsia, la técnica descrita en el manual de procedimientos de enfermería y las indicaciones establecidas por el laboratorio farmacéutico.",1
"Atención de Enfermería, mención Adulto Mayor",Administración de medicamentos,33,4,e2.png?v=3,foto,E2 AE1 etapa 3 (order),"Prepara medicamentos indicados al adulto mayor, de acuerdo a la prescripción médica e indicación de enfermería, aplicando los principios de asepsia y antisepsia, la técnica descrita en el manual de procedimientos de enfermería y las indicaciones establecidas por el laboratorio farmacéutico.",1
"Atención de Enfermería, mención Adulto Mayor",Administración de medicamentos,33,5,e2.png?v=3,foto,E2 AE1 etapa 4 (choice),"Prepara medicamentos indicados al adulto mayor, de acuerdo a la prescripción médica e indicación de enfermería, aplicando los principios de asepsia y antisepsia, la técnica descrita en el manual de procedimientos de enfermería y las indicaciones establecidas por el laboratorio farmacéutico.",1
"Atención de Enfermería, mención Adulto Mayor",Administración de medicamentos,33,6,e2.png?v=3,foto,E2 AE1 etapa 5 (choice),"Prepara medicamentos indicados al adulto mayor, de acuerdo a la prescripción médica e indicación de enfermería, aplicando los principios de asepsia y antisepsia, la técnica descrita en el manual de procedimientos de enfermería y las indicaciones establecidas por el laboratorio farmacéutico.",1
"Atención de Enfermería, mención Adulto Mayor",Administración de medicamentos,33,7,e2.png?v=3,foto,E2 AE1 etapa 6 (reflect),"Prepara medicamentos indicados al adulto mayor, de acuerdo a la prescripción médica e indicación de enfermería, aplicando los principios de asepsia y antisepsia, la técnica descrita en el manual de procedimientos de enfermería y las indicaciones establecidas por el laboratorio farmacéutico.",1
"Atención de Enfermería, mención Adulto Mayor",Administración de medicamentos,33,8,e2.png?v=3,3d,E2 AE2 etapa 1 (hotspot),"Administra medicamentos por vía natural e intramuscular, aplicando los principios de asepsia y antisepsia y las técnicas y las normas descritas en el manual de procedimientos de enfermería, de acuerdo a los protocolos establecidos, a las indicaciones médicas y bajo supervisión profesional.",1
"Atención de Enfermería, mención Adulto Mayor",Administración de medicamentos,33,9,e2.png?v=3,foto,E2 AE2 etapa 2 (match),"Administra medicamentos por vía natural e intramuscular, aplicando los principios de asepsia y antisepsia y las técnicas y las normas descritas en el manual de procedimientos de enfermería, de acuerdo a los protocolos establecidos, a las indicaciones médicas y bajo supervisión profesional.",1
"Atención de Enfermería, mención Adulto Mayor",Administración de medicamentos,33,10,e2.png?v=3,foto,E2 AE2 etapa 3 (order),"Administra medicamentos por vía natural e intramuscular, aplicando los principios de asepsia y antisepsia y las técnicas y las normas descritas en el manual de procedimientos de enfermería, de acuerdo a los protocolos establecidos, a las indicaciones médicas y bajo supervisión profesional.",1
"Atención de Enfermería, mención Adulto Mayor",Administración de medicamentos,33,11,e2.png?v=3,foto,E2 AE2 etapa 4 (choice),"Administra medicamentos por vía natural e intramuscular, aplicando los principios de asepsia y antisepsia y las técnicas y las normas descritas en el manual de procedimientos de enfermería, de acuerdo a los protocolos establecidos, a las indicaciones médicas y bajo supervisión profesional.",1
"Atención de Enfermería, mención Adulto Mayor",Administración de medicamentos,33,12,e2.png?v=3,foto,E2 AE2 etapa 5 (choice),"Administra medicamentos por vía natural e intramuscular, aplicando los principios de asepsia y antisepsia y las técnicas y las normas descritas en el manual de procedimientos de enfermería, de acuerdo a los protocolos establecidos, a las indicaciones médicas y bajo supervisión profesional.",1
"Atención de Enfermería, mención Adulto Mayor",Administración de medicamentos,33,13,e2.png?v=3,foto,E2 AE2 etapa 6 (reflect),"Administra medicamentos por vía natural e intramuscular, aplicando los principios de asepsia y antisepsia y las técnicas y las normas descritas en el manual de procedimientos de enfermería, de acuerdo a los protocolos establecidos, a las indicaciones médicas y bajo supervisión profesional.",1
"Atención de Enfermería, mención Adulto Mayor",Administración de medicamentos,33,14,e3.png?v=3,foto,E3 Situación 1,Decidir en la situación con evidencia visible,1
"Atención de Enfermería, mención Adulto Mayor",Administración de medicamentos,33,15,e3.png?v=3,foto,E3 Situación 2,Decidir en la situación con evidencia visible,1
"Atención de Enfermería, mención Adulto Mayor",Administración de medicamentos,33,16,e3.png?v=3,foto,E3 Situación 3,Decidir en la situación con evidencia visible,1
"Atención de Enfermería, mención Adulto Mayor",Administración de medicamentos,33,17,e3.png?v=3,foto,E3 Situación 4,Decidir en la situación con evidencia visible,1
"Atención de Enfermería, mención Adulto Mayor",Administración de medicamentos,33,18,e3.png?v=3,foto,E3 Situación 5,Decidir en la situación con evidencia visible,1
"Atención de Enfermería, mención Adulto Mayor",Administración de medicamentos,33,19,e3.png?v=3,foto,E3 Situación 6,Decidir en la situación con evidencia visible,1
"Atención de Enfermería, mención Adulto Mayor",Administración de medicamentos,33,20,e3.png?v=3,foto,E3 Situación 7,Decidir en la situación con evidencia visible,1
"Atención de Enfermería, mención Adulto Mayor",Administración de medicamentos,33,21,e3.png?v=3,foto,E3 Situación 8,Decidir en la situación con evidencia visible,1
"Atención de Enfermería, mención Adulto Mayor",Administración de medicamentos,33,22,e3.png?v=3,foto,E3 Situación 9,Decidir en la situación con evidencia visible,1
"Atención de Enfermería, mención Adulto Mayor",Administración de medicamentos,33,23,e3.png?v=3,foto,E3 Situación 10,Decidir en la situación con evidencia visible,1
"Atención de Enfermería, mención Adulto Mayor",Administración de medicamentos,33,24,e3.png?v=3,foto,E3 Situación 11,Decidir en la situación con evidencia visible,1
"Atención de Enfermería, mención Adulto Mayor",Administración de medicamentos,33,25,e3.png?v=3,foto,E3 Situación 12,Decidir en la situación con evidencia visible,1
"Atención de Enfermería, mención Adulto Mayor",Administración de medicamentos,33,26,e3.png?v=3,foto,E3 Situación 13,Decidir en la situación con evidencia visible,1
"Atención de Enfermería, mención Adulto Mayor",Administración de medicamentos,33,27,e3.png?v=3,foto,E3 Situación 14,Decidir en la situación con evidencia visible,1
"Atención de Enfermería, mención Adulto Mayor",Administración de medicamentos,33,28,e3.png?v=3,foto,E3 Situación 15,Decidir en la situación con evidencia visible,1
"Atención de Enfermería, mención Adulto Mayor",Administración de medicamentos,33,29,e3.png?v=3,interactive-procedure,E3 Situación final 3D,"Recorrer el procedimiento (armar, instalar, diagnosticar) en el equipo",1
"Atención de Enfermería, mención Adulto Mayor",Administración de medicamentos,33,30,e4.png?v=3,foto,E4 Ítem 1,Imagen real del estímulo; el dato se lee en la figura,1
"Atención de Enfermería, mención Adulto Mayor",Administración de medicamentos,33,31,e4.png?v=3,foto,E4 Ítem 2,Imagen real del estímulo; el dato se lee en la figura,1
"Atención de Enfermería, mención Adulto Mayor",Administración de medicamentos,33,32,e4.png?v=3,foto,E4 Ítem 3,Imagen real del estímulo; el dato se lee en la figura,1
"Atención de Enfermería, mención Adulto Mayor",Administración de medicamentos,33,33,e4.png?v=3,foto,E4 Ítem 4,Imagen real del estímulo; el dato se lee en la figura,1
"Atención de Enfermería, mención Adulto Mayor",Administración de medicamentos,33,34,e4.png?v=3,foto,E4 Ítem 5,Imagen real del estímulo; el dato se lee en la figura,1
"Atención de Enfermería, mención Adulto Mayor",Administración de medicamentos,33,35,e4.png?v=3,foto,E4 Ítem 6,Imagen real del estímulo; el dato se lee en la figura,1
"Atención de Enfermería, mención Adulto Mayor",Administración de medicamentos,33,36,e4.png?v=3,foto,E4 Ítem 7,Imagen real del estímulo; el dato se lee en la figura,1
"Atención de Enfermería, mención Adulto Mayor",Administración de medicamentos,33,37,e4.png?v=3,foto,E4 Ítem 8,Imagen real del estímulo; el dato se lee en la figura,1
"Atención de Enfermería, mención Adulto Mayor",Administración de medicamentos,33,38,e4.png?v=3,foto,E4 Ítem 9,Imagen real del estímulo; el dato se lee en la figura,1
"Atención de Enfermería, mención Adulto Mayor",Administración de medicamentos,33,39,e4.png?v=3,foto,E4 Ítem 10,Imagen real del estímulo; el dato se lee en la figura,1
"Atención de Enfermería, mención Adulto Mayor",Administración de medicamentos,33,40,e4.png?v=3,foto,E4 Ítem 11,Imagen real del estímulo; el dato se lee en la figura,1
"Atención de Enfermería, mención Adulto Mayor",Administración de medicamentos,33,41,e4.png?v=3,foto,E4 Ítem 12,Imagen real del estímulo; el dato se lee en la figura,1
"Atención de Enfermería, mención Adulto Mayor",Administración de medicamentos,33,42,e4.png?v=3,foto,E4 Ítem 13,Imagen real del estímulo; el dato se lee en la figura,1
"Atención de Enfermería, mención Adulto Mayor",Administración de medicamentos,33,43,e4.png?v=3,foto,E4 Ítem 14,Imagen real del estímulo; el dato se lee en la figura,1
"Atención de Enfermería, mención Adulto Mayor",Administración de medicamentos,33,44,e4.png?v=3,foto,E4 Ítem 15,Imagen real del estímulo; el dato se lee en la figura,1
"Atención de Enfermería, mención Adulto Mayor",Administración de medicamentos,33,45,e4.png?v=3,foto,E4 Ítem 16,Imagen real del estímulo; el dato se lee en la figura,1
"Atención de Enfermería, mención Adulto Mayor",Administración de medicamentos,33,46,e4.png?v=3,foto,E4 Ítem 17,Imagen real del estímulo; el dato se lee en la figura,1
"Atención de Enfermería, mención Adulto Mayor",Administración de medicamentos,33,47,e4.png?v=3,foto,E4 Ítem 18,Imagen real del estímulo; el dato se lee en la figura,1
"Atención de Enfermería, mención Adulto Mayor",Administración de medicamentos,33,48,e4.png?v=3,foto,E4 Ítem 19,Imagen real del estímulo; el dato se lee en la figura,1
"Atención de Enfermería, mención Adulto Mayor",Administración de medicamentos,33,49,e4.png?v=3,foto,E4 Ítem 20,Imagen real del estímulo; el dato se lee en la figura,1
"Atención de Enfermería, mención Adulto Mayor",Administración de medicamentos,33,50,e4.png?v=3,foto,E4 Ítem 21,Imagen real del estímulo; el dato se lee en la figura,1
"Atención de Enfermería, mención Adulto Mayor",Administración de medicamentos,33,51,e4.png?v=3,foto,E4 Ítem 22,Imagen real del estímulo; el dato se lee en la figura,1
"Atención de Enfermería, mención Adulto Mayor",Administración de medicamentos,33,52,e4.png?v=3,foto,E4 Ítem 23,Imagen real del estímulo; el dato se lee en la figura,1
"Atención de Enfermería, mención Adulto Mayor",Administración de medicamentos,33,53,e4.png?v=3,foto,E4 Ítem 24,Imagen real del estímulo; el dato se lee en la figura,1
"Atención de Enfermería, mención Adulto Mayor",Administración de medicamentos,33,54,e4.png?v=3,foto,E4 Ítem 25,Imagen real del estímulo; el dato se lee en la figura,1
"Atención de Enfermería, mención Adulto Mayor",Administración de medicamentos,33,55,oficio-plano-leyenda.png?v=3,foto,E5 Retroalimentación,Frame del error en cada pregunta incorrecta,1
"Atención de Enfermería, mención Adulto Mayor",Higiene y confort del adulto mayor,34,1,e1.png?v=3,foto,E1 Contextualización · explorar,Observar el escenario del AE con hotspots ligados a criterio,1
"Atención de Enfermería, mención Adulto Mayor",Higiene y confort del adulto mayor,34,2,e2.png?v=3,3d,E2 AE1 etapa 1 (hotspot),"Asiste al adulto mayor en las actividades de higiene y confort, respetando su privacidad y fomentando el autocuidado y la independencia, de acuerdo a su capacidad.",1
"Atención de Enfermería, mención Adulto Mayor",Higiene y confort del adulto mayor,34,3,e2.png?v=3,foto,E2 AE1 etapa 2 (match),"Asiste al adulto mayor en las actividades de higiene y confort, respetando su privacidad y fomentando el autocuidado y la independencia, de acuerdo a su capacidad.",1
"Atención de Enfermería, mención Adulto Mayor",Higiene y confort del adulto mayor,34,4,e2.png?v=3,foto,E2 AE1 etapa 3 (order),"Asiste al adulto mayor en las actividades de higiene y confort, respetando su privacidad y fomentando el autocuidado y la independencia, de acuerdo a su capacidad.",1
"Atención de Enfermería, mención Adulto Mayor",Higiene y confort del adulto mayor,34,5,e2.png?v=3,foto,E2 AE1 etapa 4 (choice),"Asiste al adulto mayor en las actividades de higiene y confort, respetando su privacidad y fomentando el autocuidado y la independencia, de acuerdo a su capacidad.",1
"Atención de Enfermería, mención Adulto Mayor",Higiene y confort del adulto mayor,34,6,e2.png?v=3,foto,E2 AE1 etapa 5 (choice),"Asiste al adulto mayor en las actividades de higiene y confort, respetando su privacidad y fomentando el autocuidado y la independencia, de acuerdo a su capacidad.",1
"Atención de Enfermería, mención Adulto Mayor",Higiene y confort del adulto mayor,34,7,e2.png?v=3,foto,E2 AE1 etapa 6 (reflect),"Asiste al adulto mayor en las actividades de higiene y confort, respetando su privacidad y fomentando el autocuidado y la independencia, de acuerdo a su capacidad.",1
"Atención de Enfermería, mención Adulto Mayor",Higiene y confort del adulto mayor,34,8,e2.png?v=3,3d,E2 AE2 etapa 1 (hotspot),Aplica técnicas de conservación y fortalecimiento de la movilidad y autonomía del adulto mayor durante la aplicación de técnicas de higiene y confort en la sala de baño o habitación del adulto.,1
"Atención de Enfermería, mención Adulto Mayor",Higiene y confort del adulto mayor,34,9,e2.png?v=3,foto,E2 AE2 etapa 2 (match),Aplica técnicas de conservación y fortalecimiento de la movilidad y autonomía del adulto mayor durante la aplicación de técnicas de higiene y confort en la sala de baño o habitación del adulto.,1
"Atención de Enfermería, mención Adulto Mayor",Higiene y confort del adulto mayor,34,10,e2.png?v=3,foto,E2 AE2 etapa 3 (order),Aplica técnicas de conservación y fortalecimiento de la movilidad y autonomía del adulto mayor durante la aplicación de técnicas de higiene y confort en la sala de baño o habitación del adulto.,1
"Atención de Enfermería, mención Adulto Mayor",Higiene y confort del adulto mayor,34,11,e2.png?v=3,foto,E2 AE2 etapa 4 (choice),Aplica técnicas de conservación y fortalecimiento de la movilidad y autonomía del adulto mayor durante la aplicación de técnicas de higiene y confort en la sala de baño o habitación del adulto.,1
"Atención de Enfermería, mención Adulto Mayor",Higiene y confort del adulto mayor,34,12,e2.png?v=3,foto,E2 AE2 etapa 5 (choice),Aplica técnicas de conservación y fortalecimiento de la movilidad y autonomía del adulto mayor durante la aplicación de técnicas de higiene y confort en la sala de baño o habitación del adulto.,1
"Atención de Enfermería, mención Adulto Mayor",Higiene y confort del adulto mayor,34,13,e2.png?v=3,foto,E2 AE2 etapa 6 (reflect),Aplica técnicas de conservación y fortalecimiento de la movilidad y autonomía del adulto mayor durante la aplicación de técnicas de higiene y confort en la sala de baño o habitación del adulto.,1
"Atención de Enfermería, mención Adulto Mayor",Higiene y confort del adulto mayor,34,14,e3.png?v=3,foto,E3 Situación 1,Decidir en la situación con evidencia visible,1
"Atención de Enfermería, mención Adulto Mayor",Higiene y confort del adulto mayor,34,15,e3.png?v=3,foto,E3 Situación 2,Decidir en la situación con evidencia visible,1
"Atención de Enfermería, mención Adulto Mayor",Higiene y confort del adulto mayor,34,16,e3.png?v=3,foto,E3 Situación 3,Decidir en la situación con evidencia visible,1
"Atención de Enfermería, mención Adulto Mayor",Higiene y confort del adulto mayor,34,17,e3.png?v=3,foto,E3 Situación 4,Decidir en la situación con evidencia visible,1
"Atención de Enfermería, mención Adulto Mayor",Higiene y confort del adulto mayor,34,18,e3.png?v=3,foto,E3 Situación 5,Decidir en la situación con evidencia visible,1
"Atención de Enfermería, mención Adulto Mayor",Higiene y confort del adulto mayor,34,19,e3.png?v=3,foto,E3 Situación 6,Decidir en la situación con evidencia visible,1
"Atención de Enfermería, mención Adulto Mayor",Higiene y confort del adulto mayor,34,20,e3.png?v=3,foto,E3 Situación 7,Decidir en la situación con evidencia visible,1
"Atención de Enfermería, mención Adulto Mayor",Higiene y confort del adulto mayor,34,21,e3.png?v=3,foto,E3 Situación 8,Decidir en la situación con evidencia visible,1
"Atención de Enfermería, mención Adulto Mayor",Higiene y confort del adulto mayor,34,22,e3.png?v=3,foto,E3 Situación 9,Decidir en la situación con evidencia visible,1
"Atención de Enfermería, mención Adulto Mayor",Higiene y confort del adulto mayor,34,23,e3.png?v=3,foto,E3 Situación 10,Decidir en la situación con evidencia visible,1
"Atención de Enfermería, mención Adulto Mayor",Higiene y confort del adulto mayor,34,24,e3.png?v=3,foto,E3 Situación 11,Decidir en la situación con evidencia visible,1
"Atención de Enfermería, mención Adulto Mayor",Higiene y confort del adulto mayor,34,25,e3.png?v=3,foto,E3 Situación 12,Decidir en la situación con evidencia visible,1
"Atención de Enfermería, mención Adulto Mayor",Higiene y confort del adulto mayor,34,26,e3.png?v=3,foto,E3 Situación 13,Decidir en la situación con evidencia visible,1
"Atención de Enfermería, mención Adulto Mayor",Higiene y confort del adulto mayor,34,27,e3.png?v=3,foto,E3 Situación 14,Decidir en la situación con evidencia visible,1
"Atención de Enfermería, mención Adulto Mayor",Higiene y confort del adulto mayor,34,28,e3.png?v=3,foto,E3 Situación 15,Decidir en la situación con evidencia visible,1
"Atención de Enfermería, mención Adulto Mayor",Higiene y confort del adulto mayor,34,29,e3.png?v=3,interactive-procedure,E3 Situación final 3D,"Recorrer el procedimiento (armar, instalar, diagnosticar) en el equipo",1
"Atención de Enfermería, mención Adulto Mayor",Higiene y confort del adulto mayor,34,30,e4.png?v=3,foto,E4 Ítem 1,Imagen real del estímulo; el dato se lee en la figura,1
"Atención de Enfermería, mención Adulto Mayor",Higiene y confort del adulto mayor,34,31,e4.png?v=3,foto,E4 Ítem 2,Imagen real del estímulo; el dato se lee en la figura,1
"Atención de Enfermería, mención Adulto Mayor",Higiene y confort del adulto mayor,34,32,e4.png?v=3,foto,E4 Ítem 3,Imagen real del estímulo; el dato se lee en la figura,1
"Atención de Enfermería, mención Adulto Mayor",Higiene y confort del adulto mayor,34,33,e4.png?v=3,foto,E4 Ítem 4,Imagen real del estímulo; el dato se lee en la figura,1
"Atención de Enfermería, mención Adulto Mayor",Higiene y confort del adulto mayor,34,34,e4.png?v=3,foto,E4 Ítem 5,Imagen real del estímulo; el dato se lee en la figura,1
"Atención de Enfermería, mención Adulto Mayor",Higiene y confort del adulto mayor,34,35,e4.png?v=3,foto,E4 Ítem 6,Imagen real del estímulo; el dato se lee en la figura,1
"Atención de Enfermería, mención Adulto Mayor",Higiene y confort del adulto mayor,34,36,e4.png?v=3,foto,E4 Ítem 7,Imagen real del estímulo; el dato se lee en la figura,1
"Atención de Enfermería, mención Adulto Mayor",Higiene y confort del adulto mayor,34,37,e4.png?v=3,foto,E4 Ítem 8,Imagen real del estímulo; el dato se lee en la figura,1
"Atención de Enfermería, mención Adulto Mayor",Higiene y confort del adulto mayor,34,38,e4.png?v=3,foto,E4 Ítem 9,Imagen real del estímulo; el dato se lee en la figura,1
"Atención de Enfermería, mención Adulto Mayor",Higiene y confort del adulto mayor,34,39,e4.png?v=3,foto,E4 Ítem 10,Imagen real del estímulo; el dato se lee en la figura,1
"Atención de Enfermería, mención Adulto Mayor",Higiene y confort del adulto mayor,34,40,e4.png?v=3,foto,E4 Ítem 11,Imagen real del estímulo; el dato se lee en la figura,1
"Atención de Enfermería, mención Adulto Mayor",Higiene y confort del adulto mayor,34,41,e4.png?v=3,foto,E4 Ítem 12,Imagen real del estímulo; el dato se lee en la figura,1
"Atención de Enfermería, mención Adulto Mayor",Higiene y confort del adulto mayor,34,42,e4.png?v=3,foto,E4 Ítem 13,Imagen real del estímulo; el dato se lee en la figura,1
"Atención de Enfermería, mención Adulto Mayor",Higiene y confort del adulto mayor,34,43,e4.png?v=3,foto,E4 Ítem 14,Imagen real del estímulo; el dato se lee en la figura,1
"Atención de Enfermería, mención Adulto Mayor",Higiene y confort del adulto mayor,34,44,e4.png?v=3,foto,E4 Ítem 15,Imagen real del estímulo; el dato se lee en la figura,1
"Atención de Enfermería, mención Adulto Mayor",Higiene y confort del adulto mayor,34,45,e4.png?v=3,foto,E4 Ítem 16,Imagen real del estímulo; el dato se lee en la figura,1
"Atención de Enfermería, mención Adulto Mayor",Higiene y confort del adulto mayor,34,46,e4.png?v=3,foto,E4 Ítem 17,Imagen real del estímulo; el dato se lee en la figura,1
"Atención de Enfermería, mención Adulto Mayor",Higiene y confort del adulto mayor,34,47,e4.png?v=3,foto,E4 Ítem 18,Imagen real del estímulo; el dato se lee en la figura,1
"Atención de Enfermería, mención Adulto Mayor",Higiene y confort del adulto mayor,34,48,e4.png?v=3,foto,E4 Ítem 19,Imagen real del estímulo; el dato se lee en la figura,1
"Atención de Enfermería, mención Adulto Mayor",Higiene y confort del adulto mayor,34,49,e4.png?v=3,foto,E4 Ítem 20,Imagen real del estímulo; el dato se lee en la figura,1
"Atención de Enfermería, mención Adulto Mayor",Higiene y confort del adulto mayor,34,50,e4.png?v=3,foto,E4 Ítem 21,Imagen real del estímulo; el dato se lee en la figura,1
"Atención de Enfermería, mención Adulto Mayor",Higiene y confort del adulto mayor,34,51,e4.png?v=3,foto,E4 Ítem 22,Imagen real del estímulo; el dato se lee en la figura,1
"Atención de Enfermería, mención Adulto Mayor",Higiene y confort del adulto mayor,34,52,e4.png?v=3,foto,E4 Ítem 23,Imagen real del estímulo; el dato se lee en la figura,1
"Atención de Enfermería, mención Adulto Mayor",Higiene y confort del adulto mayor,34,53,e4.png?v=3,foto,E4 Ítem 24,Imagen real del estímulo; el dato se lee en la figura,1
"Atención de Enfermería, mención Adulto Mayor",Higiene y confort del adulto mayor,34,54,e4.png?v=3,foto,E4 Ítem 25,Imagen real del estímulo; el dato se lee en la figura,1
"Atención de Enfermería, mención Adulto Mayor",Higiene y confort del adulto mayor,34,55,oficio-plano-leyenda.png?v=3,foto,E5 Retroalimentación,Frame del error en cada pregunta incorrecta,1
"Atención de Enfermería, mención Adulto Mayor",Emprendimiento y empleabilidad,35,1,e1.png?v=3,foto,E1 Contextualización · explorar,Observar el escenario del AE con hotspots ligados a criterio,1
"Atención de Enfermería, mención Adulto Mayor",Emprendimiento y empleabilidad,35,2,e2.png?v=3,3d,E2 AE1 etapa 1 (hotspot),"Diseña y ejecuta un proyecto para concretar iniciativas de emprendimiento, identificando las acciones a realizar, el cronograma de su ejecución y los presupuestos, definiendo alternativas de financiamiento y evaluando y controlando su avance.",1
"Atención de Enfermería, mención Adulto Mayor",Emprendimiento y empleabilidad,35,3,e2.png?v=3,foto,E2 AE1 etapa 2 (match),"Diseña y ejecuta un proyecto para concretar iniciativas de emprendimiento, identificando las acciones a realizar, el cronograma de su ejecución y los presupuestos, definiendo alternativas de financiamiento y evaluando y controlando su avance.",1
"Atención de Enfermería, mención Adulto Mayor",Emprendimiento y empleabilidad,35,4,e2.png?v=3,foto,E2 AE1 etapa 3 (order),"Diseña y ejecuta un proyecto para concretar iniciativas de emprendimiento, identificando las acciones a realizar, el cronograma de su ejecución y los presupuestos, definiendo alternativas de financiamiento y evaluando y controlando su avance.",1
"Atención de Enfermería, mención Adulto Mayor",Emprendimiento y empleabilidad,35,5,e2.png?v=3,foto,E2 AE1 etapa 4 (choice),"Diseña y ejecuta un proyecto para concretar iniciativas de emprendimiento, identificando las acciones a realizar, el cronograma de su ejecución y los presupuestos, definiendo alternativas de financiamiento y evaluando y controlando su avance.",1
"Atención de Enfermería, mención Adulto Mayor",Emprendimiento y empleabilidad,35,6,e2.png?v=3,foto,E2 AE1 etapa 5 (choice),"Diseña y ejecuta un proyecto para concretar iniciativas de emprendimiento, identificando las acciones a realizar, el cronograma de su ejecución y los presupuestos, definiendo alternativas de financiamiento y evaluando y controlando su avance.",1
"Atención de Enfermería, mención Adulto Mayor",Emprendimiento y empleabilidad,35,7,e2.png?v=3,foto,E2 AE1 etapa 6 (reflect),"Diseña y ejecuta un proyecto para concretar iniciativas de emprendimiento, identificando las acciones a realizar, el cronograma de su ejecución y los presupuestos, definiendo alternativas de financiamiento y evaluando y controlando su avance.",1
"Atención de Enfermería, mención Adulto Mayor",Emprendimiento y empleabilidad,35,8,e2.png?v=3,3d,E2 AE2 etapa 1 (hotspot),"Maneja la legislación laboral y previsional chilena como marco regulador de las relaciones entre trabajadores y empleadores, identificando los derechos y deberes de ambas partes, tanto individuales como colectivos, y la reconoce como base para establecer buenas relaciones laborales.",1
"Atención de Enfermería, mención Adulto Mayor",Emprendimiento y empleabilidad,35,9,e2.png?v=3,foto,E2 AE2 etapa 2 (match),"Maneja la legislación laboral y previsional chilena como marco regulador de las relaciones entre trabajadores y empleadores, identificando los derechos y deberes de ambas partes, tanto individuales como colectivos, y la reconoce como base para establecer buenas relaciones laborales.",1
"Atención de Enfermería, mención Adulto Mayor",Emprendimiento y empleabilidad,35,10,e2.png?v=3,foto,E2 AE2 etapa 3 (order),"Maneja la legislación laboral y previsional chilena como marco regulador de las relaciones entre trabajadores y empleadores, identificando los derechos y deberes de ambas partes, tanto individuales como colectivos, y la reconoce como base para establecer buenas relaciones laborales.",1
"Atención de Enfermería, mención Adulto Mayor",Emprendimiento y empleabilidad,35,11,e2.png?v=3,foto,E2 AE2 etapa 4 (choice),"Maneja la legislación laboral y previsional chilena como marco regulador de las relaciones entre trabajadores y empleadores, identificando los derechos y deberes de ambas partes, tanto individuales como colectivos, y la reconoce como base para establecer buenas relaciones laborales.",1
"Atención de Enfermería, mención Adulto Mayor",Emprendimiento y empleabilidad,35,12,e2.png?v=3,foto,E2 AE2 etapa 5 (choice),"Maneja la legislación laboral y previsional chilena como marco regulador de las relaciones entre trabajadores y empleadores, identificando los derechos y deberes de ambas partes, tanto individuales como colectivos, y la reconoce como base para establecer buenas relaciones laborales.",1
"Atención de Enfermería, mención Adulto Mayor",Emprendimiento y empleabilidad,35,13,e2.png?v=3,foto,E2 AE2 etapa 6 (reflect),"Maneja la legislación laboral y previsional chilena como marco regulador de las relaciones entre trabajadores y empleadores, identificando los derechos y deberes de ambas partes, tanto individuales como colectivos, y la reconoce como base para establecer buenas relaciones laborales.",1
"Atención de Enfermería, mención Adulto Mayor",Emprendimiento y empleabilidad,35,14,e2.png?v=3,3d,E2 AE3 etapa 1 (hotspot),"Prepara los elementos necesarios para participar de un proceso de incorporación al mundo del trabajo, valorando y planificando su trayectoria formativa y laboral.",1
"Atención de Enfermería, mención Adulto Mayor",Emprendimiento y empleabilidad,35,15,e2.png?v=3,foto,E2 AE3 etapa 2 (match),"Prepara los elementos necesarios para participar de un proceso de incorporación al mundo del trabajo, valorando y planificando su trayectoria formativa y laboral.",1
"Atención de Enfermería, mención Adulto Mayor",Emprendimiento y empleabilidad,35,16,e2.png?v=3,foto,E2 AE3 etapa 3 (order),"Prepara los elementos necesarios para participar de un proceso de incorporación al mundo del trabajo, valorando y planificando su trayectoria formativa y laboral.",1
"Atención de Enfermería, mención Adulto Mayor",Emprendimiento y empleabilidad,35,17,e2.png?v=3,foto,E2 AE3 etapa 4 (choice),"Prepara los elementos necesarios para participar de un proceso de incorporación al mundo del trabajo, valorando y planificando su trayectoria formativa y laboral.",1
"Atención de Enfermería, mención Adulto Mayor",Emprendimiento y empleabilidad,35,18,e2.png?v=3,foto,E2 AE3 etapa 5 (choice),"Prepara los elementos necesarios para participar de un proceso de incorporación al mundo del trabajo, valorando y planificando su trayectoria formativa y laboral.",1
"Atención de Enfermería, mención Adulto Mayor",Emprendimiento y empleabilidad,35,19,e2.png?v=3,foto,E2 AE3 etapa 6 (reflect),"Prepara los elementos necesarios para participar de un proceso de incorporación al mundo del trabajo, valorando y planificando su trayectoria formativa y laboral.",1
"Atención de Enfermería, mención Adulto Mayor",Emprendimiento y empleabilidad,35,20,e2.png?v=3,3d,E2 AE4 etapa 1 (hotspot),"Selecciona alternativas de capacitación y de educación superior para fortalecer sus competencias o desarrollar nuevas y adquirir certificaciones, ya sea e-learning o presenciales, evaluando las diversas opciones de financiamiento.",1
"Atención de Enfermería, mención Adulto Mayor",Emprendimiento y empleabilidad,35,21,e2.png?v=3,foto,E2 AE4 etapa 2 (match),"Selecciona alternativas de capacitación y de educación superior para fortalecer sus competencias o desarrollar nuevas y adquirir certificaciones, ya sea e-learning o presenciales, evaluando las diversas opciones de financiamiento.",1
"Atención de Enfermería, mención Adulto Mayor",Emprendimiento y empleabilidad,35,22,e2.png?v=3,foto,E2 AE4 etapa 3 (order),"Selecciona alternativas de capacitación y de educación superior para fortalecer sus competencias o desarrollar nuevas y adquirir certificaciones, ya sea e-learning o presenciales, evaluando las diversas opciones de financiamiento.",1
"Atención de Enfermería, mención Adulto Mayor",Emprendimiento y empleabilidad,35,23,e2.png?v=3,foto,E2 AE4 etapa 4 (choice),"Selecciona alternativas de capacitación y de educación superior para fortalecer sus competencias o desarrollar nuevas y adquirir certificaciones, ya sea e-learning o presenciales, evaluando las diversas opciones de financiamiento.",1
"Atención de Enfermería, mención Adulto Mayor",Emprendimiento y empleabilidad,35,24,e2.png?v=3,foto,E2 AE4 etapa 5 (choice),"Selecciona alternativas de capacitación y de educación superior para fortalecer sus competencias o desarrollar nuevas y adquirir certificaciones, ya sea e-learning o presenciales, evaluando las diversas opciones de financiamiento.",1
"Atención de Enfermería, mención Adulto Mayor",Emprendimiento y empleabilidad,35,25,e2.png?v=3,foto,E2 AE4 etapa 6 (reflect),"Selecciona alternativas de capacitación y de educación superior para fortalecer sus competencias o desarrollar nuevas y adquirir certificaciones, ya sea e-learning o presenciales, evaluando las diversas opciones de financiamiento.",1
"Atención de Enfermería, mención Adulto Mayor",Emprendimiento y empleabilidad,35,26,e3.png?v=3,foto,E3 Situación 1,Decidir en la situación con evidencia visible,1
"Atención de Enfermería, mención Adulto Mayor",Emprendimiento y empleabilidad,35,27,e3.png?v=3,foto,E3 Situación 2,Decidir en la situación con evidencia visible,1
"Atención de Enfermería, mención Adulto Mayor",Emprendimiento y empleabilidad,35,28,e3.png?v=3,foto,E3 Situación 3,Decidir en la situación con evidencia visible,1
"Atención de Enfermería, mención Adulto Mayor",Emprendimiento y empleabilidad,35,29,e3.png?v=3,foto,E3 Situación 4,Decidir en la situación con evidencia visible,1
"Atención de Enfermería, mención Adulto Mayor",Emprendimiento y empleabilidad,35,30,e3.png?v=3,foto,E3 Situación 5,Decidir en la situación con evidencia visible,1
"Atención de Enfermería, mención Adulto Mayor",Emprendimiento y empleabilidad,35,31,e3.png?v=3,foto,E3 Situación 6,Decidir en la situación con evidencia visible,1
"Atención de Enfermería, mención Adulto Mayor",Emprendimiento y empleabilidad,35,32,e3.png?v=3,foto,E3 Situación 7,Decidir en la situación con evidencia visible,1
"Atención de Enfermería, mención Adulto Mayor",Emprendimiento y empleabilidad,35,33,e3.png?v=3,foto,E3 Situación 8,Decidir en la situación con evidencia visible,1
"Atención de Enfermería, mención Adulto Mayor",Emprendimiento y empleabilidad,35,34,e3.png?v=3,foto,E3 Situación 9,Decidir en la situación con evidencia visible,1
"Atención de Enfermería, mención Adulto Mayor",Emprendimiento y empleabilidad,35,35,e3.png?v=3,foto,E3 Situación 10,Decidir en la situación con evidencia visible,1
"Atención de Enfermería, mención Adulto Mayor",Emprendimiento y empleabilidad,35,36,e3.png?v=3,foto,E3 Situación 11,Decidir en la situación con evidencia visible,1
"Atención de Enfermería, mención Adulto Mayor",Emprendimiento y empleabilidad,35,37,e3.png?v=3,foto,E3 Situación 12,Decidir en la situación con evidencia visible,1
"Atención de Enfermería, mención Adulto Mayor",Emprendimiento y empleabilidad,35,38,e3.png?v=3,foto,E3 Situación 13,Decidir en la situación con evidencia visible,1
"Atención de Enfermería, mención Adulto Mayor",Emprendimiento y empleabilidad,35,39,e3.png?v=3,foto,E3 Situación 14,Decidir en la situación con evidencia visible,1
"Atención de Enfermería, mención Adulto Mayor",Emprendimiento y empleabilidad,35,40,e3.png?v=3,foto,E3 Situación 15,Decidir en la situación con evidencia visible,1
"Atención de Enfermería, mención Adulto Mayor",Emprendimiento y empleabilidad,35,41,e3.png?v=3,interactive-procedure,E3 Situación final 3D,"Recorrer el procedimiento (armar, instalar, diagnosticar) en el equipo",1
"Atención de Enfermería, mención Adulto Mayor",Emprendimiento y empleabilidad,35,42,e4.png?v=3,foto,E4 Ítem 1,Imagen real del estímulo; el dato se lee en la figura,1
"Atención de Enfermería, mención Adulto Mayor",Emprendimiento y empleabilidad,35,43,e4.png?v=3,foto,E4 Ítem 2,Imagen real del estímulo; el dato se lee en la figura,1
"Atención de Enfermería, mención Adulto Mayor",Emprendimiento y empleabilidad,35,44,e4.png?v=3,foto,E4 Ítem 3,Imagen real del estímulo; el dato se lee en la figura,1
"Atención de Enfermería, mención Adulto Mayor",Emprendimiento y empleabilidad,35,45,e4.png?v=3,foto,E4 Ítem 4,Imagen real del estímulo; el dato se lee en la figura,1
"Atención de Enfermería, mención Adulto Mayor",Emprendimiento y empleabilidad,35,46,e4.png?v=3,foto,E4 Ítem 5,Imagen real del estímulo; el dato se lee en la figura,1
"Atención de Enfermería, mención Adulto Mayor",Emprendimiento y empleabilidad,35,47,e4.png?v=3,foto,E4 Ítem 6,Imagen real del estímulo; el dato se lee en la figura,1
"Atención de Enfermería, mención Adulto Mayor",Emprendimiento y empleabilidad,35,48,e4.png?v=3,foto,E4 Ítem 7,Imagen real del estímulo; el dato se lee en la figura,1
"Atención de Enfermería, mención Adulto Mayor",Emprendimiento y empleabilidad,35,49,e4.png?v=3,foto,E4 Ítem 8,Imagen real del estímulo; el dato se lee en la figura,1
"Atención de Enfermería, mención Adulto Mayor",Emprendimiento y empleabilidad,35,50,e4.png?v=3,foto,E4 Ítem 9,Imagen real del estímulo; el dato se lee en la figura,1
"Atención de Enfermería, mención Adulto Mayor",Emprendimiento y empleabilidad,35,51,e4.png?v=3,foto,E4 Ítem 10,Imagen real del estímulo; el dato se lee en la figura,1
"Atención de Enfermería, mención Adulto Mayor",Emprendimiento y empleabilidad,35,52,e4.png?v=3,foto,E4 Ítem 11,Imagen real del estímulo; el dato se lee en la figura,1
"Atención de Enfermería, mención Adulto Mayor",Emprendimiento y empleabilidad,35,53,e4.png?v=3,foto,E4 Ítem 12,Imagen real del estímulo; el dato se lee en la figura,1
"Atención de Enfermería, mención Adulto Mayor",Emprendimiento y empleabilidad,35,54,e4.png?v=3,foto,E4 Ítem 13,Imagen real del estímulo; el dato se lee en la figura,1
"Atención de Enfermería, mención Adulto Mayor",Emprendimiento y empleabilidad,35,55,e4.png?v=3,foto,E4 Ítem 14,Imagen real del estímulo; el dato se lee en la figura,1
"Atención de Enfermería, mención Adulto Mayor",Emprendimiento y empleabilidad,35,56,e4.png?v=3,foto,E4 Ítem 15,Imagen real del estímulo; el dato se lee en la figura,1
"Atención de Enfermería, mención Adulto Mayor",Emprendimiento y empleabilidad,35,57,e4.png?v=3,foto,E4 Ítem 16,Imagen real del estímulo; el dato se lee en la figura,1
"Atención de Enfermería, mención Adulto Mayor",Emprendimiento y empleabilidad,35,58,e4.png?v=3,foto,E4 Ítem 17,Imagen real del estímulo; el dato se lee en la figura,1
"Atención de Enfermería, mención Adulto Mayor",Emprendimiento y empleabilidad,35,59,e4.png?v=3,foto,E4 Ítem 18,Imagen real del estímulo; el dato se lee en la figura,1
"Atención de Enfermería, mención Adulto Mayor",Emprendimiento y empleabilidad,35,60,e4.png?v=3,foto,E4 Ítem 19,Imagen real del estímulo; el dato se lee en la figura,1
"Atención de Enfermería, mención Adulto Mayor",Emprendimiento y empleabilidad,35,61,e4.png?v=3,foto,E4 Ítem 20,Imagen real del estímulo; el dato se lee en la figura,1
"Atención de Enfermería, mención Adulto Mayor",Emprendimiento y empleabilidad,35,62,e4.png?v=3,foto,E4 Ítem 21,Imagen real del estímulo; el dato se lee en la figura,1
"Atención de Enfermería, mención Adulto Mayor",Emprendimiento y empleabilidad,35,63,e4.png?v=3,foto,E4 Ítem 22,Imagen real del estímulo; el dato se lee en la figura,1
"Atención de Enfermería, mención Adulto Mayor",Emprendimiento y empleabilidad,35,64,e4.png?v=3,foto,E4 Ítem 23,Imagen real del estímulo; el dato se lee en la figura,1
"Atención de Enfermería, mención Adulto Mayor",Emprendimiento y empleabilidad,35,65,e4.png?v=3,foto,E4 Ítem 24,Imagen real del estímulo; el dato se lee en la figura,1
"Atención de Enfermería, mención Adulto Mayor",Emprendimiento y empleabilidad,35,66,e4.png?v=3,foto,E4 Ítem 25,Imagen real del estímulo; el dato se lee en la figura,1
"Atención de Enfermería, mención Adulto Mayor",Emprendimiento y empleabilidad,35,67,oficio-plano-leyenda.png?v=3,foto,E5 Retroalimentación,Frame del error en cada pregunta incorrecta,1
"Atención de Enfermería, mención Enfermería",Aplicación de cuidados básicos,13,1,e1.png?v=3,foto,E1 Contextualización · explorar,Observar el escenario del AE con hotspots ligados a criterio,1
"Atención de Enfermería, mención Enfermería",Aplicación de cuidados básicos,13,2,e2.png?v=3,3d,E2 AE1 etapa 1 (hotspot),"Atiende integralmente y con los cuidados básicos de enfermería, a las y los pacientes y su familia según la etapa del ciclo vital, considerando las necesidades básicas, los derechos del paciente y la calidad de la atención en salud.",1
"Atención de Enfermería, mención Enfermería",Aplicación de cuidados básicos,13,3,e2.png?v=3,foto,E2 AE1 etapa 2 (match),"Atiende integralmente y con los cuidados básicos de enfermería, a las y los pacientes y su familia según la etapa del ciclo vital, considerando las necesidades básicas, los derechos del paciente y la calidad de la atención en salud.",1
"Atención de Enfermería, mención Enfermería",Aplicación de cuidados básicos,13,4,e2.png?v=3,foto,E2 AE1 etapa 3 (order),"Atiende integralmente y con los cuidados básicos de enfermería, a las y los pacientes y su familia según la etapa del ciclo vital, considerando las necesidades básicas, los derechos del paciente y la calidad de la atención en salud.",1
"Atención de Enfermería, mención Enfermería",Aplicación de cuidados básicos,13,5,e2.png?v=3,foto,E2 AE1 etapa 4 (choice),"Atiende integralmente y con los cuidados básicos de enfermería, a las y los pacientes y su familia según la etapa del ciclo vital, considerando las necesidades básicas, los derechos del paciente y la calidad de la atención en salud.",1
"Atención de Enfermería, mención Enfermería",Aplicación de cuidados básicos,13,6,e2.png?v=3,foto,E2 AE1 etapa 5 (choice),"Atiende integralmente y con los cuidados básicos de enfermería, a las y los pacientes y su familia según la etapa del ciclo vital, considerando las necesidades básicas, los derechos del paciente y la calidad de la atención en salud.",1
"Atención de Enfermería, mención Enfermería",Aplicación de cuidados básicos,13,7,e2.png?v=3,foto,E2 AE1 etapa 6 (reflect),"Atiende integralmente y con los cuidados básicos de enfermería, a las y los pacientes y su familia según la etapa del ciclo vital, considerando las necesidades básicas, los derechos del paciente y la calidad de la atención en salud.",1
"Atención de Enfermería, mención Enfermería",Aplicación de cuidados básicos,13,8,e2.png?v=3,3d,E2 AE2 etapa 1 (hotspot),"Ejecuta los procedimientos de higiene y confort a pacientes pediátricos y adultos, de acuerdo al plan de atención de enfermería, respetando la privacidad, el pudor y el protocolo establecido.",1
"Atención de Enfermería, mención Enfermería",Aplicación de cuidados básicos,13,9,e2.png?v=3,foto,E2 AE2 etapa 2 (match),"Ejecuta los procedimientos de higiene y confort a pacientes pediátricos y adultos, de acuerdo al plan de atención de enfermería, respetando la privacidad, el pudor y el protocolo establecido.",1
"Atención de Enfermería, mención Enfermería",Aplicación de cuidados básicos,13,10,e2.png?v=3,foto,E2 AE2 etapa 3 (order),"Ejecuta los procedimientos de higiene y confort a pacientes pediátricos y adultos, de acuerdo al plan de atención de enfermería, respetando la privacidad, el pudor y el protocolo establecido.",1
"Atención de Enfermería, mención Enfermería",Aplicación de cuidados básicos,13,11,e2.png?v=3,foto,E2 AE2 etapa 4 (choice),"Ejecuta los procedimientos de higiene y confort a pacientes pediátricos y adultos, de acuerdo al plan de atención de enfermería, respetando la privacidad, el pudor y el protocolo establecido.",1
"Atención de Enfermería, mención Enfermería",Aplicación de cuidados básicos,13,12,e2.png?v=3,foto,E2 AE2 etapa 5 (choice),"Ejecuta los procedimientos de higiene y confort a pacientes pediátricos y adultos, de acuerdo al plan de atención de enfermería, respetando la privacidad, el pudor y el protocolo establecido.",1
"Atención de Enfermería, mención Enfermería",Aplicación de cuidados básicos,13,13,e2.png?v=3,foto,E2 AE2 etapa 6 (reflect),"Ejecuta los procedimientos de higiene y confort a pacientes pediátricos y adultos, de acuerdo al plan de atención de enfermería, respetando la privacidad, el pudor y el protocolo establecido.",1
"Atención de Enfermería, mención Enfermería",Aplicación de cuidados básicos,13,14,e2.png?v=3,3d,E2 AE3 etapa 1 (hotspot),"Realiza las actividades y tareas de prevención de alteración de las necesidades básicas, considerando las normas de calidad de atención y los derechos de las y los pacientes.",1
"Atención de Enfermería, mención Enfermería",Aplicación de cuidados básicos,13,15,e2.png?v=3,foto,E2 AE3 etapa 2 (match),"Realiza las actividades y tareas de prevención de alteración de las necesidades básicas, considerando las normas de calidad de atención y los derechos de las y los pacientes.",1
"Atención de Enfermería, mención Enfermería",Aplicación de cuidados básicos,13,16,e2.png?v=3,foto,E2 AE3 etapa 3 (order),"Realiza las actividades y tareas de prevención de alteración de las necesidades básicas, considerando las normas de calidad de atención y los derechos de las y los pacientes.",1
"Atención de Enfermería, mención Enfermería",Aplicación de cuidados básicos,13,17,e2.png?v=3,foto,E2 AE3 etapa 4 (choice),"Realiza las actividades y tareas de prevención de alteración de las necesidades básicas, considerando las normas de calidad de atención y los derechos de las y los pacientes.",1
"Atención de Enfermería, mención Enfermería",Aplicación de cuidados básicos,13,18,e2.png?v=3,foto,E2 AE3 etapa 5 (choice),"Realiza las actividades y tareas de prevención de alteración de las necesidades básicas, considerando las normas de calidad de atención y los derechos de las y los pacientes.",1
"Atención de Enfermería, mención Enfermería",Aplicación de cuidados básicos,13,19,e2.png?v=3,foto,E2 AE3 etapa 6 (reflect),"Realiza las actividades y tareas de prevención de alteración de las necesidades básicas, considerando las normas de calidad de atención y los derechos de las y los pacientes.",1
"Atención de Enfermería, mención Enfermería",Aplicación de cuidados básicos,13,20,e3.png?v=3,foto,E3 Situación 1,Decidir en la situación con evidencia visible,1
"Atención de Enfermería, mención Enfermería",Aplicación de cuidados básicos,13,21,e3.png?v=3,foto,E3 Situación 2,Decidir en la situación con evidencia visible,1
"Atención de Enfermería, mención Enfermería",Aplicación de cuidados básicos,13,22,e3.png?v=3,foto,E3 Situación 3,Decidir en la situación con evidencia visible,1
"Atención de Enfermería, mención Enfermería",Aplicación de cuidados básicos,13,23,e3.png?v=3,foto,E3 Situación 4,Decidir en la situación con evidencia visible,1
"Atención de Enfermería, mención Enfermería",Aplicación de cuidados básicos,13,24,e3.png?v=3,foto,E3 Situación 5,Decidir en la situación con evidencia visible,1
"Atención de Enfermería, mención Enfermería",Aplicación de cuidados básicos,13,25,e3.png?v=3,foto,E3 Situación 6,Decidir en la situación con evidencia visible,1
"Atención de Enfermería, mención Enfermería",Aplicación de cuidados básicos,13,26,e3.png?v=3,foto,E3 Situación 7,Decidir en la situación con evidencia visible,1
"Atención de Enfermería, mención Enfermería",Aplicación de cuidados básicos,13,27,e3.png?v=3,foto,E3 Situación 8,Decidir en la situación con evidencia visible,1
"Atención de Enfermería, mención Enfermería",Aplicación de cuidados básicos,13,28,e3.png?v=3,foto,E3 Situación 9,Decidir en la situación con evidencia visible,1
"Atención de Enfermería, mención Enfermería",Aplicación de cuidados básicos,13,29,e3.png?v=3,foto,E3 Situación 10,Decidir en la situación con evidencia visible,1
"Atención de Enfermería, mención Enfermería",Aplicación de cuidados básicos,13,30,e3.png?v=3,foto,E3 Situación 11,Decidir en la situación con evidencia visible,1
"Atención de Enfermería, mención Enfermería",Aplicación de cuidados básicos,13,31,e3.png?v=3,foto,E3 Situación 12,Decidir en la situación con evidencia visible,1
"Atención de Enfermería, mención Enfermería",Aplicación de cuidados básicos,13,32,e3.png?v=3,foto,E3 Situación 13,Decidir en la situación con evidencia visible,1
"Atención de Enfermería, mención Enfermería",Aplicación de cuidados básicos,13,33,e3.png?v=3,foto,E3 Situación 14,Decidir en la situación con evidencia visible,1
"Atención de Enfermería, mención Enfermería",Aplicación de cuidados básicos,13,34,e3.png?v=3,foto,E3 Situación 15,Decidir en la situación con evidencia visible,1
"Atención de Enfermería, mención Enfermería",Aplicación de cuidados básicos,13,35,e3.png?v=3,interactive-procedure,E3 Situación final 3D,"Recorrer el procedimiento (armar, instalar, diagnosticar) en el equipo",1
"Atención de Enfermería, mención Enfermería",Aplicación de cuidados básicos,13,36,e4.png?v=3,foto,E4 Ítem 1,Imagen real del estímulo; el dato se lee en la figura,1
"Atención de Enfermería, mención Enfermería",Aplicación de cuidados básicos,13,37,e4.png?v=3,foto,E4 Ítem 2,Imagen real del estímulo; el dato se lee en la figura,1
"Atención de Enfermería, mención Enfermería",Aplicación de cuidados básicos,13,38,e4.png?v=3,foto,E4 Ítem 3,Imagen real del estímulo; el dato se lee en la figura,1
"Atención de Enfermería, mención Enfermería",Aplicación de cuidados básicos,13,39,e4.png?v=3,foto,E4 Ítem 4,Imagen real del estímulo; el dato se lee en la figura,1
"Atención de Enfermería, mención Enfermería",Aplicación de cuidados básicos,13,40,e4.png?v=3,foto,E4 Ítem 5,Imagen real del estímulo; el dato se lee en la figura,1
"Atención de Enfermería, mención Enfermería",Aplicación de cuidados básicos,13,41,e4.png?v=3,foto,E4 Ítem 6,Imagen real del estímulo; el dato se lee en la figura,1
"Atención de Enfermería, mención Enfermería",Aplicación de cuidados básicos,13,42,e4.png?v=3,foto,E4 Ítem 7,Imagen real del estímulo; el dato se lee en la figura,1
"Atención de Enfermería, mención Enfermería",Aplicación de cuidados básicos,13,43,e4.png?v=3,foto,E4 Ítem 8,Imagen real del estímulo; el dato se lee en la figura,1
"Atención de Enfermería, mención Enfermería",Aplicación de cuidados básicos,13,44,e4.png?v=3,foto,E4 Ítem 9,Imagen real del estímulo; el dato se lee en la figura,1
"Atención de Enfermería, mención Enfermería",Aplicación de cuidados básicos,13,45,e4.png?v=3,foto,E4 Ítem 10,Imagen real del estímulo; el dato se lee en la figura,1
"Atención de Enfermería, mención Enfermería",Aplicación de cuidados básicos,13,46,e4.png?v=3,foto,E4 Ítem 11,Imagen real del estímulo; el dato se lee en la figura,1
"Atención de Enfermería, mención Enfermería",Aplicación de cuidados básicos,13,47,e4.png?v=3,foto,E4 Ítem 12,Imagen real del estímulo; el dato se lee en la figura,1
"Atención de Enfermería, mención Enfermería",Aplicación de cuidados básicos,13,48,e4.png?v=3,foto,E4 Ítem 13,Imagen real del estímulo; el dato se lee en la figura,1
"Atención de Enfermería, mención Enfermería",Aplicación de cuidados básicos,13,49,e4.png?v=3,foto,E4 Ítem 14,Imagen real del estímulo; el dato se lee en la figura,1
"Atención de Enfermería, mención Enfermería",Aplicación de cuidados básicos,13,50,e4.png?v=3,foto,E4 Ítem 15,Imagen real del estímulo; el dato se lee en la figura,1
"Atención de Enfermería, mención Enfermería",Aplicación de cuidados básicos,13,51,e4.png?v=3,foto,E4 Ítem 16,Imagen real del estímulo; el dato se lee en la figura,1
"Atención de Enfermería, mención Enfermería",Aplicación de cuidados básicos,13,52,e4.png?v=3,foto,E4 Ítem 17,Imagen real del estímulo; el dato se lee en la figura,1
"Atención de Enfermería, mención Enfermería",Aplicación de cuidados básicos,13,53,e4.png?v=3,foto,E4 Ítem 18,Imagen real del estímulo; el dato se lee en la figura,1
"Atención de Enfermería, mención Enfermería",Aplicación de cuidados básicos,13,54,e4.png?v=3,foto,E4 Ítem 19,Imagen real del estímulo; el dato se lee en la figura,1
"Atención de Enfermería, mención Enfermería",Aplicación de cuidados básicos,13,55,e4.png?v=3,foto,E4 Ítem 20,Imagen real del estímulo; el dato se lee en la figura,1
"Atención de Enfermería, mención Enfermería",Aplicación de cuidados básicos,13,56,e4.png?v=3,foto,E4 Ítem 21,Imagen real del estímulo; el dato se lee en la figura,1
"Atención de Enfermería, mención Enfermería",Aplicación de cuidados básicos,13,57,e4.png?v=3,foto,E4 Ítem 22,Imagen real del estímulo; el dato se lee en la figura,1
"Atención de Enfermería, mención Enfermería",Aplicación de cuidados básicos,13,58,e4.png?v=3,foto,E4 Ítem 23,Imagen real del estímulo; el dato se lee en la figura,1
"Atención de Enfermería, mención Enfermería",Aplicación de cuidados básicos,13,59,e4.png?v=3,foto,E4 Ítem 24,Imagen real del estímulo; el dato se lee en la figura,1
"Atención de Enfermería, mención Enfermería",Aplicación de cuidados básicos,13,60,e4.png?v=3,foto,E4 Ítem 25,Imagen real del estímulo; el dato se lee en la figura,1
"Atención de Enfermería, mención Enfermería",Aplicación de cuidados básicos,13,61,oficio-plano-leyenda.png?v=3,foto,E5 Retroalimentación,Frame del error en cada pregunta incorrecta,1
"Atención de Enfermería, mención Enfermería",Medición y control de parámetros básicos en salud,14,1,e1.png?v=3,foto,E1 Contextualización · explorar,Observar el escenario del AE con hotspots ligados a criterio,1
"Atención de Enfermería, mención Enfermería",Medición y control de parámetros básicos en salud,14,2,e2.png?v=3,3d,E2 AE1 etapa 1 (hotspot),"Controla los signos vitales de acuerdo a la indicación profesional, al plan de atención y necesidad de la o el paciente, considerando los principios de asepsia, antisepsia y seguridad.",1
"Atención de Enfermería, mención Enfermería",Medición y control de parámetros básicos en salud,14,3,e2.png?v=3,foto,E2 AE1 etapa 2 (match),"Controla los signos vitales de acuerdo a la indicación profesional, al plan de atención y necesidad de la o el paciente, considerando los principios de asepsia, antisepsia y seguridad.",1
"Atención de Enfermería, mención Enfermería",Medición y control de parámetros básicos en salud,14,4,e2.png?v=3,foto,E2 AE1 etapa 3 (order),"Controla los signos vitales de acuerdo a la indicación profesional, al plan de atención y necesidad de la o el paciente, considerando los principios de asepsia, antisepsia y seguridad.",1
"Atención de Enfermería, mención Enfermería",Medición y control de parámetros básicos en salud,14,5,e2.png?v=3,foto,E2 AE1 etapa 4 (choice),"Controla los signos vitales de acuerdo a la indicación profesional, al plan de atención y necesidad de la o el paciente, considerando los principios de asepsia, antisepsia y seguridad.",1
"Atención de Enfermería, mención Enfermería",Medición y control de parámetros básicos en salud,14,6,e2.png?v=3,foto,E2 AE1 etapa 5 (choice),"Controla los signos vitales de acuerdo a la indicación profesional, al plan de atención y necesidad de la o el paciente, considerando los principios de asepsia, antisepsia y seguridad.",1
"Atención de Enfermería, mención Enfermería",Medición y control de parámetros básicos en salud,14,7,e2.png?v=3,foto,E2 AE1 etapa 6 (reflect),"Controla los signos vitales de acuerdo a la indicación profesional, al plan de atención y necesidad de la o el paciente, considerando los principios de asepsia, antisepsia y seguridad.",1
"Atención de Enfermería, mención Enfermería",Medición y control de parámetros básicos en salud,14,8,e2.png?v=3,3d,E2 AE2 etapa 1 (hotspot),"Efectúa control de antropometría a pacientes pediátricos y adultos, cumpliendo las normas establecidas y el protocolo definido en el establecimiento.",1
"Atención de Enfermería, mención Enfermería",Medición y control de parámetros básicos en salud,14,9,e2.png?v=3,foto,E2 AE2 etapa 2 (match),"Efectúa control de antropometría a pacientes pediátricos y adultos, cumpliendo las normas establecidas y el protocolo definido en el establecimiento.",1
"Atención de Enfermería, mención Enfermería",Medición y control de parámetros básicos en salud,14,10,e2.png?v=3,foto,E2 AE2 etapa 3 (order),"Efectúa control de antropometría a pacientes pediátricos y adultos, cumpliendo las normas establecidas y el protocolo definido en el establecimiento.",1
"Atención de Enfermería, mención Enfermería",Medición y control de parámetros básicos en salud,14,11,e2.png?v=3,foto,E2 AE2 etapa 4 (choice),"Efectúa control de antropometría a pacientes pediátricos y adultos, cumpliendo las normas establecidas y el protocolo definido en el establecimiento.",1
"Atención de Enfermería, mención Enfermería",Medición y control de parámetros básicos en salud,14,12,e2.png?v=3,foto,E2 AE2 etapa 5 (choice),"Efectúa control de antropometría a pacientes pediátricos y adultos, cumpliendo las normas establecidas y el protocolo definido en el establecimiento.",1
"Atención de Enfermería, mención Enfermería",Medición y control de parámetros básicos en salud,14,13,e2.png?v=3,foto,E2 AE2 etapa 6 (reflect),"Efectúa control de antropometría a pacientes pediátricos y adultos, cumpliendo las normas establecidas y el protocolo definido en el establecimiento.",1
"Atención de Enfermería, mención Enfermería",Medición y control de parámetros básicos en salud,14,14,e2.png?v=3,3d,E2 AE3 etapa 1 (hotspot),"Organiza equipos, materiales e insumos, para realizar el control de signos vitales y antropometría a pacientes, de acuerdo a los protocolos establecidos.",1
"Atención de Enfermería, mención Enfermería",Medición y control de parámetros básicos en salud,14,15,e2.png?v=3,foto,E2 AE3 etapa 2 (match),"Organiza equipos, materiales e insumos, para realizar el control de signos vitales y antropometría a pacientes, de acuerdo a los protocolos establecidos.",1
"Atención de Enfermería, mención Enfermería",Medición y control de parámetros básicos en salud,14,16,e2.png?v=3,foto,E2 AE3 etapa 3 (order),"Organiza equipos, materiales e insumos, para realizar el control de signos vitales y antropometría a pacientes, de acuerdo a los protocolos establecidos.",1
"Atención de Enfermería, mención Enfermería",Medición y control de parámetros básicos en salud,14,17,e2.png?v=3,foto,E2 AE3 etapa 4 (choice),"Organiza equipos, materiales e insumos, para realizar el control de signos vitales y antropometría a pacientes, de acuerdo a los protocolos establecidos.",1
"Atención de Enfermería, mención Enfermería",Medición y control de parámetros básicos en salud,14,18,e2.png?v=3,foto,E2 AE3 etapa 5 (choice),"Organiza equipos, materiales e insumos, para realizar el control de signos vitales y antropometría a pacientes, de acuerdo a los protocolos establecidos.",1
"Atención de Enfermería, mención Enfermería",Medición y control de parámetros básicos en salud,14,19,e2.png?v=3,foto,E2 AE3 etapa 6 (reflect),"Organiza equipos, materiales e insumos, para realizar el control de signos vitales y antropometría a pacientes, de acuerdo a los protocolos establecidos.",1
"Atención de Enfermería, mención Enfermería",Medición y control de parámetros básicos en salud,14,20,e3.png?v=3,foto,E3 Situación 1,Decidir en la situación con evidencia visible,1
"Atención de Enfermería, mención Enfermería",Medición y control de parámetros básicos en salud,14,21,e3.png?v=3,foto,E3 Situación 2,Decidir en la situación con evidencia visible,1
"Atención de Enfermería, mención Enfermería",Medición y control de parámetros básicos en salud,14,22,e3.png?v=3,foto,E3 Situación 3,Decidir en la situación con evidencia visible,1
"Atención de Enfermería, mención Enfermería",Medición y control de parámetros básicos en salud,14,23,e3.png?v=3,foto,E3 Situación 4,Decidir en la situación con evidencia visible,1
"Atención de Enfermería, mención Enfermería",Medición y control de parámetros básicos en salud,14,24,e3.png?v=3,foto,E3 Situación 5,Decidir en la situación con evidencia visible,1
"Atención de Enfermería, mención Enfermería",Medición y control de parámetros básicos en salud,14,25,e3.png?v=3,foto,E3 Situación 6,Decidir en la situación con evidencia visible,1
"Atención de Enfermería, mención Enfermería",Medición y control de parámetros básicos en salud,14,26,e3.png?v=3,foto,E3 Situación 7,Decidir en la situación con evidencia visible,1
"Atención de Enfermería, mención Enfermería",Medición y control de parámetros básicos en salud,14,27,e3.png?v=3,foto,E3 Situación 8,Decidir en la situación con evidencia visible,1
"Atención de Enfermería, mención Enfermería",Medición y control de parámetros básicos en salud,14,28,e3.png?v=3,foto,E3 Situación 9,Decidir en la situación con evidencia visible,1
"Atención de Enfermería, mención Enfermería",Medición y control de parámetros básicos en salud,14,29,e3.png?v=3,foto,E3 Situación 10,Decidir en la situación con evidencia visible,1
"Atención de Enfermería, mención Enfermería",Medición y control de parámetros básicos en salud,14,30,e3.png?v=3,foto,E3 Situación 11,Decidir en la situación con evidencia visible,1
"Atención de Enfermería, mención Enfermería",Medición y control de parámetros básicos en salud,14,31,e3.png?v=3,foto,E3 Situación 12,Decidir en la situación con evidencia visible,1
"Atención de Enfermería, mención Enfermería",Medición y control de parámetros básicos en salud,14,32,e3.png?v=3,foto,E3 Situación 13,Decidir en la situación con evidencia visible,1
"Atención de Enfermería, mención Enfermería",Medición y control de parámetros básicos en salud,14,33,e3.png?v=3,foto,E3 Situación 14,Decidir en la situación con evidencia visible,1
"Atención de Enfermería, mención Enfermería",Medición y control de parámetros básicos en salud,14,34,e3.png?v=3,foto,E3 Situación 15,Decidir en la situación con evidencia visible,1
"Atención de Enfermería, mención Enfermería",Medición y control de parámetros básicos en salud,14,35,e3.png?v=3,interactive-procedure,E3 Situación final 3D,"Recorrer el procedimiento (armar, instalar, diagnosticar) en el equipo",1
"Atención de Enfermería, mención Enfermería",Medición y control de parámetros básicos en salud,14,36,e4.png?v=3,foto,E4 Ítem 1,Imagen real del estímulo; el dato se lee en la figura,1
"Atención de Enfermería, mención Enfermería",Medición y control de parámetros básicos en salud,14,37,e4.png?v=3,foto,E4 Ítem 2,Imagen real del estímulo; el dato se lee en la figura,1
"Atención de Enfermería, mención Enfermería",Medición y control de parámetros básicos en salud,14,38,e4.png?v=3,foto,E4 Ítem 3,Imagen real del estímulo; el dato se lee en la figura,1
"Atención de Enfermería, mención Enfermería",Medición y control de parámetros básicos en salud,14,39,e4.png?v=3,foto,E4 Ítem 4,Imagen real del estímulo; el dato se lee en la figura,1
"Atención de Enfermería, mención Enfermería",Medición y control de parámetros básicos en salud,14,40,e4.png?v=3,foto,E4 Ítem 5,Imagen real del estímulo; el dato se lee en la figura,1
"Atención de Enfermería, mención Enfermería",Medición y control de parámetros básicos en salud,14,41,e4.png?v=3,foto,E4 Ítem 6,Imagen real del estímulo; el dato se lee en la figura,1
"Atención de Enfermería, mención Enfermería",Medición y control de parámetros básicos en salud,14,42,e4.png?v=3,foto,E4 Ítem 7,Imagen real del estímulo; el dato se lee en la figura,1
"Atención de Enfermería, mención Enfermería",Medición y control de parámetros básicos en salud,14,43,e4.png?v=3,foto,E4 Ítem 8,Imagen real del estímulo; el dato se lee en la figura,1
"Atención de Enfermería, mención Enfermería",Medición y control de parámetros básicos en salud,14,44,e4.png?v=3,foto,E4 Ítem 9,Imagen real del estímulo; el dato se lee en la figura,1
"Atención de Enfermería, mención Enfermería",Medición y control de parámetros básicos en salud,14,45,e4.png?v=3,foto,E4 Ítem 10,Imagen real del estímulo; el dato se lee en la figura,1
"Atención de Enfermería, mención Enfermería",Medición y control de parámetros básicos en salud,14,46,e4.png?v=3,foto,E4 Ítem 11,Imagen real del estímulo; el dato se lee en la figura,1
"Atención de Enfermería, mención Enfermería",Medición y control de parámetros básicos en salud,14,47,e4.png?v=3,foto,E4 Ítem 12,Imagen real del estímulo; el dato se lee en la figura,1
"Atención de Enfermería, mención Enfermería",Medición y control de parámetros básicos en salud,14,48,e4.png?v=3,foto,E4 Ítem 13,Imagen real del estímulo; el dato se lee en la figura,1
"Atención de Enfermería, mención Enfermería",Medición y control de parámetros básicos en salud,14,49,e4.png?v=3,foto,E4 Ítem 14,Imagen real del estímulo; el dato se lee en la figura,1
"Atención de Enfermería, mención Enfermería",Medición y control de parámetros básicos en salud,14,50,e4.png?v=3,foto,E4 Ítem 15,Imagen real del estímulo; el dato se lee en la figura,1
"Atención de Enfermería, mención Enfermería",Medición y control de parámetros básicos en salud,14,51,e4.png?v=3,foto,E4 Ítem 16,Imagen real del estímulo; el dato se lee en la figura,1
"Atención de Enfermería, mención Enfermería",Medición y control de parámetros básicos en salud,14,52,e4.png?v=3,foto,E4 Ítem 17,Imagen real del estímulo; el dato se lee en la figura,1
"Atención de Enfermería, mención Enfermería",Medición y control de parámetros básicos en salud,14,53,e4.png?v=3,foto,E4 Ítem 18,Imagen real del estímulo; el dato se lee en la figura,1
"Atención de Enfermería, mención Enfermería",Medición y control de parámetros básicos en salud,14,54,e4.png?v=3,foto,E4 Ítem 19,Imagen real del estímulo; el dato se lee en la figura,1
"Atención de Enfermería, mención Enfermería",Medición y control de parámetros básicos en salud,14,55,e4.png?v=3,foto,E4 Ítem 20,Imagen real del estímulo; el dato se lee en la figura,1
"Atención de Enfermería, mención Enfermería",Medición y control de parámetros básicos en salud,14,56,e4.png?v=3,foto,E4 Ítem 21,Imagen real del estímulo; el dato se lee en la figura,1
"Atención de Enfermería, mención Enfermería",Medición y control de parámetros básicos en salud,14,57,e4.png?v=3,foto,E4 Ítem 22,Imagen real del estímulo; el dato se lee en la figura,1
"Atención de Enfermería, mención Enfermería",Medición y control de parámetros básicos en salud,14,58,e4.png?v=3,foto,E4 Ítem 23,Imagen real del estímulo; el dato se lee en la figura,1
"Atención de Enfermería, mención Enfermería",Medición y control de parámetros básicos en salud,14,59,e4.png?v=3,foto,E4 Ítem 24,Imagen real del estímulo; el dato se lee en la figura,1
"Atención de Enfermería, mención Enfermería",Medición y control de parámetros básicos en salud,14,60,e4.png?v=3,foto,E4 Ítem 25,Imagen real del estímulo; el dato se lee en la figura,1
"Atención de Enfermería, mención Enfermería",Medición y control de parámetros básicos en salud,14,61,oficio-visor-21c.png?v=3,foto,E5 Retroalimentación,Frame del error en cada pregunta incorrecta,1
"Atención de Enfermería, mención Enfermería",Promoción de la salud y prevención de la enfermedad,15,1,e1.png?v=3,foto,E1 Contextualización · explorar,Observar el escenario del AE con hotspots ligados a criterio,1
"Atención de Enfermería, mención Enfermería",Promoción de la salud y prevención de la enfermedad,15,2,e2.png?v=3,3d,E2 AE1 etapa 1 (hotspot),"Realiza acciones de prevención de enfermedades en distintos grupos etarios, y promueve el modelo de salud familiar desde su nivel de competencias y de acuerdo a lo establecido por el MINSAL.",1
"Atención de Enfermería, mención Enfermería",Promoción de la salud y prevención de la enfermedad,15,3,e2.png?v=3,foto,E2 AE1 etapa 2 (match),"Realiza acciones de prevención de enfermedades en distintos grupos etarios, y promueve el modelo de salud familiar desde su nivel de competencias y de acuerdo a lo establecido por el MINSAL.",1
"Atención de Enfermería, mención Enfermería",Promoción de la salud y prevención de la enfermedad,15,4,e2.png?v=3,foto,E2 AE1 etapa 3 (order),"Realiza acciones de prevención de enfermedades en distintos grupos etarios, y promueve el modelo de salud familiar desde su nivel de competencias y de acuerdo a lo establecido por el MINSAL.",1
"Atención de Enfermería, mención Enfermería",Promoción de la salud y prevención de la enfermedad,15,5,e2.png?v=3,foto,E2 AE1 etapa 4 (choice),"Realiza acciones de prevención de enfermedades en distintos grupos etarios, y promueve el modelo de salud familiar desde su nivel de competencias y de acuerdo a lo establecido por el MINSAL.",1
"Atención de Enfermería, mención Enfermería",Promoción de la salud y prevención de la enfermedad,15,6,e2.png?v=3,foto,E2 AE1 etapa 5 (choice),"Realiza acciones de prevención de enfermedades en distintos grupos etarios, y promueve el modelo de salud familiar desde su nivel de competencias y de acuerdo a lo establecido por el MINSAL.",1
"Atención de Enfermería, mención Enfermería",Promoción de la salud y prevención de la enfermedad,15,7,e2.png?v=3,foto,E2 AE1 etapa 6 (reflect),"Realiza acciones de prevención de enfermedades en distintos grupos etarios, y promueve el modelo de salud familiar desde su nivel de competencias y de acuerdo a lo establecido por el MINSAL.",1
"Atención de Enfermería, mención Enfermería",Promoción de la salud y prevención de la enfermedad,15,8,e2.png?v=3,3d,E2 AE2 etapa 1 (hotspot),"Ejecuta acciones de prevención de riesgos para la salud de las personas asociadas a la manipulación e ingesta de agua y alimentos, la disposición de residuos domiciliarios, la contaminación atmosférica y las condiciones de la vivienda, considerando los estándares de saneamiento básico.",1
"Atención de Enfermería, mención Enfermería",Promoción de la salud y prevención de la enfermedad,15,9,e2.png?v=3,foto,E2 AE2 etapa 2 (match),"Ejecuta acciones de prevención de riesgos para la salud de las personas asociadas a la manipulación e ingesta de agua y alimentos, la disposición de residuos domiciliarios, la contaminación atmosférica y las condiciones de la vivienda, considerando los estándares de saneamiento básico.",1
"Atención de Enfermería, mención Enfermería",Promoción de la salud y prevención de la enfermedad,15,10,e2.png?v=3,foto,E2 AE2 etapa 3 (order),"Ejecuta acciones de prevención de riesgos para la salud de las personas asociadas a la manipulación e ingesta de agua y alimentos, la disposición de residuos domiciliarios, la contaminación atmosférica y las condiciones de la vivienda, considerando los estándares de saneamiento básico.",1
"Atención de Enfermería, mención Enfermería",Promoción de la salud y prevención de la enfermedad,15,11,e2.png?v=3,foto,E2 AE2 etapa 4 (choice),"Ejecuta acciones de prevención de riesgos para la salud de las personas asociadas a la manipulación e ingesta de agua y alimentos, la disposición de residuos domiciliarios, la contaminación atmosférica y las condiciones de la vivienda, considerando los estándares de saneamiento básico.",1
"Atención de Enfermería, mención Enfermería",Promoción de la salud y prevención de la enfermedad,15,12,e2.png?v=3,foto,E2 AE2 etapa 5 (choice),"Ejecuta acciones de prevención de riesgos para la salud de las personas asociadas a la manipulación e ingesta de agua y alimentos, la disposición de residuos domiciliarios, la contaminación atmosférica y las condiciones de la vivienda, considerando los estándares de saneamiento básico.",1
"Atención de Enfermería, mención Enfermería",Promoción de la salud y prevención de la enfermedad,15,13,e2.png?v=3,foto,E2 AE2 etapa 6 (reflect),"Ejecuta acciones de prevención de riesgos para la salud de las personas asociadas a la manipulación e ingesta de agua y alimentos, la disposición de residuos domiciliarios, la contaminación atmosférica y las condiciones de la vivienda, considerando los estándares de saneamiento básico.",1
"Atención de Enfermería, mención Enfermería",Promoción de la salud y prevención de la enfermedad,15,14,e2.png?v=3,3d,E2 AE3 etapa 1 (hotspot),"Colabora en la ejecución del plan de salud comunal y programas nacionales de promoción de la salud y prevención de enfermedades en relación con la prevención de problemas infectocontagiosos, digestivos, respiratorios, enfermedades crónicas, entre otros, establecidos por el MINSAL.",1
"Atención de Enfermería, mención Enfermería",Promoción de la salud y prevención de la enfermedad,15,15,e2.png?v=3,foto,E2 AE3 etapa 2 (match),"Colabora en la ejecución del plan de salud comunal y programas nacionales de promoción de la salud y prevención de enfermedades en relación con la prevención de problemas infectocontagiosos, digestivos, respiratorios, enfermedades crónicas, entre otros, establecidos por el MINSAL.",1
"Atención de Enfermería, mención Enfermería",Promoción de la salud y prevención de la enfermedad,15,16,e2.png?v=3,foto,E2 AE3 etapa 3 (order),"Colabora en la ejecución del plan de salud comunal y programas nacionales de promoción de la salud y prevención de enfermedades en relación con la prevención de problemas infectocontagiosos, digestivos, respiratorios, enfermedades crónicas, entre otros, establecidos por el MINSAL.",1
"Atención de Enfermería, mención Enfermería",Promoción de la salud y prevención de la enfermedad,15,17,e2.png?v=3,foto,E2 AE3 etapa 4 (choice),"Colabora en la ejecución del plan de salud comunal y programas nacionales de promoción de la salud y prevención de enfermedades en relación con la prevención de problemas infectocontagiosos, digestivos, respiratorios, enfermedades crónicas, entre otros, establecidos por el MINSAL.",1
"Atención de Enfermería, mención Enfermería",Promoción de la salud y prevención de la enfermedad,15,18,e2.png?v=3,foto,E2 AE3 etapa 5 (choice),"Colabora en la ejecución del plan de salud comunal y programas nacionales de promoción de la salud y prevención de enfermedades en relación con la prevención de problemas infectocontagiosos, digestivos, respiratorios, enfermedades crónicas, entre otros, establecidos por el MINSAL.",1
"Atención de Enfermería, mención Enfermería",Promoción de la salud y prevención de la enfermedad,15,19,e2.png?v=3,foto,E2 AE3 etapa 6 (reflect),"Colabora en la ejecución del plan de salud comunal y programas nacionales de promoción de la salud y prevención de enfermedades en relación con la prevención de problemas infectocontagiosos, digestivos, respiratorios, enfermedades crónicas, entre otros, establecidos por el MINSAL.",1
"Atención de Enfermería, mención Enfermería",Promoción de la salud y prevención de la enfermedad,15,20,e3.png?v=3,foto,E3 Situación 1,Decidir en la situación con evidencia visible,1
"Atención de Enfermería, mención Enfermería",Promoción de la salud y prevención de la enfermedad,15,21,e3.png?v=3,foto,E3 Situación 2,Decidir en la situación con evidencia visible,1
"Atención de Enfermería, mención Enfermería",Promoción de la salud y prevención de la enfermedad,15,22,e3.png?v=3,foto,E3 Situación 3,Decidir en la situación con evidencia visible,1
"Atención de Enfermería, mención Enfermería",Promoción de la salud y prevención de la enfermedad,15,23,e3.png?v=3,foto,E3 Situación 4,Decidir en la situación con evidencia visible,1
"Atención de Enfermería, mención Enfermería",Promoción de la salud y prevención de la enfermedad,15,24,e3.png?v=3,foto,E3 Situación 5,Decidir en la situación con evidencia visible,1
"Atención de Enfermería, mención Enfermería",Promoción de la salud y prevención de la enfermedad,15,25,e3.png?v=3,foto,E3 Situación 6,Decidir en la situación con evidencia visible,1
"Atención de Enfermería, mención Enfermería",Promoción de la salud y prevención de la enfermedad,15,26,e3.png?v=3,foto,E3 Situación 7,Decidir en la situación con evidencia visible,1
"Atención de Enfermería, mención Enfermería",Promoción de la salud y prevención de la enfermedad,15,27,e3.png?v=3,foto,E3 Situación 8,Decidir en la situación con evidencia visible,1
"Atención de Enfermería, mención Enfermería",Promoción de la salud y prevención de la enfermedad,15,28,e3.png?v=3,foto,E3 Situación 9,Decidir en la situación con evidencia visible,1
"Atención de Enfermería, mención Enfermería",Promoción de la salud y prevención de la enfermedad,15,29,e3.png?v=3,foto,E3 Situación 10,Decidir en la situación con evidencia visible,1
"Atención de Enfermería, mención Enfermería",Promoción de la salud y prevención de la enfermedad,15,30,e3.png?v=3,foto,E3 Situación 11,Decidir en la situación con evidencia visible,1
"Atención de Enfermería, mención Enfermería",Promoción de la salud y prevención de la enfermedad,15,31,e3.png?v=3,foto,E3 Situación 12,Decidir en la situación con evidencia visible,1
"Atención de Enfermería, mención Enfermería",Promoción de la salud y prevención de la enfermedad,15,32,e3.png?v=3,foto,E3 Situación 13,Decidir en la situación con evidencia visible,1
"Atención de Enfermería, mención Enfermería",Promoción de la salud y prevención de la enfermedad,15,33,e3.png?v=3,foto,E3 Situación 14,Decidir en la situación con evidencia visible,1
"Atención de Enfermería, mención Enfermería",Promoción de la salud y prevención de la enfermedad,15,34,e3.png?v=3,foto,E3 Situación 15,Decidir en la situación con evidencia visible,1
"Atención de Enfermería, mención Enfermería",Promoción de la salud y prevención de la enfermedad,15,35,e3.png?v=3,interactive-procedure,E3 Situación final 3D,"Recorrer el procedimiento (armar, instalar, diagnosticar) en el equipo",1
"Atención de Enfermería, mención Enfermería",Promoción de la salud y prevención de la enfermedad,15,36,e4.png?v=3,foto,E4 Ítem 1,Imagen real del estímulo; el dato se lee en la figura,1
"Atención de Enfermería, mención Enfermería",Promoción de la salud y prevención de la enfermedad,15,37,e4.png?v=3,foto,E4 Ítem 2,Imagen real del estímulo; el dato se lee en la figura,1
"Atención de Enfermería, mención Enfermería",Promoción de la salud y prevención de la enfermedad,15,38,e4.png?v=3,foto,E4 Ítem 3,Imagen real del estímulo; el dato se lee en la figura,1
"Atención de Enfermería, mención Enfermería",Promoción de la salud y prevención de la enfermedad,15,39,e4.png?v=3,foto,E4 Ítem 4,Imagen real del estímulo; el dato se lee en la figura,1
"Atención de Enfermería, mención Enfermería",Promoción de la salud y prevención de la enfermedad,15,40,e4.png?v=3,foto,E4 Ítem 5,Imagen real del estímulo; el dato se lee en la figura,1
"Atención de Enfermería, mención Enfermería",Promoción de la salud y prevención de la enfermedad,15,41,e4.png?v=3,foto,E4 Ítem 6,Imagen real del estímulo; el dato se lee en la figura,1
"Atención de Enfermería, mención Enfermería",Promoción de la salud y prevención de la enfermedad,15,42,e4.png?v=3,foto,E4 Ítem 7,Imagen real del estímulo; el dato se lee en la figura,1
"Atención de Enfermería, mención Enfermería",Promoción de la salud y prevención de la enfermedad,15,43,e4.png?v=3,foto,E4 Ítem 8,Imagen real del estímulo; el dato se lee en la figura,1
"Atención de Enfermería, mención Enfermería",Promoción de la salud y prevención de la enfermedad,15,44,e4.png?v=3,foto,E4 Ítem 9,Imagen real del estímulo; el dato se lee en la figura,1
"Atención de Enfermería, mención Enfermería",Promoción de la salud y prevención de la enfermedad,15,45,e4.png?v=3,foto,E4 Ítem 10,Imagen real del estímulo; el dato se lee en la figura,1
"Atención de Enfermería, mención Enfermería",Promoción de la salud y prevención de la enfermedad,15,46,e4.png?v=3,foto,E4 Ítem 11,Imagen real del estímulo; el dato se lee en la figura,1
"Atención de Enfermería, mención Enfermería",Promoción de la salud y prevención de la enfermedad,15,47,e4.png?v=3,foto,E4 Ítem 12,Imagen real del estímulo; el dato se lee en la figura,1
"Atención de Enfermería, mención Enfermería",Promoción de la salud y prevención de la enfermedad,15,48,e4.png?v=3,foto,E4 Ítem 13,Imagen real del estímulo; el dato se lee en la figura,1
"Atención de Enfermería, mención Enfermería",Promoción de la salud y prevención de la enfermedad,15,49,e4.png?v=3,foto,E4 Ítem 14,Imagen real del estímulo; el dato se lee en la figura,1
"Atención de Enfermería, mención Enfermería",Promoción de la salud y prevención de la enfermedad,15,50,e4.png?v=3,foto,E4 Ítem 15,Imagen real del estímulo; el dato se lee en la figura,1
"Atención de Enfermería, mención Enfermería",Promoción de la salud y prevención de la enfermedad,15,51,e4.png?v=3,foto,E4 Ítem 16,Imagen real del estímulo; el dato se lee en la figura,1
"Atención de Enfermería, mención Enfermería",Promoción de la salud y prevención de la enfermedad,15,52,e4.png?v=3,foto,E4 Ítem 17,Imagen real del estímulo; el dato se lee en la figura,1
"Atención de Enfermería, mención Enfermería",Promoción de la salud y prevención de la enfermedad,15,53,e4.png?v=3,foto,E4 Ítem 18,Imagen real del estímulo; el dato se lee en la figura,1
"Atención de Enfermería, mención Enfermería",Promoción de la salud y prevención de la enfermedad,15,54,e4.png?v=3,foto,E4 Ítem 19,Imagen real del estímulo; el dato se lee en la figura,1
"Atención de Enfermería, mención Enfermería",Promoción de la salud y prevención de la enfermedad,15,55,e4.png?v=3,foto,E4 Ítem 20,Imagen real del estímulo; el dato se lee en la figura,1
"Atención de Enfermería, mención Enfermería",Promoción de la salud y prevención de la enfermedad,15,56,e4.png?v=3,foto,E4 Ítem 21,Imagen real del estímulo; el dato se lee en la figura,1
"Atención de Enfermería, mención Enfermería",Promoción de la salud y prevención de la enfermedad,15,57,e4.png?v=3,foto,E4 Ítem 22,Imagen real del estímulo; el dato se lee en la figura,1
"Atención de Enfermería, mención Enfermería",Promoción de la salud y prevención de la enfermedad,15,58,e4.png?v=3,foto,E4 Ítem 23,Imagen real del estímulo; el dato se lee en la figura,1
"Atención de Enfermería, mención Enfermería",Promoción de la salud y prevención de la enfermedad,15,59,e4.png?v=3,foto,E4 Ítem 24,Imagen real del estímulo; el dato se lee en la figura,1
"Atención de Enfermería, mención Enfermería",Promoción de la salud y prevención de la enfermedad,15,60,e4.png?v=3,foto,E4 Ítem 25,Imagen real del estímulo; el dato se lee en la figura,1
"Atención de Enfermería, mención Enfermería",Promoción de la salud y prevención de la enfermedad,15,61,oficio-tramos.png?v=3,foto,E5 Retroalimentación,Frame del error en cada pregunta incorrecta,1
"Atención de Enfermería, mención Enfermería",Higiene y bioseguridad del ambiente,16,1,e1.png?v=3,foto,E1 Contextualización · explorar,Observar el escenario del AE con hotspots ligados a criterio,1
"Atención de Enfermería, mención Enfermería",Higiene y bioseguridad del ambiente,16,2,e2.png?v=3,3d,E2 AE1 etapa 1 (hotspot),"Aplica los procedimientos de aseo e higiene diariamente en la unidad de paciente y en su entorno más inmediato, de acuerdo a las normas sanitarias básicas de los centros de salud.",1
"Atención de Enfermería, mención Enfermería",Higiene y bioseguridad del ambiente,16,3,e2.png?v=3,foto,E2 AE1 etapa 2 (match),"Aplica los procedimientos de aseo e higiene diariamente en la unidad de paciente y en su entorno más inmediato, de acuerdo a las normas sanitarias básicas de los centros de salud.",1
"Atención de Enfermería, mención Enfermería",Higiene y bioseguridad del ambiente,16,4,e2.png?v=3,foto,E2 AE1 etapa 3 (order),"Aplica los procedimientos de aseo e higiene diariamente en la unidad de paciente y en su entorno más inmediato, de acuerdo a las normas sanitarias básicas de los centros de salud.",1
"Atención de Enfermería, mención Enfermería",Higiene y bioseguridad del ambiente,16,5,e2.png?v=3,foto,E2 AE1 etapa 4 (choice),"Aplica los procedimientos de aseo e higiene diariamente en la unidad de paciente y en su entorno más inmediato, de acuerdo a las normas sanitarias básicas de los centros de salud.",1
"Atención de Enfermería, mención Enfermería",Higiene y bioseguridad del ambiente,16,6,e2.png?v=3,foto,E2 AE1 etapa 5 (choice),"Aplica los procedimientos de aseo e higiene diariamente en la unidad de paciente y en su entorno más inmediato, de acuerdo a las normas sanitarias básicas de los centros de salud.",1
"Atención de Enfermería, mención Enfermería",Higiene y bioseguridad del ambiente,16,7,e2.png?v=3,foto,E2 AE1 etapa 6 (reflect),"Aplica los procedimientos de aseo e higiene diariamente en la unidad de paciente y en su entorno más inmediato, de acuerdo a las normas sanitarias básicas de los centros de salud.",1
"Atención de Enfermería, mención Enfermería",Higiene y bioseguridad del ambiente,16,8,e2.png?v=3,3d,E2 AE2 etapa 1 (hotspot),"Mantiene un ambiente clínico seguro para cada paciente durante el proceso de atención, aplicando las normas de seguridad de la institución.",1
"Atención de Enfermería, mención Enfermería",Higiene y bioseguridad del ambiente,16,9,e2.png?v=3,foto,E2 AE2 etapa 2 (match),"Mantiene un ambiente clínico seguro para cada paciente durante el proceso de atención, aplicando las normas de seguridad de la institución.",1
"Atención de Enfermería, mención Enfermería",Higiene y bioseguridad del ambiente,16,10,e2.png?v=3,foto,E2 AE2 etapa 3 (order),"Mantiene un ambiente clínico seguro para cada paciente durante el proceso de atención, aplicando las normas de seguridad de la institución.",1
"Atención de Enfermería, mención Enfermería",Higiene y bioseguridad del ambiente,16,11,e2.png?v=3,foto,E2 AE2 etapa 4 (choice),"Mantiene un ambiente clínico seguro para cada paciente durante el proceso de atención, aplicando las normas de seguridad de la institución.",1
"Atención de Enfermería, mención Enfermería",Higiene y bioseguridad del ambiente,16,12,e2.png?v=3,foto,E2 AE2 etapa 5 (choice),"Mantiene un ambiente clínico seguro para cada paciente durante el proceso de atención, aplicando las normas de seguridad de la institución.",1
"Atención de Enfermería, mención Enfermería",Higiene y bioseguridad del ambiente,16,13,e2.png?v=3,foto,E2 AE2 etapa 6 (reflect),"Mantiene un ambiente clínico seguro para cada paciente durante el proceso de atención, aplicando las normas de seguridad de la institución.",1
"Atención de Enfermería, mención Enfermería",Higiene y bioseguridad del ambiente,16,14,e3.png?v=3,foto,E3 Situación 1,Decidir en la situación con evidencia visible,1
"Atención de Enfermería, mención Enfermería",Higiene y bioseguridad del ambiente,16,15,e3.png?v=3,foto,E3 Situación 2,Decidir en la situación con evidencia visible,1
"Atención de Enfermería, mención Enfermería",Higiene y bioseguridad del ambiente,16,16,e3.png?v=3,foto,E3 Situación 3,Decidir en la situación con evidencia visible,1
"Atención de Enfermería, mención Enfermería",Higiene y bioseguridad del ambiente,16,17,e3.png?v=3,foto,E3 Situación 4,Decidir en la situación con evidencia visible,1
"Atención de Enfermería, mención Enfermería",Higiene y bioseguridad del ambiente,16,18,e3.png?v=3,foto,E3 Situación 5,Decidir en la situación con evidencia visible,1
"Atención de Enfermería, mención Enfermería",Higiene y bioseguridad del ambiente,16,19,e3.png?v=3,foto,E3 Situación 6,Decidir en la situación con evidencia visible,1
"Atención de Enfermería, mención Enfermería",Higiene y bioseguridad del ambiente,16,20,e3.png?v=3,foto,E3 Situación 7,Decidir en la situación con evidencia visible,1
"Atención de Enfermería, mención Enfermería",Higiene y bioseguridad del ambiente,16,21,e3.png?v=3,foto,E3 Situación 8,Decidir en la situación con evidencia visible,1
"Atención de Enfermería, mención Enfermería",Higiene y bioseguridad del ambiente,16,22,e3.png?v=3,foto,E3 Situación 9,Decidir en la situación con evidencia visible,1
"Atención de Enfermería, mención Enfermería",Higiene y bioseguridad del ambiente,16,23,e3.png?v=3,foto,E3 Situación 10,Decidir en la situación con evidencia visible,1
"Atención de Enfermería, mención Enfermería",Higiene y bioseguridad del ambiente,16,24,e3.png?v=3,foto,E3 Situación 11,Decidir en la situación con evidencia visible,1
"Atención de Enfermería, mención Enfermería",Higiene y bioseguridad del ambiente,16,25,e3.png?v=3,foto,E3 Situación 12,Decidir en la situación con evidencia visible,1
"Atención de Enfermería, mención Enfermería",Higiene y bioseguridad del ambiente,16,26,e3.png?v=3,foto,E3 Situación 13,Decidir en la situación con evidencia visible,1
"Atención de Enfermería, mención Enfermería",Higiene y bioseguridad del ambiente,16,27,e3.png?v=3,foto,E3 Situación 14,Decidir en la situación con evidencia visible,1
"Atención de Enfermería, mención Enfermería",Higiene y bioseguridad del ambiente,16,28,e3.png?v=3,foto,E3 Situación 15,Decidir en la situación con evidencia visible,1
"Atención de Enfermería, mención Enfermería",Higiene y bioseguridad del ambiente,16,29,e3.png?v=3,interactive-procedure,E3 Situación final 3D,"Recorrer el procedimiento (armar, instalar, diagnosticar) en el equipo",1
"Atención de Enfermería, mención Enfermería",Higiene y bioseguridad del ambiente,16,30,e4.png?v=3,foto,E4 Ítem 1,Imagen real del estímulo; el dato se lee en la figura,1
"Atención de Enfermería, mención Enfermería",Higiene y bioseguridad del ambiente,16,31,e4.png?v=3,foto,E4 Ítem 2,Imagen real del estímulo; el dato se lee en la figura,1
"Atención de Enfermería, mención Enfermería",Higiene y bioseguridad del ambiente,16,32,e4.png?v=3,foto,E4 Ítem 3,Imagen real del estímulo; el dato se lee en la figura,1
"Atención de Enfermería, mención Enfermería",Higiene y bioseguridad del ambiente,16,33,e4.png?v=3,foto,E4 Ítem 4,Imagen real del estímulo; el dato se lee en la figura,1
"Atención de Enfermería, mención Enfermería",Higiene y bioseguridad del ambiente,16,34,e4.png?v=3,foto,E4 Ítem 5,Imagen real del estímulo; el dato se lee en la figura,1
"Atención de Enfermería, mención Enfermería",Higiene y bioseguridad del ambiente,16,35,e4.png?v=3,foto,E4 Ítem 6,Imagen real del estímulo; el dato se lee en la figura,1
"Atención de Enfermería, mención Enfermería",Higiene y bioseguridad del ambiente,16,36,e4.png?v=3,foto,E4 Ítem 7,Imagen real del estímulo; el dato se lee en la figura,1
"Atención de Enfermería, mención Enfermería",Higiene y bioseguridad del ambiente,16,37,e4.png?v=3,foto,E4 Ítem 8,Imagen real del estímulo; el dato se lee en la figura,1
"Atención de Enfermería, mención Enfermería",Higiene y bioseguridad del ambiente,16,38,e4.png?v=3,foto,E4 Ítem 9,Imagen real del estímulo; el dato se lee en la figura,1
"Atención de Enfermería, mención Enfermería",Higiene y bioseguridad del ambiente,16,39,e4.png?v=3,foto,E4 Ítem 10,Imagen real del estímulo; el dato se lee en la figura,1
"Atención de Enfermería, mención Enfermería",Higiene y bioseguridad del ambiente,16,40,e4.png?v=3,foto,E4 Ítem 11,Imagen real del estímulo; el dato se lee en la figura,1
"Atención de Enfermería, mención Enfermería",Higiene y bioseguridad del ambiente,16,41,e4.png?v=3,foto,E4 Ítem 12,Imagen real del estímulo; el dato se lee en la figura,1
"Atención de Enfermería, mención Enfermería",Higiene y bioseguridad del ambiente,16,42,e4.png?v=3,foto,E4 Ítem 13,Imagen real del estímulo; el dato se lee en la figura,1
"Atención de Enfermería, mención Enfermería",Higiene y bioseguridad del ambiente,16,43,e4.png?v=3,foto,E4 Ítem 14,Imagen real del estímulo; el dato se lee en la figura,1
"Atención de Enfermería, mención Enfermería",Higiene y bioseguridad del ambiente,16,44,e4.png?v=3,foto,E4 Ítem 15,Imagen real del estímulo; el dato se lee en la figura,1
"Atención de Enfermería, mención Enfermería",Higiene y bioseguridad del ambiente,16,45,e4.png?v=3,foto,E4 Ítem 16,Imagen real del estímulo; el dato se lee en la figura,1
"Atención de Enfermería, mención Enfermería",Higiene y bioseguridad del ambiente,16,46,e4.png?v=3,foto,E4 Ítem 17,Imagen real del estímulo; el dato se lee en la figura,1
"Atención de Enfermería, mención Enfermería",Higiene y bioseguridad del ambiente,16,47,e4.png?v=3,foto,E4 Ítem 18,Imagen real del estímulo; el dato se lee en la figura,1
"Atención de Enfermería, mención Enfermería",Higiene y bioseguridad del ambiente,16,48,e4.png?v=3,foto,E4 Ítem 19,Imagen real del estímulo; el dato se lee en la figura,1
"Atención de Enfermería, mención Enfermería",Higiene y bioseguridad del ambiente,16,49,e4.png?v=3,foto,E4 Ítem 20,Imagen real del estímulo; el dato se lee en la figura,1
"Atención de Enfermería, mención Enfermería",Higiene y bioseguridad del ambiente,16,50,e4.png?v=3,foto,E4 Ítem 21,Imagen real del estímulo; el dato se lee en la figura,1
"Atención de Enfermería, mención Enfermería",Higiene y bioseguridad del ambiente,16,51,e4.png?v=3,foto,E4 Ítem 22,Imagen real del estímulo; el dato se lee en la figura,1
"Atención de Enfermería, mención Enfermería",Higiene y bioseguridad del ambiente,16,52,e4.png?v=3,foto,E4 Ítem 23,Imagen real del estímulo; el dato se lee en la figura,1
"Atención de Enfermería, mención Enfermería",Higiene y bioseguridad del ambiente,16,53,e4.png?v=3,foto,E4 Ítem 24,Imagen real del estímulo; el dato se lee en la figura,1
"Atención de Enfermería, mención Enfermería",Higiene y bioseguridad del ambiente,16,54,e4.png?v=3,foto,E4 Ítem 25,Imagen real del estímulo; el dato se lee en la figura,1
"Atención de Enfermería, mención Enfermería",Higiene y bioseguridad del ambiente,16,55,oficio-equipo-ctrl.png?v=3,foto,E5 Retroalimentación,Frame del error en cada pregunta incorrecta,1
"Atención de Enfermería, mención Enfermería",Sistemas de registro e información en salud,36,1,e1.png?v=3,foto,E1 Contextualización · explorar,Observar el escenario del AE con hotspots ligados a criterio,1
"Atención de Enfermería, mención Enfermería",Sistemas de registro e información en salud,36,2,e2.png?v=3,3d,E2 AE1 etapa 1 (hotspot),"Registra en forma digital o manual la información relativa al control de salud de las personas bajo su cuidado, según las normas vigentes.",1
"Atención de Enfermería, mención Enfermería",Sistemas de registro e información en salud,36,3,e2.png?v=3,foto,E2 AE1 etapa 2 (match),"Registra en forma digital o manual la información relativa al control de salud de las personas bajo su cuidado, según las normas vigentes.",1
"Atención de Enfermería, mención Enfermería",Sistemas de registro e información en salud,36,4,e2.png?v=3,foto,E2 AE1 etapa 3 (order),"Registra en forma digital o manual la información relativa al control de salud de las personas bajo su cuidado, según las normas vigentes.",1
"Atención de Enfermería, mención Enfermería",Sistemas de registro e información en salud,36,5,e2.png?v=3,foto,E2 AE1 etapa 4 (choice),"Registra en forma digital o manual la información relativa al control de salud de las personas bajo su cuidado, según las normas vigentes.",1
"Atención de Enfermería, mención Enfermería",Sistemas de registro e información en salud,36,6,e2.png?v=3,foto,E2 AE1 etapa 5 (choice),"Registra en forma digital o manual la información relativa al control de salud de las personas bajo su cuidado, según las normas vigentes.",1
"Atención de Enfermería, mención Enfermería",Sistemas de registro e información en salud,36,7,e2.png?v=3,foto,E2 AE1 etapa 6 (reflect),"Registra en forma digital o manual la información relativa al control de salud de las personas bajo su cuidado, según las normas vigentes.",1
"Atención de Enfermería, mención Enfermería",Sistemas de registro e información en salud,36,8,e2.png?v=3,3d,E2 AE2 etapa 1 (hotspot),"Registra la información relativa a los procedimientos administrativos de ingreso, permanencia y egreso de sus pacientes.",1
"Atención de Enfermería, mención Enfermería",Sistemas de registro e información en salud,36,9,e2.png?v=3,foto,E2 AE2 etapa 2 (match),"Registra la información relativa a los procedimientos administrativos de ingreso, permanencia y egreso de sus pacientes.",1
"Atención de Enfermería, mención Enfermería",Sistemas de registro e información en salud,36,10,e2.png?v=3,foto,E2 AE2 etapa 3 (order),"Registra la información relativa a los procedimientos administrativos de ingreso, permanencia y egreso de sus pacientes.",1
"Atención de Enfermería, mención Enfermería",Sistemas de registro e información en salud,36,11,e2.png?v=3,foto,E2 AE2 etapa 4 (choice),"Registra la información relativa a los procedimientos administrativos de ingreso, permanencia y egreso de sus pacientes.",1
"Atención de Enfermería, mención Enfermería",Sistemas de registro e información en salud,36,12,e2.png?v=3,foto,E2 AE2 etapa 5 (choice),"Registra la información relativa a los procedimientos administrativos de ingreso, permanencia y egreso de sus pacientes.",1
"Atención de Enfermería, mención Enfermería",Sistemas de registro e información en salud,36,13,e2.png?v=3,foto,E2 AE2 etapa 6 (reflect),"Registra la información relativa a los procedimientos administrativos de ingreso, permanencia y egreso de sus pacientes.",1
"Atención de Enfermería, mención Enfermería",Sistemas de registro e información en salud,36,14,e2.png?v=3,3d,E2 AE3 etapa 1 (hotspot),"Usa las TIC en los procesos administrativos para la admisión y el egreso de pacientes, de acuerdo a las normas establecidas.",1
"Atención de Enfermería, mención Enfermería",Sistemas de registro e información en salud,36,15,e2.png?v=3,foto,E2 AE3 etapa 2 (match),"Usa las TIC en los procesos administrativos para la admisión y el egreso de pacientes, de acuerdo a las normas establecidas.",1
"Atención de Enfermería, mención Enfermería",Sistemas de registro e información en salud,36,16,e2.png?v=3,foto,E2 AE3 etapa 3 (order),"Usa las TIC en los procesos administrativos para la admisión y el egreso de pacientes, de acuerdo a las normas establecidas.",1
"Atención de Enfermería, mención Enfermería",Sistemas de registro e información en salud,36,17,e2.png?v=3,foto,E2 AE3 etapa 4 (choice),"Usa las TIC en los procesos administrativos para la admisión y el egreso de pacientes, de acuerdo a las normas establecidas.",1
"Atención de Enfermería, mención Enfermería",Sistemas de registro e información en salud,36,18,e2.png?v=3,foto,E2 AE3 etapa 5 (choice),"Usa las TIC en los procesos administrativos para la admisión y el egreso de pacientes, de acuerdo a las normas establecidas.",1
"Atención de Enfermería, mención Enfermería",Sistemas de registro e información en salud,36,19,e2.png?v=3,foto,E2 AE3 etapa 6 (reflect),"Usa las TIC en los procesos administrativos para la admisión y el egreso de pacientes, de acuerdo a las normas establecidas.",1
"Atención de Enfermería, mención Enfermería",Sistemas de registro e información en salud,36,20,e3.png?v=3,foto,E3 Situación 1,Decidir en la situación con evidencia visible,1
"Atención de Enfermería, mención Enfermería",Sistemas de registro e información en salud,36,21,e3.png?v=3,foto,E3 Situación 2,Decidir en la situación con evidencia visible,1
"Atención de Enfermería, mención Enfermería",Sistemas de registro e información en salud,36,22,e3.png?v=3,foto,E3 Situación 3,Decidir en la situación con evidencia visible,1
"Atención de Enfermería, mención Enfermería",Sistemas de registro e información en salud,36,23,e3.png?v=3,foto,E3 Situación 4,Decidir en la situación con evidencia visible,1
"Atención de Enfermería, mención Enfermería",Sistemas de registro e información en salud,36,24,e3.png?v=3,foto,E3 Situación 5,Decidir en la situación con evidencia visible,1
"Atención de Enfermería, mención Enfermería",Sistemas de registro e información en salud,36,25,e3.png?v=3,foto,E3 Situación 6,Decidir en la situación con evidencia visible,1
"Atención de Enfermería, mención Enfermería",Sistemas de registro e información en salud,36,26,e3.png?v=3,foto,E3 Situación 7,Decidir en la situación con evidencia visible,1
"Atención de Enfermería, mención Enfermería",Sistemas de registro e información en salud,36,27,e3.png?v=3,foto,E3 Situación 8,Decidir en la situación con evidencia visible,1
"Atención de Enfermería, mención Enfermería",Sistemas de registro e información en salud,36,28,e3.png?v=3,foto,E3 Situación 9,Decidir en la situación con evidencia visible,1
"Atención de Enfermería, mención Enfermería",Sistemas de registro e información en salud,36,29,e3.png?v=3,foto,E3 Situación 10,Decidir en la situación con evidencia visible,1
"Atención de Enfermería, mención Enfermería",Sistemas de registro e información en salud,36,30,e3.png?v=3,foto,E3 Situación 11,Decidir en la situación con evidencia visible,1
"Atención de Enfermería, mención Enfermería",Sistemas de registro e información en salud,36,31,e3.png?v=3,foto,E3 Situación 12,Decidir en la situación con evidencia visible,1
"Atención de Enfermería, mención Enfermería",Sistemas de registro e información en salud,36,32,e3.png?v=3,foto,E3 Situación 13,Decidir en la situación con evidencia visible,1
"Atención de Enfermería, mención Enfermería",Sistemas de registro e información en salud,36,33,e3.png?v=3,foto,E3 Situación 14,Decidir en la situación con evidencia visible,1
"Atención de Enfermería, mención Enfermería",Sistemas de registro e información en salud,36,34,e3.png?v=3,foto,E3 Situación 15,Decidir en la situación con evidencia visible,1
"Atención de Enfermería, mención Enfermería",Sistemas de registro e información en salud,36,35,e3.png?v=3,interactive-procedure,E3 Situación final 3D,"Recorrer el procedimiento (armar, instalar, diagnosticar) en el equipo",1
"Atención de Enfermería, mención Enfermería",Sistemas de registro e información en salud,36,36,e4.png?v=3,foto,E4 Ítem 1,Imagen real del estímulo; el dato se lee en la figura,1
"Atención de Enfermería, mención Enfermería",Sistemas de registro e información en salud,36,37,e4.png?v=3,foto,E4 Ítem 2,Imagen real del estímulo; el dato se lee en la figura,1
"Atención de Enfermería, mención Enfermería",Sistemas de registro e información en salud,36,38,e4.png?v=3,foto,E4 Ítem 3,Imagen real del estímulo; el dato se lee en la figura,1
"Atención de Enfermería, mención Enfermería",Sistemas de registro e información en salud,36,39,e4.png?v=3,foto,E4 Ítem 4,Imagen real del estímulo; el dato se lee en la figura,1
"Atención de Enfermería, mención Enfermería",Sistemas de registro e información en salud,36,40,e4.png?v=3,foto,E4 Ítem 5,Imagen real del estímulo; el dato se lee en la figura,1
"Atención de Enfermería, mención Enfermería",Sistemas de registro e información en salud,36,41,e4.png?v=3,foto,E4 Ítem 6,Imagen real del estímulo; el dato se lee en la figura,1
"Atención de Enfermería, mención Enfermería",Sistemas de registro e información en salud,36,42,e4.png?v=3,foto,E4 Ítem 7,Imagen real del estímulo; el dato se lee en la figura,1
"Atención de Enfermería, mención Enfermería",Sistemas de registro e información en salud,36,43,e4.png?v=3,foto,E4 Ítem 8,Imagen real del estímulo; el dato se lee en la figura,1
"Atención de Enfermería, mención Enfermería",Sistemas de registro e información en salud,36,44,e4.png?v=3,foto,E4 Ítem 9,Imagen real del estímulo; el dato se lee en la figura,1
"Atención de Enfermería, mención Enfermería",Sistemas de registro e información en salud,36,45,e4.png?v=3,foto,E4 Ítem 10,Imagen real del estímulo; el dato se lee en la figura,1
"Atención de Enfermería, mención Enfermería",Sistemas de registro e información en salud,36,46,e4.png?v=3,foto,E4 Ítem 11,Imagen real del estímulo; el dato se lee en la figura,1
"Atención de Enfermería, mención Enfermería",Sistemas de registro e información en salud,36,47,e4.png?v=3,foto,E4 Ítem 12,Imagen real del estímulo; el dato se lee en la figura,1
"Atención de Enfermería, mención Enfermería",Sistemas de registro e información en salud,36,48,e4.png?v=3,foto,E4 Ítem 13,Imagen real del estímulo; el dato se lee en la figura,1
"Atención de Enfermería, mención Enfermería",Sistemas de registro e información en salud,36,49,e4.png?v=3,foto,E4 Ítem 14,Imagen real del estímulo; el dato se lee en la figura,1
"Atención de Enfermería, mención Enfermería",Sistemas de registro e información en salud,36,50,e4.png?v=3,foto,E4 Ítem 15,Imagen real del estímulo; el dato se lee en la figura,1
"Atención de Enfermería, mención Enfermería",Sistemas de registro e información en salud,36,51,e4.png?v=3,foto,E4 Ítem 16,Imagen real del estímulo; el dato se lee en la figura,1
"Atención de Enfermería, mención Enfermería",Sistemas de registro e información en salud,36,52,e4.png?v=3,foto,E4 Ítem 17,Imagen real del estímulo; el dato se lee en la figura,1
"Atención de Enfermería, mención Enfermería",Sistemas de registro e información en salud,36,53,e4.png?v=3,foto,E4 Ítem 18,Imagen real del estímulo; el dato se lee en la figura,1
"Atención de Enfermería, mención Enfermería",Sistemas de registro e información en salud,36,54,e4.png?v=3,foto,E4 Ítem 19,Imagen real del estímulo; el dato se lee en la figura,1
"Atención de Enfermería, mención Enfermería",Sistemas de registro e información en salud,36,55,e4.png?v=3,foto,E4 Ítem 20,Imagen real del estímulo; el dato se lee en la figura,1
"Atención de Enfermería, mención Enfermería",Sistemas de registro e información en salud,36,56,e4.png?v=3,foto,E4 Ítem 21,Imagen real del estímulo; el dato se lee en la figura,1
"Atención de Enfermería, mención Enfermería",Sistemas de registro e información en salud,36,57,e4.png?v=3,foto,E4 Ítem 22,Imagen real del estímulo; el dato se lee en la figura,1
"Atención de Enfermería, mención Enfermería",Sistemas de registro e información en salud,36,58,e4.png?v=3,foto,E4 Ítem 23,Imagen real del estímulo; el dato se lee en la figura,1
"Atención de Enfermería, mención Enfermería",Sistemas de registro e información en salud,36,59,e4.png?v=3,foto,E4 Ítem 24,Imagen real del estímulo; el dato se lee en la figura,1
"Atención de Enfermería, mención Enfermería",Sistemas de registro e información en salud,36,60,e4.png?v=3,foto,E4 Ítem 25,Imagen real del estímulo; el dato se lee en la figura,1
"Atención de Enfermería, mención Enfermería",Sistemas de registro e información en salud,36,61,oficio-plano-leyenda.png?v=3,foto,E5 Retroalimentación,Frame del error en cada pregunta incorrecta,1
"Atención de Enfermería, mención Enfermería",Prevención y control de infecciones intrahospitalarias,37,1,e1.png?v=3,foto,E1 Contextualización · explorar,Observar el escenario del AE con hotspots ligados a criterio,1
"Atención de Enfermería, mención Enfermería",Prevención y control de infecciones intrahospitalarias,37,2,e2.png?v=3,3d,E2 AE1 etapa 1 (hotspot),Brinda cuidados de enfermería respetando las normas de asepsia y antisepsia durante el proceso de atención de pacientes.,1
"Atención de Enfermería, mención Enfermería",Prevención y control de infecciones intrahospitalarias,37,3,e2.png?v=3,foto,E2 AE1 etapa 2 (match),Brinda cuidados de enfermería respetando las normas de asepsia y antisepsia durante el proceso de atención de pacientes.,1
"Atención de Enfermería, mención Enfermería",Prevención y control de infecciones intrahospitalarias,37,4,e2.png?v=3,foto,E2 AE1 etapa 3 (order),Brinda cuidados de enfermería respetando las normas de asepsia y antisepsia durante el proceso de atención de pacientes.,1
"Atención de Enfermería, mención Enfermería",Prevención y control de infecciones intrahospitalarias,37,5,e2.png?v=3,foto,E2 AE1 etapa 4 (choice),Brinda cuidados de enfermería respetando las normas de asepsia y antisepsia durante el proceso de atención de pacientes.,1
"Atención de Enfermería, mención Enfermería",Prevención y control de infecciones intrahospitalarias,37,6,e2.png?v=3,foto,E2 AE1 etapa 5 (choice),Brinda cuidados de enfermería respetando las normas de asepsia y antisepsia durante el proceso de atención de pacientes.,1
"Atención de Enfermería, mención Enfermería",Prevención y control de infecciones intrahospitalarias,37,7,e2.png?v=3,foto,E2 AE1 etapa 6 (reflect),Brinda cuidados de enfermería respetando las normas de asepsia y antisepsia durante el proceso de atención de pacientes.,1
"Atención de Enfermería, mención Enfermería",Prevención y control de infecciones intrahospitalarias,37,8,e2.png?v=3,3d,E2 AE2 etapa 1 (hotspot),"Aplica, durante la atención de cada paciente, las barreras protectoras y las medidas de aislamiento establecidas en el plan de atención.",1
"Atención de Enfermería, mención Enfermería",Prevención y control de infecciones intrahospitalarias,37,9,e2.png?v=3,foto,E2 AE2 etapa 2 (match),"Aplica, durante la atención de cada paciente, las barreras protectoras y las medidas de aislamiento establecidas en el plan de atención.",1
"Atención de Enfermería, mención Enfermería",Prevención y control de infecciones intrahospitalarias,37,10,e2.png?v=3,foto,E2 AE2 etapa 3 (order),"Aplica, durante la atención de cada paciente, las barreras protectoras y las medidas de aislamiento establecidas en el plan de atención.",1
"Atención de Enfermería, mención Enfermería",Prevención y control de infecciones intrahospitalarias,37,11,e2.png?v=3,foto,E2 AE2 etapa 4 (choice),"Aplica, durante la atención de cada paciente, las barreras protectoras y las medidas de aislamiento establecidas en el plan de atención.",1
"Atención de Enfermería, mención Enfermería",Prevención y control de infecciones intrahospitalarias,37,12,e2.png?v=3,foto,E2 AE2 etapa 5 (choice),"Aplica, durante la atención de cada paciente, las barreras protectoras y las medidas de aislamiento establecidas en el plan de atención.",1
"Atención de Enfermería, mención Enfermería",Prevención y control de infecciones intrahospitalarias,37,13,e2.png?v=3,foto,E2 AE2 etapa 6 (reflect),"Aplica, durante la atención de cada paciente, las barreras protectoras y las medidas de aislamiento establecidas en el plan de atención.",1
"Atención de Enfermería, mención Enfermería",Prevención y control de infecciones intrahospitalarias,37,14,e2.png?v=3,3d,E2 AE3 etapa 1 (hotspot),"Realiza el lavado, preparación y esterilización de materiales e instrumental, de acuerdo a la normativa vigente y a lo determinado por el establecimiento.",1
"Atención de Enfermería, mención Enfermería",Prevención y control de infecciones intrahospitalarias,37,15,e2.png?v=3,foto,E2 AE3 etapa 2 (match),"Realiza el lavado, preparación y esterilización de materiales e instrumental, de acuerdo a la normativa vigente y a lo determinado por el establecimiento.",1
"Atención de Enfermería, mención Enfermería",Prevención y control de infecciones intrahospitalarias,37,16,e2.png?v=3,foto,E2 AE3 etapa 3 (order),"Realiza el lavado, preparación y esterilización de materiales e instrumental, de acuerdo a la normativa vigente y a lo determinado por el establecimiento.",1
"Atención de Enfermería, mención Enfermería",Prevención y control de infecciones intrahospitalarias,37,17,e2.png?v=3,foto,E2 AE3 etapa 4 (choice),"Realiza el lavado, preparación y esterilización de materiales e instrumental, de acuerdo a la normativa vigente y a lo determinado por el establecimiento.",1
"Atención de Enfermería, mención Enfermería",Prevención y control de infecciones intrahospitalarias,37,18,e2.png?v=3,foto,E2 AE3 etapa 5 (choice),"Realiza el lavado, preparación y esterilización de materiales e instrumental, de acuerdo a la normativa vigente y a lo determinado por el establecimiento.",1
"Atención de Enfermería, mención Enfermería",Prevención y control de infecciones intrahospitalarias,37,19,e2.png?v=3,foto,E2 AE3 etapa 6 (reflect),"Realiza el lavado, preparación y esterilización de materiales e instrumental, de acuerdo a la normativa vigente y a lo determinado por el establecimiento.",1
"Atención de Enfermería, mención Enfermería",Prevención y control de infecciones intrahospitalarias,37,20,e3.png?v=3,foto,E3 Situación 1,Decidir en la situación con evidencia visible,1
"Atención de Enfermería, mención Enfermería",Prevención y control de infecciones intrahospitalarias,37,21,e3.png?v=3,foto,E3 Situación 2,Decidir en la situación con evidencia visible,1
"Atención de Enfermería, mención Enfermería",Prevención y control de infecciones intrahospitalarias,37,22,e3.png?v=3,foto,E3 Situación 3,Decidir en la situación con evidencia visible,1
"Atención de Enfermería, mención Enfermería",Prevención y control de infecciones intrahospitalarias,37,23,e3.png?v=3,foto,E3 Situación 4,Decidir en la situación con evidencia visible,1
"Atención de Enfermería, mención Enfermería",Prevención y control de infecciones intrahospitalarias,37,24,e3.png?v=3,foto,E3 Situación 5,Decidir en la situación con evidencia visible,1
"Atención de Enfermería, mención Enfermería",Prevención y control de infecciones intrahospitalarias,37,25,e3.png?v=3,foto,E3 Situación 6,Decidir en la situación con evidencia visible,1
"Atención de Enfermería, mención Enfermería",Prevención y control de infecciones intrahospitalarias,37,26,e3.png?v=3,foto,E3 Situación 7,Decidir en la situación con evidencia visible,1
"Atención de Enfermería, mención Enfermería",Prevención y control de infecciones intrahospitalarias,37,27,e3.png?v=3,foto,E3 Situación 8,Decidir en la situación con evidencia visible,1
"Atención de Enfermería, mención Enfermería",Prevención y control de infecciones intrahospitalarias,37,28,e3.png?v=3,foto,E3 Situación 9,Decidir en la situación con evidencia visible,1
"Atención de Enfermería, mención Enfermería",Prevención y control de infecciones intrahospitalarias,37,29,e3.png?v=3,foto,E3 Situación 10,Decidir en la situación con evidencia visible,1
"Atención de Enfermería, mención Enfermería",Prevención y control de infecciones intrahospitalarias,37,30,e3.png?v=3,foto,E3 Situación 11,Decidir en la situación con evidencia visible,1
"Atención de Enfermería, mención Enfermería",Prevención y control de infecciones intrahospitalarias,37,31,e3.png?v=3,foto,E3 Situación 12,Decidir en la situación con evidencia visible,1
"Atención de Enfermería, mención Enfermería",Prevención y control de infecciones intrahospitalarias,37,32,e3.png?v=3,foto,E3 Situación 13,Decidir en la situación con evidencia visible,1
"Atención de Enfermería, mención Enfermería",Prevención y control de infecciones intrahospitalarias,37,33,e3.png?v=3,foto,E3 Situación 14,Decidir en la situación con evidencia visible,1
"Atención de Enfermería, mención Enfermería",Prevención y control de infecciones intrahospitalarias,37,34,e3.png?v=3,foto,E3 Situación 15,Decidir en la situación con evidencia visible,1
"Atención de Enfermería, mención Enfermería",Prevención y control de infecciones intrahospitalarias,37,35,e3.png?v=3,interactive-procedure,E3 Situación final 3D,"Recorrer el procedimiento (armar, instalar, diagnosticar) en el equipo",1
"Atención de Enfermería, mención Enfermería",Prevención y control de infecciones intrahospitalarias,37,36,e4.png?v=3,foto,E4 Ítem 1,Imagen real del estímulo; el dato se lee en la figura,1
"Atención de Enfermería, mención Enfermería",Prevención y control de infecciones intrahospitalarias,37,37,e4.png?v=3,foto,E4 Ítem 2,Imagen real del estímulo; el dato se lee en la figura,1
"Atención de Enfermería, mención Enfermería",Prevención y control de infecciones intrahospitalarias,37,38,e4.png?v=3,foto,E4 Ítem 3,Imagen real del estímulo; el dato se lee en la figura,1
"Atención de Enfermería, mención Enfermería",Prevención y control de infecciones intrahospitalarias,37,39,e4.png?v=3,foto,E4 Ítem 4,Imagen real del estímulo; el dato se lee en la figura,1
"Atención de Enfermería, mención Enfermería",Prevención y control de infecciones intrahospitalarias,37,40,e4.png?v=3,foto,E4 Ítem 5,Imagen real del estímulo; el dato se lee en la figura,1
"Atención de Enfermería, mención Enfermería",Prevención y control de infecciones intrahospitalarias,37,41,e4.png?v=3,foto,E4 Ítem 6,Imagen real del estímulo; el dato se lee en la figura,1
"Atención de Enfermería, mención Enfermería",Prevención y control de infecciones intrahospitalarias,37,42,e4.png?v=3,foto,E4 Ítem 7,Imagen real del estímulo; el dato se lee en la figura,1
"Atención de Enfermería, mención Enfermería",Prevención y control de infecciones intrahospitalarias,37,43,e4.png?v=3,foto,E4 Ítem 8,Imagen real del estímulo; el dato se lee en la figura,1
"Atención de Enfermería, mención Enfermería",Prevención y control de infecciones intrahospitalarias,37,44,e4.png?v=3,foto,E4 Ítem 9,Imagen real del estímulo; el dato se lee en la figura,1
"Atención de Enfermería, mención Enfermería",Prevención y control de infecciones intrahospitalarias,37,45,e4.png?v=3,foto,E4 Ítem 10,Imagen real del estímulo; el dato se lee en la figura,1
"Atención de Enfermería, mención Enfermería",Prevención y control de infecciones intrahospitalarias,37,46,e4.png?v=3,foto,E4 Ítem 11,Imagen real del estímulo; el dato se lee en la figura,1
"Atención de Enfermería, mención Enfermería",Prevención y control de infecciones intrahospitalarias,37,47,e4.png?v=3,foto,E4 Ítem 12,Imagen real del estímulo; el dato se lee en la figura,1
"Atención de Enfermería, mención Enfermería",Prevención y control de infecciones intrahospitalarias,37,48,e4.png?v=3,foto,E4 Ítem 13,Imagen real del estímulo; el dato se lee en la figura,1
"Atención de Enfermería, mención Enfermería",Prevención y control de infecciones intrahospitalarias,37,49,e4.png?v=3,foto,E4 Ítem 14,Imagen real del estímulo; el dato se lee en la figura,1
"Atención de Enfermería, mención Enfermería",Prevención y control de infecciones intrahospitalarias,37,50,e4.png?v=3,foto,E4 Ítem 15,Imagen real del estímulo; el dato se lee en la figura,1
"Atención de Enfermería, mención Enfermería",Prevención y control de infecciones intrahospitalarias,37,51,e4.png?v=3,foto,E4 Ítem 16,Imagen real del estímulo; el dato se lee en la figura,1
"Atención de Enfermería, mención Enfermería",Prevención y control de infecciones intrahospitalarias,37,52,e4.png?v=3,foto,E4 Ítem 17,Imagen real del estímulo; el dato se lee en la figura,1
"Atención de Enfermería, mención Enfermería",Prevención y control de infecciones intrahospitalarias,37,53,e4.png?v=3,foto,E4 Ítem 18,Imagen real del estímulo; el dato se lee en la figura,1
"Atención de Enfermería, mención Enfermería",Prevención y control de infecciones intrahospitalarias,37,54,e4.png?v=3,foto,E4 Ítem 19,Imagen real del estímulo; el dato se lee en la figura,1
"Atención de Enfermería, mención Enfermería",Prevención y control de infecciones intrahospitalarias,37,55,e4.png?v=3,foto,E4 Ítem 20,Imagen real del estímulo; el dato se lee en la figura,1
"Atención de Enfermería, mención Enfermería",Prevención y control de infecciones intrahospitalarias,37,56,e4.png?v=3,foto,E4 Ítem 21,Imagen real del estímulo; el dato se lee en la figura,1
"Atención de Enfermería, mención Enfermería",Prevención y control de infecciones intrahospitalarias,37,57,e4.png?v=3,foto,E4 Ítem 22,Imagen real del estímulo; el dato se lee en la figura,1
"Atención de Enfermería, mención Enfermería",Prevención y control de infecciones intrahospitalarias,37,58,e4.png?v=3,foto,E4 Ítem 23,Imagen real del estímulo; el dato se lee en la figura,1
"Atención de Enfermería, mención Enfermería",Prevención y control de infecciones intrahospitalarias,37,59,e4.png?v=3,foto,E4 Ítem 24,Imagen real del estímulo; el dato se lee en la figura,1
"Atención de Enfermería, mención Enfermería",Prevención y control de infecciones intrahospitalarias,37,60,e4.png?v=3,foto,E4 Ítem 25,Imagen real del estímulo; el dato se lee en la figura,1
"Atención de Enfermería, mención Enfermería",Prevención y control de infecciones intrahospitalarias,37,61,oficio-plano-leyenda.png?v=3,foto,E5 Retroalimentación,Frame del error en cada pregunta incorrecta,1
"Atención de Enfermería, mención Enfermería",Técnicas básicas de enfermería y del Programa Nacional de Inmunizaciones,38,1,e1.png?v=3,foto,E1 Contextualización · explorar,Observar el escenario del AE con hotspots ligados a criterio,1
"Atención de Enfermería, mención Enfermería",Técnicas básicas de enfermería y del Programa Nacional de Inmunizaciones,38,2,e2.png?v=3,3d,E2 AE1 etapa 1 (hotspot),"Ejecuta las indicaciones médicas para el tratamiento y rehabilitación de la salud de pacientes pediátricos y adultos hospitalizados, de acuerdo a los protocolos establecidos.",1
"Atención de Enfermería, mención Enfermería",Técnicas básicas de enfermería y del Programa Nacional de Inmunizaciones,38,3,e2.png?v=3,foto,E2 AE1 etapa 2 (match),"Ejecuta las indicaciones médicas para el tratamiento y rehabilitación de la salud de pacientes pediátricos y adultos hospitalizados, de acuerdo a los protocolos establecidos.",1
"Atención de Enfermería, mención Enfermería",Técnicas básicas de enfermería y del Programa Nacional de Inmunizaciones,38,4,e2.png?v=3,foto,E2 AE1 etapa 3 (order),"Ejecuta las indicaciones médicas para el tratamiento y rehabilitación de la salud de pacientes pediátricos y adultos hospitalizados, de acuerdo a los protocolos establecidos.",1
"Atención de Enfermería, mención Enfermería",Técnicas básicas de enfermería y del Programa Nacional de Inmunizaciones,38,5,e2.png?v=3,foto,E2 AE1 etapa 4 (choice),"Ejecuta las indicaciones médicas para el tratamiento y rehabilitación de la salud de pacientes pediátricos y adultos hospitalizados, de acuerdo a los protocolos establecidos.",1
"Atención de Enfermería, mención Enfermería",Técnicas básicas de enfermería y del Programa Nacional de Inmunizaciones,38,6,e2.png?v=3,foto,E2 AE1 etapa 5 (choice),"Ejecuta las indicaciones médicas para el tratamiento y rehabilitación de la salud de pacientes pediátricos y adultos hospitalizados, de acuerdo a los protocolos establecidos.",1
"Atención de Enfermería, mención Enfermería",Técnicas básicas de enfermería y del Programa Nacional de Inmunizaciones,38,7,e2.png?v=3,foto,E2 AE1 etapa 6 (reflect),"Ejecuta las indicaciones médicas para el tratamiento y rehabilitación de la salud de pacientes pediátricos y adultos hospitalizados, de acuerdo a los protocolos establecidos.",1
"Atención de Enfermería, mención Enfermería",Técnicas básicas de enfermería y del Programa Nacional de Inmunizaciones,38,8,e2.png?v=3,3d,E2 AE2 etapa 1 (hotspot),"Aplica acciones de vacunación, de acuerdo al Programa Nacional de Inmunizaciones, resguardando el bienestar de las personas y el cumplimiento de las normas y protocolos del Ministerio de Salud, siempre bajo la supervisión de un o una profesional del área de la salud.",1
"Atención de Enfermería, mención Enfermería",Técnicas básicas de enfermería y del Programa Nacional de Inmunizaciones,38,9,e2.png?v=3,foto,E2 AE2 etapa 2 (match),"Aplica acciones de vacunación, de acuerdo al Programa Nacional de Inmunizaciones, resguardando el bienestar de las personas y el cumplimiento de las normas y protocolos del Ministerio de Salud, siempre bajo la supervisión de un o una profesional del área de la salud.",1
"Atención de Enfermería, mención Enfermería",Técnicas básicas de enfermería y del Programa Nacional de Inmunizaciones,38,10,e2.png?v=3,foto,E2 AE2 etapa 3 (order),"Aplica acciones de vacunación, de acuerdo al Programa Nacional de Inmunizaciones, resguardando el bienestar de las personas y el cumplimiento de las normas y protocolos del Ministerio de Salud, siempre bajo la supervisión de un o una profesional del área de la salud.",1
"Atención de Enfermería, mención Enfermería",Técnicas básicas de enfermería y del Programa Nacional de Inmunizaciones,38,11,e2.png?v=3,foto,E2 AE2 etapa 4 (choice),"Aplica acciones de vacunación, de acuerdo al Programa Nacional de Inmunizaciones, resguardando el bienestar de las personas y el cumplimiento de las normas y protocolos del Ministerio de Salud, siempre bajo la supervisión de un o una profesional del área de la salud.",1
"Atención de Enfermería, mención Enfermería",Técnicas básicas de enfermería y del Programa Nacional de Inmunizaciones,38,12,e2.png?v=3,foto,E2 AE2 etapa 5 (choice),"Aplica acciones de vacunación, de acuerdo al Programa Nacional de Inmunizaciones, resguardando el bienestar de las personas y el cumplimiento de las normas y protocolos del Ministerio de Salud, siempre bajo la supervisión de un o una profesional del área de la salud.",1
"Atención de Enfermería, mención Enfermería",Técnicas básicas de enfermería y del Programa Nacional de Inmunizaciones,38,13,e2.png?v=3,foto,E2 AE2 etapa 6 (reflect),"Aplica acciones de vacunación, de acuerdo al Programa Nacional de Inmunizaciones, resguardando el bienestar de las personas y el cumplimiento de las normas y protocolos del Ministerio de Salud, siempre bajo la supervisión de un o una profesional del área de la salud.",1
"Atención de Enfermería, mención Enfermería",Técnicas básicas de enfermería y del Programa Nacional de Inmunizaciones,38,14,e2.png?v=3,3d,E2 AE3 etapa 1 (hotspot),"Refuerza las indicaciones médicas dadas para el tratamiento y rehabilitación de la salud de pacientes pediátricos y adultos ambulatorios, estableciendo una comunicación efectiva, respetuosa y responsable.",1
"Atención de Enfermería, mención Enfermería",Técnicas básicas de enfermería y del Programa Nacional de Inmunizaciones,38,15,e2.png?v=3,foto,E2 AE3 etapa 2 (match),"Refuerza las indicaciones médicas dadas para el tratamiento y rehabilitación de la salud de pacientes pediátricos y adultos ambulatorios, estableciendo una comunicación efectiva, respetuosa y responsable.",1
"Atención de Enfermería, mención Enfermería",Técnicas básicas de enfermería y del Programa Nacional de Inmunizaciones,38,16,e2.png?v=3,foto,E2 AE3 etapa 3 (order),"Refuerza las indicaciones médicas dadas para el tratamiento y rehabilitación de la salud de pacientes pediátricos y adultos ambulatorios, estableciendo una comunicación efectiva, respetuosa y responsable.",1
"Atención de Enfermería, mención Enfermería",Técnicas básicas de enfermería y del Programa Nacional de Inmunizaciones,38,17,e2.png?v=3,foto,E2 AE3 etapa 4 (choice),"Refuerza las indicaciones médicas dadas para el tratamiento y rehabilitación de la salud de pacientes pediátricos y adultos ambulatorios, estableciendo una comunicación efectiva, respetuosa y responsable.",1
"Atención de Enfermería, mención Enfermería",Técnicas básicas de enfermería y del Programa Nacional de Inmunizaciones,38,18,e2.png?v=3,foto,E2 AE3 etapa 5 (choice),"Refuerza las indicaciones médicas dadas para el tratamiento y rehabilitación de la salud de pacientes pediátricos y adultos ambulatorios, estableciendo una comunicación efectiva, respetuosa y responsable.",1
"Atención de Enfermería, mención Enfermería",Técnicas básicas de enfermería y del Programa Nacional de Inmunizaciones,38,19,e2.png?v=3,foto,E2 AE3 etapa 6 (reflect),"Refuerza las indicaciones médicas dadas para el tratamiento y rehabilitación de la salud de pacientes pediátricos y adultos ambulatorios, estableciendo una comunicación efectiva, respetuosa y responsable.",1
"Atención de Enfermería, mención Enfermería",Técnicas básicas de enfermería y del Programa Nacional de Inmunizaciones,38,20,e2.png?v=3,3d,E2 AE4 etapa 1 (hotspot),"Colabora con el equipo de salud en situaciones de emergencia médica en pacientes hospitalizados, de acuerdo al protocolo definido.",1
"Atención de Enfermería, mención Enfermería",Técnicas básicas de enfermería y del Programa Nacional de Inmunizaciones,38,21,e2.png?v=3,foto,E2 AE4 etapa 2 (match),"Colabora con el equipo de salud en situaciones de emergencia médica en pacientes hospitalizados, de acuerdo al protocolo definido.",1
"Atención de Enfermería, mención Enfermería",Técnicas básicas de enfermería y del Programa Nacional de Inmunizaciones,38,22,e2.png?v=3,foto,E2 AE4 etapa 3 (order),"Colabora con el equipo de salud en situaciones de emergencia médica en pacientes hospitalizados, de acuerdo al protocolo definido.",1
"Atención de Enfermería, mención Enfermería",Técnicas básicas de enfermería y del Programa Nacional de Inmunizaciones,38,23,e2.png?v=3,foto,E2 AE4 etapa 4 (choice),"Colabora con el equipo de salud en situaciones de emergencia médica en pacientes hospitalizados, de acuerdo al protocolo definido.",1
"Atención de Enfermería, mención Enfermería",Técnicas básicas de enfermería y del Programa Nacional de Inmunizaciones,38,24,e2.png?v=3,foto,E2 AE4 etapa 5 (choice),"Colabora con el equipo de salud en situaciones de emergencia médica en pacientes hospitalizados, de acuerdo al protocolo definido.",1
"Atención de Enfermería, mención Enfermería",Técnicas básicas de enfermería y del Programa Nacional de Inmunizaciones,38,25,e2.png?v=3,foto,E2 AE4 etapa 6 (reflect),"Colabora con el equipo de salud en situaciones de emergencia médica en pacientes hospitalizados, de acuerdo al protocolo definido.",1
"Atención de Enfermería, mención Enfermería",Técnicas básicas de enfermería y del Programa Nacional de Inmunizaciones,38,26,e3.png?v=3,foto,E3 Situación 1,Decidir en la situación con evidencia visible,1
"Atención de Enfermería, mención Enfermería",Técnicas básicas de enfermería y del Programa Nacional de Inmunizaciones,38,27,e3.png?v=3,foto,E3 Situación 2,Decidir en la situación con evidencia visible,1
"Atención de Enfermería, mención Enfermería",Técnicas básicas de enfermería y del Programa Nacional de Inmunizaciones,38,28,e3.png?v=3,foto,E3 Situación 3,Decidir en la situación con evidencia visible,1
"Atención de Enfermería, mención Enfermería",Técnicas básicas de enfermería y del Programa Nacional de Inmunizaciones,38,29,e3.png?v=3,foto,E3 Situación 4,Decidir en la situación con evidencia visible,1
"Atención de Enfermería, mención Enfermería",Técnicas básicas de enfermería y del Programa Nacional de Inmunizaciones,38,30,e3.png?v=3,foto,E3 Situación 5,Decidir en la situación con evidencia visible,1
"Atención de Enfermería, mención Enfermería",Técnicas básicas de enfermería y del Programa Nacional de Inmunizaciones,38,31,e3.png?v=3,foto,E3 Situación 6,Decidir en la situación con evidencia visible,1
"Atención de Enfermería, mención Enfermería",Técnicas básicas de enfermería y del Programa Nacional de Inmunizaciones,38,32,e3.png?v=3,foto,E3 Situación 7,Decidir en la situación con evidencia visible,1
"Atención de Enfermería, mención Enfermería",Técnicas básicas de enfermería y del Programa Nacional de Inmunizaciones,38,33,e3.png?v=3,foto,E3 Situación 8,Decidir en la situación con evidencia visible,1
"Atención de Enfermería, mención Enfermería",Técnicas básicas de enfermería y del Programa Nacional de Inmunizaciones,38,34,e3.png?v=3,foto,E3 Situación 9,Decidir en la situación con evidencia visible,1
"Atención de Enfermería, mención Enfermería",Técnicas básicas de enfermería y del Programa Nacional de Inmunizaciones,38,35,e3.png?v=3,foto,E3 Situación 10,Decidir en la situación con evidencia visible,1
"Atención de Enfermería, mención Enfermería",Técnicas básicas de enfermería y del Programa Nacional de Inmunizaciones,38,36,e3.png?v=3,foto,E3 Situación 11,Decidir en la situación con evidencia visible,1
"Atención de Enfermería, mención Enfermería",Técnicas básicas de enfermería y del Programa Nacional de Inmunizaciones,38,37,e3.png?v=3,foto,E3 Situación 12,Decidir en la situación con evidencia visible,1
"Atención de Enfermería, mención Enfermería",Técnicas básicas de enfermería y del Programa Nacional de Inmunizaciones,38,38,e3.png?v=3,foto,E3 Situación 13,Decidir en la situación con evidencia visible,1
"Atención de Enfermería, mención Enfermería",Técnicas básicas de enfermería y del Programa Nacional de Inmunizaciones,38,39,e3.png?v=3,foto,E3 Situación 14,Decidir en la situación con evidencia visible,1
"Atención de Enfermería, mención Enfermería",Técnicas básicas de enfermería y del Programa Nacional de Inmunizaciones,38,40,e3.png?v=3,foto,E3 Situación 15,Decidir en la situación con evidencia visible,1
"Atención de Enfermería, mención Enfermería",Técnicas básicas de enfermería y del Programa Nacional de Inmunizaciones,38,41,e3.png?v=3,interactive-procedure,E3 Situación final 3D,"Recorrer el procedimiento (armar, instalar, diagnosticar) en el equipo",1
"Atención de Enfermería, mención Enfermería",Técnicas básicas de enfermería y del Programa Nacional de Inmunizaciones,38,42,e4.png?v=3,foto,E4 Ítem 1,Imagen real del estímulo; el dato se lee en la figura,1
"Atención de Enfermería, mención Enfermería",Técnicas básicas de enfermería y del Programa Nacional de Inmunizaciones,38,43,e4.png?v=3,foto,E4 Ítem 2,Imagen real del estímulo; el dato se lee en la figura,1
"Atención de Enfermería, mención Enfermería",Técnicas básicas de enfermería y del Programa Nacional de Inmunizaciones,38,44,e4.png?v=3,foto,E4 Ítem 3,Imagen real del estímulo; el dato se lee en la figura,1
"Atención de Enfermería, mención Enfermería",Técnicas básicas de enfermería y del Programa Nacional de Inmunizaciones,38,45,e4.png?v=3,foto,E4 Ítem 4,Imagen real del estímulo; el dato se lee en la figura,1
"Atención de Enfermería, mención Enfermería",Técnicas básicas de enfermería y del Programa Nacional de Inmunizaciones,38,46,e4.png?v=3,foto,E4 Ítem 5,Imagen real del estímulo; el dato se lee en la figura,1
"Atención de Enfermería, mención Enfermería",Técnicas básicas de enfermería y del Programa Nacional de Inmunizaciones,38,47,e4.png?v=3,foto,E4 Ítem 6,Imagen real del estímulo; el dato se lee en la figura,1
"Atención de Enfermería, mención Enfermería",Técnicas básicas de enfermería y del Programa Nacional de Inmunizaciones,38,48,e4.png?v=3,foto,E4 Ítem 7,Imagen real del estímulo; el dato se lee en la figura,1
"Atención de Enfermería, mención Enfermería",Técnicas básicas de enfermería y del Programa Nacional de Inmunizaciones,38,49,e4.png?v=3,foto,E4 Ítem 8,Imagen real del estímulo; el dato se lee en la figura,1
"Atención de Enfermería, mención Enfermería",Técnicas básicas de enfermería y del Programa Nacional de Inmunizaciones,38,50,e4.png?v=3,foto,E4 Ítem 9,Imagen real del estímulo; el dato se lee en la figura,1
"Atención de Enfermería, mención Enfermería",Técnicas básicas de enfermería y del Programa Nacional de Inmunizaciones,38,51,e4.png?v=3,foto,E4 Ítem 10,Imagen real del estímulo; el dato se lee en la figura,1
"Atención de Enfermería, mención Enfermería",Técnicas básicas de enfermería y del Programa Nacional de Inmunizaciones,38,52,e4.png?v=3,foto,E4 Ítem 11,Imagen real del estímulo; el dato se lee en la figura,1
"Atención de Enfermería, mención Enfermería",Técnicas básicas de enfermería y del Programa Nacional de Inmunizaciones,38,53,e4.png?v=3,foto,E4 Ítem 12,Imagen real del estímulo; el dato se lee en la figura,1
"Atención de Enfermería, mención Enfermería",Técnicas básicas de enfermería y del Programa Nacional de Inmunizaciones,38,54,e4.png?v=3,foto,E4 Ítem 13,Imagen real del estímulo; el dato se lee en la figura,1
"Atención de Enfermería, mención Enfermería",Técnicas básicas de enfermería y del Programa Nacional de Inmunizaciones,38,55,e4.png?v=3,foto,E4 Ítem 14,Imagen real del estímulo; el dato se lee en la figura,1
"Atención de Enfermería, mención Enfermería",Técnicas básicas de enfermería y del Programa Nacional de Inmunizaciones,38,56,e4.png?v=3,foto,E4 Ítem 15,Imagen real del estímulo; el dato se lee en la figura,1
"Atención de Enfermería, mención Enfermería",Técnicas básicas de enfermería y del Programa Nacional de Inmunizaciones,38,57,e4.png?v=3,foto,E4 Ítem 16,Imagen real del estímulo; el dato se lee en la figura,1
"Atención de Enfermería, mención Enfermería",Técnicas básicas de enfermería y del Programa Nacional de Inmunizaciones,38,58,e4.png?v=3,foto,E4 Ítem 17,Imagen real del estímulo; el dato se lee en la figura,1
"Atención de Enfermería, mención Enfermería",Técnicas básicas de enfermería y del Programa Nacional de Inmunizaciones,38,59,e4.png?v=3,foto,E4 Ítem 18,Imagen real del estímulo; el dato se lee en la figura,1
"Atención de Enfermería, mención Enfermería",Técnicas básicas de enfermería y del Programa Nacional de Inmunizaciones,38,60,e4.png?v=3,foto,E4 Ítem 19,Imagen real del estímulo; el dato se lee en la figura,1
"Atención de Enfermería, mención Enfermería",Técnicas básicas de enfermería y del Programa Nacional de Inmunizaciones,38,61,e4.png?v=3,foto,E4 Ítem 20,Imagen real del estímulo; el dato se lee en la figura,1
"Atención de Enfermería, mención Enfermería",Técnicas básicas de enfermería y del Programa Nacional de Inmunizaciones,38,62,e4.png?v=3,foto,E4 Ítem 21,Imagen real del estímulo; el dato se lee en la figura,1
"Atención de Enfermería, mención Enfermería",Técnicas básicas de enfermería y del Programa Nacional de Inmunizaciones,38,63,e4.png?v=3,foto,E4 Ítem 22,Imagen real del estímulo; el dato se lee en la figura,1
"Atención de Enfermería, mención Enfermería",Técnicas básicas de enfermería y del Programa Nacional de Inmunizaciones,38,64,e4.png?v=3,foto,E4 Ítem 23,Imagen real del estímulo; el dato se lee en la figura,1
"Atención de Enfermería, mención Enfermería",Técnicas básicas de enfermería y del Programa Nacional de Inmunizaciones,38,65,e4.png?v=3,foto,E4 Ítem 24,Imagen real del estímulo; el dato se lee en la figura,1
"Atención de Enfermería, mención Enfermería",Técnicas básicas de enfermería y del Programa Nacional de Inmunizaciones,38,66,e4.png?v=3,foto,E4 Ítem 25,Imagen real del estímulo; el dato se lee en la figura,1
"Atención de Enfermería, mención Enfermería",Técnicas básicas de enfermería y del Programa Nacional de Inmunizaciones,38,67,oficio-plano-leyenda.png?v=3,foto,E5 Retroalimentación,Frame del error en cada pregunta incorrecta,1
"Atención de Enfermería, mención Enfermería",Atención en servicios de urgencia y primeros auxilios,39,1,e1.png?v=3,foto,E1 Contextualización · explorar,Observar el escenario del AE con hotspots ligados a criterio,1
"Atención de Enfermería, mención Enfermería",Atención en servicios de urgencia y primeros auxilios,39,2,e2.png?v=3,3d,E2 AE1 etapa 1 (hotspot),"Vigila el contexto clínico de pacientes en estado crítico o que han sido sometidos a procedimientos invasivos, de acuerdo a los estándares vigentes y a las indicaciones entregadas, e informa sobre posibles alteraciones a los o las profesionales.",1
"Atención de Enfermería, mención Enfermería",Atención en servicios de urgencia y primeros auxilios,39,3,e2.png?v=3,foto,E2 AE1 etapa 2 (match),"Vigila el contexto clínico de pacientes en estado crítico o que han sido sometidos a procedimientos invasivos, de acuerdo a los estándares vigentes y a las indicaciones entregadas, e informa sobre posibles alteraciones a los o las profesionales.",1
"Atención de Enfermería, mención Enfermería",Atención en servicios de urgencia y primeros auxilios,39,4,e2.png?v=3,foto,E2 AE1 etapa 3 (order),"Vigila el contexto clínico de pacientes en estado crítico o que han sido sometidos a procedimientos invasivos, de acuerdo a los estándares vigentes y a las indicaciones entregadas, e informa sobre posibles alteraciones a los o las profesionales.",1
"Atención de Enfermería, mención Enfermería",Atención en servicios de urgencia y primeros auxilios,39,5,e2.png?v=3,foto,E2 AE1 etapa 4 (choice),"Vigila el contexto clínico de pacientes en estado crítico o que han sido sometidos a procedimientos invasivos, de acuerdo a los estándares vigentes y a las indicaciones entregadas, e informa sobre posibles alteraciones a los o las profesionales.",1
"Atención de Enfermería, mención Enfermería",Atención en servicios de urgencia y primeros auxilios,39,6,e2.png?v=3,foto,E2 AE1 etapa 5 (choice),"Vigila el contexto clínico de pacientes en estado crítico o que han sido sometidos a procedimientos invasivos, de acuerdo a los estándares vigentes y a las indicaciones entregadas, e informa sobre posibles alteraciones a los o las profesionales.",1
"Atención de Enfermería, mención Enfermería",Atención en servicios de urgencia y primeros auxilios,39,7,e2.png?v=3,foto,E2 AE1 etapa 6 (reflect),"Vigila el contexto clínico de pacientes en estado crítico o que han sido sometidos a procedimientos invasivos, de acuerdo a los estándares vigentes y a las indicaciones entregadas, e informa sobre posibles alteraciones a los o las profesionales.",1
"Atención de Enfermería, mención Enfermería",Atención en servicios de urgencia y primeros auxilios,39,8,e2.png?v=3,3d,E2 AE2 etapa 1 (hotspot),"Colabora con el equipo de salud para brindar atención de urgencia a pacientes hospitalizados, de acuerdo a los estándares de la institución.",1
"Atención de Enfermería, mención Enfermería",Atención en servicios de urgencia y primeros auxilios,39,9,e2.png?v=3,foto,E2 AE2 etapa 2 (match),"Colabora con el equipo de salud para brindar atención de urgencia a pacientes hospitalizados, de acuerdo a los estándares de la institución.",1
"Atención de Enfermería, mención Enfermería",Atención en servicios de urgencia y primeros auxilios,39,10,e2.png?v=3,foto,E2 AE2 etapa 3 (order),"Colabora con el equipo de salud para brindar atención de urgencia a pacientes hospitalizados, de acuerdo a los estándares de la institución.",1
"Atención de Enfermería, mención Enfermería",Atención en servicios de urgencia y primeros auxilios,39,11,e2.png?v=3,foto,E2 AE2 etapa 4 (choice),"Colabora con el equipo de salud para brindar atención de urgencia a pacientes hospitalizados, de acuerdo a los estándares de la institución.",1
"Atención de Enfermería, mención Enfermería",Atención en servicios de urgencia y primeros auxilios,39,12,e2.png?v=3,foto,E2 AE2 etapa 5 (choice),"Colabora con el equipo de salud para brindar atención de urgencia a pacientes hospitalizados, de acuerdo a los estándares de la institución.",1
"Atención de Enfermería, mención Enfermería",Atención en servicios de urgencia y primeros auxilios,39,13,e2.png?v=3,foto,E2 AE2 etapa 6 (reflect),"Colabora con el equipo de salud para brindar atención de urgencia a pacientes hospitalizados, de acuerdo a los estándares de la institución.",1
"Atención de Enfermería, mención Enfermería",Atención en servicios de urgencia y primeros auxilios,39,14,e2.png?v=3,3d,E2 AE3 etapa 1 (hotspot),"Aplica con eficacia la atención básica de primeros auxilios, como parte del equipo responsable de la atención de la o el paciente, de acuerdo a las normas y procedimientos estándares.",1
"Atención de Enfermería, mención Enfermería",Atención en servicios de urgencia y primeros auxilios,39,15,e2.png?v=3,foto,E2 AE3 etapa 2 (match),"Aplica con eficacia la atención básica de primeros auxilios, como parte del equipo responsable de la atención de la o el paciente, de acuerdo a las normas y procedimientos estándares.",1
"Atención de Enfermería, mención Enfermería",Atención en servicios de urgencia y primeros auxilios,39,16,e2.png?v=3,foto,E2 AE3 etapa 3 (order),"Aplica con eficacia la atención básica de primeros auxilios, como parte del equipo responsable de la atención de la o el paciente, de acuerdo a las normas y procedimientos estándares.",1
"Atención de Enfermería, mención Enfermería",Atención en servicios de urgencia y primeros auxilios,39,17,e2.png?v=3,foto,E2 AE3 etapa 4 (choice),"Aplica con eficacia la atención básica de primeros auxilios, como parte del equipo responsable de la atención de la o el paciente, de acuerdo a las normas y procedimientos estándares.",1
"Atención de Enfermería, mención Enfermería",Atención en servicios de urgencia y primeros auxilios,39,18,e2.png?v=3,foto,E2 AE3 etapa 5 (choice),"Aplica con eficacia la atención básica de primeros auxilios, como parte del equipo responsable de la atención de la o el paciente, de acuerdo a las normas y procedimientos estándares.",1
"Atención de Enfermería, mención Enfermería",Atención en servicios de urgencia y primeros auxilios,39,19,e2.png?v=3,foto,E2 AE3 etapa 6 (reflect),"Aplica con eficacia la atención básica de primeros auxilios, como parte del equipo responsable de la atención de la o el paciente, de acuerdo a las normas y procedimientos estándares.",1
"Atención de Enfermería, mención Enfermería",Atención en servicios de urgencia y primeros auxilios,39,20,e3.png?v=3,foto,E3 Situación 1,Decidir en la situación con evidencia visible,1
"Atención de Enfermería, mención Enfermería",Atención en servicios de urgencia y primeros auxilios,39,21,e3.png?v=3,foto,E3 Situación 2,Decidir en la situación con evidencia visible,1
"Atención de Enfermería, mención Enfermería",Atención en servicios de urgencia y primeros auxilios,39,22,e3.png?v=3,foto,E3 Situación 3,Decidir en la situación con evidencia visible,1
"Atención de Enfermería, mención Enfermería",Atención en servicios de urgencia y primeros auxilios,39,23,e3.png?v=3,foto,E3 Situación 4,Decidir en la situación con evidencia visible,1
"Atención de Enfermería, mención Enfermería",Atención en servicios de urgencia y primeros auxilios,39,24,e3.png?v=3,foto,E3 Situación 5,Decidir en la situación con evidencia visible,1
"Atención de Enfermería, mención Enfermería",Atención en servicios de urgencia y primeros auxilios,39,25,e3.png?v=3,foto,E3 Situación 6,Decidir en la situación con evidencia visible,1
"Atención de Enfermería, mención Enfermería",Atención en servicios de urgencia y primeros auxilios,39,26,e3.png?v=3,foto,E3 Situación 7,Decidir en la situación con evidencia visible,1
"Atención de Enfermería, mención Enfermería",Atención en servicios de urgencia y primeros auxilios,39,27,e3.png?v=3,foto,E3 Situación 8,Decidir en la situación con evidencia visible,1
"Atención de Enfermería, mención Enfermería",Atención en servicios de urgencia y primeros auxilios,39,28,e3.png?v=3,foto,E3 Situación 9,Decidir en la situación con evidencia visible,1
"Atención de Enfermería, mención Enfermería",Atención en servicios de urgencia y primeros auxilios,39,29,e3.png?v=3,foto,E3 Situación 10,Decidir en la situación con evidencia visible,1
"Atención de Enfermería, mención Enfermería",Atención en servicios de urgencia y primeros auxilios,39,30,e3.png?v=3,foto,E3 Situación 11,Decidir en la situación con evidencia visible,1
"Atención de Enfermería, mención Enfermería",Atención en servicios de urgencia y primeros auxilios,39,31,e3.png?v=3,foto,E3 Situación 12,Decidir en la situación con evidencia visible,1
"Atención de Enfermería, mención Enfermería",Atención en servicios de urgencia y primeros auxilios,39,32,e3.png?v=3,foto,E3 Situación 13,Decidir en la situación con evidencia visible,1
"Atención de Enfermería, mención Enfermería",Atención en servicios de urgencia y primeros auxilios,39,33,e3.png?v=3,foto,E3 Situación 14,Decidir en la situación con evidencia visible,1
"Atención de Enfermería, mención Enfermería",Atención en servicios de urgencia y primeros auxilios,39,34,e3.png?v=3,foto,E3 Situación 15,Decidir en la situación con evidencia visible,1
"Atención de Enfermería, mención Enfermería",Atención en servicios de urgencia y primeros auxilios,39,35,e3.png?v=3,interactive-procedure,E3 Situación final 3D,"Recorrer el procedimiento (armar, instalar, diagnosticar) en el equipo",1
"Atención de Enfermería, mención Enfermería",Atención en servicios de urgencia y primeros auxilios,39,36,e4.png?v=3,foto,E4 Ítem 1,Imagen real del estímulo; el dato se lee en la figura,1
"Atención de Enfermería, mención Enfermería",Atención en servicios de urgencia y primeros auxilios,39,37,e4.png?v=3,foto,E4 Ítem 2,Imagen real del estímulo; el dato se lee en la figura,1
"Atención de Enfermería, mención Enfermería",Atención en servicios de urgencia y primeros auxilios,39,38,e4.png?v=3,foto,E4 Ítem 3,Imagen real del estímulo; el dato se lee en la figura,1
"Atención de Enfermería, mención Enfermería",Atención en servicios de urgencia y primeros auxilios,39,39,e4.png?v=3,foto,E4 Ítem 4,Imagen real del estímulo; el dato se lee en la figura,1
"Atención de Enfermería, mención Enfermería",Atención en servicios de urgencia y primeros auxilios,39,40,e4.png?v=3,foto,E4 Ítem 5,Imagen real del estímulo; el dato se lee en la figura,1
"Atención de Enfermería, mención Enfermería",Atención en servicios de urgencia y primeros auxilios,39,41,e4.png?v=3,foto,E4 Ítem 6,Imagen real del estímulo; el dato se lee en la figura,1
"Atención de Enfermería, mención Enfermería",Atención en servicios de urgencia y primeros auxilios,39,42,e4.png?v=3,foto,E4 Ítem 7,Imagen real del estímulo; el dato se lee en la figura,1
"Atención de Enfermería, mención Enfermería",Atención en servicios de urgencia y primeros auxilios,39,43,e4.png?v=3,foto,E4 Ítem 8,Imagen real del estímulo; el dato se lee en la figura,1
"Atención de Enfermería, mención Enfermería",Atención en servicios de urgencia y primeros auxilios,39,44,e4.png?v=3,foto,E4 Ítem 9,Imagen real del estímulo; el dato se lee en la figura,1
"Atención de Enfermería, mención Enfermería",Atención en servicios de urgencia y primeros auxilios,39,45,e4.png?v=3,foto,E4 Ítem 10,Imagen real del estímulo; el dato se lee en la figura,1
"Atención de Enfermería, mención Enfermería",Atención en servicios de urgencia y primeros auxilios,39,46,e4.png?v=3,foto,E4 Ítem 11,Imagen real del estímulo; el dato se lee en la figura,1
"Atención de Enfermería, mención Enfermería",Atención en servicios de urgencia y primeros auxilios,39,47,e4.png?v=3,foto,E4 Ítem 12,Imagen real del estímulo; el dato se lee en la figura,1
"Atención de Enfermería, mención Enfermería",Atención en servicios de urgencia y primeros auxilios,39,48,e4.png?v=3,foto,E4 Ítem 13,Imagen real del estímulo; el dato se lee en la figura,1
"Atención de Enfermería, mención Enfermería",Atención en servicios de urgencia y primeros auxilios,39,49,e4.png?v=3,foto,E4 Ítem 14,Imagen real del estímulo; el dato se lee en la figura,1
"Atención de Enfermería, mención Enfermería",Atención en servicios de urgencia y primeros auxilios,39,50,e4.png?v=3,foto,E4 Ítem 15,Imagen real del estímulo; el dato se lee en la figura,1
"Atención de Enfermería, mención Enfermería",Atención en servicios de urgencia y primeros auxilios,39,51,e4.png?v=3,foto,E4 Ítem 16,Imagen real del estímulo; el dato se lee en la figura,1
"Atención de Enfermería, mención Enfermería",Atención en servicios de urgencia y primeros auxilios,39,52,e4.png?v=3,foto,E4 Ítem 17,Imagen real del estímulo; el dato se lee en la figura,1
"Atención de Enfermería, mención Enfermería",Atención en servicios de urgencia y primeros auxilios,39,53,e4.png?v=3,foto,E4 Ítem 18,Imagen real del estímulo; el dato se lee en la figura,1
"Atención de Enfermería, mención Enfermería",Atención en servicios de urgencia y primeros auxilios,39,54,e4.png?v=3,foto,E4 Ítem 19,Imagen real del estímulo; el dato se lee en la figura,1
"Atención de Enfermería, mención Enfermería",Atención en servicios de urgencia y primeros auxilios,39,55,e4.png?v=3,foto,E4 Ítem 20,Imagen real del estímulo; el dato se lee en la figura,1
"Atención de Enfermería, mención Enfermería",Atención en servicios de urgencia y primeros auxilios,39,56,e4.png?v=3,foto,E4 Ítem 21,Imagen real del estímulo; el dato se lee en la figura,1
"Atención de Enfermería, mención Enfermería",Atención en servicios de urgencia y primeros auxilios,39,57,e4.png?v=3,foto,E4 Ítem 22,Imagen real del estímulo; el dato se lee en la figura,1
"Atención de Enfermería, mención Enfermería",Atención en servicios de urgencia y primeros auxilios,39,58,e4.png?v=3,foto,E4 Ítem 23,Imagen real del estímulo; el dato se lee en la figura,1
"Atención de Enfermería, mención Enfermería",Atención en servicios de urgencia y primeros auxilios,39,59,e4.png?v=3,foto,E4 Ítem 24,Imagen real del estímulo; el dato se lee en la figura,1
"Atención de Enfermería, mención Enfermería",Atención en servicios de urgencia y primeros auxilios,39,60,e4.png?v=3,foto,E4 Ítem 25,Imagen real del estímulo; el dato se lee en la figura,1
"Atención de Enfermería, mención Enfermería",Atención en servicios de urgencia y primeros auxilios,39,61,oficio-plano-leyenda.png?v=3,foto,E5 Retroalimentación,Frame del error en cada pregunta incorrecta,1
"Atención de Enfermería, mención Enfermería",Preparación del entorno clínico,40,1,e1.png?v=3,foto,E1 Contextualización · explorar,Observar el escenario del AE con hotspots ligados a criterio,1
"Atención de Enfermería, mención Enfermería",Preparación del entorno clínico,40,2,e2.png?v=3,3d,E2 AE1 etapa 1 (hotspot),Instala la unidad de paciente con los equipos y materiales requeridos para la hospitalización según la patología diagnosticada.,1
"Atención de Enfermería, mención Enfermería",Preparación del entorno clínico,40,3,e2.png?v=3,foto,E2 AE1 etapa 2 (match),Instala la unidad de paciente con los equipos y materiales requeridos para la hospitalización según la patología diagnosticada.,1
"Atención de Enfermería, mención Enfermería",Preparación del entorno clínico,40,4,e2.png?v=3,foto,E2 AE1 etapa 3 (order),Instala la unidad de paciente con los equipos y materiales requeridos para la hospitalización según la patología diagnosticada.,1
"Atención de Enfermería, mención Enfermería",Preparación del entorno clínico,40,5,e2.png?v=3,foto,E2 AE1 etapa 4 (choice),Instala la unidad de paciente con los equipos y materiales requeridos para la hospitalización según la patología diagnosticada.,1
"Atención de Enfermería, mención Enfermería",Preparación del entorno clínico,40,6,e2.png?v=3,foto,E2 AE1 etapa 5 (choice),Instala la unidad de paciente con los equipos y materiales requeridos para la hospitalización según la patología diagnosticada.,1
"Atención de Enfermería, mención Enfermería",Preparación del entorno clínico,40,7,e2.png?v=3,foto,E2 AE1 etapa 6 (reflect),Instala la unidad de paciente con los equipos y materiales requeridos para la hospitalización según la patología diagnosticada.,1
"Atención de Enfermería, mención Enfermería",Preparación del entorno clínico,40,8,e2.png?v=3,3d,E2 AE2 etapa 1 (hotspot),"Selecciona los insumos, materiales y equipos necesarios para realizar la atención de enfermería indicada, de acuerdo a cada paciente, los riesgos biomédicos y las condiciones de seguridad.",1
"Atención de Enfermería, mención Enfermería",Preparación del entorno clínico,40,9,e2.png?v=3,foto,E2 AE2 etapa 2 (match),"Selecciona los insumos, materiales y equipos necesarios para realizar la atención de enfermería indicada, de acuerdo a cada paciente, los riesgos biomédicos y las condiciones de seguridad.",1
"Atención de Enfermería, mención Enfermería",Preparación del entorno clínico,40,10,e2.png?v=3,foto,E2 AE2 etapa 3 (order),"Selecciona los insumos, materiales y equipos necesarios para realizar la atención de enfermería indicada, de acuerdo a cada paciente, los riesgos biomédicos y las condiciones de seguridad.",1
"Atención de Enfermería, mención Enfermería",Preparación del entorno clínico,40,11,e2.png?v=3,foto,E2 AE2 etapa 4 (choice),"Selecciona los insumos, materiales y equipos necesarios para realizar la atención de enfermería indicada, de acuerdo a cada paciente, los riesgos biomédicos y las condiciones de seguridad.",1
"Atención de Enfermería, mención Enfermería",Preparación del entorno clínico,40,12,e2.png?v=3,foto,E2 AE2 etapa 5 (choice),"Selecciona los insumos, materiales y equipos necesarios para realizar la atención de enfermería indicada, de acuerdo a cada paciente, los riesgos biomédicos y las condiciones de seguridad.",1
"Atención de Enfermería, mención Enfermería",Preparación del entorno clínico,40,13,e2.png?v=3,foto,E2 AE2 etapa 6 (reflect),"Selecciona los insumos, materiales y equipos necesarios para realizar la atención de enfermería indicada, de acuerdo a cada paciente, los riesgos biomédicos y las condiciones de seguridad.",1
"Atención de Enfermería, mención Enfermería",Preparación del entorno clínico,40,14,e3.png?v=3,foto,E3 Situación 1,Decidir en la situación con evidencia visible,1
"Atención de Enfermería, mención Enfermería",Preparación del entorno clínico,40,15,e3.png?v=3,foto,E3 Situación 2,Decidir en la situación con evidencia visible,1
"Atención de Enfermería, mención Enfermería",Preparación del entorno clínico,40,16,e3.png?v=3,foto,E3 Situación 3,Decidir en la situación con evidencia visible,1
"Atención de Enfermería, mención Enfermería",Preparación del entorno clínico,40,17,e3.png?v=3,foto,E3 Situación 4,Decidir en la situación con evidencia visible,1
"Atención de Enfermería, mención Enfermería",Preparación del entorno clínico,40,18,e3.png?v=3,foto,E3 Situación 5,Decidir en la situación con evidencia visible,1
"Atención de Enfermería, mención Enfermería",Preparación del entorno clínico,40,19,e3.png?v=3,foto,E3 Situación 6,Decidir en la situación con evidencia visible,1
"Atención de Enfermería, mención Enfermería",Preparación del entorno clínico,40,20,e3.png?v=3,foto,E3 Situación 7,Decidir en la situación con evidencia visible,1
"Atención de Enfermería, mención Enfermería",Preparación del entorno clínico,40,21,e3.png?v=3,foto,E3 Situación 8,Decidir en la situación con evidencia visible,1
"Atención de Enfermería, mención Enfermería",Preparación del entorno clínico,40,22,e3.png?v=3,foto,E3 Situación 9,Decidir en la situación con evidencia visible,1
"Atención de Enfermería, mención Enfermería",Preparación del entorno clínico,40,23,e3.png?v=3,foto,E3 Situación 10,Decidir en la situación con evidencia visible,1
"Atención de Enfermería, mención Enfermería",Preparación del entorno clínico,40,24,e3.png?v=3,foto,E3 Situación 11,Decidir en la situación con evidencia visible,1
"Atención de Enfermería, mención Enfermería",Preparación del entorno clínico,40,25,e3.png?v=3,foto,E3 Situación 12,Decidir en la situación con evidencia visible,1
"Atención de Enfermería, mención Enfermería",Preparación del entorno clínico,40,26,e3.png?v=3,foto,E3 Situación 13,Decidir en la situación con evidencia visible,1
"Atención de Enfermería, mención Enfermería",Preparación del entorno clínico,40,27,e3.png?v=3,foto,E3 Situación 14,Decidir en la situación con evidencia visible,1
"Atención de Enfermería, mención Enfermería",Preparación del entorno clínico,40,28,e3.png?v=3,foto,E3 Situación 15,Decidir en la situación con evidencia visible,1
"Atención de Enfermería, mención Enfermería",Preparación del entorno clínico,40,29,e3.png?v=3,interactive-procedure,E3 Situación final 3D,"Recorrer el procedimiento (armar, instalar, diagnosticar) en el equipo",1
"Atención de Enfermería, mención Enfermería",Preparación del entorno clínico,40,30,e4.png?v=3,foto,E4 Ítem 1,Imagen real del estímulo; el dato se lee en la figura,1
"Atención de Enfermería, mención Enfermería",Preparación del entorno clínico,40,31,e4.png?v=3,foto,E4 Ítem 2,Imagen real del estímulo; el dato se lee en la figura,1
"Atención de Enfermería, mención Enfermería",Preparación del entorno clínico,40,32,e4.png?v=3,foto,E4 Ítem 3,Imagen real del estímulo; el dato se lee en la figura,1
"Atención de Enfermería, mención Enfermería",Preparación del entorno clínico,40,33,e4.png?v=3,foto,E4 Ítem 4,Imagen real del estímulo; el dato se lee en la figura,1
"Atención de Enfermería, mención Enfermería",Preparación del entorno clínico,40,34,e4.png?v=3,foto,E4 Ítem 5,Imagen real del estímulo; el dato se lee en la figura,1
"Atención de Enfermería, mención Enfermería",Preparación del entorno clínico,40,35,e4.png?v=3,foto,E4 Ítem 6,Imagen real del estímulo; el dato se lee en la figura,1
"Atención de Enfermería, mención Enfermería",Preparación del entorno clínico,40,36,e4.png?v=3,foto,E4 Ítem 7,Imagen real del estímulo; el dato se lee en la figura,1
"Atención de Enfermería, mención Enfermería",Preparación del entorno clínico,40,37,e4.png?v=3,foto,E4 Ítem 8,Imagen real del estímulo; el dato se lee en la figura,1
"Atención de Enfermería, mención Enfermería",Preparación del entorno clínico,40,38,e4.png?v=3,foto,E4 Ítem 9,Imagen real del estímulo; el dato se lee en la figura,1
"Atención de Enfermería, mención Enfermería",Preparación del entorno clínico,40,39,e4.png?v=3,foto,E4 Ítem 10,Imagen real del estímulo; el dato se lee en la figura,1
"Atención de Enfermería, mención Enfermería",Preparación del entorno clínico,40,40,e4.png?v=3,foto,E4 Ítem 11,Imagen real del estímulo; el dato se lee en la figura,1
"Atención de Enfermería, mención Enfermería",Preparación del entorno clínico,40,41,e4.png?v=3,foto,E4 Ítem 12,Imagen real del estímulo; el dato se lee en la figura,1
"Atención de Enfermería, mención Enfermería",Preparación del entorno clínico,40,42,e4.png?v=3,foto,E4 Ítem 13,Imagen real del estímulo; el dato se lee en la figura,1
"Atención de Enfermería, mención Enfermería",Preparación del entorno clínico,40,43,e4.png?v=3,foto,E4 Ítem 14,Imagen real del estímulo; el dato se lee en la figura,1
"Atención de Enfermería, mención Enfermería",Preparación del entorno clínico,40,44,e4.png?v=3,foto,E4 Ítem 15,Imagen real del estímulo; el dato se lee en la figura,1
"Atención de Enfermería, mención Enfermería",Preparación del entorno clínico,40,45,e4.png?v=3,foto,E4 Ítem 16,Imagen real del estímulo; el dato se lee en la figura,1
"Atención de Enfermería, mención Enfermería",Preparación del entorno clínico,40,46,e4.png?v=3,foto,E4 Ítem 17,Imagen real del estímulo; el dato se lee en la figura,1
"Atención de Enfermería, mención Enfermería",Preparación del entorno clínico,40,47,e4.png?v=3,foto,E4 Ítem 18,Imagen real del estímulo; el dato se lee en la figura,1
"Atención de Enfermería, mención Enfermería",Preparación del entorno clínico,40,48,e4.png?v=3,foto,E4 Ítem 19,Imagen real del estímulo; el dato se lee en la figura,1
"Atención de Enfermería, mención Enfermería",Preparación del entorno clínico,40,49,e4.png?v=3,foto,E4 Ítem 20,Imagen real del estímulo; el dato se lee en la figura,1
"Atención de Enfermería, mención Enfermería",Preparación del entorno clínico,40,50,e4.png?v=3,foto,E4 Ítem 21,Imagen real del estímulo; el dato se lee en la figura,1
"Atención de Enfermería, mención Enfermería",Preparación del entorno clínico,40,51,e4.png?v=3,foto,E4 Ítem 22,Imagen real del estímulo; el dato se lee en la figura,1
"Atención de Enfermería, mención Enfermería",Preparación del entorno clínico,40,52,e4.png?v=3,foto,E4 Ítem 23,Imagen real del estímulo; el dato se lee en la figura,1
"Atención de Enfermería, mención Enfermería",Preparación del entorno clínico,40,53,e4.png?v=3,foto,E4 Ítem 24,Imagen real del estímulo; el dato se lee en la figura,1
"Atención de Enfermería, mención Enfermería",Preparación del entorno clínico,40,54,e4.png?v=3,foto,E4 Ítem 25,Imagen real del estímulo; el dato se lee en la figura,1
"Atención de Enfermería, mención Enfermería",Preparación del entorno clínico,40,55,oficio-plano-leyenda.png?v=3,foto,E5 Retroalimentación,Frame del error en cada pregunta incorrecta,1
"Atención de Enfermería, mención Enfermería",Emprendimiento y empleabilidad,41,1,e1.png?v=3,foto,E1 Contextualización · explorar,Observar el escenario del AE con hotspots ligados a criterio,1
"Atención de Enfermería, mención Enfermería",Emprendimiento y empleabilidad,41,2,e2.png?v=3,3d,E2 AE1 etapa 1 (hotspot),"Diseña y ejecuta un proyecto para concretar iniciativas de emprendimiento, identificando las acciones a realizar, el cronograma de su ejecución y los presupuestos, definiendo alternativas de financiamiento y evaluando y controlando su avance.",1
"Atención de Enfermería, mención Enfermería",Emprendimiento y empleabilidad,41,3,e2.png?v=3,foto,E2 AE1 etapa 2 (match),"Diseña y ejecuta un proyecto para concretar iniciativas de emprendimiento, identificando las acciones a realizar, el cronograma de su ejecución y los presupuestos, definiendo alternativas de financiamiento y evaluando y controlando su avance.",1
"Atención de Enfermería, mención Enfermería",Emprendimiento y empleabilidad,41,4,e2.png?v=3,foto,E2 AE1 etapa 3 (order),"Diseña y ejecuta un proyecto para concretar iniciativas de emprendimiento, identificando las acciones a realizar, el cronograma de su ejecución y los presupuestos, definiendo alternativas de financiamiento y evaluando y controlando su avance.",1
"Atención de Enfermería, mención Enfermería",Emprendimiento y empleabilidad,41,5,e2.png?v=3,foto,E2 AE1 etapa 4 (choice),"Diseña y ejecuta un proyecto para concretar iniciativas de emprendimiento, identificando las acciones a realizar, el cronograma de su ejecución y los presupuestos, definiendo alternativas de financiamiento y evaluando y controlando su avance.",1
"Atención de Enfermería, mención Enfermería",Emprendimiento y empleabilidad,41,6,e2.png?v=3,foto,E2 AE1 etapa 5 (choice),"Diseña y ejecuta un proyecto para concretar iniciativas de emprendimiento, identificando las acciones a realizar, el cronograma de su ejecución y los presupuestos, definiendo alternativas de financiamiento y evaluando y controlando su avance.",1
"Atención de Enfermería, mención Enfermería",Emprendimiento y empleabilidad,41,7,e2.png?v=3,foto,E2 AE1 etapa 6 (reflect),"Diseña y ejecuta un proyecto para concretar iniciativas de emprendimiento, identificando las acciones a realizar, el cronograma de su ejecución y los presupuestos, definiendo alternativas de financiamiento y evaluando y controlando su avance.",1
"Atención de Enfermería, mención Enfermería",Emprendimiento y empleabilidad,41,8,e2.png?v=3,3d,E2 AE2 etapa 1 (hotspot),"Maneja la legislación laboral y previsional chilena como marco regulador de las relaciones entre trabajadores y empleadores, identificando los derechos y deberes de ambas partes, tanto individuales como colectivos, y la reconoce como base para establecer buenas relaciones laborales.",1
"Atención de Enfermería, mención Enfermería",Emprendimiento y empleabilidad,41,9,e2.png?v=3,foto,E2 AE2 etapa 2 (match),"Maneja la legislación laboral y previsional chilena como marco regulador de las relaciones entre trabajadores y empleadores, identificando los derechos y deberes de ambas partes, tanto individuales como colectivos, y la reconoce como base para establecer buenas relaciones laborales.",1
"Atención de Enfermería, mención Enfermería",Emprendimiento y empleabilidad,41,10,e2.png?v=3,foto,E2 AE2 etapa 3 (order),"Maneja la legislación laboral y previsional chilena como marco regulador de las relaciones entre trabajadores y empleadores, identificando los derechos y deberes de ambas partes, tanto individuales como colectivos, y la reconoce como base para establecer buenas relaciones laborales.",1
"Atención de Enfermería, mención Enfermería",Emprendimiento y empleabilidad,41,11,e2.png?v=3,foto,E2 AE2 etapa 4 (choice),"Maneja la legislación laboral y previsional chilena como marco regulador de las relaciones entre trabajadores y empleadores, identificando los derechos y deberes de ambas partes, tanto individuales como colectivos, y la reconoce como base para establecer buenas relaciones laborales.",1
"Atención de Enfermería, mención Enfermería",Emprendimiento y empleabilidad,41,12,e2.png?v=3,foto,E2 AE2 etapa 5 (choice),"Maneja la legislación laboral y previsional chilena como marco regulador de las relaciones entre trabajadores y empleadores, identificando los derechos y deberes de ambas partes, tanto individuales como colectivos, y la reconoce como base para establecer buenas relaciones laborales.",1
"Atención de Enfermería, mención Enfermería",Emprendimiento y empleabilidad,41,13,e2.png?v=3,foto,E2 AE2 etapa 6 (reflect),"Maneja la legislación laboral y previsional chilena como marco regulador de las relaciones entre trabajadores y empleadores, identificando los derechos y deberes de ambas partes, tanto individuales como colectivos, y la reconoce como base para establecer buenas relaciones laborales.",1
"Atención de Enfermería, mención Enfermería",Emprendimiento y empleabilidad,41,14,e2.png?v=3,3d,E2 AE3 etapa 1 (hotspot),"Prepara los elementos necesarios para participar de un proceso de incorporación al mundo del trabajo, valorando y planificando su trayectoria formativa y laboral.",1
"Atención de Enfermería, mención Enfermería",Emprendimiento y empleabilidad,41,15,e2.png?v=3,foto,E2 AE3 etapa 2 (match),"Prepara los elementos necesarios para participar de un proceso de incorporación al mundo del trabajo, valorando y planificando su trayectoria formativa y laboral.",1
"Atención de Enfermería, mención Enfermería",Emprendimiento y empleabilidad,41,16,e2.png?v=3,foto,E2 AE3 etapa 3 (order),"Prepara los elementos necesarios para participar de un proceso de incorporación al mundo del trabajo, valorando y planificando su trayectoria formativa y laboral.",1
"Atención de Enfermería, mención Enfermería",Emprendimiento y empleabilidad,41,17,e2.png?v=3,foto,E2 AE3 etapa 4 (choice),"Prepara los elementos necesarios para participar de un proceso de incorporación al mundo del trabajo, valorando y planificando su trayectoria formativa y laboral.",1
"Atención de Enfermería, mención Enfermería",Emprendimiento y empleabilidad,41,18,e2.png?v=3,foto,E2 AE3 etapa 5 (choice),"Prepara los elementos necesarios para participar de un proceso de incorporación al mundo del trabajo, valorando y planificando su trayectoria formativa y laboral.",1
"Atención de Enfermería, mención Enfermería",Emprendimiento y empleabilidad,41,19,e2.png?v=3,foto,E2 AE3 etapa 6 (reflect),"Prepara los elementos necesarios para participar de un proceso de incorporación al mundo del trabajo, valorando y planificando su trayectoria formativa y laboral.",1
"Atención de Enfermería, mención Enfermería",Emprendimiento y empleabilidad,41,20,e2.png?v=3,3d,E2 AE4 etapa 1 (hotspot),"Selecciona alternativas de capacitación y de educación superior para fortalecer sus competencias o desarrollar nuevas y adquirir certificaciones, ya sea e-learning o presenciales, evaluando las diversas opciones de financiamiento.",1
"Atención de Enfermería, mención Enfermería",Emprendimiento y empleabilidad,41,21,e2.png?v=3,foto,E2 AE4 etapa 2 (match),"Selecciona alternativas de capacitación y de educación superior para fortalecer sus competencias o desarrollar nuevas y adquirir certificaciones, ya sea e-learning o presenciales, evaluando las diversas opciones de financiamiento.",1
"Atención de Enfermería, mención Enfermería",Emprendimiento y empleabilidad,41,22,e2.png?v=3,foto,E2 AE4 etapa 3 (order),"Selecciona alternativas de capacitación y de educación superior para fortalecer sus competencias o desarrollar nuevas y adquirir certificaciones, ya sea e-learning o presenciales, evaluando las diversas opciones de financiamiento.",1
"Atención de Enfermería, mención Enfermería",Emprendimiento y empleabilidad,41,23,e2.png?v=3,foto,E2 AE4 etapa 4 (choice),"Selecciona alternativas de capacitación y de educación superior para fortalecer sus competencias o desarrollar nuevas y adquirir certificaciones, ya sea e-learning o presenciales, evaluando las diversas opciones de financiamiento.",1
"Atención de Enfermería, mención Enfermería",Emprendimiento y empleabilidad,41,24,e2.png?v=3,foto,E2 AE4 etapa 5 (choice),"Selecciona alternativas de capacitación y de educación superior para fortalecer sus competencias o desarrollar nuevas y adquirir certificaciones, ya sea e-learning o presenciales, evaluando las diversas opciones de financiamiento.",1
"Atención de Enfermería, mención Enfermería",Emprendimiento y empleabilidad,41,25,e2.png?v=3,foto,E2 AE4 etapa 6 (reflect),"Selecciona alternativas de capacitación y de educación superior para fortalecer sus competencias o desarrollar nuevas y adquirir certificaciones, ya sea e-learning o presenciales, evaluando las diversas opciones de financiamiento.",1
"Atención de Enfermería, mención Enfermería",Emprendimiento y empleabilidad,41,26,e3.png?v=3,foto,E3 Situación 1,Decidir en la situación con evidencia visible,1
"Atención de Enfermería, mención Enfermería",Emprendimiento y empleabilidad,41,27,e3.png?v=3,foto,E3 Situación 2,Decidir en la situación con evidencia visible,1
"Atención de Enfermería, mención Enfermería",Emprendimiento y empleabilidad,41,28,e3.png?v=3,foto,E3 Situación 3,Decidir en la situación con evidencia visible,1
"Atención de Enfermería, mención Enfermería",Emprendimiento y empleabilidad,41,29,e3.png?v=3,foto,E3 Situación 4,Decidir en la situación con evidencia visible,1
"Atención de Enfermería, mención Enfermería",Emprendimiento y empleabilidad,41,30,e3.png?v=3,foto,E3 Situación 5,Decidir en la situación con evidencia visible,1
"Atención de Enfermería, mención Enfermería",Emprendimiento y empleabilidad,41,31,e3.png?v=3,foto,E3 Situación 6,Decidir en la situación con evidencia visible,1
"Atención de Enfermería, mención Enfermería",Emprendimiento y empleabilidad,41,32,e3.png?v=3,foto,E3 Situación 7,Decidir en la situación con evidencia visible,1
"Atención de Enfermería, mención Enfermería",Emprendimiento y empleabilidad,41,33,e3.png?v=3,foto,E3 Situación 8,Decidir en la situación con evidencia visible,1
"Atención de Enfermería, mención Enfermería",Emprendimiento y empleabilidad,41,34,e3.png?v=3,foto,E3 Situación 9,Decidir en la situación con evidencia visible,1
"Atención de Enfermería, mención Enfermería",Emprendimiento y empleabilidad,41,35,e3.png?v=3,foto,E3 Situación 10,Decidir en la situación con evidencia visible,1
"Atención de Enfermería, mención Enfermería",Emprendimiento y empleabilidad,41,36,e3.png?v=3,foto,E3 Situación 11,Decidir en la situación con evidencia visible,1
"Atención de Enfermería, mención Enfermería",Emprendimiento y empleabilidad,41,37,e3.png?v=3,foto,E3 Situación 12,Decidir en la situación con evidencia visible,1
"Atención de Enfermería, mención Enfermería",Emprendimiento y empleabilidad,41,38,e3.png?v=3,foto,E3 Situación 13,Decidir en la situación con evidencia visible,1
"Atención de Enfermería, mención Enfermería",Emprendimiento y empleabilidad,41,39,e3.png?v=3,foto,E3 Situación 14,Decidir en la situación con evidencia visible,1
"Atención de Enfermería, mención Enfermería",Emprendimiento y empleabilidad,41,40,e3.png?v=3,foto,E3 Situación 15,Decidir en la situación con evidencia visible,1
"Atención de Enfermería, mención Enfermería",Emprendimiento y empleabilidad,41,41,e3.png?v=3,interactive-procedure,E3 Situación final 3D,"Recorrer el procedimiento (armar, instalar, diagnosticar) en el equipo",1
"Atención de Enfermería, mención Enfermería",Emprendimiento y empleabilidad,41,42,e4.png?v=3,foto,E4 Ítem 1,Imagen real del estímulo; el dato se lee en la figura,1
"Atención de Enfermería, mención Enfermería",Emprendimiento y empleabilidad,41,43,e4.png?v=3,foto,E4 Ítem 2,Imagen real del estímulo; el dato se lee en la figura,1
"Atención de Enfermería, mención Enfermería",Emprendimiento y empleabilidad,41,44,e4.png?v=3,foto,E4 Ítem 3,Imagen real del estímulo; el dato se lee en la figura,1
"Atención de Enfermería, mención Enfermería",Emprendimiento y empleabilidad,41,45,e4.png?v=3,foto,E4 Ítem 4,Imagen real del estímulo; el dato se lee en la figura,1
"Atención de Enfermería, mención Enfermería",Emprendimiento y empleabilidad,41,46,e4.png?v=3,foto,E4 Ítem 5,Imagen real del estímulo; el dato se lee en la figura,1
"Atención de Enfermería, mención Enfermería",Emprendimiento y empleabilidad,41,47,e4.png?v=3,foto,E4 Ítem 6,Imagen real del estímulo; el dato se lee en la figura,1
"Atención de Enfermería, mención Enfermería",Emprendimiento y empleabilidad,41,48,e4.png?v=3,foto,E4 Ítem 7,Imagen real del estímulo; el dato se lee en la figura,1
"Atención de Enfermería, mención Enfermería",Emprendimiento y empleabilidad,41,49,e4.png?v=3,foto,E4 Ítem 8,Imagen real del estímulo; el dato se lee en la figura,1
"Atención de Enfermería, mención Enfermería",Emprendimiento y empleabilidad,41,50,e4.png?v=3,foto,E4 Ítem 9,Imagen real del estímulo; el dato se lee en la figura,1
"Atención de Enfermería, mención Enfermería",Emprendimiento y empleabilidad,41,51,e4.png?v=3,foto,E4 Ítem 10,Imagen real del estímulo; el dato se lee en la figura,1
"Atención de Enfermería, mención Enfermería",Emprendimiento y empleabilidad,41,52,e4.png?v=3,foto,E4 Ítem 11,Imagen real del estímulo; el dato se lee en la figura,1
"Atención de Enfermería, mención Enfermería",Emprendimiento y empleabilidad,41,53,e4.png?v=3,foto,E4 Ítem 12,Imagen real del estímulo; el dato se lee en la figura,1
"Atención de Enfermería, mención Enfermería",Emprendimiento y empleabilidad,41,54,e4.png?v=3,foto,E4 Ítem 13,Imagen real del estímulo; el dato se lee en la figura,1
"Atención de Enfermería, mención Enfermería",Emprendimiento y empleabilidad,41,55,e4.png?v=3,foto,E4 Ítem 14,Imagen real del estímulo; el dato se lee en la figura,1
"Atención de Enfermería, mención Enfermería",Emprendimiento y empleabilidad,41,56,e4.png?v=3,foto,E4 Ítem 15,Imagen real del estímulo; el dato se lee en la figura,1
"Atención de Enfermería, mención Enfermería",Emprendimiento y empleabilidad,41,57,e4.png?v=3,foto,E4 Ítem 16,Imagen real del estímulo; el dato se lee en la figura,1
"Atención de Enfermería, mención Enfermería",Emprendimiento y empleabilidad,41,58,e4.png?v=3,foto,E4 Ítem 17,Imagen real del estímulo; el dato se lee en la figura,1
"Atención de Enfermería, mención Enfermería",Emprendimiento y empleabilidad,41,59,e4.png?v=3,foto,E4 Ítem 18,Imagen real del estímulo; el dato se lee en la figura,1
"Atención de Enfermería, mención Enfermería",Emprendimiento y empleabilidad,41,60,e4.png?v=3,foto,E4 Ítem 19,Imagen real del estímulo; el dato se lee en la figura,1
"Atención de Enfermería, mención Enfermería",Emprendimiento y empleabilidad,41,61,e4.png?v=3,foto,E4 Ítem 20,Imagen real del estímulo; el dato se lee en la figura,1
"Atención de Enfermería, mención Enfermería",Emprendimiento y empleabilidad,41,62,e4.png?v=3,foto,E4 Ítem 21,Imagen real del estímulo; el dato se lee en la figura,1
"Atención de Enfermería, mención Enfermería",Emprendimiento y empleabilidad,41,63,e4.png?v=3,foto,E4 Ítem 22,Imagen real del estímulo; el dato se lee en la figura,1
"Atención de Enfermería, mención Enfermería",Emprendimiento y empleabilidad,41,64,e4.png?v=3,foto,E4 Ítem 23,Imagen real del estímulo; el dato se lee en la figura,1
"Atención de Enfermería, mención Enfermería",Emprendimiento y empleabilidad,41,65,e4.png?v=3,foto,E4 Ítem 24,Imagen real del estímulo; el dato se lee en la figura,1
"Atención de Enfermería, mención Enfermería",Emprendimiento y empleabilidad,41,66,e4.png?v=3,foto,E4 Ítem 25,Imagen real del estímulo; el dato se lee en la figura,1
"Atención de Enfermería, mención Enfermería",Emprendimiento y empleabilidad,41,67,oficio-plano-leyenda.png?v=3,foto,E5 Retroalimentación,Frame del error en cada pregunta incorrecta,1
