curso,modulo,id_modulo,actividad,estacion,contrato_7_campos,ae_y_criterio,ciclo_didactico_documentado
Refrigeración y Climatización,Lectura de planos y cubicación de materiales de proyectos,1,context,1,1,1,1
Refrigeración y Climatización,Lectura de planos y cubicación de materiales de proyectos,1,ae-1-1,2,1,1,1
Refrigeración y Climatización,Lectura de planos y cubicación de materiales de proyectos,1,ae-1-2,2,1,1,1
Refrigeración y Climatización,Lectura de planos y cubicación de materiales de proyectos,1,ae-1-3,2,1,1,1
Refrigeración y Climatización,Lectura de planos y cubicación de materiales de proyectos,1,ae-1-4,2,1,1,1
Refrigeración y Climatización,Lectura de planos y cubicación de materiales de proyectos,1,ae-1-5,2,1,1,1
Refrigeración y Climatización,Lectura de planos y cubicación de materiales de proyectos,1,ae-1-6,2,1,1,1
Refrigeración y Climatización,Lectura de planos y cubicación de materiales de proyectos,1,ae-2-1,2,1,1,1
Refrigeración y Climatización,Lectura de planos y cubicación de materiales de proyectos,1,ae-2-2,2,1,1,1
Refrigeración y Climatización,Lectura de planos y cubicación de materiales de proyectos,1,ae-2-3,2,1,1,1
Refrigeración y Climatización,Lectura de planos y cubicación de materiales de proyectos,1,ae-2-4,2,1,1,1
Refrigeración y Climatización,Lectura de planos y cubicación de materiales de proyectos,1,ae-2-5,2,1,1,1
Refrigeración y Climatización,Lectura de planos y cubicación de materiales de proyectos,1,ae-2-6,2,1,1,1
Refrigeración y Climatización,Lectura de planos y cubicación de materiales de proyectos,1,ae-3-1,2,1,1,1
Refrigeración y Climatización,Lectura de planos y cubicación de materiales de proyectos,1,ae-3-2,2,1,1,1
Refrigeración y Climatización,Lectura de planos y cubicación de materiales de proyectos,1,ae-3-3,2,1,1,1
Refrigeración y Climatización,Lectura de planos y cubicación de materiales de proyectos,1,ae-3-4,2,1,1,1
Refrigeración y Climatización,Lectura de planos y cubicación de materiales de proyectos,1,ae-3-5,2,1,1,1
Refrigeración y Climatización,Lectura de planos y cubicación de materiales de proyectos,1,ae-3-6,2,1,1,1
Refrigeración y Climatización,Lectura de planos y cubicación de materiales de proyectos,1,formative-1,3,1,1,1
Refrigeración y Climatización,Lectura de planos y cubicación de materiales de proyectos,1,formative-2,3,1,1,1
Refrigeración y Climatización,Lectura de planos y cubicación de materiales de proyectos,1,formative-3,3,1,1,1
Refrigeración y Climatización,Lectura de planos y cubicación de materiales de proyectos,1,formative-4,3,1,1,1
Refrigeración y Climatización,Lectura de planos y cubicación de materiales de proyectos,1,formative-5,3,1,1,1
Refrigeración y Climatización,Lectura de planos y cubicación de materiales de proyectos,1,formative-6,3,1,1,1
Refrigeración y Climatización,Lectura de planos y cubicación de materiales de proyectos,1,formative-7,3,1,1,1
Refrigeración y Climatización,Lectura de planos y cubicación de materiales de proyectos,1,formative-8,3,1,1,1
Refrigeración y Climatización,Lectura de planos y cubicación de materiales de proyectos,1,formative-9,3,1,1,1
Refrigeración y Climatización,Lectura de planos y cubicación de materiales de proyectos,1,formative-10,3,1,1,1
Refrigeración y Climatización,Lectura de planos y cubicación de materiales de proyectos,1,formative-11,3,1,1,1
Refrigeración y Climatización,Lectura de planos y cubicación de materiales de proyectos,1,formative-12,3,1,1,1
Refrigeración y Climatización,Lectura de planos y cubicación de materiales de proyectos,1,formative-13,3,1,1,1
Refrigeración y Climatización,Lectura de planos y cubicación de materiales de proyectos,1,formative-14,3,1,1,1
Refrigeración y Climatización,Lectura de planos y cubicación de materiales de proyectos,1,case-1,3,1,1,1
Refrigeración y Climatización,Lectura de planos y cubicación de materiales de proyectos,1,case-2,3,1,1,1
Refrigeración y Climatización,Lectura de planos y cubicación de materiales de proyectos,1,case-3,3,1,1,1
Refrigeración y Climatización,Lectura de planos y cubicación de materiales de proyectos,1,case-4,3,1,1,1
Refrigeración y Climatización,Lectura de planos y cubicación de materiales de proyectos,1,case-5,3,1,1,1
Refrigeración y Climatización,Lectura de planos y cubicación de materiales de proyectos,1,case-6,3,1,1,1
Refrigeración y Climatización,Lectura de planos y cubicación de materiales de proyectos,1,case-7,3,1,1,1
Refrigeración y Climatización,Lectura de planos y cubicación de materiales de proyectos,1,case-8,3,1,1,1
Refrigeración y Climatización,Lectura de planos y cubicación de materiales de proyectos,1,case-9,3,1,1,1
Refrigeración y Climatización,Lectura de planos y cubicación de materiales de proyectos,1,case-10,3,1,1,1
Refrigeración y Climatización,Lectura de planos y cubicación de materiales de proyectos,1,case-11,3,1,1,1
Refrigeración y Climatización,Lectura de planos y cubicación de materiales de proyectos,1,case-12,3,1,1,1
Refrigeración y Climatización,Lectura de planos y cubicación de materiales de proyectos,1,case-13,3,1,1,1
Refrigeración y Climatización,Lectura de planos y cubicación de materiales de proyectos,1,case-14,3,1,1,1
Refrigeración y Climatización,Lectura de planos y cubicación de materiales de proyectos,1,case-15,3,1,1,1
Refrigeración y Climatización,Lectura de planos y cubicación de materiales de proyectos,1,scene,3,1,1,1
Refrigeración y Climatización,Lectura de planos y cubicación de materiales de proyectos,1,question-1,4,1,1,1
Refrigeración y Climatización,Lectura de planos y cubicación de materiales de proyectos,1,question-2,4,1,1,1
Refrigeración y Climatización,Lectura de planos y cubicación de materiales de proyectos,1,question-3,4,1,1,1
Refrigeración y Climatización,Lectura de planos y cubicación de materiales de proyectos,1,question-4,4,1,1,1
Refrigeración y Climatización,Lectura de planos y cubicación de materiales de proyectos,1,question-5,4,1,1,1
Refrigeración y Climatización,Lectura de planos y cubicación de materiales de proyectos,1,question-6,4,1,1,1
Refrigeración y Climatización,Lectura de planos y cubicación de materiales de proyectos,1,question-7,4,1,1,1
Refrigeración y Climatización,Lectura de planos y cubicación de materiales de proyectos,1,question-8,4,1,1,1
Refrigeración y Climatización,Lectura de planos y cubicación de materiales de proyectos,1,question-9,4,1,1,1
Refrigeración y Climatización,Lectura de planos y cubicación de materiales de proyectos,1,question-10,4,1,1,1
Refrigeración y Climatización,Lectura de planos y cubicación de materiales de proyectos,1,question-11,4,1,1,1
Refrigeración y Climatización,Lectura de planos y cubicación de materiales de proyectos,1,question-12,4,1,1,1
Refrigeración y Climatización,Lectura de planos y cubicación de materiales de proyectos,1,question-13,4,1,1,1
Refrigeración y Climatización,Lectura de planos y cubicación de materiales de proyectos,1,question-14,4,1,1,1
Refrigeración y Climatización,Lectura de planos y cubicación de materiales de proyectos,1,question-15,4,1,1,1
Refrigeración y Climatización,Lectura de planos y cubicación de materiales de proyectos,1,question-16,4,1,1,1
Refrigeración y Climatización,Lectura de planos y cubicación de materiales de proyectos,1,question-17,4,1,1,1
Refrigeración y Climatización,Lectura de planos y cubicación de materiales de proyectos,1,question-18,4,1,1,1
Refrigeración y Climatización,Lectura de planos y cubicación de materiales de proyectos,1,question-19,4,1,1,1
Refrigeración y Climatización,Lectura de planos y cubicación de materiales de proyectos,1,question-20,4,1,1,1
Refrigeración y Climatización,Lectura de planos y cubicación de materiales de proyectos,1,question-21,4,1,1,1
Refrigeración y Climatización,Lectura de planos y cubicación de materiales de proyectos,1,question-22,4,1,1,1
Refrigeración y Climatización,Lectura de planos y cubicación de materiales de proyectos,1,question-23,4,1,1,1
Refrigeración y Climatización,Lectura de planos y cubicación de materiales de proyectos,1,question-24,4,1,1,1
Refrigeración y Climatización,Lectura de planos y cubicación de materiales de proyectos,1,question-25,4,1,1,1
Refrigeración y Climatización,Lectura de planos y cubicación de materiales de proyectos,1,development,4,1,1,1
Refrigeración y Climatización,Lectura de planos y cubicación de materiales de proyectos,1,practice,0,1,1,1
Refrigeración y Climatización,Lectura de planos y cubicación de materiales de proyectos,1,encargo-1,3,1,1,1
Refrigeración y Climatización,Lectura de planos y cubicación de materiales de proyectos,1,encargo-2,3,1,1,1
Refrigeración y Climatización,Lectura de planos y cubicación de materiales de proyectos,1,encargo-3,2,1,1,1
Refrigeración y Climatización,Lectura de planos y cubicación de materiales de proyectos,1,encargo-4,2,1,1,1
Refrigeración y Climatización,Lectura de planos y cubicación de materiales de proyectos,1,encargo-5,3,1,1,1
Refrigeración y Climatización,Lectura de planos y cubicación de materiales de proyectos,1,encargo-6,3,1,1,1
Refrigeración y Climatización,Lectura de planos y cubicación de materiales de proyectos,1,encargo-7,3,1,1,1
Refrigeración y Climatización,Lectura de planos y cubicación de materiales de proyectos,1,encargo-8,3,1,1,1
Refrigeración y Climatización,Lectura de planos y cubicación de materiales de proyectos,1,encargo-9,3,1,1,1
Refrigeración y Climatización,Lectura de planos y cubicación de materiales de proyectos,1,encargo-10,3,1,1,1
Refrigeración y Climatización,Lectura de planos y cubicación de materiales de proyectos,1,encargo-11,2,1,1,1
Refrigeración y Climatización,Lectura de planos y cubicación de materiales de proyectos,1,encargo-12,2,1,1,1
Refrigeración y Climatización,Lectura de planos y cubicación de materiales de proyectos,1,encargo-13,2,1,1,1
Refrigeración y Climatización,Lectura de planos y cubicación de materiales de proyectos,1,encargo-14,2,1,1,1
Refrigeración y Climatización,Lectura de planos y cubicación de materiales de proyectos,1,encargo-15,2,1,1,1
Refrigeración y Climatización,Lectura de planos y cubicación de materiales de proyectos,1,encargo-16,2,1,1,1
Refrigeración y Climatización,Lectura de planos y cubicación de materiales de proyectos,1,encargo-17,3,1,1,1
Refrigeración y Climatización,Lectura de planos y cubicación de materiales de proyectos,1,encargo-18,3,1,1,1
Refrigeración y Climatización,Lectura de planos y cubicación de materiales de proyectos,1,encargo-19,3,1,1,1
Refrigeración y Climatización,Lectura de planos y cubicación de materiales de proyectos,1,encargo-20,3,1,1,1
Refrigeración y Climatización,Lectura de planos y cubicación de materiales de proyectos,1,encargo-21,2,1,1,1
Refrigeración y Climatización,Lectura de planos y cubicación de materiales de proyectos,1,encargo-22,2,1,1,1
Refrigeración y Climatización,Lectura de planos y cubicación de materiales de proyectos,1,encargo-23,2,1,1,1
Refrigeración y Climatización,Lectura de planos y cubicación de materiales de proyectos,1,encargo-24,2,1,1,1
Refrigeración y Climatización,Lectura de planos y cubicación de materiales de proyectos,1,encargo-25,3,1,1,1
Refrigeración y Climatización,Lectura de planos y cubicación de materiales de proyectos,1,encargo-26,3,1,1,1
Refrigeración y Climatización,Lectura de planos y cubicación de materiales de proyectos,1,encargo-27,2,1,1,1
Refrigeración y Climatización,Lectura de planos y cubicación de materiales de proyectos,1,encargo-28,3,1,1,1
Refrigeración y Climatización,Lectura de planos y cubicación de materiales de proyectos,1,encargo-29,2,1,1,1
Refrigeración y Climatización,Lectura de planos y cubicación de materiales de proyectos,1,encargo-30,2,1,1,1
Refrigeración y Climatización,Lectura de planos y cubicación de materiales de proyectos,1,encargo-31,2,1,1,1
Refrigeración y Climatización,Lectura de planos y cubicación de materiales de proyectos,1,encargo-32,3,1,1,1
Refrigeración y Climatización,Lectura de planos y cubicación de materiales de proyectos,1,feedback,5,1,1,1
Refrigeración y Climatización,Instrumentos de medición y de verificación,2,context,1,1,1,1
Refrigeración y Climatización,Instrumentos de medición y de verificación,2,ae-1-1,2,1,1,1
Refrigeración y Climatización,Instrumentos de medición y de verificación,2,ae-1-2,2,1,1,1
Refrigeración y Climatización,Instrumentos de medición y de verificación,2,ae-1-3,2,1,1,1
Refrigeración y Climatización,Instrumentos de medición y de verificación,2,ae-1-4,2,1,1,1
Refrigeración y Climatización,Instrumentos de medición y de verificación,2,ae-1-5,2,1,1,1
Refrigeración y Climatización,Instrumentos de medición y de verificación,2,ae-1-6,2,1,1,1
Refrigeración y Climatización,Instrumentos de medición y de verificación,2,ae-2-1,2,1,1,1
Refrigeración y Climatización,Instrumentos de medición y de verificación,2,ae-2-2,2,1,1,1
Refrigeración y Climatización,Instrumentos de medición y de verificación,2,ae-2-3,2,1,1,1
Refrigeración y Climatización,Instrumentos de medición y de verificación,2,ae-2-4,2,1,1,1
Refrigeración y Climatización,Instrumentos de medición y de verificación,2,ae-2-5,2,1,1,1
Refrigeración y Climatización,Instrumentos de medición y de verificación,2,ae-2-6,2,1,1,1
Refrigeración y Climatización,Instrumentos de medición y de verificación,2,ae-3-1,2,1,1,1
Refrigeración y Climatización,Instrumentos de medición y de verificación,2,ae-3-2,2,1,1,1
Refrigeración y Climatización,Instrumentos de medición y de verificación,2,ae-3-3,2,1,1,1
Refrigeración y Climatización,Instrumentos de medición y de verificación,2,ae-3-4,2,1,1,1
Refrigeración y Climatización,Instrumentos de medición y de verificación,2,ae-3-5,2,1,1,1
Refrigeración y Climatización,Instrumentos de medición y de verificación,2,ae-3-6,2,1,1,1
Refrigeración y Climatización,Instrumentos de medición y de verificación,2,formative-1,3,1,1,1
Refrigeración y Climatización,Instrumentos de medición y de verificación,2,formative-2,3,1,1,1
Refrigeración y Climatización,Instrumentos de medición y de verificación,2,formative-3,3,1,1,1
Refrigeración y Climatización,Instrumentos de medición y de verificación,2,formative-4,3,1,1,1
Refrigeración y Climatización,Instrumentos de medición y de verificación,2,formative-5,3,1,1,1
Refrigeración y Climatización,Instrumentos de medición y de verificación,2,formative-6,3,1,1,1
Refrigeración y Climatización,Instrumentos de medición y de verificación,2,formative-7,3,1,1,1
Refrigeración y Climatización,Instrumentos de medición y de verificación,2,formative-8,3,1,1,1
Refrigeración y Climatización,Instrumentos de medición y de verificación,2,formative-9,3,1,1,1
Refrigeración y Climatización,Instrumentos de medición y de verificación,2,formative-10,3,1,1,1
Refrigeración y Climatización,Instrumentos de medición y de verificación,2,formative-11,3,1,1,1
Refrigeración y Climatización,Instrumentos de medición y de verificación,2,formative-12,3,1,1,1
Refrigeración y Climatización,Instrumentos de medición y de verificación,2,formative-13,3,1,1,1
Refrigeración y Climatización,Instrumentos de medición y de verificación,2,formative-14,3,1,1,1
Refrigeración y Climatización,Instrumentos de medición y de verificación,2,case-1,3,1,1,1
Refrigeración y Climatización,Instrumentos de medición y de verificación,2,case-2,3,1,1,1
Refrigeración y Climatización,Instrumentos de medición y de verificación,2,case-3,3,1,1,1
Refrigeración y Climatización,Instrumentos de medición y de verificación,2,case-4,3,1,1,1
Refrigeración y Climatización,Instrumentos de medición y de verificación,2,case-5,3,1,1,1
Refrigeración y Climatización,Instrumentos de medición y de verificación,2,case-6,3,1,1,1
Refrigeración y Climatización,Instrumentos de medición y de verificación,2,case-7,3,1,1,1
Refrigeración y Climatización,Instrumentos de medición y de verificación,2,case-8,3,1,1,1
Refrigeración y Climatización,Instrumentos de medición y de verificación,2,case-9,3,1,1,1
Refrigeración y Climatización,Instrumentos de medición y de verificación,2,case-10,3,1,1,1
Refrigeración y Climatización,Instrumentos de medición y de verificación,2,case-11,3,1,1,1
Refrigeración y Climatización,Instrumentos de medición y de verificación,2,case-12,3,1,1,1
Refrigeración y Climatización,Instrumentos de medición y de verificación,2,case-13,3,1,1,1
Refrigeración y Climatización,Instrumentos de medición y de verificación,2,case-14,3,1,1,1
Refrigeración y Climatización,Instrumentos de medición y de verificación,2,case-15,3,1,1,1
Refrigeración y Climatización,Instrumentos de medición y de verificación,2,scene,3,1,1,1
Refrigeración y Climatización,Instrumentos de medición y de verificación,2,question-1,4,1,1,1
Refrigeración y Climatización,Instrumentos de medición y de verificación,2,question-2,4,1,1,1
Refrigeración y Climatización,Instrumentos de medición y de verificación,2,question-3,4,1,1,1
Refrigeración y Climatización,Instrumentos de medición y de verificación,2,question-4,4,1,1,1
Refrigeración y Climatización,Instrumentos de medición y de verificación,2,question-5,4,1,1,1
Refrigeración y Climatización,Instrumentos de medición y de verificación,2,question-6,4,1,1,1
Refrigeración y Climatización,Instrumentos de medición y de verificación,2,question-7,4,1,1,1
Refrigeración y Climatización,Instrumentos de medición y de verificación,2,question-8,4,1,1,1
Refrigeración y Climatización,Instrumentos de medición y de verificación,2,question-9,4,1,1,1
Refrigeración y Climatización,Instrumentos de medición y de verificación,2,question-10,4,1,1,1
Refrigeración y Climatización,Instrumentos de medición y de verificación,2,question-11,4,1,1,1
Refrigeración y Climatización,Instrumentos de medición y de verificación,2,question-12,4,1,1,1
Refrigeración y Climatización,Instrumentos de medición y de verificación,2,question-13,4,1,1,1
Refrigeración y Climatización,Instrumentos de medición y de verificación,2,question-14,4,1,1,1
Refrigeración y Climatización,Instrumentos de medición y de verificación,2,question-15,4,1,1,1
Refrigeración y Climatización,Instrumentos de medición y de verificación,2,question-16,4,1,1,1
Refrigeración y Climatización,Instrumentos de medición y de verificación,2,question-17,4,1,1,1
Refrigeración y Climatización,Instrumentos de medición y de verificación,2,question-18,4,1,1,1
Refrigeración y Climatización,Instrumentos de medición y de verificación,2,question-19,4,1,1,1
Refrigeración y Climatización,Instrumentos de medición y de verificación,2,question-20,4,1,1,1
Refrigeración y Climatización,Instrumentos de medición y de verificación,2,question-21,4,1,1,1
Refrigeración y Climatización,Instrumentos de medición y de verificación,2,question-22,4,1,1,1
Refrigeración y Climatización,Instrumentos de medición y de verificación,2,question-23,4,1,1,1
Refrigeración y Climatización,Instrumentos de medición y de verificación,2,question-24,4,1,1,1
Refrigeración y Climatización,Instrumentos de medición y de verificación,2,question-25,4,1,1,1
Refrigeración y Climatización,Instrumentos de medición y de verificación,2,development,4,1,1,1
Refrigeración y Climatización,Instrumentos de medición y de verificación,2,practice,0,1,1,1
Refrigeración y Climatización,Instrumentos de medición y de verificación,2,encargo-1,2,1,1,1
Refrigeración y Climatización,Instrumentos de medición y de verificación,2,encargo-2,2,1,1,1
Refrigeración y Climatización,Instrumentos de medición y de verificación,2,encargo-3,2,1,1,1
Refrigeración y Climatización,Instrumentos de medición y de verificación,2,encargo-4,2,1,1,1
Refrigeración y Climatización,Instrumentos de medición y de verificación,2,encargo-5,3,1,1,1
Refrigeración y Climatización,Instrumentos de medición y de verificación,2,encargo-6,3,1,1,1
Refrigeración y Climatización,Instrumentos de medición y de verificación,2,encargo-7,2,1,1,1
Refrigeración y Climatización,Instrumentos de medición y de verificación,2,encargo-8,2,1,1,1
Refrigeración y Climatización,Instrumentos de medición y de verificación,2,encargo-9,2,1,1,1
Refrigeración y Climatización,Instrumentos de medición y de verificación,2,encargo-10,2,1,1,1
Refrigeración y Climatización,Instrumentos de medición y de verificación,2,encargo-11,3,1,1,1
Refrigeración y Climatización,Instrumentos de medición y de verificación,2,encargo-12,3,1,1,1
Refrigeración y Climatización,Instrumentos de medición y de verificación,2,encargo-13,3,1,1,1
Refrigeración y Climatización,Instrumentos de medición y de verificación,2,encargo-14,3,1,1,1
Refrigeración y Climatización,Instrumentos de medición y de verificación,2,encargo-15,3,1,1,1
Refrigeración y Climatización,Instrumentos de medición y de verificación,2,encargo-16,3,1,1,1
Refrigeración y Climatización,Instrumentos de medición y de verificación,2,encargo-17,3,1,1,1
Refrigeración y Climatización,Instrumentos de medición y de verificación,2,encargo-18,2,1,1,1
Refrigeración y Climatización,Instrumentos de medición y de verificación,2,encargo-19,2,1,1,1
Refrigeración y Climatización,Instrumentos de medición y de verificación,2,encargo-20,3,1,1,1
Refrigeración y Climatización,Instrumentos de medición y de verificación,2,encargo-21,3,1,1,1
Refrigeración y Climatización,Instrumentos de medición y de verificación,2,encargo-22,2,1,1,1
Refrigeración y Climatización,Instrumentos de medición y de verificación,2,encargo-23,2,1,1,1
Refrigeración y Climatización,Instrumentos de medición y de verificación,2,encargo-24,2,1,1,1
Refrigeración y Climatización,Instrumentos de medición y de verificación,2,encargo-25,2,1,1,1
Refrigeración y Climatización,Instrumentos de medición y de verificación,2,encargo-26,3,1,1,1
Refrigeración y Climatización,Instrumentos de medición y de verificación,2,encargo-27,3,1,1,1
Refrigeración y Climatización,Instrumentos de medición y de verificación,2,encargo-28,3,1,1,1
Refrigeración y Climatización,Instrumentos de medición y de verificación,2,encargo-29,3,1,1,1
Refrigeración y Climatización,Instrumentos de medición y de verificación,2,encargo-30,3,1,1,1
Refrigeración y Climatización,Instrumentos de medición y de verificación,2,encargo-31,3,1,1,1
Refrigeración y Climatización,Instrumentos de medición y de verificación,2,encargo-32,3,1,1,1
Refrigeración y Climatización,Instrumentos de medición y de verificación,2,encargo-33,2,1,1,1
Refrigeración y Climatización,Instrumentos de medición y de verificación,2,encargo-34,2,1,1,1
Refrigeración y Climatización,Instrumentos de medición y de verificación,2,encargo-35,3,1,1,1
Refrigeración y Climatización,Instrumentos de medición y de verificación,2,encargo-36,3,1,1,1
Refrigeración y Climatización,Instrumentos de medición y de verificación,2,feedback,5,1,1,1
Refrigeración y Climatización,Instalación y montaje de redes de refrigeración y climatización,3,context,1,1,1,1
Refrigeración y Climatización,Instalación y montaje de redes de refrigeración y climatización,3,ae-1-1,2,1,1,1
Refrigeración y Climatización,Instalación y montaje de redes de refrigeración y climatización,3,ae-1-2,2,1,1,1
Refrigeración y Climatización,Instalación y montaje de redes de refrigeración y climatización,3,ae-1-3,2,1,1,1
Refrigeración y Climatización,Instalación y montaje de redes de refrigeración y climatización,3,ae-1-4,2,1,1,1
Refrigeración y Climatización,Instalación y montaje de redes de refrigeración y climatización,3,ae-1-5,2,1,1,1
Refrigeración y Climatización,Instalación y montaje de redes de refrigeración y climatización,3,ae-1-6,2,1,1,1
Refrigeración y Climatización,Instalación y montaje de redes de refrigeración y climatización,3,ae-2-1,2,1,1,1
Refrigeración y Climatización,Instalación y montaje de redes de refrigeración y climatización,3,ae-2-2,2,1,1,1
Refrigeración y Climatización,Instalación y montaje de redes de refrigeración y climatización,3,ae-2-3,2,1,1,1
Refrigeración y Climatización,Instalación y montaje de redes de refrigeración y climatización,3,ae-2-4,2,1,1,1
Refrigeración y Climatización,Instalación y montaje de redes de refrigeración y climatización,3,ae-2-5,2,1,1,1
Refrigeración y Climatización,Instalación y montaje de redes de refrigeración y climatización,3,ae-2-6,2,1,1,1
Refrigeración y Climatización,Instalación y montaje de redes de refrigeración y climatización,3,ae-3-1,2,1,1,1
Refrigeración y Climatización,Instalación y montaje de redes de refrigeración y climatización,3,ae-3-2,2,1,1,1
Refrigeración y Climatización,Instalación y montaje de redes de refrigeración y climatización,3,ae-3-3,2,1,1,1
Refrigeración y Climatización,Instalación y montaje de redes de refrigeración y climatización,3,ae-3-4,2,1,1,1
Refrigeración y Climatización,Instalación y montaje de redes de refrigeración y climatización,3,ae-3-5,2,1,1,1
Refrigeración y Climatización,Instalación y montaje de redes de refrigeración y climatización,3,ae-3-6,2,1,1,1
Refrigeración y Climatización,Instalación y montaje de redes de refrigeración y climatización,3,formative-1,3,1,1,1
Refrigeración y Climatización,Instalación y montaje de redes de refrigeración y climatización,3,formative-2,3,1,1,1
Refrigeración y Climatización,Instalación y montaje de redes de refrigeración y climatización,3,formative-3,3,1,1,1
Refrigeración y Climatización,Instalación y montaje de redes de refrigeración y climatización,3,formative-4,3,1,1,1
Refrigeración y Climatización,Instalación y montaje de redes de refrigeración y climatización,3,formative-5,3,1,1,1
Refrigeración y Climatización,Instalación y montaje de redes de refrigeración y climatización,3,formative-6,3,1,1,1
Refrigeración y Climatización,Instalación y montaje de redes de refrigeración y climatización,3,formative-7,3,1,1,1
Refrigeración y Climatización,Instalación y montaje de redes de refrigeración y climatización,3,formative-8,3,1,1,1
Refrigeración y Climatización,Instalación y montaje de redes de refrigeración y climatización,3,formative-9,3,1,1,1
Refrigeración y Climatización,Instalación y montaje de redes de refrigeración y climatización,3,formative-10,3,1,1,1
Refrigeración y Climatización,Instalación y montaje de redes de refrigeración y climatización,3,formative-11,3,1,1,1
Refrigeración y Climatización,Instalación y montaje de redes de refrigeración y climatización,3,formative-12,3,1,1,1
Refrigeración y Climatización,Instalación y montaje de redes de refrigeración y climatización,3,formative-13,3,1,1,1
Refrigeración y Climatización,Instalación y montaje de redes de refrigeración y climatización,3,formative-14,3,1,1,1
Refrigeración y Climatización,Instalación y montaje de redes de refrigeración y climatización,3,case-1,3,1,1,1
Refrigeración y Climatización,Instalación y montaje de redes de refrigeración y climatización,3,case-2,3,1,1,1
Refrigeración y Climatización,Instalación y montaje de redes de refrigeración y climatización,3,case-3,3,1,1,1
Refrigeración y Climatización,Instalación y montaje de redes de refrigeración y climatización,3,case-4,3,1,1,1
Refrigeración y Climatización,Instalación y montaje de redes de refrigeración y climatización,3,case-5,3,1,1,1
Refrigeración y Climatización,Instalación y montaje de redes de refrigeración y climatización,3,case-6,3,1,1,1
Refrigeración y Climatización,Instalación y montaje de redes de refrigeración y climatización,3,case-7,3,1,1,1
Refrigeración y Climatización,Instalación y montaje de redes de refrigeración y climatización,3,case-8,3,1,1,1
Refrigeración y Climatización,Instalación y montaje de redes de refrigeración y climatización,3,case-9,3,1,1,1
Refrigeración y Climatización,Instalación y montaje de redes de refrigeración y climatización,3,case-10,3,1,1,1
Refrigeración y Climatización,Instalación y montaje de redes de refrigeración y climatización,3,case-11,3,1,1,1
Refrigeración y Climatización,Instalación y montaje de redes de refrigeración y climatización,3,case-12,3,1,1,1
Refrigeración y Climatización,Instalación y montaje de redes de refrigeración y climatización,3,case-13,3,1,1,1
Refrigeración y Climatización,Instalación y montaje de redes de refrigeración y climatización,3,case-14,3,1,1,1
Refrigeración y Climatización,Instalación y montaje de redes de refrigeración y climatización,3,case-15,3,1,1,1
Refrigeración y Climatización,Instalación y montaje de redes de refrigeración y climatización,3,scene,3,1,1,1
Refrigeración y Climatización,Instalación y montaje de redes de refrigeración y climatización,3,question-1,4,1,1,1
Refrigeración y Climatización,Instalación y montaje de redes de refrigeración y climatización,3,question-2,4,1,1,1
Refrigeración y Climatización,Instalación y montaje de redes de refrigeración y climatización,3,question-3,4,1,1,1
Refrigeración y Climatización,Instalación y montaje de redes de refrigeración y climatización,3,question-4,4,1,1,1
Refrigeración y Climatización,Instalación y montaje de redes de refrigeración y climatización,3,question-5,4,1,1,1
Refrigeración y Climatización,Instalación y montaje de redes de refrigeración y climatización,3,question-6,4,1,1,1
Refrigeración y Climatización,Instalación y montaje de redes de refrigeración y climatización,3,question-7,4,1,1,1
Refrigeración y Climatización,Instalación y montaje de redes de refrigeración y climatización,3,question-8,4,1,1,1
Refrigeración y Climatización,Instalación y montaje de redes de refrigeración y climatización,3,question-9,4,1,1,1
Refrigeración y Climatización,Instalación y montaje de redes de refrigeración y climatización,3,question-10,4,1,1,1
Refrigeración y Climatización,Instalación y montaje de redes de refrigeración y climatización,3,question-11,4,1,1,1
Refrigeración y Climatización,Instalación y montaje de redes de refrigeración y climatización,3,question-12,4,1,1,1
Refrigeración y Climatización,Instalación y montaje de redes de refrigeración y climatización,3,question-13,4,1,1,1
Refrigeración y Climatización,Instalación y montaje de redes de refrigeración y climatización,3,question-14,4,1,1,1
Refrigeración y Climatización,Instalación y montaje de redes de refrigeración y climatización,3,question-15,4,1,1,1
Refrigeración y Climatización,Instalación y montaje de redes de refrigeración y climatización,3,question-16,4,1,1,1
Refrigeración y Climatización,Instalación y montaje de redes de refrigeración y climatización,3,question-17,4,1,1,1
Refrigeración y Climatización,Instalación y montaje de redes de refrigeración y climatización,3,question-18,4,1,1,1
Refrigeración y Climatización,Instalación y montaje de redes de refrigeración y climatización,3,question-19,4,1,1,1
Refrigeración y Climatización,Instalación y montaje de redes de refrigeración y climatización,3,question-20,4,1,1,1
Refrigeración y Climatización,Instalación y montaje de redes de refrigeración y climatización,3,question-21,4,1,1,1
Refrigeración y Climatización,Instalación y montaje de redes de refrigeración y climatización,3,question-22,4,1,1,1
Refrigeración y Climatización,Instalación y montaje de redes de refrigeración y climatización,3,question-23,4,1,1,1
Refrigeración y Climatización,Instalación y montaje de redes de refrigeración y climatización,3,question-24,4,1,1,1
Refrigeración y Climatización,Instalación y montaje de redes de refrigeración y climatización,3,question-25,4,1,1,1
Refrigeración y Climatización,Instalación y montaje de redes de refrigeración y climatización,3,development,4,1,1,1
Refrigeración y Climatización,Instalación y montaje de redes de refrigeración y climatización,3,practice,0,1,1,1
Refrigeración y Climatización,Instalación y montaje de redes de refrigeración y climatización,3,encargo-1,3,1,1,1
Refrigeración y Climatización,Instalación y montaje de redes de refrigeración y climatización,3,encargo-2,3,1,1,1
Refrigeración y Climatización,Instalación y montaje de redes de refrigeración y climatización,3,encargo-3,3,1,1,1
Refrigeración y Climatización,Instalación y montaje de redes de refrigeración y climatización,3,encargo-4,3,1,1,1
Refrigeración y Climatización,Instalación y montaje de redes de refrigeración y climatización,3,encargo-5,2,1,1,1
Refrigeración y Climatización,Instalación y montaje de redes de refrigeración y climatización,3,encargo-6,2,1,1,1
Refrigeración y Climatización,Instalación y montaje de redes de refrigeración y climatización,3,encargo-7,3,1,1,1
Refrigeración y Climatización,Instalación y montaje de redes de refrigeración y climatización,3,encargo-8,2,1,1,1
Refrigeración y Climatización,Instalación y montaje de redes de refrigeración y climatización,3,encargo-9,2,1,1,1
Refrigeración y Climatización,Instalación y montaje de redes de refrigeración y climatización,3,encargo-10,2,1,1,1
Refrigeración y Climatización,Instalación y montaje de redes de refrigeración y climatización,3,encargo-11,3,1,1,1
Refrigeración y Climatización,Instalación y montaje de redes de refrigeración y climatización,3,encargo-12,3,1,1,1
Refrigeración y Climatización,Instalación y montaje de redes de refrigeración y climatización,3,encargo-13,3,1,1,1
Refrigeración y Climatización,Instalación y montaje de redes de refrigeración y climatización,3,encargo-14,3,1,1,1
Refrigeración y Climatización,Instalación y montaje de redes de refrigeración y climatización,3,encargo-15,3,1,1,1
Refrigeración y Climatización,Instalación y montaje de redes de refrigeración y climatización,3,encargo-16,3,1,1,1
Refrigeración y Climatización,Instalación y montaje de redes de refrigeración y climatización,3,encargo-17,2,1,1,1
Refrigeración y Climatización,Instalación y montaje de redes de refrigeración y climatización,3,encargo-18,2,1,1,1
Refrigeración y Climatización,Instalación y montaje de redes de refrigeración y climatización,3,encargo-19,3,1,1,1
Refrigeración y Climatización,Instalación y montaje de redes de refrigeración y climatización,3,encargo-20,3,1,1,1
Refrigeración y Climatización,Instalación y montaje de redes de refrigeración y climatización,3,encargo-21,2,1,1,1
Refrigeración y Climatización,Instalación y montaje de redes de refrigeración y climatización,3,encargo-22,2,1,1,1
Refrigeración y Climatización,Instalación y montaje de redes de refrigeración y climatización,3,encargo-23,3,1,1,1
Refrigeración y Climatización,Instalación y montaje de redes de refrigeración y climatización,3,encargo-24,2,1,1,1
Refrigeración y Climatización,Instalación y montaje de redes de refrigeración y climatización,3,encargo-25,2,1,1,1
Refrigeración y Climatización,Instalación y montaje de redes de refrigeración y climatización,3,encargo-26,2,1,1,1
Refrigeración y Climatización,Instalación y montaje de redes de refrigeración y climatización,3,encargo-27,3,1,1,1
Refrigeración y Climatización,Instalación y montaje de redes de refrigeración y climatización,3,encargo-28,3,1,1,1
Refrigeración y Climatización,Instalación y montaje de redes de refrigeración y climatización,3,encargo-29,3,1,1,1
Refrigeración y Climatización,Instalación y montaje de redes de refrigeración y climatización,3,encargo-30,2,1,1,1
Refrigeración y Climatización,Instalación y montaje de redes de refrigeración y climatización,3,encargo-31,2,1,1,1
Refrigeración y Climatización,Instalación y montaje de redes de refrigeración y climatización,3,encargo-32,3,1,1,1
Refrigeración y Climatización,Instalación y montaje de redes de refrigeración y climatización,3,encargo-33,3,1,1,1
Refrigeración y Climatización,Instalación y montaje de redes de refrigeración y climatización,3,encargo-34,3,1,1,1
Refrigeración y Climatización,Instalación y montaje de redes de refrigeración y climatización,3,encargo-35,3,1,1,1
Refrigeración y Climatización,Instalación y montaje de redes de refrigeración y climatización,3,encargo-36,3,1,1,1
Refrigeración y Climatización,Instalación y montaje de redes de refrigeración y climatización,3,encargo-37,2,1,1,1
Refrigeración y Climatización,Instalación y montaje de redes de refrigeración y climatización,3,encargo-38,2,1,1,1
Refrigeración y Climatización,Instalación y montaje de redes de refrigeración y climatización,3,feedback,5,1,1,1
Refrigeración y Climatización,Instalación y montaje de equipos,4,context,1,1,1,1
Refrigeración y Climatización,Instalación y montaje de equipos,4,ae-1-1,2,1,1,1
Refrigeración y Climatización,Instalación y montaje de equipos,4,ae-1-2,2,1,1,1
Refrigeración y Climatización,Instalación y montaje de equipos,4,ae-1-3,2,1,1,1
Refrigeración y Climatización,Instalación y montaje de equipos,4,ae-1-4,2,1,1,1
Refrigeración y Climatización,Instalación y montaje de equipos,4,ae-1-5,2,1,1,1
Refrigeración y Climatización,Instalación y montaje de equipos,4,ae-1-6,2,1,1,1
Refrigeración y Climatización,Instalación y montaje de equipos,4,ae-2-1,2,1,1,1
Refrigeración y Climatización,Instalación y montaje de equipos,4,ae-2-2,2,1,1,1
Refrigeración y Climatización,Instalación y montaje de equipos,4,ae-2-3,2,1,1,1
Refrigeración y Climatización,Instalación y montaje de equipos,4,ae-2-4,2,1,1,1
Refrigeración y Climatización,Instalación y montaje de equipos,4,ae-2-5,2,1,1,1
Refrigeración y Climatización,Instalación y montaje de equipos,4,ae-2-6,2,1,1,1
Refrigeración y Climatización,Instalación y montaje de equipos,4,ae-3-1,2,1,1,1
Refrigeración y Climatización,Instalación y montaje de equipos,4,ae-3-2,2,1,1,1
Refrigeración y Climatización,Instalación y montaje de equipos,4,ae-3-3,2,1,1,1
Refrigeración y Climatización,Instalación y montaje de equipos,4,ae-3-4,2,1,1,1
Refrigeración y Climatización,Instalación y montaje de equipos,4,ae-3-5,2,1,1,1
Refrigeración y Climatización,Instalación y montaje de equipos,4,ae-3-6,2,1,1,1
Refrigeración y Climatización,Instalación y montaje de equipos,4,formative-1,3,1,1,1
Refrigeración y Climatización,Instalación y montaje de equipos,4,formative-2,3,1,1,1
Refrigeración y Climatización,Instalación y montaje de equipos,4,formative-3,3,1,1,1
Refrigeración y Climatización,Instalación y montaje de equipos,4,formative-4,3,1,1,1
Refrigeración y Climatización,Instalación y montaje de equipos,4,formative-5,3,1,1,1
Refrigeración y Climatización,Instalación y montaje de equipos,4,formative-6,3,1,1,1
Refrigeración y Climatización,Instalación y montaje de equipos,4,formative-7,3,1,1,1
Refrigeración y Climatización,Instalación y montaje de equipos,4,formative-8,3,1,1,1
Refrigeración y Climatización,Instalación y montaje de equipos,4,formative-9,3,1,1,1
Refrigeración y Climatización,Instalación y montaje de equipos,4,formative-10,3,1,1,1
Refrigeración y Climatización,Instalación y montaje de equipos,4,formative-11,3,1,1,1
Refrigeración y Climatización,Instalación y montaje de equipos,4,formative-12,3,1,1,1
Refrigeración y Climatización,Instalación y montaje de equipos,4,formative-13,3,1,1,1
Refrigeración y Climatización,Instalación y montaje de equipos,4,formative-14,3,1,1,1
Refrigeración y Climatización,Instalación y montaje de equipos,4,case-1,3,1,1,1
Refrigeración y Climatización,Instalación y montaje de equipos,4,case-2,3,1,1,1
Refrigeración y Climatización,Instalación y montaje de equipos,4,case-3,3,1,1,1
Refrigeración y Climatización,Instalación y montaje de equipos,4,case-4,3,1,1,1
Refrigeración y Climatización,Instalación y montaje de equipos,4,case-5,3,1,1,1
Refrigeración y Climatización,Instalación y montaje de equipos,4,case-6,3,1,1,1
Refrigeración y Climatización,Instalación y montaje de equipos,4,case-7,3,1,1,1
Refrigeración y Climatización,Instalación y montaje de equipos,4,case-8,3,1,1,1
Refrigeración y Climatización,Instalación y montaje de equipos,4,case-9,3,1,1,1
Refrigeración y Climatización,Instalación y montaje de equipos,4,case-10,3,1,1,1
Refrigeración y Climatización,Instalación y montaje de equipos,4,case-11,3,1,1,1
Refrigeración y Climatización,Instalación y montaje de equipos,4,case-12,3,1,1,1
Refrigeración y Climatización,Instalación y montaje de equipos,4,case-13,3,1,1,1
Refrigeración y Climatización,Instalación y montaje de equipos,4,case-14,3,1,1,1
Refrigeración y Climatización,Instalación y montaje de equipos,4,case-15,3,1,1,1
Refrigeración y Climatización,Instalación y montaje de equipos,4,scene,3,1,1,1
Refrigeración y Climatización,Instalación y montaje de equipos,4,question-1,4,1,1,1
Refrigeración y Climatización,Instalación y montaje de equipos,4,question-2,4,1,1,1
Refrigeración y Climatización,Instalación y montaje de equipos,4,question-3,4,1,1,1
Refrigeración y Climatización,Instalación y montaje de equipos,4,question-4,4,1,1,1
Refrigeración y Climatización,Instalación y montaje de equipos,4,question-5,4,1,1,1
Refrigeración y Climatización,Instalación y montaje de equipos,4,question-6,4,1,1,1
Refrigeración y Climatización,Instalación y montaje de equipos,4,question-7,4,1,1,1
Refrigeración y Climatización,Instalación y montaje de equipos,4,question-8,4,1,1,1
Refrigeración y Climatización,Instalación y montaje de equipos,4,question-9,4,1,1,1
Refrigeración y Climatización,Instalación y montaje de equipos,4,question-10,4,1,1,1
Refrigeración y Climatización,Instalación y montaje de equipos,4,question-11,4,1,1,1
Refrigeración y Climatización,Instalación y montaje de equipos,4,question-12,4,1,1,1
Refrigeración y Climatización,Instalación y montaje de equipos,4,question-13,4,1,1,1
Refrigeración y Climatización,Instalación y montaje de equipos,4,question-14,4,1,1,1
Refrigeración y Climatización,Instalación y montaje de equipos,4,question-15,4,1,1,1
Refrigeración y Climatización,Instalación y montaje de equipos,4,question-16,4,1,1,1
Refrigeración y Climatización,Instalación y montaje de equipos,4,question-17,4,1,1,1
Refrigeración y Climatización,Instalación y montaje de equipos,4,question-18,4,1,1,1
Refrigeración y Climatización,Instalación y montaje de equipos,4,question-19,4,1,1,1
Refrigeración y Climatización,Instalación y montaje de equipos,4,question-20,4,1,1,1
Refrigeración y Climatización,Instalación y montaje de equipos,4,question-21,4,1,1,1
Refrigeración y Climatización,Instalación y montaje de equipos,4,question-22,4,1,1,1
Refrigeración y Climatización,Instalación y montaje de equipos,4,question-23,4,1,1,1
Refrigeración y Climatización,Instalación y montaje de equipos,4,question-24,4,1,1,1
Refrigeración y Climatización,Instalación y montaje de equipos,4,question-25,4,1,1,1
Refrigeración y Climatización,Instalación y montaje de equipos,4,development,4,1,1,1
Refrigeración y Climatización,Instalación y montaje de equipos,4,practice,0,1,1,1
Refrigeración y Climatización,Instalación y montaje de equipos,4,encargo-1,3,1,1,1
Refrigeración y Climatización,Instalación y montaje de equipos,4,encargo-2,3,1,1,1
Refrigeración y Climatización,Instalación y montaje de equipos,4,encargo-3,2,1,1,1
Refrigeración y Climatización,Instalación y montaje de equipos,4,encargo-4,2,1,1,1
Refrigeración y Climatización,Instalación y montaje de equipos,4,encargo-5,3,1,1,1
Refrigeración y Climatización,Instalación y montaje de equipos,4,encargo-6,3,1,1,1
Refrigeración y Climatización,Instalación y montaje de equipos,4,encargo-7,3,1,1,1
Refrigeración y Climatización,Instalación y montaje de equipos,4,encargo-8,3,1,1,1
Refrigeración y Climatización,Instalación y montaje de equipos,4,encargo-9,3,1,1,1
Refrigeración y Climatización,Instalación y montaje de equipos,4,encargo-10,2,1,1,1
Refrigeración y Climatización,Instalación y montaje de equipos,4,encargo-11,2,1,1,1
Refrigeración y Climatización,Instalación y montaje de equipos,4,encargo-12,2,1,1,1
Refrigeración y Climatización,Instalación y montaje de equipos,4,encargo-13,3,1,1,1
Refrigeración y Climatización,Instalación y montaje de equipos,4,encargo-14,3,1,1,1
Refrigeración y Climatización,Instalación y montaje de equipos,4,encargo-15,3,1,1,1
Refrigeración y Climatización,Instalación y montaje de equipos,4,encargo-16,2,1,1,1
Refrigeración y Climatización,Instalación y montaje de equipos,4,encargo-17,2,1,1,1
Refrigeración y Climatización,Instalación y montaje de equipos,4,encargo-18,2,1,1,1
Refrigeración y Climatización,Instalación y montaje de equipos,4,encargo-19,3,1,1,1
Refrigeración y Climatización,Instalación y montaje de equipos,4,encargo-20,3,1,1,1
Refrigeración y Climatización,Instalación y montaje de equipos,4,encargo-21,3,1,1,1
Refrigeración y Climatización,Instalación y montaje de equipos,4,encargo-22,3,1,1,1
Refrigeración y Climatización,Instalación y montaje de equipos,4,encargo-23,2,1,1,1
Refrigeración y Climatización,Instalación y montaje de equipos,4,encargo-24,2,1,1,1
Refrigeración y Climatización,Instalación y montaje de equipos,4,encargo-25,3,1,1,1
Refrigeración y Climatización,Instalación y montaje de equipos,4,encargo-26,3,1,1,1
Refrigeración y Climatización,Instalación y montaje de equipos,4,encargo-27,3,1,1,1
Refrigeración y Climatización,Instalación y montaje de equipos,4,encargo-28,3,1,1,1
Refrigeración y Climatización,Instalación y montaje de equipos,4,encargo-29,3,1,1,1
Refrigeración y Climatización,Instalación y montaje de equipos,4,encargo-30,3,1,1,1
Refrigeración y Climatización,Instalación y montaje de equipos,4,encargo-31,3,1,1,1
Refrigeración y Climatización,Instalación y montaje de equipos,4,encargo-32,3,1,1,1
Refrigeración y Climatización,Instalación y montaje de equipos,4,encargo-33,3,1,1,1
Refrigeración y Climatización,Instalación y montaje de equipos,4,encargo-34,3,1,1,1
Refrigeración y Climatización,Instalación y montaje de equipos,4,encargo-35,3,1,1,1
Refrigeración y Climatización,Instalación y montaje de equipos,4,encargo-36,2,1,1,1
Refrigeración y Climatización,Instalación y montaje de equipos,4,feedback,5,1,1,1
Refrigeración y Climatización,Puesta en marcha de equipos de refrigeración y climatización,17,context,1,1,1,1
Refrigeración y Climatización,Puesta en marcha de equipos de refrigeración y climatización,17,ae-1-1,2,1,1,1
Refrigeración y Climatización,Puesta en marcha de equipos de refrigeración y climatización,17,ae-1-2,2,1,1,1
Refrigeración y Climatización,Puesta en marcha de equipos de refrigeración y climatización,17,ae-1-3,2,1,1,1
Refrigeración y Climatización,Puesta en marcha de equipos de refrigeración y climatización,17,ae-1-4,2,1,1,1
Refrigeración y Climatización,Puesta en marcha de equipos de refrigeración y climatización,17,ae-1-5,2,1,1,1
Refrigeración y Climatización,Puesta en marcha de equipos de refrigeración y climatización,17,ae-1-6,2,1,1,1
Refrigeración y Climatización,Puesta en marcha de equipos de refrigeración y climatización,17,ae-2-1,2,1,1,1
Refrigeración y Climatización,Puesta en marcha de equipos de refrigeración y climatización,17,ae-2-2,2,1,1,1
Refrigeración y Climatización,Puesta en marcha de equipos de refrigeración y climatización,17,ae-2-3,2,1,1,1
Refrigeración y Climatización,Puesta en marcha de equipos de refrigeración y climatización,17,ae-2-4,2,1,1,1
Refrigeración y Climatización,Puesta en marcha de equipos de refrigeración y climatización,17,ae-2-5,2,1,1,1
Refrigeración y Climatización,Puesta en marcha de equipos de refrigeración y climatización,17,ae-2-6,2,1,1,1
Refrigeración y Climatización,Puesta en marcha de equipos de refrigeración y climatización,17,ae-3-1,2,1,1,1
Refrigeración y Climatización,Puesta en marcha de equipos de refrigeración y climatización,17,ae-3-2,2,1,1,1
Refrigeración y Climatización,Puesta en marcha de equipos de refrigeración y climatización,17,ae-3-3,2,1,1,1
Refrigeración y Climatización,Puesta en marcha de equipos de refrigeración y climatización,17,ae-3-4,2,1,1,1
Refrigeración y Climatización,Puesta en marcha de equipos de refrigeración y climatización,17,ae-3-5,2,1,1,1
Refrigeración y Climatización,Puesta en marcha de equipos de refrigeración y climatización,17,ae-3-6,2,1,1,1
Refrigeración y Climatización,Puesta en marcha de equipos de refrigeración y climatización,17,formative-1,3,1,1,1
Refrigeración y Climatización,Puesta en marcha de equipos de refrigeración y climatización,17,formative-2,3,1,1,1
Refrigeración y Climatización,Puesta en marcha de equipos de refrigeración y climatización,17,formative-3,3,1,1,1
Refrigeración y Climatización,Puesta en marcha de equipos de refrigeración y climatización,17,formative-4,3,1,1,1
Refrigeración y Climatización,Puesta en marcha de equipos de refrigeración y climatización,17,formative-5,3,1,1,1
Refrigeración y Climatización,Puesta en marcha de equipos de refrigeración y climatización,17,formative-6,3,1,1,1
Refrigeración y Climatización,Puesta en marcha de equipos de refrigeración y climatización,17,formative-7,3,1,1,1
Refrigeración y Climatización,Puesta en marcha de equipos de refrigeración y climatización,17,formative-8,3,1,1,1
Refrigeración y Climatización,Puesta en marcha de equipos de refrigeración y climatización,17,formative-9,3,1,1,1
Refrigeración y Climatización,Puesta en marcha de equipos de refrigeración y climatización,17,formative-10,3,1,1,1
Refrigeración y Climatización,Puesta en marcha de equipos de refrigeración y climatización,17,formative-11,3,1,1,1
Refrigeración y Climatización,Puesta en marcha de equipos de refrigeración y climatización,17,formative-12,3,1,1,1
Refrigeración y Climatización,Puesta en marcha de equipos de refrigeración y climatización,17,formative-13,3,1,1,1
Refrigeración y Climatización,Puesta en marcha de equipos de refrigeración y climatización,17,formative-14,3,1,1,1
Refrigeración y Climatización,Puesta en marcha de equipos de refrigeración y climatización,17,case-1,3,1,1,1
Refrigeración y Climatización,Puesta en marcha de equipos de refrigeración y climatización,17,case-2,3,1,1,1
Refrigeración y Climatización,Puesta en marcha de equipos de refrigeración y climatización,17,case-3,3,1,1,1
Refrigeración y Climatización,Puesta en marcha de equipos de refrigeración y climatización,17,case-4,3,1,1,1
Refrigeración y Climatización,Puesta en marcha de equipos de refrigeración y climatización,17,case-5,3,1,1,1
Refrigeración y Climatización,Puesta en marcha de equipos de refrigeración y climatización,17,case-6,3,1,1,1
Refrigeración y Climatización,Puesta en marcha de equipos de refrigeración y climatización,17,case-7,3,1,1,1
Refrigeración y Climatización,Puesta en marcha de equipos de refrigeración y climatización,17,case-8,3,1,1,1
Refrigeración y Climatización,Puesta en marcha de equipos de refrigeración y climatización,17,case-9,3,1,1,1
Refrigeración y Climatización,Puesta en marcha de equipos de refrigeración y climatización,17,case-10,3,1,1,1
Refrigeración y Climatización,Puesta en marcha de equipos de refrigeración y climatización,17,case-11,3,1,1,1
Refrigeración y Climatización,Puesta en marcha de equipos de refrigeración y climatización,17,case-12,3,1,1,1
Refrigeración y Climatización,Puesta en marcha de equipos de refrigeración y climatización,17,case-13,3,1,1,1
Refrigeración y Climatización,Puesta en marcha de equipos de refrigeración y climatización,17,case-14,3,1,1,1
Refrigeración y Climatización,Puesta en marcha de equipos de refrigeración y climatización,17,case-15,3,1,1,1
Refrigeración y Climatización,Puesta en marcha de equipos de refrigeración y climatización,17,scene,3,1,1,1
Refrigeración y Climatización,Puesta en marcha de equipos de refrigeración y climatización,17,question-1,4,1,1,1
Refrigeración y Climatización,Puesta en marcha de equipos de refrigeración y climatización,17,question-2,4,1,1,1
Refrigeración y Climatización,Puesta en marcha de equipos de refrigeración y climatización,17,question-3,4,1,1,1
Refrigeración y Climatización,Puesta en marcha de equipos de refrigeración y climatización,17,question-4,4,1,1,1
Refrigeración y Climatización,Puesta en marcha de equipos de refrigeración y climatización,17,question-5,4,1,1,1
Refrigeración y Climatización,Puesta en marcha de equipos de refrigeración y climatización,17,question-6,4,1,1,1
Refrigeración y Climatización,Puesta en marcha de equipos de refrigeración y climatización,17,question-7,4,1,1,1
Refrigeración y Climatización,Puesta en marcha de equipos de refrigeración y climatización,17,question-8,4,1,1,1
Refrigeración y Climatización,Puesta en marcha de equipos de refrigeración y climatización,17,question-9,4,1,1,1
Refrigeración y Climatización,Puesta en marcha de equipos de refrigeración y climatización,17,question-10,4,1,1,1
Refrigeración y Climatización,Puesta en marcha de equipos de refrigeración y climatización,17,question-11,4,1,1,1
Refrigeración y Climatización,Puesta en marcha de equipos de refrigeración y climatización,17,question-12,4,1,1,1
Refrigeración y Climatización,Puesta en marcha de equipos de refrigeración y climatización,17,question-13,4,1,1,1
Refrigeración y Climatización,Puesta en marcha de equipos de refrigeración y climatización,17,question-14,4,1,1,1
Refrigeración y Climatización,Puesta en marcha de equipos de refrigeración y climatización,17,question-15,4,1,1,1
Refrigeración y Climatización,Puesta en marcha de equipos de refrigeración y climatización,17,question-16,4,1,1,1
Refrigeración y Climatización,Puesta en marcha de equipos de refrigeración y climatización,17,question-17,4,1,1,1
Refrigeración y Climatización,Puesta en marcha de equipos de refrigeración y climatización,17,question-18,4,1,1,1
Refrigeración y Climatización,Puesta en marcha de equipos de refrigeración y climatización,17,question-19,4,1,1,1
Refrigeración y Climatización,Puesta en marcha de equipos de refrigeración y climatización,17,question-20,4,1,1,1
Refrigeración y Climatización,Puesta en marcha de equipos de refrigeración y climatización,17,question-21,4,1,1,1
Refrigeración y Climatización,Puesta en marcha de equipos de refrigeración y climatización,17,question-22,4,1,1,1
Refrigeración y Climatización,Puesta en marcha de equipos de refrigeración y climatización,17,question-23,4,1,1,1
Refrigeración y Climatización,Puesta en marcha de equipos de refrigeración y climatización,17,question-24,4,1,1,1
Refrigeración y Climatización,Puesta en marcha de equipos de refrigeración y climatización,17,question-25,4,1,1,1
Refrigeración y Climatización,Puesta en marcha de equipos de refrigeración y climatización,17,development,4,1,1,1
Refrigeración y Climatización,Puesta en marcha de equipos de refrigeración y climatización,17,practice,0,1,1,1
Refrigeración y Climatización,Puesta en marcha de equipos de refrigeración y climatización,17,encargo-1,2,1,1,1
Refrigeración y Climatización,Puesta en marcha de equipos de refrigeración y climatización,17,encargo-2,3,1,1,1
Refrigeración y Climatización,Puesta en marcha de equipos de refrigeración y climatización,17,encargo-3,2,1,1,1
Refrigeración y Climatización,Puesta en marcha de equipos de refrigeración y climatización,17,encargo-4,3,1,1,1
Refrigeración y Climatización,Puesta en marcha de equipos de refrigeración y climatización,17,encargo-5,2,1,1,1
Refrigeración y Climatización,Puesta en marcha de equipos de refrigeración y climatización,17,encargo-6,3,1,1,1
Refrigeración y Climatización,Puesta en marcha de equipos de refrigeración y climatización,17,encargo-7,2,1,1,1
Refrigeración y Climatización,Puesta en marcha de equipos de refrigeración y climatización,17,encargo-8,3,1,1,1
Refrigeración y Climatización,Puesta en marcha de equipos de refrigeración y climatización,17,encargo-9,2,1,1,1
Refrigeración y Climatización,Puesta en marcha de equipos de refrigeración y climatización,17,encargo-10,3,1,1,1
Refrigeración y Climatización,Puesta en marcha de equipos de refrigeración y climatización,17,encargo-11,2,1,1,1
Refrigeración y Climatización,Puesta en marcha de equipos de refrigeración y climatización,17,encargo-12,3,1,1,1
Refrigeración y Climatización,Puesta en marcha de equipos de refrigeración y climatización,17,encargo-13,2,1,1,1
Refrigeración y Climatización,Puesta en marcha de equipos de refrigeración y climatización,17,encargo-14,3,1,1,1
Refrigeración y Climatización,Puesta en marcha de equipos de refrigeración y climatización,17,encargo-15,2,1,1,1
Refrigeración y Climatización,Puesta en marcha de equipos de refrigeración y climatización,17,encargo-16,3,1,1,1
Refrigeración y Climatización,Puesta en marcha de equipos de refrigeración y climatización,17,encargo-17,2,1,1,1
Refrigeración y Climatización,Puesta en marcha de equipos de refrigeración y climatización,17,encargo-18,3,1,1,1
Refrigeración y Climatización,Puesta en marcha de equipos de refrigeración y climatización,17,encargo-19,2,1,1,1
Refrigeración y Climatización,Puesta en marcha de equipos de refrigeración y climatización,17,encargo-20,3,1,1,1
Refrigeración y Climatización,Puesta en marcha de equipos de refrigeración y climatización,17,encargo-21,2,1,1,1
Refrigeración y Climatización,Puesta en marcha de equipos de refrigeración y climatización,17,encargo-22,3,1,1,1
Refrigeración y Climatización,Puesta en marcha de equipos de refrigeración y climatización,17,encargo-23,2,1,1,1
Refrigeración y Climatización,Puesta en marcha de equipos de refrigeración y climatización,17,encargo-24,3,1,1,1
Refrigeración y Climatización,Puesta en marcha de equipos de refrigeración y climatización,17,encargo-25,2,1,1,1
Refrigeración y Climatización,Puesta en marcha de equipos de refrigeración y climatización,17,encargo-26,3,1,1,1
Refrigeración y Climatización,Puesta en marcha de equipos de refrigeración y climatización,17,encargo-27,2,1,1,1
Refrigeración y Climatización,Puesta en marcha de equipos de refrigeración y climatización,17,encargo-28,3,1,1,1
Refrigeración y Climatización,Puesta en marcha de equipos de refrigeración y climatización,17,encargo-29,2,1,1,1
Refrigeración y Climatización,Puesta en marcha de equipos de refrigeración y climatización,17,encargo-30,3,1,1,1
Refrigeración y Climatización,Puesta en marcha de equipos de refrigeración y climatización,17,encargo-31,2,1,1,1
Refrigeración y Climatización,Puesta en marcha de equipos de refrigeración y climatización,17,encargo-32,3,1,1,1
Refrigeración y Climatización,Puesta en marcha de equipos de refrigeración y climatización,17,encargo-33,2,1,1,1
Refrigeración y Climatización,Puesta en marcha de equipos de refrigeración y climatización,17,encargo-34,3,1,1,1
Refrigeración y Climatización,Puesta en marcha de equipos de refrigeración y climatización,17,encargo-35,2,1,1,1
Refrigeración y Climatización,Puesta en marcha de equipos de refrigeración y climatización,17,encargo-36,3,1,1,1
Refrigeración y Climatización,Puesta en marcha de equipos de refrigeración y climatización,17,encargo-37,2,1,1,1
Refrigeración y Climatización,Puesta en marcha de equipos de refrigeración y climatización,17,encargo-38,3,1,1,1
Refrigeración y Climatización,Puesta en marcha de equipos de refrigeración y climatización,17,feedback,5,1,1,1
Refrigeración y Climatización,Diagnóstico en sistemas de refrigeración y climatización,18,context,1,1,1,1
Refrigeración y Climatización,Diagnóstico en sistemas de refrigeración y climatización,18,ae-1-1,2,1,1,1
Refrigeración y Climatización,Diagnóstico en sistemas de refrigeración y climatización,18,ae-1-2,2,1,1,1
Refrigeración y Climatización,Diagnóstico en sistemas de refrigeración y climatización,18,ae-1-3,2,1,1,1
Refrigeración y Climatización,Diagnóstico en sistemas de refrigeración y climatización,18,ae-1-4,2,1,1,1
Refrigeración y Climatización,Diagnóstico en sistemas de refrigeración y climatización,18,ae-1-5,2,1,1,1
Refrigeración y Climatización,Diagnóstico en sistemas de refrigeración y climatización,18,ae-1-6,2,1,1,1
Refrigeración y Climatización,Diagnóstico en sistemas de refrigeración y climatización,18,ae-2-1,2,1,1,1
Refrigeración y Climatización,Diagnóstico en sistemas de refrigeración y climatización,18,ae-2-2,2,1,1,1
Refrigeración y Climatización,Diagnóstico en sistemas de refrigeración y climatización,18,ae-2-3,2,1,1,1
Refrigeración y Climatización,Diagnóstico en sistemas de refrigeración y climatización,18,ae-2-4,2,1,1,1
Refrigeración y Climatización,Diagnóstico en sistemas de refrigeración y climatización,18,ae-2-5,2,1,1,1
Refrigeración y Climatización,Diagnóstico en sistemas de refrigeración y climatización,18,ae-2-6,2,1,1,1
Refrigeración y Climatización,Diagnóstico en sistemas de refrigeración y climatización,18,ae-3-1,2,1,1,1
Refrigeración y Climatización,Diagnóstico en sistemas de refrigeración y climatización,18,ae-3-2,2,1,1,1
Refrigeración y Climatización,Diagnóstico en sistemas de refrigeración y climatización,18,ae-3-3,2,1,1,1
Refrigeración y Climatización,Diagnóstico en sistemas de refrigeración y climatización,18,ae-3-4,2,1,1,1
Refrigeración y Climatización,Diagnóstico en sistemas de refrigeración y climatización,18,ae-3-5,2,1,1,1
Refrigeración y Climatización,Diagnóstico en sistemas de refrigeración y climatización,18,ae-3-6,2,1,1,1
Refrigeración y Climatización,Diagnóstico en sistemas de refrigeración y climatización,18,formative-1,3,1,1,1
Refrigeración y Climatización,Diagnóstico en sistemas de refrigeración y climatización,18,formative-2,3,1,1,1
Refrigeración y Climatización,Diagnóstico en sistemas de refrigeración y climatización,18,formative-3,3,1,1,1
Refrigeración y Climatización,Diagnóstico en sistemas de refrigeración y climatización,18,formative-4,3,1,1,1
Refrigeración y Climatización,Diagnóstico en sistemas de refrigeración y climatización,18,formative-5,3,1,1,1
Refrigeración y Climatización,Diagnóstico en sistemas de refrigeración y climatización,18,formative-6,3,1,1,1
Refrigeración y Climatización,Diagnóstico en sistemas de refrigeración y climatización,18,formative-7,3,1,1,1
Refrigeración y Climatización,Diagnóstico en sistemas de refrigeración y climatización,18,formative-8,3,1,1,1
Refrigeración y Climatización,Diagnóstico en sistemas de refrigeración y climatización,18,formative-9,3,1,1,1
Refrigeración y Climatización,Diagnóstico en sistemas de refrigeración y climatización,18,formative-10,3,1,1,1
Refrigeración y Climatización,Diagnóstico en sistemas de refrigeración y climatización,18,formative-11,3,1,1,1
Refrigeración y Climatización,Diagnóstico en sistemas de refrigeración y climatización,18,formative-12,3,1,1,1
Refrigeración y Climatización,Diagnóstico en sistemas de refrigeración y climatización,18,formative-13,3,1,1,1
Refrigeración y Climatización,Diagnóstico en sistemas de refrigeración y climatización,18,formative-14,3,1,1,1
Refrigeración y Climatización,Diagnóstico en sistemas de refrigeración y climatización,18,case-1,3,1,1,1
Refrigeración y Climatización,Diagnóstico en sistemas de refrigeración y climatización,18,case-2,3,1,1,1
Refrigeración y Climatización,Diagnóstico en sistemas de refrigeración y climatización,18,case-3,3,1,1,1
Refrigeración y Climatización,Diagnóstico en sistemas de refrigeración y climatización,18,case-4,3,1,1,1
Refrigeración y Climatización,Diagnóstico en sistemas de refrigeración y climatización,18,case-5,3,1,1,1
Refrigeración y Climatización,Diagnóstico en sistemas de refrigeración y climatización,18,case-6,3,1,1,1
Refrigeración y Climatización,Diagnóstico en sistemas de refrigeración y climatización,18,case-7,3,1,1,1
Refrigeración y Climatización,Diagnóstico en sistemas de refrigeración y climatización,18,case-8,3,1,1,1
Refrigeración y Climatización,Diagnóstico en sistemas de refrigeración y climatización,18,case-9,3,1,1,1
Refrigeración y Climatización,Diagnóstico en sistemas de refrigeración y climatización,18,case-10,3,1,1,1
Refrigeración y Climatización,Diagnóstico en sistemas de refrigeración y climatización,18,case-11,3,1,1,1
Refrigeración y Climatización,Diagnóstico en sistemas de refrigeración y climatización,18,case-12,3,1,1,1
Refrigeración y Climatización,Diagnóstico en sistemas de refrigeración y climatización,18,case-13,3,1,1,1
Refrigeración y Climatización,Diagnóstico en sistemas de refrigeración y climatización,18,case-14,3,1,1,1
Refrigeración y Climatización,Diagnóstico en sistemas de refrigeración y climatización,18,case-15,3,1,1,1
Refrigeración y Climatización,Diagnóstico en sistemas de refrigeración y climatización,18,scene,3,1,1,1
Refrigeración y Climatización,Diagnóstico en sistemas de refrigeración y climatización,18,question-1,4,1,1,1
Refrigeración y Climatización,Diagnóstico en sistemas de refrigeración y climatización,18,question-2,4,1,1,1
Refrigeración y Climatización,Diagnóstico en sistemas de refrigeración y climatización,18,question-3,4,1,1,1
Refrigeración y Climatización,Diagnóstico en sistemas de refrigeración y climatización,18,question-4,4,1,1,1
Refrigeración y Climatización,Diagnóstico en sistemas de refrigeración y climatización,18,question-5,4,1,1,1
Refrigeración y Climatización,Diagnóstico en sistemas de refrigeración y climatización,18,question-6,4,1,1,1
Refrigeración y Climatización,Diagnóstico en sistemas de refrigeración y climatización,18,question-7,4,1,1,1
Refrigeración y Climatización,Diagnóstico en sistemas de refrigeración y climatización,18,question-8,4,1,1,1
Refrigeración y Climatización,Diagnóstico en sistemas de refrigeración y climatización,18,question-9,4,1,1,1
Refrigeración y Climatización,Diagnóstico en sistemas de refrigeración y climatización,18,question-10,4,1,1,1
Refrigeración y Climatización,Diagnóstico en sistemas de refrigeración y climatización,18,question-11,4,1,1,1
Refrigeración y Climatización,Diagnóstico en sistemas de refrigeración y climatización,18,question-12,4,1,1,1
Refrigeración y Climatización,Diagnóstico en sistemas de refrigeración y climatización,18,question-13,4,1,1,1
Refrigeración y Climatización,Diagnóstico en sistemas de refrigeración y climatización,18,question-14,4,1,1,1
Refrigeración y Climatización,Diagnóstico en sistemas de refrigeración y climatización,18,question-15,4,1,1,1
Refrigeración y Climatización,Diagnóstico en sistemas de refrigeración y climatización,18,question-16,4,1,1,1
Refrigeración y Climatización,Diagnóstico en sistemas de refrigeración y climatización,18,question-17,4,1,1,1
Refrigeración y Climatización,Diagnóstico en sistemas de refrigeración y climatización,18,question-18,4,1,1,1
Refrigeración y Climatización,Diagnóstico en sistemas de refrigeración y climatización,18,question-19,4,1,1,1
Refrigeración y Climatización,Diagnóstico en sistemas de refrigeración y climatización,18,question-20,4,1,1,1
Refrigeración y Climatización,Diagnóstico en sistemas de refrigeración y climatización,18,question-21,4,1,1,1
Refrigeración y Climatización,Diagnóstico en sistemas de refrigeración y climatización,18,question-22,4,1,1,1
Refrigeración y Climatización,Diagnóstico en sistemas de refrigeración y climatización,18,question-23,4,1,1,1
Refrigeración y Climatización,Diagnóstico en sistemas de refrigeración y climatización,18,question-24,4,1,1,1
Refrigeración y Climatización,Diagnóstico en sistemas de refrigeración y climatización,18,question-25,4,1,1,1
Refrigeración y Climatización,Diagnóstico en sistemas de refrigeración y climatización,18,development,4,1,1,1
Refrigeración y Climatización,Diagnóstico en sistemas de refrigeración y climatización,18,practice,0,1,1,1
Refrigeración y Climatización,Diagnóstico en sistemas de refrigeración y climatización,18,encargo-1,2,1,1,1
Refrigeración y Climatización,Diagnóstico en sistemas de refrigeración y climatización,18,encargo-2,3,1,1,1
Refrigeración y Climatización,Diagnóstico en sistemas de refrigeración y climatización,18,encargo-3,2,1,1,1
Refrigeración y Climatización,Diagnóstico en sistemas de refrigeración y climatización,18,encargo-4,3,1,1,1
Refrigeración y Climatización,Diagnóstico en sistemas de refrigeración y climatización,18,encargo-5,2,1,1,1
Refrigeración y Climatización,Diagnóstico en sistemas de refrigeración y climatización,18,encargo-6,3,1,1,1
Refrigeración y Climatización,Diagnóstico en sistemas de refrigeración y climatización,18,encargo-7,2,1,1,1
Refrigeración y Climatización,Diagnóstico en sistemas de refrigeración y climatización,18,encargo-8,3,1,1,1
Refrigeración y Climatización,Diagnóstico en sistemas de refrigeración y climatización,18,encargo-9,2,1,1,1
Refrigeración y Climatización,Diagnóstico en sistemas de refrigeración y climatización,18,encargo-10,3,1,1,1
Refrigeración y Climatización,Diagnóstico en sistemas de refrigeración y climatización,18,encargo-11,2,1,1,1
Refrigeración y Climatización,Diagnóstico en sistemas de refrigeración y climatización,18,encargo-12,3,1,1,1
Refrigeración y Climatización,Diagnóstico en sistemas de refrigeración y climatización,18,encargo-13,2,1,1,1
Refrigeración y Climatización,Diagnóstico en sistemas de refrigeración y climatización,18,encargo-14,3,1,1,1
Refrigeración y Climatización,Diagnóstico en sistemas de refrigeración y climatización,18,encargo-15,2,1,1,1
Refrigeración y Climatización,Diagnóstico en sistemas de refrigeración y climatización,18,encargo-16,3,1,1,1
Refrigeración y Climatización,Diagnóstico en sistemas de refrigeración y climatización,18,encargo-17,2,1,1,1
Refrigeración y Climatización,Diagnóstico en sistemas de refrigeración y climatización,18,encargo-18,3,1,1,1
Refrigeración y Climatización,Diagnóstico en sistemas de refrigeración y climatización,18,encargo-19,2,1,1,1
Refrigeración y Climatización,Diagnóstico en sistemas de refrigeración y climatización,18,encargo-20,3,1,1,1
Refrigeración y Climatización,Diagnóstico en sistemas de refrigeración y climatización,18,encargo-21,2,1,1,1
Refrigeración y Climatización,Diagnóstico en sistemas de refrigeración y climatización,18,encargo-22,3,1,1,1
Refrigeración y Climatización,Diagnóstico en sistemas de refrigeración y climatización,18,encargo-23,2,1,1,1
Refrigeración y Climatización,Diagnóstico en sistemas de refrigeración y climatización,18,encargo-24,3,1,1,1
Refrigeración y Climatización,Diagnóstico en sistemas de refrigeración y climatización,18,encargo-25,2,1,1,1
Refrigeración y Climatización,Diagnóstico en sistemas de refrigeración y climatización,18,encargo-26,3,1,1,1
Refrigeración y Climatización,Diagnóstico en sistemas de refrigeración y climatización,18,encargo-27,2,1,1,1
Refrigeración y Climatización,Diagnóstico en sistemas de refrigeración y climatización,18,encargo-28,3,1,1,1
Refrigeración y Climatización,Diagnóstico en sistemas de refrigeración y climatización,18,encargo-29,2,1,1,1
Refrigeración y Climatización,Diagnóstico en sistemas de refrigeración y climatización,18,encargo-30,3,1,1,1
Refrigeración y Climatización,Diagnóstico en sistemas de refrigeración y climatización,18,encargo-31,2,1,1,1
Refrigeración y Climatización,Diagnóstico en sistemas de refrigeración y climatización,18,encargo-32,3,1,1,1
Refrigeración y Climatización,Diagnóstico en sistemas de refrigeración y climatización,18,feedback,5,1,1,1
Refrigeración y Climatización,Mantención de sistemas de refrigeración y climatización,19,context,1,1,1,1
Refrigeración y Climatización,Mantención de sistemas de refrigeración y climatización,19,ae-1-1,2,1,1,1
Refrigeración y Climatización,Mantención de sistemas de refrigeración y climatización,19,ae-1-2,2,1,1,1
Refrigeración y Climatización,Mantención de sistemas de refrigeración y climatización,19,ae-1-3,2,1,1,1
Refrigeración y Climatización,Mantención de sistemas de refrigeración y climatización,19,ae-1-4,2,1,1,1
Refrigeración y Climatización,Mantención de sistemas de refrigeración y climatización,19,ae-1-5,2,1,1,1
Refrigeración y Climatización,Mantención de sistemas de refrigeración y climatización,19,ae-1-6,2,1,1,1
Refrigeración y Climatización,Mantención de sistemas de refrigeración y climatización,19,ae-2-1,2,1,1,1
Refrigeración y Climatización,Mantención de sistemas de refrigeración y climatización,19,ae-2-2,2,1,1,1
Refrigeración y Climatización,Mantención de sistemas de refrigeración y climatización,19,ae-2-3,2,1,1,1
Refrigeración y Climatización,Mantención de sistemas de refrigeración y climatización,19,ae-2-4,2,1,1,1
Refrigeración y Climatización,Mantención de sistemas de refrigeración y climatización,19,ae-2-5,2,1,1,1
Refrigeración y Climatización,Mantención de sistemas de refrigeración y climatización,19,ae-2-6,2,1,1,1
Refrigeración y Climatización,Mantención de sistemas de refrigeración y climatización,19,formative-1,3,1,1,1
Refrigeración y Climatización,Mantención de sistemas de refrigeración y climatización,19,formative-2,3,1,1,1
Refrigeración y Climatización,Mantención de sistemas de refrigeración y climatización,19,formative-3,3,1,1,1
Refrigeración y Climatización,Mantención de sistemas de refrigeración y climatización,19,formative-4,3,1,1,1
Refrigeración y Climatización,Mantención de sistemas de refrigeración y climatización,19,formative-5,3,1,1,1
Refrigeración y Climatización,Mantención de sistemas de refrigeración y climatización,19,formative-6,3,1,1,1
Refrigeración y Climatización,Mantención de sistemas de refrigeración y climatización,19,formative-7,3,1,1,1
Refrigeración y Climatización,Mantención de sistemas de refrigeración y climatización,19,formative-8,3,1,1,1
Refrigeración y Climatización,Mantención de sistemas de refrigeración y climatización,19,formative-9,3,1,1,1
Refrigeración y Climatización,Mantención de sistemas de refrigeración y climatización,19,formative-10,3,1,1,1
Refrigeración y Climatización,Mantención de sistemas de refrigeración y climatización,19,formative-11,3,1,1,1
Refrigeración y Climatización,Mantención de sistemas de refrigeración y climatización,19,formative-12,3,1,1,1
Refrigeración y Climatización,Mantención de sistemas de refrigeración y climatización,19,formative-13,3,1,1,1
Refrigeración y Climatización,Mantención de sistemas de refrigeración y climatización,19,formative-14,3,1,1,1
Refrigeración y Climatización,Mantención de sistemas de refrigeración y climatización,19,case-1,3,1,1,1
Refrigeración y Climatización,Mantención de sistemas de refrigeración y climatización,19,case-2,3,1,1,1
Refrigeración y Climatización,Mantención de sistemas de refrigeración y climatización,19,case-3,3,1,1,1
Refrigeración y Climatización,Mantención de sistemas de refrigeración y climatización,19,case-4,3,1,1,1
Refrigeración y Climatización,Mantención de sistemas de refrigeración y climatización,19,case-5,3,1,1,1
Refrigeración y Climatización,Mantención de sistemas de refrigeración y climatización,19,case-6,3,1,1,1
Refrigeración y Climatización,Mantención de sistemas de refrigeración y climatización,19,case-7,3,1,1,1
Refrigeración y Climatización,Mantención de sistemas de refrigeración y climatización,19,case-8,3,1,1,1
Refrigeración y Climatización,Mantención de sistemas de refrigeración y climatización,19,case-9,3,1,1,1
Refrigeración y Climatización,Mantención de sistemas de refrigeración y climatización,19,case-10,3,1,1,1
Refrigeración y Climatización,Mantención de sistemas de refrigeración y climatización,19,case-11,3,1,1,1
Refrigeración y Climatización,Mantención de sistemas de refrigeración y climatización,19,case-12,3,1,1,1
Refrigeración y Climatización,Mantención de sistemas de refrigeración y climatización,19,case-13,3,1,1,1
Refrigeración y Climatización,Mantención de sistemas de refrigeración y climatización,19,case-14,3,1,1,1
Refrigeración y Climatización,Mantención de sistemas de refrigeración y climatización,19,case-15,3,1,1,1
Refrigeración y Climatización,Mantención de sistemas de refrigeración y climatización,19,scene,3,1,1,1
Refrigeración y Climatización,Mantención de sistemas de refrigeración y climatización,19,question-1,4,1,1,1
Refrigeración y Climatización,Mantención de sistemas de refrigeración y climatización,19,question-2,4,1,1,1
Refrigeración y Climatización,Mantención de sistemas de refrigeración y climatización,19,question-3,4,1,1,1
Refrigeración y Climatización,Mantención de sistemas de refrigeración y climatización,19,question-4,4,1,1,1
Refrigeración y Climatización,Mantención de sistemas de refrigeración y climatización,19,question-5,4,1,1,1
Refrigeración y Climatización,Mantención de sistemas de refrigeración y climatización,19,question-6,4,1,1,1
Refrigeración y Climatización,Mantención de sistemas de refrigeración y climatización,19,question-7,4,1,1,1
Refrigeración y Climatización,Mantención de sistemas de refrigeración y climatización,19,question-8,4,1,1,1
Refrigeración y Climatización,Mantención de sistemas de refrigeración y climatización,19,question-9,4,1,1,1
Refrigeración y Climatización,Mantención de sistemas de refrigeración y climatización,19,question-10,4,1,1,1
Refrigeración y Climatización,Mantención de sistemas de refrigeración y climatización,19,question-11,4,1,1,1
Refrigeración y Climatización,Mantención de sistemas de refrigeración y climatización,19,question-12,4,1,1,1
Refrigeración y Climatización,Mantención de sistemas de refrigeración y climatización,19,question-13,4,1,1,1
Refrigeración y Climatización,Mantención de sistemas de refrigeración y climatización,19,question-14,4,1,1,1
Refrigeración y Climatización,Mantención de sistemas de refrigeración y climatización,19,question-15,4,1,1,1
Refrigeración y Climatización,Mantención de sistemas de refrigeración y climatización,19,question-16,4,1,1,1
Refrigeración y Climatización,Mantención de sistemas de refrigeración y climatización,19,question-17,4,1,1,1
Refrigeración y Climatización,Mantención de sistemas de refrigeración y climatización,19,question-18,4,1,1,1
Refrigeración y Climatización,Mantención de sistemas de refrigeración y climatización,19,question-19,4,1,1,1
Refrigeración y Climatización,Mantención de sistemas de refrigeración y climatización,19,question-20,4,1,1,1
Refrigeración y Climatización,Mantención de sistemas de refrigeración y climatización,19,question-21,4,1,1,1
Refrigeración y Climatización,Mantención de sistemas de refrigeración y climatización,19,question-22,4,1,1,1
Refrigeración y Climatización,Mantención de sistemas de refrigeración y climatización,19,question-23,4,1,1,1
Refrigeración y Climatización,Mantención de sistemas de refrigeración y climatización,19,question-24,4,1,1,1
Refrigeración y Climatización,Mantención de sistemas de refrigeración y climatización,19,question-25,4,1,1,1
Refrigeración y Climatización,Mantención de sistemas de refrigeración y climatización,19,development,4,1,1,1
Refrigeración y Climatización,Mantención de sistemas de refrigeración y climatización,19,practice,0,1,1,1
Refrigeración y Climatización,Mantención de sistemas de refrigeración y climatización,19,encargo-1,2,1,1,1
Refrigeración y Climatización,Mantención de sistemas de refrigeración y climatización,19,encargo-2,3,1,1,1
Refrigeración y Climatización,Mantención de sistemas de refrigeración y climatización,19,encargo-3,2,1,1,1
Refrigeración y Climatización,Mantención de sistemas de refrigeración y climatización,19,encargo-4,3,1,1,1
Refrigeración y Climatización,Mantención de sistemas de refrigeración y climatización,19,encargo-5,2,1,1,1
Refrigeración y Climatización,Mantención de sistemas de refrigeración y climatización,19,encargo-6,3,1,1,1
Refrigeración y Climatización,Mantención de sistemas de refrigeración y climatización,19,encargo-7,2,1,1,1
Refrigeración y Climatización,Mantención de sistemas de refrigeración y climatización,19,encargo-8,3,1,1,1
Refrigeración y Climatización,Mantención de sistemas de refrigeración y climatización,19,encargo-9,2,1,1,1
Refrigeración y Climatización,Mantención de sistemas de refrigeración y climatización,19,encargo-10,3,1,1,1
Refrigeración y Climatización,Mantención de sistemas de refrigeración y climatización,19,encargo-11,2,1,1,1
Refrigeración y Climatización,Mantención de sistemas de refrigeración y climatización,19,encargo-12,3,1,1,1
Refrigeración y Climatización,Mantención de sistemas de refrigeración y climatización,19,encargo-13,2,1,1,1
Refrigeración y Climatización,Mantención de sistemas de refrigeración y climatización,19,encargo-14,3,1,1,1
Refrigeración y Climatización,Mantención de sistemas de refrigeración y climatización,19,encargo-15,2,1,1,1
Refrigeración y Climatización,Mantención de sistemas de refrigeración y climatización,19,encargo-16,3,1,1,1
Refrigeración y Climatización,Mantención de sistemas de refrigeración y climatización,19,encargo-17,2,1,1,1
Refrigeración y Climatización,Mantención de sistemas de refrigeración y climatización,19,encargo-18,3,1,1,1
Refrigeración y Climatización,Mantención de sistemas de refrigeración y climatización,19,encargo-19,2,1,1,1
Refrigeración y Climatización,Mantención de sistemas de refrigeración y climatización,19,encargo-20,3,1,1,1
Refrigeración y Climatización,Mantención de sistemas de refrigeración y climatización,19,encargo-21,2,1,1,1
Refrigeración y Climatización,Mantención de sistemas de refrigeración y climatización,19,encargo-22,3,1,1,1
Refrigeración y Climatización,Mantención de sistemas de refrigeración y climatización,19,encargo-23,2,1,1,1
Refrigeración y Climatización,Mantención de sistemas de refrigeración y climatización,19,encargo-24,3,1,1,1
Refrigeración y Climatización,Mantención de sistemas de refrigeración y climatización,19,encargo-25,2,1,1,1
Refrigeración y Climatización,Mantención de sistemas de refrigeración y climatización,19,encargo-26,3,1,1,1
Refrigeración y Climatización,Mantención de sistemas de refrigeración y climatización,19,encargo-27,2,1,1,1
Refrigeración y Climatización,Mantención de sistemas de refrigeración y climatización,19,encargo-28,3,1,1,1
Refrigeración y Climatización,Mantención de sistemas de refrigeración y climatización,19,encargo-29,2,1,1,1
Refrigeración y Climatización,Mantención de sistemas de refrigeración y climatización,19,encargo-30,3,1,1,1
Refrigeración y Climatización,Mantención de sistemas de refrigeración y climatización,19,encargo-31,2,1,1,1
Refrigeración y Climatización,Mantención de sistemas de refrigeración y climatización,19,encargo-32,3,1,1,1
Refrigeración y Climatización,Mantención de sistemas de refrigeración y climatización,19,feedback,5,1,1,1
Refrigeración y Climatización,Reciclaje y almacenamiento de refrigerantes,20,context,1,1,1,1
Refrigeración y Climatización,Reciclaje y almacenamiento de refrigerantes,20,ae-1-1,2,1,1,1
Refrigeración y Climatización,Reciclaje y almacenamiento de refrigerantes,20,ae-1-2,2,1,1,1
Refrigeración y Climatización,Reciclaje y almacenamiento de refrigerantes,20,ae-1-3,2,1,1,1
Refrigeración y Climatización,Reciclaje y almacenamiento de refrigerantes,20,ae-1-4,2,1,1,1
Refrigeración y Climatización,Reciclaje y almacenamiento de refrigerantes,20,ae-1-5,2,1,1,1
Refrigeración y Climatización,Reciclaje y almacenamiento de refrigerantes,20,ae-1-6,2,1,1,1
Refrigeración y Climatización,Reciclaje y almacenamiento de refrigerantes,20,ae-2-1,2,1,1,1
Refrigeración y Climatización,Reciclaje y almacenamiento de refrigerantes,20,ae-2-2,2,1,1,1
Refrigeración y Climatización,Reciclaje y almacenamiento de refrigerantes,20,ae-2-3,2,1,1,1
Refrigeración y Climatización,Reciclaje y almacenamiento de refrigerantes,20,ae-2-4,2,1,1,1
Refrigeración y Climatización,Reciclaje y almacenamiento de refrigerantes,20,ae-2-5,2,1,1,1
Refrigeración y Climatización,Reciclaje y almacenamiento de refrigerantes,20,ae-2-6,2,1,1,1
Refrigeración y Climatización,Reciclaje y almacenamiento de refrigerantes,20,ae-3-1,2,1,1,1
Refrigeración y Climatización,Reciclaje y almacenamiento de refrigerantes,20,ae-3-2,2,1,1,1
Refrigeración y Climatización,Reciclaje y almacenamiento de refrigerantes,20,ae-3-3,2,1,1,1
Refrigeración y Climatización,Reciclaje y almacenamiento de refrigerantes,20,ae-3-4,2,1,1,1
Refrigeración y Climatización,Reciclaje y almacenamiento de refrigerantes,20,ae-3-5,2,1,1,1
Refrigeración y Climatización,Reciclaje y almacenamiento de refrigerantes,20,ae-3-6,2,1,1,1
Refrigeración y Climatización,Reciclaje y almacenamiento de refrigerantes,20,formative-1,3,1,1,1
Refrigeración y Climatización,Reciclaje y almacenamiento de refrigerantes,20,formative-2,3,1,1,1
Refrigeración y Climatización,Reciclaje y almacenamiento de refrigerantes,20,formative-3,3,1,1,1
Refrigeración y Climatización,Reciclaje y almacenamiento de refrigerantes,20,formative-4,3,1,1,1
Refrigeración y Climatización,Reciclaje y almacenamiento de refrigerantes,20,formative-5,3,1,1,1
Refrigeración y Climatización,Reciclaje y almacenamiento de refrigerantes,20,formative-6,3,1,1,1
Refrigeración y Climatización,Reciclaje y almacenamiento de refrigerantes,20,formative-7,3,1,1,1
Refrigeración y Climatización,Reciclaje y almacenamiento de refrigerantes,20,formative-8,3,1,1,1
Refrigeración y Climatización,Reciclaje y almacenamiento de refrigerantes,20,formative-9,3,1,1,1
Refrigeración y Climatización,Reciclaje y almacenamiento de refrigerantes,20,formative-10,3,1,1,1
Refrigeración y Climatización,Reciclaje y almacenamiento de refrigerantes,20,formative-11,3,1,1,1
Refrigeración y Climatización,Reciclaje y almacenamiento de refrigerantes,20,formative-12,3,1,1,1
Refrigeración y Climatización,Reciclaje y almacenamiento de refrigerantes,20,formative-13,3,1,1,1
Refrigeración y Climatización,Reciclaje y almacenamiento de refrigerantes,20,formative-14,3,1,1,1
Refrigeración y Climatización,Reciclaje y almacenamiento de refrigerantes,20,case-1,3,1,1,1
Refrigeración y Climatización,Reciclaje y almacenamiento de refrigerantes,20,case-2,3,1,1,1
Refrigeración y Climatización,Reciclaje y almacenamiento de refrigerantes,20,case-3,3,1,1,1
Refrigeración y Climatización,Reciclaje y almacenamiento de refrigerantes,20,case-4,3,1,1,1
Refrigeración y Climatización,Reciclaje y almacenamiento de refrigerantes,20,case-5,3,1,1,1
Refrigeración y Climatización,Reciclaje y almacenamiento de refrigerantes,20,case-6,3,1,1,1
Refrigeración y Climatización,Reciclaje y almacenamiento de refrigerantes,20,case-7,3,1,1,1
Refrigeración y Climatización,Reciclaje y almacenamiento de refrigerantes,20,case-8,3,1,1,1
Refrigeración y Climatización,Reciclaje y almacenamiento de refrigerantes,20,case-9,3,1,1,1
Refrigeración y Climatización,Reciclaje y almacenamiento de refrigerantes,20,case-10,3,1,1,1
Refrigeración y Climatización,Reciclaje y almacenamiento de refrigerantes,20,case-11,3,1,1,1
Refrigeración y Climatización,Reciclaje y almacenamiento de refrigerantes,20,case-12,3,1,1,1
Refrigeración y Climatización,Reciclaje y almacenamiento de refrigerantes,20,case-13,3,1,1,1
Refrigeración y Climatización,Reciclaje y almacenamiento de refrigerantes,20,case-14,3,1,1,1
Refrigeración y Climatización,Reciclaje y almacenamiento de refrigerantes,20,case-15,3,1,1,1
Refrigeración y Climatización,Reciclaje y almacenamiento de refrigerantes,20,scene,3,1,1,1
Refrigeración y Climatización,Reciclaje y almacenamiento de refrigerantes,20,question-1,4,1,1,1
Refrigeración y Climatización,Reciclaje y almacenamiento de refrigerantes,20,question-2,4,1,1,1
Refrigeración y Climatización,Reciclaje y almacenamiento de refrigerantes,20,question-3,4,1,1,1
Refrigeración y Climatización,Reciclaje y almacenamiento de refrigerantes,20,question-4,4,1,1,1
Refrigeración y Climatización,Reciclaje y almacenamiento de refrigerantes,20,question-5,4,1,1,1
Refrigeración y Climatización,Reciclaje y almacenamiento de refrigerantes,20,question-6,4,1,1,1
Refrigeración y Climatización,Reciclaje y almacenamiento de refrigerantes,20,question-7,4,1,1,1
Refrigeración y Climatización,Reciclaje y almacenamiento de refrigerantes,20,question-8,4,1,1,1
Refrigeración y Climatización,Reciclaje y almacenamiento de refrigerantes,20,question-9,4,1,1,1
Refrigeración y Climatización,Reciclaje y almacenamiento de refrigerantes,20,question-10,4,1,1,1
Refrigeración y Climatización,Reciclaje y almacenamiento de refrigerantes,20,question-11,4,1,1,1
Refrigeración y Climatización,Reciclaje y almacenamiento de refrigerantes,20,question-12,4,1,1,1
Refrigeración y Climatización,Reciclaje y almacenamiento de refrigerantes,20,question-13,4,1,1,1
Refrigeración y Climatización,Reciclaje y almacenamiento de refrigerantes,20,question-14,4,1,1,1
Refrigeración y Climatización,Reciclaje y almacenamiento de refrigerantes,20,question-15,4,1,1,1
Refrigeración y Climatización,Reciclaje y almacenamiento de refrigerantes,20,question-16,4,1,1,1
Refrigeración y Climatización,Reciclaje y almacenamiento de refrigerantes,20,question-17,4,1,1,1
Refrigeración y Climatización,Reciclaje y almacenamiento de refrigerantes,20,question-18,4,1,1,1
Refrigeración y Climatización,Reciclaje y almacenamiento de refrigerantes,20,question-19,4,1,1,1
Refrigeración y Climatización,Reciclaje y almacenamiento de refrigerantes,20,question-20,4,1,1,1
Refrigeración y Climatización,Reciclaje y almacenamiento de refrigerantes,20,question-21,4,1,1,1
Refrigeración y Climatización,Reciclaje y almacenamiento de refrigerantes,20,question-22,4,1,1,1
Refrigeración y Climatización,Reciclaje y almacenamiento de refrigerantes,20,question-23,4,1,1,1
Refrigeración y Climatización,Reciclaje y almacenamiento de refrigerantes,20,question-24,4,1,1,1
Refrigeración y Climatización,Reciclaje y almacenamiento de refrigerantes,20,question-25,4,1,1,1
Refrigeración y Climatización,Reciclaje y almacenamiento de refrigerantes,20,development,4,1,1,1
Refrigeración y Climatización,Reciclaje y almacenamiento de refrigerantes,20,practice,0,1,1,1
Refrigeración y Climatización,Reciclaje y almacenamiento de refrigerantes,20,encargo-1,2,1,1,1
Refrigeración y Climatización,Reciclaje y almacenamiento de refrigerantes,20,encargo-2,3,1,1,1
Refrigeración y Climatización,Reciclaje y almacenamiento de refrigerantes,20,encargo-3,2,1,1,1
Refrigeración y Climatización,Reciclaje y almacenamiento de refrigerantes,20,encargo-4,3,1,1,1
Refrigeración y Climatización,Reciclaje y almacenamiento de refrigerantes,20,encargo-5,2,1,1,1
Refrigeración y Climatización,Reciclaje y almacenamiento de refrigerantes,20,encargo-6,3,1,1,1
Refrigeración y Climatización,Reciclaje y almacenamiento de refrigerantes,20,encargo-7,2,1,1,1
Refrigeración y Climatización,Reciclaje y almacenamiento de refrigerantes,20,encargo-8,3,1,1,1
Refrigeración y Climatización,Reciclaje y almacenamiento de refrigerantes,20,encargo-9,2,1,1,1
Refrigeración y Climatización,Reciclaje y almacenamiento de refrigerantes,20,encargo-10,3,1,1,1
Refrigeración y Climatización,Reciclaje y almacenamiento de refrigerantes,20,encargo-11,2,1,1,1
Refrigeración y Climatización,Reciclaje y almacenamiento de refrigerantes,20,encargo-12,3,1,1,1
Refrigeración y Climatización,Reciclaje y almacenamiento de refrigerantes,20,encargo-13,2,1,1,1
Refrigeración y Climatización,Reciclaje y almacenamiento de refrigerantes,20,encargo-14,3,1,1,1
Refrigeración y Climatización,Reciclaje y almacenamiento de refrigerantes,20,encargo-15,2,1,1,1
Refrigeración y Climatización,Reciclaje y almacenamiento de refrigerantes,20,encargo-16,3,1,1,1
Refrigeración y Climatización,Reciclaje y almacenamiento de refrigerantes,20,encargo-17,2,1,1,1
Refrigeración y Climatización,Reciclaje y almacenamiento de refrigerantes,20,encargo-18,3,1,1,1
Refrigeración y Climatización,Reciclaje y almacenamiento de refrigerantes,20,encargo-19,2,1,1,1
Refrigeración y Climatización,Reciclaje y almacenamiento de refrigerantes,20,encargo-20,3,1,1,1
Refrigeración y Climatización,Reciclaje y almacenamiento de refrigerantes,20,encargo-21,2,1,1,1
Refrigeración y Climatización,Reciclaje y almacenamiento de refrigerantes,20,encargo-22,3,1,1,1
Refrigeración y Climatización,Reciclaje y almacenamiento de refrigerantes,20,encargo-23,2,1,1,1
Refrigeración y Climatización,Reciclaje y almacenamiento de refrigerantes,20,encargo-24,3,1,1,1
Refrigeración y Climatización,Reciclaje y almacenamiento de refrigerantes,20,encargo-25,2,1,1,1
Refrigeración y Climatización,Reciclaje y almacenamiento de refrigerantes,20,feedback,5,1,1,1
Refrigeración y Climatización,Emprendimiento y empleabilidad,21,context,1,1,1,1
Refrigeración y Climatización,Emprendimiento y empleabilidad,21,ae-1-1,2,1,1,1
Refrigeración y Climatización,Emprendimiento y empleabilidad,21,ae-1-2,2,1,1,1
Refrigeración y Climatización,Emprendimiento y empleabilidad,21,ae-1-3,2,1,1,1
Refrigeración y Climatización,Emprendimiento y empleabilidad,21,ae-1-4,2,1,1,1
Refrigeración y Climatización,Emprendimiento y empleabilidad,21,ae-1-5,2,1,1,1
Refrigeración y Climatización,Emprendimiento y empleabilidad,21,ae-1-6,2,1,1,1
Refrigeración y Climatización,Emprendimiento y empleabilidad,21,ae-2-1,2,1,1,1
Refrigeración y Climatización,Emprendimiento y empleabilidad,21,ae-2-2,2,1,1,1
Refrigeración y Climatización,Emprendimiento y empleabilidad,21,ae-2-3,2,1,1,1
Refrigeración y Climatización,Emprendimiento y empleabilidad,21,ae-2-4,2,1,1,1
Refrigeración y Climatización,Emprendimiento y empleabilidad,21,ae-2-5,2,1,1,1
Refrigeración y Climatización,Emprendimiento y empleabilidad,21,ae-2-6,2,1,1,1
Refrigeración y Climatización,Emprendimiento y empleabilidad,21,ae-3-1,2,1,1,1
Refrigeración y Climatización,Emprendimiento y empleabilidad,21,ae-3-2,2,1,1,1
Refrigeración y Climatización,Emprendimiento y empleabilidad,21,ae-3-3,2,1,1,1
Refrigeración y Climatización,Emprendimiento y empleabilidad,21,ae-3-4,2,1,1,1
Refrigeración y Climatización,Emprendimiento y empleabilidad,21,ae-3-5,2,1,1,1
Refrigeración y Climatización,Emprendimiento y empleabilidad,21,ae-3-6,2,1,1,1
Refrigeración y Climatización,Emprendimiento y empleabilidad,21,ae-4-1,2,1,1,1
Refrigeración y Climatización,Emprendimiento y empleabilidad,21,ae-4-2,2,1,1,1
Refrigeración y Climatización,Emprendimiento y empleabilidad,21,ae-4-3,2,1,1,1
Refrigeración y Climatización,Emprendimiento y empleabilidad,21,ae-4-4,2,1,1,1
Refrigeración y Climatización,Emprendimiento y empleabilidad,21,ae-4-5,2,1,1,1
Refrigeración y Climatización,Emprendimiento y empleabilidad,21,ae-4-6,2,1,1,1
Refrigeración y Climatización,Emprendimiento y empleabilidad,21,formative-1,3,1,1,1
Refrigeración y Climatización,Emprendimiento y empleabilidad,21,formative-2,3,1,1,1
Refrigeración y Climatización,Emprendimiento y empleabilidad,21,formative-3,3,1,1,1
Refrigeración y Climatización,Emprendimiento y empleabilidad,21,formative-4,3,1,1,1
Refrigeración y Climatización,Emprendimiento y empleabilidad,21,formative-5,3,1,1,1
Refrigeración y Climatización,Emprendimiento y empleabilidad,21,formative-6,3,1,1,1
Refrigeración y Climatización,Emprendimiento y empleabilidad,21,formative-7,3,1,1,1
Refrigeración y Climatización,Emprendimiento y empleabilidad,21,formative-8,3,1,1,1
Refrigeración y Climatización,Emprendimiento y empleabilidad,21,formative-9,3,1,1,1
Refrigeración y Climatización,Emprendimiento y empleabilidad,21,formative-10,3,1,1,1
Refrigeración y Climatización,Emprendimiento y empleabilidad,21,formative-11,3,1,1,1
Refrigeración y Climatización,Emprendimiento y empleabilidad,21,formative-12,3,1,1,1
Refrigeración y Climatización,Emprendimiento y empleabilidad,21,formative-13,3,1,1,1
Refrigeración y Climatización,Emprendimiento y empleabilidad,21,formative-14,3,1,1,1
Refrigeración y Climatización,Emprendimiento y empleabilidad,21,case-1,3,1,1,1
Refrigeración y Climatización,Emprendimiento y empleabilidad,21,case-2,3,1,1,1
Refrigeración y Climatización,Emprendimiento y empleabilidad,21,case-3,3,1,1,1
Refrigeración y Climatización,Emprendimiento y empleabilidad,21,case-4,3,1,1,1
Refrigeración y Climatización,Emprendimiento y empleabilidad,21,case-5,3,1,1,1
Refrigeración y Climatización,Emprendimiento y empleabilidad,21,case-6,3,1,1,1
Refrigeración y Climatización,Emprendimiento y empleabilidad,21,case-7,3,1,1,1
Refrigeración y Climatización,Emprendimiento y empleabilidad,21,case-8,3,1,1,1
Refrigeración y Climatización,Emprendimiento y empleabilidad,21,case-9,3,1,1,1
Refrigeración y Climatización,Emprendimiento y empleabilidad,21,case-10,3,1,1,1
Refrigeración y Climatización,Emprendimiento y empleabilidad,21,case-11,3,1,1,1
Refrigeración y Climatización,Emprendimiento y empleabilidad,21,case-12,3,1,1,1
Refrigeración y Climatización,Emprendimiento y empleabilidad,21,case-13,3,1,1,1
Refrigeración y Climatización,Emprendimiento y empleabilidad,21,case-14,3,1,1,1
Refrigeración y Climatización,Emprendimiento y empleabilidad,21,case-15,3,1,1,1
Refrigeración y Climatización,Emprendimiento y empleabilidad,21,scene,3,1,1,1
Refrigeración y Climatización,Emprendimiento y empleabilidad,21,question-1,4,1,1,1
Refrigeración y Climatización,Emprendimiento y empleabilidad,21,question-2,4,1,1,1
Refrigeración y Climatización,Emprendimiento y empleabilidad,21,question-3,4,1,1,1
Refrigeración y Climatización,Emprendimiento y empleabilidad,21,question-4,4,1,1,1
Refrigeración y Climatización,Emprendimiento y empleabilidad,21,question-5,4,1,1,1
Refrigeración y Climatización,Emprendimiento y empleabilidad,21,question-6,4,1,1,1
Refrigeración y Climatización,Emprendimiento y empleabilidad,21,question-7,4,1,1,1
Refrigeración y Climatización,Emprendimiento y empleabilidad,21,question-8,4,1,1,1
Refrigeración y Climatización,Emprendimiento y empleabilidad,21,question-9,4,1,1,1
Refrigeración y Climatización,Emprendimiento y empleabilidad,21,question-10,4,1,1,1
Refrigeración y Climatización,Emprendimiento y empleabilidad,21,question-11,4,1,1,1
Refrigeración y Climatización,Emprendimiento y empleabilidad,21,question-12,4,1,1,1
Refrigeración y Climatización,Emprendimiento y empleabilidad,21,question-13,4,1,1,1
Refrigeración y Climatización,Emprendimiento y empleabilidad,21,question-14,4,1,1,1
Refrigeración y Climatización,Emprendimiento y empleabilidad,21,question-15,4,1,1,1
Refrigeración y Climatización,Emprendimiento y empleabilidad,21,question-16,4,1,1,1
Refrigeración y Climatización,Emprendimiento y empleabilidad,21,question-17,4,1,1,1
Refrigeración y Climatización,Emprendimiento y empleabilidad,21,question-18,4,1,1,1
Refrigeración y Climatización,Emprendimiento y empleabilidad,21,question-19,4,1,1,1
Refrigeración y Climatización,Emprendimiento y empleabilidad,21,question-20,4,1,1,1
Refrigeración y Climatización,Emprendimiento y empleabilidad,21,question-21,4,1,1,1
Refrigeración y Climatización,Emprendimiento y empleabilidad,21,question-22,4,1,1,1
Refrigeración y Climatización,Emprendimiento y empleabilidad,21,question-23,4,1,1,1
Refrigeración y Climatización,Emprendimiento y empleabilidad,21,question-24,4,1,1,1
Refrigeración y Climatización,Emprendimiento y empleabilidad,21,question-25,4,1,1,1
Refrigeración y Climatización,Emprendimiento y empleabilidad,21,development,4,1,1,1
Refrigeración y Climatización,Emprendimiento y empleabilidad,21,practice,0,1,1,1
Refrigeración y Climatización,Emprendimiento y empleabilidad,21,encargo-1,2,1,1,1
Refrigeración y Climatización,Emprendimiento y empleabilidad,21,encargo-2,3,1,1,1
Refrigeración y Climatización,Emprendimiento y empleabilidad,21,encargo-3,2,1,1,1
Refrigeración y Climatización,Emprendimiento y empleabilidad,21,encargo-4,3,1,1,1
Refrigeración y Climatización,Emprendimiento y empleabilidad,21,encargo-5,2,1,1,1
Refrigeración y Climatización,Emprendimiento y empleabilidad,21,encargo-6,3,1,1,1
Refrigeración y Climatización,Emprendimiento y empleabilidad,21,encargo-7,2,1,1,1
Refrigeración y Climatización,Emprendimiento y empleabilidad,21,encargo-8,3,1,1,1
Refrigeración y Climatización,Emprendimiento y empleabilidad,21,encargo-9,2,1,1,1
Refrigeración y Climatización,Emprendimiento y empleabilidad,21,encargo-10,3,1,1,1
Refrigeración y Climatización,Emprendimiento y empleabilidad,21,encargo-11,2,1,1,1
Refrigeración y Climatización,Emprendimiento y empleabilidad,21,encargo-12,3,1,1,1
Refrigeración y Climatización,Emprendimiento y empleabilidad,21,encargo-13,2,1,1,1
Refrigeración y Climatización,Emprendimiento y empleabilidad,21,feedback,5,1,1,1
Electricidad,Instalación de motores eléctricos y equipos de calefacción,5,context,1,1,1,1
Electricidad,Instalación de motores eléctricos y equipos de calefacción,5,ae-1-1,2,1,1,1
Electricidad,Instalación de motores eléctricos y equipos de calefacción,5,ae-1-2,2,1,1,1
Electricidad,Instalación de motores eléctricos y equipos de calefacción,5,ae-1-3,2,1,1,1
Electricidad,Instalación de motores eléctricos y equipos de calefacción,5,ae-1-4,2,1,1,1
Electricidad,Instalación de motores eléctricos y equipos de calefacción,5,ae-1-5,2,1,1,1
Electricidad,Instalación de motores eléctricos y equipos de calefacción,5,ae-1-6,2,1,1,1
Electricidad,Instalación de motores eléctricos y equipos de calefacción,5,ae-2-1,2,1,1,1
Electricidad,Instalación de motores eléctricos y equipos de calefacción,5,ae-2-2,2,1,1,1
Electricidad,Instalación de motores eléctricos y equipos de calefacción,5,ae-2-3,2,1,1,1
Electricidad,Instalación de motores eléctricos y equipos de calefacción,5,ae-2-4,2,1,1,1
Electricidad,Instalación de motores eléctricos y equipos de calefacción,5,ae-2-5,2,1,1,1
Electricidad,Instalación de motores eléctricos y equipos de calefacción,5,ae-2-6,2,1,1,1
Electricidad,Instalación de motores eléctricos y equipos de calefacción,5,formative-1,3,1,1,1
Electricidad,Instalación de motores eléctricos y equipos de calefacción,5,formative-2,3,1,1,1
Electricidad,Instalación de motores eléctricos y equipos de calefacción,5,formative-3,3,1,1,1
Electricidad,Instalación de motores eléctricos y equipos de calefacción,5,formative-4,3,1,1,1
Electricidad,Instalación de motores eléctricos y equipos de calefacción,5,formative-5,3,1,1,1
Electricidad,Instalación de motores eléctricos y equipos de calefacción,5,formative-6,3,1,1,1
Electricidad,Instalación de motores eléctricos y equipos de calefacción,5,formative-7,3,1,1,1
Electricidad,Instalación de motores eléctricos y equipos de calefacción,5,formative-8,3,1,1,1
Electricidad,Instalación de motores eléctricos y equipos de calefacción,5,formative-9,3,1,1,1
Electricidad,Instalación de motores eléctricos y equipos de calefacción,5,formative-10,3,1,1,1
Electricidad,Instalación de motores eléctricos y equipos de calefacción,5,formative-11,3,1,1,1
Electricidad,Instalación de motores eléctricos y equipos de calefacción,5,formative-12,3,1,1,1
Electricidad,Instalación de motores eléctricos y equipos de calefacción,5,formative-13,3,1,1,1
Electricidad,Instalación de motores eléctricos y equipos de calefacción,5,formative-14,3,1,1,1
Electricidad,Instalación de motores eléctricos y equipos de calefacción,5,case-1,3,1,1,1
Electricidad,Instalación de motores eléctricos y equipos de calefacción,5,case-2,3,1,1,1
Electricidad,Instalación de motores eléctricos y equipos de calefacción,5,case-3,3,1,1,1
Electricidad,Instalación de motores eléctricos y equipos de calefacción,5,case-4,3,1,1,1
Electricidad,Instalación de motores eléctricos y equipos de calefacción,5,case-5,3,1,1,1
Electricidad,Instalación de motores eléctricos y equipos de calefacción,5,case-6,3,1,1,1
Electricidad,Instalación de motores eléctricos y equipos de calefacción,5,case-7,3,1,1,1
Electricidad,Instalación de motores eléctricos y equipos de calefacción,5,case-8,3,1,1,1
Electricidad,Instalación de motores eléctricos y equipos de calefacción,5,case-9,3,1,1,1
Electricidad,Instalación de motores eléctricos y equipos de calefacción,5,case-10,3,1,1,1
Electricidad,Instalación de motores eléctricos y equipos de calefacción,5,case-11,3,1,1,1
Electricidad,Instalación de motores eléctricos y equipos de calefacción,5,case-12,3,1,1,1
Electricidad,Instalación de motores eléctricos y equipos de calefacción,5,case-13,3,1,1,1
Electricidad,Instalación de motores eléctricos y equipos de calefacción,5,case-14,3,1,1,1
Electricidad,Instalación de motores eléctricos y equipos de calefacción,5,case-15,3,1,1,1
Electricidad,Instalación de motores eléctricos y equipos de calefacción,5,scene,3,1,1,1
Electricidad,Instalación de motores eléctricos y equipos de calefacción,5,question-1,4,1,1,1
Electricidad,Instalación de motores eléctricos y equipos de calefacción,5,question-2,4,1,1,1
Electricidad,Instalación de motores eléctricos y equipos de calefacción,5,question-3,4,1,1,1
Electricidad,Instalación de motores eléctricos y equipos de calefacción,5,question-4,4,1,1,1
Electricidad,Instalación de motores eléctricos y equipos de calefacción,5,question-5,4,1,1,1
Electricidad,Instalación de motores eléctricos y equipos de calefacción,5,question-6,4,1,1,1
Electricidad,Instalación de motores eléctricos y equipos de calefacción,5,question-7,4,1,1,1
Electricidad,Instalación de motores eléctricos y equipos de calefacción,5,question-8,4,1,1,1
Electricidad,Instalación de motores eléctricos y equipos de calefacción,5,question-9,4,1,1,1
Electricidad,Instalación de motores eléctricos y equipos de calefacción,5,question-10,4,1,1,1
Electricidad,Instalación de motores eléctricos y equipos de calefacción,5,question-11,4,1,1,1
Electricidad,Instalación de motores eléctricos y equipos de calefacción,5,question-12,4,1,1,1
Electricidad,Instalación de motores eléctricos y equipos de calefacción,5,question-13,4,1,1,1
Electricidad,Instalación de motores eléctricos y equipos de calefacción,5,question-14,4,1,1,1
Electricidad,Instalación de motores eléctricos y equipos de calefacción,5,question-15,4,1,1,1
Electricidad,Instalación de motores eléctricos y equipos de calefacción,5,question-16,4,1,1,1
Electricidad,Instalación de motores eléctricos y equipos de calefacción,5,question-17,4,1,1,1
Electricidad,Instalación de motores eléctricos y equipos de calefacción,5,question-18,4,1,1,1
Electricidad,Instalación de motores eléctricos y equipos de calefacción,5,question-19,4,1,1,1
Electricidad,Instalación de motores eléctricos y equipos de calefacción,5,question-20,4,1,1,1
Electricidad,Instalación de motores eléctricos y equipos de calefacción,5,question-21,4,1,1,1
Electricidad,Instalación de motores eléctricos y equipos de calefacción,5,question-22,4,1,1,1
Electricidad,Instalación de motores eléctricos y equipos de calefacción,5,question-23,4,1,1,1
Electricidad,Instalación de motores eléctricos y equipos de calefacción,5,question-24,4,1,1,1
Electricidad,Instalación de motores eléctricos y equipos de calefacción,5,question-25,4,1,1,1
Electricidad,Instalación de motores eléctricos y equipos de calefacción,5,development,4,1,1,1
Electricidad,Instalación de motores eléctricos y equipos de calefacción,5,practice,0,1,1,1
Electricidad,Instalación de motores eléctricos y equipos de calefacción,5,encargo-1,2,1,1,1
Electricidad,Instalación de motores eléctricos y equipos de calefacción,5,encargo-2,3,1,1,1
Electricidad,Instalación de motores eléctricos y equipos de calefacción,5,encargo-3,2,1,1,1
Electricidad,Instalación de motores eléctricos y equipos de calefacción,5,encargo-4,3,1,1,1
Electricidad,Instalación de motores eléctricos y equipos de calefacción,5,encargo-5,2,1,1,1
Electricidad,Instalación de motores eléctricos y equipos de calefacción,5,encargo-6,3,1,1,1
Electricidad,Instalación de motores eléctricos y equipos de calefacción,5,encargo-7,2,1,1,1
Electricidad,Instalación de motores eléctricos y equipos de calefacción,5,encargo-8,3,1,1,1
Electricidad,Instalación de motores eléctricos y equipos de calefacción,5,encargo-9,2,1,1,1
Electricidad,Instalación de motores eléctricos y equipos de calefacción,5,encargo-10,3,1,1,1
Electricidad,Instalación de motores eléctricos y equipos de calefacción,5,encargo-11,2,1,1,1
Electricidad,Instalación de motores eléctricos y equipos de calefacción,5,encargo-12,3,1,1,1
Electricidad,Instalación de motores eléctricos y equipos de calefacción,5,encargo-13,2,1,1,1
Electricidad,Instalación de motores eléctricos y equipos de calefacción,5,encargo-14,3,1,1,1
Electricidad,Instalación de motores eléctricos y equipos de calefacción,5,encargo-15,2,1,1,1
Electricidad,Instalación de motores eléctricos y equipos de calefacción,5,encargo-16,3,1,1,1
Electricidad,Instalación de motores eléctricos y equipos de calefacción,5,encargo-17,2,1,1,1
Electricidad,Instalación de motores eléctricos y equipos de calefacción,5,encargo-18,3,1,1,1
Electricidad,Instalación de motores eléctricos y equipos de calefacción,5,encargo-19,2,1,1,1
Electricidad,Instalación de motores eléctricos y equipos de calefacción,5,encargo-20,3,1,1,1
Electricidad,Instalación de motores eléctricos y equipos de calefacción,5,encargo-21,2,1,1,1
Electricidad,Instalación de motores eléctricos y equipos de calefacción,5,encargo-22,3,1,1,1
Electricidad,Instalación de motores eléctricos y equipos de calefacción,5,encargo-23,2,1,1,1
Electricidad,Instalación de motores eléctricos y equipos de calefacción,5,encargo-24,3,1,1,1
Electricidad,Instalación de motores eléctricos y equipos de calefacción,5,encargo-25,2,1,1,1
Electricidad,Instalación de motores eléctricos y equipos de calefacción,5,feedback,5,1,1,1
Electricidad,Instalaciones eléctricas domiciliarias,6,context,1,1,1,1
Electricidad,Instalaciones eléctricas domiciliarias,6,ae-1-1,2,1,1,1
Electricidad,Instalaciones eléctricas domiciliarias,6,ae-1-2,2,1,1,1
Electricidad,Instalaciones eléctricas domiciliarias,6,ae-1-3,2,1,1,1
Electricidad,Instalaciones eléctricas domiciliarias,6,ae-1-4,2,1,1,1
Electricidad,Instalaciones eléctricas domiciliarias,6,ae-1-5,2,1,1,1
Electricidad,Instalaciones eléctricas domiciliarias,6,ae-1-6,2,1,1,1
Electricidad,Instalaciones eléctricas domiciliarias,6,ae-2-1,2,1,1,1
Electricidad,Instalaciones eléctricas domiciliarias,6,ae-2-2,2,1,1,1
Electricidad,Instalaciones eléctricas domiciliarias,6,ae-2-3,2,1,1,1
Electricidad,Instalaciones eléctricas domiciliarias,6,ae-2-4,2,1,1,1
Electricidad,Instalaciones eléctricas domiciliarias,6,ae-2-5,2,1,1,1
Electricidad,Instalaciones eléctricas domiciliarias,6,ae-2-6,2,1,1,1
Electricidad,Instalaciones eléctricas domiciliarias,6,ae-3-1,2,1,1,1
Electricidad,Instalaciones eléctricas domiciliarias,6,ae-3-2,2,1,1,1
Electricidad,Instalaciones eléctricas domiciliarias,6,ae-3-3,2,1,1,1
Electricidad,Instalaciones eléctricas domiciliarias,6,ae-3-4,2,1,1,1
Electricidad,Instalaciones eléctricas domiciliarias,6,ae-3-5,2,1,1,1
Electricidad,Instalaciones eléctricas domiciliarias,6,ae-3-6,2,1,1,1
Electricidad,Instalaciones eléctricas domiciliarias,6,formative-1,3,1,1,1
Electricidad,Instalaciones eléctricas domiciliarias,6,formative-2,3,1,1,1
Electricidad,Instalaciones eléctricas domiciliarias,6,formative-3,3,1,1,1
Electricidad,Instalaciones eléctricas domiciliarias,6,formative-4,3,1,1,1
Electricidad,Instalaciones eléctricas domiciliarias,6,formative-5,3,1,1,1
Electricidad,Instalaciones eléctricas domiciliarias,6,formative-6,3,1,1,1
Electricidad,Instalaciones eléctricas domiciliarias,6,formative-7,3,1,1,1
Electricidad,Instalaciones eléctricas domiciliarias,6,formative-8,3,1,1,1
Electricidad,Instalaciones eléctricas domiciliarias,6,formative-9,3,1,1,1
Electricidad,Instalaciones eléctricas domiciliarias,6,formative-10,3,1,1,1
Electricidad,Instalaciones eléctricas domiciliarias,6,formative-11,3,1,1,1
Electricidad,Instalaciones eléctricas domiciliarias,6,formative-12,3,1,1,1
Electricidad,Instalaciones eléctricas domiciliarias,6,formative-13,3,1,1,1
Electricidad,Instalaciones eléctricas domiciliarias,6,formative-14,3,1,1,1
Electricidad,Instalaciones eléctricas domiciliarias,6,case-1,3,1,1,1
Electricidad,Instalaciones eléctricas domiciliarias,6,case-2,3,1,1,1
Electricidad,Instalaciones eléctricas domiciliarias,6,case-3,3,1,1,1
Electricidad,Instalaciones eléctricas domiciliarias,6,case-4,3,1,1,1
Electricidad,Instalaciones eléctricas domiciliarias,6,case-5,3,1,1,1
Electricidad,Instalaciones eléctricas domiciliarias,6,case-6,3,1,1,1
Electricidad,Instalaciones eléctricas domiciliarias,6,case-7,3,1,1,1
Electricidad,Instalaciones eléctricas domiciliarias,6,case-8,3,1,1,1
Electricidad,Instalaciones eléctricas domiciliarias,6,case-9,3,1,1,1
Electricidad,Instalaciones eléctricas domiciliarias,6,case-10,3,1,1,1
Electricidad,Instalaciones eléctricas domiciliarias,6,case-11,3,1,1,1
Electricidad,Instalaciones eléctricas domiciliarias,6,case-12,3,1,1,1
Electricidad,Instalaciones eléctricas domiciliarias,6,case-13,3,1,1,1
Electricidad,Instalaciones eléctricas domiciliarias,6,case-14,3,1,1,1
Electricidad,Instalaciones eléctricas domiciliarias,6,case-15,3,1,1,1
Electricidad,Instalaciones eléctricas domiciliarias,6,scene,3,1,1,1
Electricidad,Instalaciones eléctricas domiciliarias,6,question-1,4,1,1,1
Electricidad,Instalaciones eléctricas domiciliarias,6,question-2,4,1,1,1
Electricidad,Instalaciones eléctricas domiciliarias,6,question-3,4,1,1,1
Electricidad,Instalaciones eléctricas domiciliarias,6,question-4,4,1,1,1
Electricidad,Instalaciones eléctricas domiciliarias,6,question-5,4,1,1,1
Electricidad,Instalaciones eléctricas domiciliarias,6,question-6,4,1,1,1
Electricidad,Instalaciones eléctricas domiciliarias,6,question-7,4,1,1,1
Electricidad,Instalaciones eléctricas domiciliarias,6,question-8,4,1,1,1
Electricidad,Instalaciones eléctricas domiciliarias,6,question-9,4,1,1,1
Electricidad,Instalaciones eléctricas domiciliarias,6,question-10,4,1,1,1
Electricidad,Instalaciones eléctricas domiciliarias,6,question-11,4,1,1,1
Electricidad,Instalaciones eléctricas domiciliarias,6,question-12,4,1,1,1
Electricidad,Instalaciones eléctricas domiciliarias,6,question-13,4,1,1,1
Electricidad,Instalaciones eléctricas domiciliarias,6,question-14,4,1,1,1
Electricidad,Instalaciones eléctricas domiciliarias,6,question-15,4,1,1,1
Electricidad,Instalaciones eléctricas domiciliarias,6,question-16,4,1,1,1
Electricidad,Instalaciones eléctricas domiciliarias,6,question-17,4,1,1,1
Electricidad,Instalaciones eléctricas domiciliarias,6,question-18,4,1,1,1
Electricidad,Instalaciones eléctricas domiciliarias,6,question-19,4,1,1,1
Electricidad,Instalaciones eléctricas domiciliarias,6,question-20,4,1,1,1
Electricidad,Instalaciones eléctricas domiciliarias,6,question-21,4,1,1,1
Electricidad,Instalaciones eléctricas domiciliarias,6,question-22,4,1,1,1
Electricidad,Instalaciones eléctricas domiciliarias,6,question-23,4,1,1,1
Electricidad,Instalaciones eléctricas domiciliarias,6,question-24,4,1,1,1
Electricidad,Instalaciones eléctricas domiciliarias,6,question-25,4,1,1,1
Electricidad,Instalaciones eléctricas domiciliarias,6,development,4,1,1,1
Electricidad,Instalaciones eléctricas domiciliarias,6,practice,0,1,1,1
Electricidad,Instalaciones eléctricas domiciliarias,6,encargo-1,2,1,1,1
Electricidad,Instalaciones eléctricas domiciliarias,6,encargo-2,3,1,1,1
Electricidad,Instalaciones eléctricas domiciliarias,6,encargo-3,2,1,1,1
Electricidad,Instalaciones eléctricas domiciliarias,6,encargo-4,3,1,1,1
Electricidad,Instalaciones eléctricas domiciliarias,6,encargo-5,2,1,1,1
Electricidad,Instalaciones eléctricas domiciliarias,6,encargo-6,3,1,1,1
Electricidad,Instalaciones eléctricas domiciliarias,6,encargo-7,2,1,1,1
Electricidad,Instalaciones eléctricas domiciliarias,6,encargo-8,3,1,1,1
Electricidad,Instalaciones eléctricas domiciliarias,6,encargo-9,2,1,1,1
Electricidad,Instalaciones eléctricas domiciliarias,6,encargo-10,3,1,1,1
Electricidad,Instalaciones eléctricas domiciliarias,6,encargo-11,2,1,1,1
Electricidad,Instalaciones eléctricas domiciliarias,6,encargo-12,3,1,1,1
Electricidad,Instalaciones eléctricas domiciliarias,6,encargo-13,2,1,1,1
Electricidad,Instalaciones eléctricas domiciliarias,6,encargo-14,3,1,1,1
Electricidad,Instalaciones eléctricas domiciliarias,6,encargo-15,2,1,1,1
Electricidad,Instalaciones eléctricas domiciliarias,6,encargo-16,3,1,1,1
Electricidad,Instalaciones eléctricas domiciliarias,6,encargo-17,2,1,1,1
Electricidad,Instalaciones eléctricas domiciliarias,6,encargo-18,3,1,1,1
Electricidad,Instalaciones eléctricas domiciliarias,6,encargo-19,2,1,1,1
Electricidad,Instalaciones eléctricas domiciliarias,6,encargo-20,3,1,1,1
Electricidad,Instalaciones eléctricas domiciliarias,6,encargo-21,2,1,1,1
Electricidad,Instalaciones eléctricas domiciliarias,6,encargo-22,3,1,1,1
Electricidad,Instalaciones eléctricas domiciliarias,6,encargo-23,2,1,1,1
Electricidad,Instalaciones eléctricas domiciliarias,6,encargo-24,3,1,1,1
Electricidad,Instalaciones eléctricas domiciliarias,6,encargo-25,2,1,1,1
Electricidad,Instalaciones eléctricas domiciliarias,6,encargo-26,3,1,1,1
Electricidad,Instalaciones eléctricas domiciliarias,6,encargo-27,2,1,1,1
Electricidad,Instalaciones eléctricas domiciliarias,6,encargo-28,3,1,1,1
Electricidad,Instalaciones eléctricas domiciliarias,6,encargo-29,2,1,1,1
Electricidad,Instalaciones eléctricas domiciliarias,6,encargo-30,3,1,1,1
Electricidad,Instalaciones eléctricas domiciliarias,6,encargo-31,2,1,1,1
Electricidad,Instalaciones eléctricas domiciliarias,6,encargo-32,3,1,1,1
Electricidad,Instalaciones eléctricas domiciliarias,6,encargo-33,2,1,1,1
Electricidad,Instalaciones eléctricas domiciliarias,6,encargo-34,3,1,1,1
Electricidad,Instalaciones eléctricas domiciliarias,6,encargo-35,2,1,1,1
Electricidad,Instalaciones eléctricas domiciliarias,6,encargo-36,3,1,1,1
Electricidad,Instalaciones eléctricas domiciliarias,6,encargo-37,2,1,1,1
Electricidad,Instalaciones eléctricas domiciliarias,6,encargo-38,3,1,1,1
Electricidad,Instalaciones eléctricas domiciliarias,6,feedback,5,1,1,1
Electricidad,Elaboración de proyectos eléctricos,7,context,1,1,1,1
Electricidad,Elaboración de proyectos eléctricos,7,ae-1-1,2,1,1,1
Electricidad,Elaboración de proyectos eléctricos,7,ae-1-2,2,1,1,1
Electricidad,Elaboración de proyectos eléctricos,7,ae-1-3,2,1,1,1
Electricidad,Elaboración de proyectos eléctricos,7,ae-1-4,2,1,1,1
Electricidad,Elaboración de proyectos eléctricos,7,ae-1-5,2,1,1,1
Electricidad,Elaboración de proyectos eléctricos,7,ae-1-6,2,1,1,1
Electricidad,Elaboración de proyectos eléctricos,7,ae-2-1,2,1,1,1
Electricidad,Elaboración de proyectos eléctricos,7,ae-2-2,2,1,1,1
Electricidad,Elaboración de proyectos eléctricos,7,ae-2-3,2,1,1,1
Electricidad,Elaboración de proyectos eléctricos,7,ae-2-4,2,1,1,1
Electricidad,Elaboración de proyectos eléctricos,7,ae-2-5,2,1,1,1
Electricidad,Elaboración de proyectos eléctricos,7,ae-2-6,2,1,1,1
Electricidad,Elaboración de proyectos eléctricos,7,ae-3-1,2,1,1,1
Electricidad,Elaboración de proyectos eléctricos,7,ae-3-2,2,1,1,1
Electricidad,Elaboración de proyectos eléctricos,7,ae-3-3,2,1,1,1
Electricidad,Elaboración de proyectos eléctricos,7,ae-3-4,2,1,1,1
Electricidad,Elaboración de proyectos eléctricos,7,ae-3-5,2,1,1,1
Electricidad,Elaboración de proyectos eléctricos,7,ae-3-6,2,1,1,1
Electricidad,Elaboración de proyectos eléctricos,7,formative-1,3,1,1,1
Electricidad,Elaboración de proyectos eléctricos,7,formative-2,3,1,1,1
Electricidad,Elaboración de proyectos eléctricos,7,formative-3,3,1,1,1
Electricidad,Elaboración de proyectos eléctricos,7,formative-4,3,1,1,1
Electricidad,Elaboración de proyectos eléctricos,7,formative-5,3,1,1,1
Electricidad,Elaboración de proyectos eléctricos,7,formative-6,3,1,1,1
Electricidad,Elaboración de proyectos eléctricos,7,formative-7,3,1,1,1
Electricidad,Elaboración de proyectos eléctricos,7,formative-8,3,1,1,1
Electricidad,Elaboración de proyectos eléctricos,7,formative-9,3,1,1,1
Electricidad,Elaboración de proyectos eléctricos,7,formative-10,3,1,1,1
Electricidad,Elaboración de proyectos eléctricos,7,formative-11,3,1,1,1
Electricidad,Elaboración de proyectos eléctricos,7,formative-12,3,1,1,1
Electricidad,Elaboración de proyectos eléctricos,7,formative-13,3,1,1,1
Electricidad,Elaboración de proyectos eléctricos,7,formative-14,3,1,1,1
Electricidad,Elaboración de proyectos eléctricos,7,case-1,3,1,1,1
Electricidad,Elaboración de proyectos eléctricos,7,case-2,3,1,1,1
Electricidad,Elaboración de proyectos eléctricos,7,case-3,3,1,1,1
Electricidad,Elaboración de proyectos eléctricos,7,case-4,3,1,1,1
Electricidad,Elaboración de proyectos eléctricos,7,case-5,3,1,1,1
Electricidad,Elaboración de proyectos eléctricos,7,case-6,3,1,1,1
Electricidad,Elaboración de proyectos eléctricos,7,case-7,3,1,1,1
Electricidad,Elaboración de proyectos eléctricos,7,case-8,3,1,1,1
Electricidad,Elaboración de proyectos eléctricos,7,case-9,3,1,1,1
Electricidad,Elaboración de proyectos eléctricos,7,case-10,3,1,1,1
Electricidad,Elaboración de proyectos eléctricos,7,case-11,3,1,1,1
Electricidad,Elaboración de proyectos eléctricos,7,case-12,3,1,1,1
Electricidad,Elaboración de proyectos eléctricos,7,case-13,3,1,1,1
Electricidad,Elaboración de proyectos eléctricos,7,case-14,3,1,1,1
Electricidad,Elaboración de proyectos eléctricos,7,case-15,3,1,1,1
Electricidad,Elaboración de proyectos eléctricos,7,scene,3,1,1,1
Electricidad,Elaboración de proyectos eléctricos,7,question-1,4,1,1,1
Electricidad,Elaboración de proyectos eléctricos,7,question-2,4,1,1,1
Electricidad,Elaboración de proyectos eléctricos,7,question-3,4,1,1,1
Electricidad,Elaboración de proyectos eléctricos,7,question-4,4,1,1,1
Electricidad,Elaboración de proyectos eléctricos,7,question-5,4,1,1,1
Electricidad,Elaboración de proyectos eléctricos,7,question-6,4,1,1,1
Electricidad,Elaboración de proyectos eléctricos,7,question-7,4,1,1,1
Electricidad,Elaboración de proyectos eléctricos,7,question-8,4,1,1,1
Electricidad,Elaboración de proyectos eléctricos,7,question-9,4,1,1,1
Electricidad,Elaboración de proyectos eléctricos,7,question-10,4,1,1,1
Electricidad,Elaboración de proyectos eléctricos,7,question-11,4,1,1,1
Electricidad,Elaboración de proyectos eléctricos,7,question-12,4,1,1,1
Electricidad,Elaboración de proyectos eléctricos,7,question-13,4,1,1,1
Electricidad,Elaboración de proyectos eléctricos,7,question-14,4,1,1,1
Electricidad,Elaboración de proyectos eléctricos,7,question-15,4,1,1,1
Electricidad,Elaboración de proyectos eléctricos,7,question-16,4,1,1,1
Electricidad,Elaboración de proyectos eléctricos,7,question-17,4,1,1,1
Electricidad,Elaboración de proyectos eléctricos,7,question-18,4,1,1,1
Electricidad,Elaboración de proyectos eléctricos,7,question-19,4,1,1,1
Electricidad,Elaboración de proyectos eléctricos,7,question-20,4,1,1,1
Electricidad,Elaboración de proyectos eléctricos,7,question-21,4,1,1,1
Electricidad,Elaboración de proyectos eléctricos,7,question-22,4,1,1,1
Electricidad,Elaboración de proyectos eléctricos,7,question-23,4,1,1,1
Electricidad,Elaboración de proyectos eléctricos,7,question-24,4,1,1,1
Electricidad,Elaboración de proyectos eléctricos,7,question-25,4,1,1,1
Electricidad,Elaboración de proyectos eléctricos,7,development,4,1,1,1
Electricidad,Elaboración de proyectos eléctricos,7,practice,0,1,1,1
Electricidad,Elaboración de proyectos eléctricos,7,encargo-1,2,1,1,1
Electricidad,Elaboración de proyectos eléctricos,7,encargo-2,3,1,1,1
Electricidad,Elaboración de proyectos eléctricos,7,encargo-3,2,1,1,1
Electricidad,Elaboración de proyectos eléctricos,7,encargo-4,3,1,1,1
Electricidad,Elaboración de proyectos eléctricos,7,encargo-5,2,1,1,1
Electricidad,Elaboración de proyectos eléctricos,7,encargo-6,3,1,1,1
Electricidad,Elaboración de proyectos eléctricos,7,encargo-7,2,1,1,1
Electricidad,Elaboración de proyectos eléctricos,7,encargo-8,3,1,1,1
Electricidad,Elaboración de proyectos eléctricos,7,encargo-9,2,1,1,1
Electricidad,Elaboración de proyectos eléctricos,7,encargo-10,3,1,1,1
Electricidad,Elaboración de proyectos eléctricos,7,encargo-11,2,1,1,1
Electricidad,Elaboración de proyectos eléctricos,7,encargo-12,3,1,1,1
Electricidad,Elaboración de proyectos eléctricos,7,encargo-13,2,1,1,1
Electricidad,Elaboración de proyectos eléctricos,7,encargo-14,3,1,1,1
Electricidad,Elaboración de proyectos eléctricos,7,encargo-15,2,1,1,1
Electricidad,Elaboración de proyectos eléctricos,7,encargo-16,3,1,1,1
Electricidad,Elaboración de proyectos eléctricos,7,encargo-17,2,1,1,1
Electricidad,Elaboración de proyectos eléctricos,7,encargo-18,3,1,1,1
Electricidad,Elaboración de proyectos eléctricos,7,encargo-19,2,1,1,1
Electricidad,Elaboración de proyectos eléctricos,7,encargo-20,3,1,1,1
Electricidad,Elaboración de proyectos eléctricos,7,encargo-21,2,1,1,1
Electricidad,Elaboración de proyectos eléctricos,7,encargo-22,3,1,1,1
Electricidad,Elaboración de proyectos eléctricos,7,encargo-23,2,1,1,1
Electricidad,Elaboración de proyectos eléctricos,7,encargo-24,3,1,1,1
Electricidad,Elaboración de proyectos eléctricos,7,encargo-25,2,1,1,1
Electricidad,Elaboración de proyectos eléctricos,7,encargo-26,3,1,1,1
Electricidad,Elaboración de proyectos eléctricos,7,encargo-27,2,1,1,1
Electricidad,Elaboración de proyectos eléctricos,7,encargo-28,3,1,1,1
Electricidad,Elaboración de proyectos eléctricos,7,encargo-29,2,1,1,1
Electricidad,Elaboración de proyectos eléctricos,7,encargo-30,3,1,1,1
Electricidad,Elaboración de proyectos eléctricos,7,encargo-31,2,1,1,1
Electricidad,Elaboración de proyectos eléctricos,7,encargo-32,3,1,1,1
Electricidad,Elaboración de proyectos eléctricos,7,encargo-33,2,1,1,1
Electricidad,Elaboración de proyectos eléctricos,7,encargo-34,3,1,1,1
Electricidad,Elaboración de proyectos eléctricos,7,encargo-35,2,1,1,1
Electricidad,Elaboración de proyectos eléctricos,7,encargo-36,3,1,1,1
Electricidad,Elaboración de proyectos eléctricos,7,encargo-37,2,1,1,1
Electricidad,Elaboración de proyectos eléctricos,7,encargo-38,3,1,1,1
Electricidad,Elaboración de proyectos eléctricos,7,feedback,5,1,1,1
Electricidad,"Mantenimiento de máquinas, equipos y sistemas eléctricos",8,context,1,1,1,1
Electricidad,"Mantenimiento de máquinas, equipos y sistemas eléctricos",8,ae-1-1,2,1,1,1
Electricidad,"Mantenimiento de máquinas, equipos y sistemas eléctricos",8,ae-1-2,2,1,1,1
Electricidad,"Mantenimiento de máquinas, equipos y sistemas eléctricos",8,ae-1-3,2,1,1,1
Electricidad,"Mantenimiento de máquinas, equipos y sistemas eléctricos",8,ae-1-4,2,1,1,1
Electricidad,"Mantenimiento de máquinas, equipos y sistemas eléctricos",8,ae-1-5,2,1,1,1
Electricidad,"Mantenimiento de máquinas, equipos y sistemas eléctricos",8,ae-1-6,2,1,1,1
Electricidad,"Mantenimiento de máquinas, equipos y sistemas eléctricos",8,ae-2-1,2,1,1,1
Electricidad,"Mantenimiento de máquinas, equipos y sistemas eléctricos",8,ae-2-2,2,1,1,1
Electricidad,"Mantenimiento de máquinas, equipos y sistemas eléctricos",8,ae-2-3,2,1,1,1
Electricidad,"Mantenimiento de máquinas, equipos y sistemas eléctricos",8,ae-2-4,2,1,1,1
Electricidad,"Mantenimiento de máquinas, equipos y sistemas eléctricos",8,ae-2-5,2,1,1,1
Electricidad,"Mantenimiento de máquinas, equipos y sistemas eléctricos",8,ae-2-6,2,1,1,1
Electricidad,"Mantenimiento de máquinas, equipos y sistemas eléctricos",8,formative-1,3,1,1,1
Electricidad,"Mantenimiento de máquinas, equipos y sistemas eléctricos",8,formative-2,3,1,1,1
Electricidad,"Mantenimiento de máquinas, equipos y sistemas eléctricos",8,formative-3,3,1,1,1
Electricidad,"Mantenimiento de máquinas, equipos y sistemas eléctricos",8,formative-4,3,1,1,1
Electricidad,"Mantenimiento de máquinas, equipos y sistemas eléctricos",8,formative-5,3,1,1,1
Electricidad,"Mantenimiento de máquinas, equipos y sistemas eléctricos",8,formative-6,3,1,1,1
Electricidad,"Mantenimiento de máquinas, equipos y sistemas eléctricos",8,formative-7,3,1,1,1
Electricidad,"Mantenimiento de máquinas, equipos y sistemas eléctricos",8,formative-8,3,1,1,1
Electricidad,"Mantenimiento de máquinas, equipos y sistemas eléctricos",8,formative-9,3,1,1,1
Electricidad,"Mantenimiento de máquinas, equipos y sistemas eléctricos",8,formative-10,3,1,1,1
Electricidad,"Mantenimiento de máquinas, equipos y sistemas eléctricos",8,formative-11,3,1,1,1
Electricidad,"Mantenimiento de máquinas, equipos y sistemas eléctricos",8,formative-12,3,1,1,1
Electricidad,"Mantenimiento de máquinas, equipos y sistemas eléctricos",8,formative-13,3,1,1,1
Electricidad,"Mantenimiento de máquinas, equipos y sistemas eléctricos",8,formative-14,3,1,1,1
Electricidad,"Mantenimiento de máquinas, equipos y sistemas eléctricos",8,case-1,3,1,1,1
Electricidad,"Mantenimiento de máquinas, equipos y sistemas eléctricos",8,case-2,3,1,1,1
Electricidad,"Mantenimiento de máquinas, equipos y sistemas eléctricos",8,case-3,3,1,1,1
Electricidad,"Mantenimiento de máquinas, equipos y sistemas eléctricos",8,case-4,3,1,1,1
Electricidad,"Mantenimiento de máquinas, equipos y sistemas eléctricos",8,case-5,3,1,1,1
Electricidad,"Mantenimiento de máquinas, equipos y sistemas eléctricos",8,case-6,3,1,1,1
Electricidad,"Mantenimiento de máquinas, equipos y sistemas eléctricos",8,case-7,3,1,1,1
Electricidad,"Mantenimiento de máquinas, equipos y sistemas eléctricos",8,case-8,3,1,1,1
Electricidad,"Mantenimiento de máquinas, equipos y sistemas eléctricos",8,case-9,3,1,1,1
Electricidad,"Mantenimiento de máquinas, equipos y sistemas eléctricos",8,case-10,3,1,1,1
Electricidad,"Mantenimiento de máquinas, equipos y sistemas eléctricos",8,case-11,3,1,1,1
Electricidad,"Mantenimiento de máquinas, equipos y sistemas eléctricos",8,case-12,3,1,1,1
Electricidad,"Mantenimiento de máquinas, equipos y sistemas eléctricos",8,case-13,3,1,1,1
Electricidad,"Mantenimiento de máquinas, equipos y sistemas eléctricos",8,case-14,3,1,1,1
Electricidad,"Mantenimiento de máquinas, equipos y sistemas eléctricos",8,case-15,3,1,1,1
Electricidad,"Mantenimiento de máquinas, equipos y sistemas eléctricos",8,scene,3,1,1,1
Electricidad,"Mantenimiento de máquinas, equipos y sistemas eléctricos",8,question-1,4,1,1,1
Electricidad,"Mantenimiento de máquinas, equipos y sistemas eléctricos",8,question-2,4,1,1,1
Electricidad,"Mantenimiento de máquinas, equipos y sistemas eléctricos",8,question-3,4,1,1,1
Electricidad,"Mantenimiento de máquinas, equipos y sistemas eléctricos",8,question-4,4,1,1,1
Electricidad,"Mantenimiento de máquinas, equipos y sistemas eléctricos",8,question-5,4,1,1,1
Electricidad,"Mantenimiento de máquinas, equipos y sistemas eléctricos",8,question-6,4,1,1,1
Electricidad,"Mantenimiento de máquinas, equipos y sistemas eléctricos",8,question-7,4,1,1,1
Electricidad,"Mantenimiento de máquinas, equipos y sistemas eléctricos",8,question-8,4,1,1,1
Electricidad,"Mantenimiento de máquinas, equipos y sistemas eléctricos",8,question-9,4,1,1,1
Electricidad,"Mantenimiento de máquinas, equipos y sistemas eléctricos",8,question-10,4,1,1,1
Electricidad,"Mantenimiento de máquinas, equipos y sistemas eléctricos",8,question-11,4,1,1,1
Electricidad,"Mantenimiento de máquinas, equipos y sistemas eléctricos",8,question-12,4,1,1,1
Electricidad,"Mantenimiento de máquinas, equipos y sistemas eléctricos",8,question-13,4,1,1,1
Electricidad,"Mantenimiento de máquinas, equipos y sistemas eléctricos",8,question-14,4,1,1,1
Electricidad,"Mantenimiento de máquinas, equipos y sistemas eléctricos",8,question-15,4,1,1,1
Electricidad,"Mantenimiento de máquinas, equipos y sistemas eléctricos",8,question-16,4,1,1,1
Electricidad,"Mantenimiento de máquinas, equipos y sistemas eléctricos",8,question-17,4,1,1,1
Electricidad,"Mantenimiento de máquinas, equipos y sistemas eléctricos",8,question-18,4,1,1,1
Electricidad,"Mantenimiento de máquinas, equipos y sistemas eléctricos",8,question-19,4,1,1,1
Electricidad,"Mantenimiento de máquinas, equipos y sistemas eléctricos",8,question-20,4,1,1,1
Electricidad,"Mantenimiento de máquinas, equipos y sistemas eléctricos",8,question-21,4,1,1,1
Electricidad,"Mantenimiento de máquinas, equipos y sistemas eléctricos",8,question-22,4,1,1,1
Electricidad,"Mantenimiento de máquinas, equipos y sistemas eléctricos",8,question-23,4,1,1,1
Electricidad,"Mantenimiento de máquinas, equipos y sistemas eléctricos",8,question-24,4,1,1,1
Electricidad,"Mantenimiento de máquinas, equipos y sistemas eléctricos",8,question-25,4,1,1,1
Electricidad,"Mantenimiento de máquinas, equipos y sistemas eléctricos",8,development,4,1,1,1
Electricidad,"Mantenimiento de máquinas, equipos y sistemas eléctricos",8,practice,0,1,1,1
Electricidad,"Mantenimiento de máquinas, equipos y sistemas eléctricos",8,encargo-1,2,1,1,1
Electricidad,"Mantenimiento de máquinas, equipos y sistemas eléctricos",8,encargo-2,3,1,1,1
Electricidad,"Mantenimiento de máquinas, equipos y sistemas eléctricos",8,encargo-3,2,1,1,1
Electricidad,"Mantenimiento de máquinas, equipos y sistemas eléctricos",8,encargo-4,3,1,1,1
Electricidad,"Mantenimiento de máquinas, equipos y sistemas eléctricos",8,encargo-5,2,1,1,1
Electricidad,"Mantenimiento de máquinas, equipos y sistemas eléctricos",8,encargo-6,3,1,1,1
Electricidad,"Mantenimiento de máquinas, equipos y sistemas eléctricos",8,encargo-7,2,1,1,1
Electricidad,"Mantenimiento de máquinas, equipos y sistemas eléctricos",8,encargo-8,3,1,1,1
Electricidad,"Mantenimiento de máquinas, equipos y sistemas eléctricos",8,encargo-9,2,1,1,1
Electricidad,"Mantenimiento de máquinas, equipos y sistemas eléctricos",8,encargo-10,3,1,1,1
Electricidad,"Mantenimiento de máquinas, equipos y sistemas eléctricos",8,encargo-11,2,1,1,1
Electricidad,"Mantenimiento de máquinas, equipos y sistemas eléctricos",8,encargo-12,3,1,1,1
Electricidad,"Mantenimiento de máquinas, equipos y sistemas eléctricos",8,encargo-13,2,1,1,1
Electricidad,"Mantenimiento de máquinas, equipos y sistemas eléctricos",8,encargo-14,3,1,1,1
Electricidad,"Mantenimiento de máquinas, equipos y sistemas eléctricos",8,encargo-15,2,1,1,1
Electricidad,"Mantenimiento de máquinas, equipos y sistemas eléctricos",8,encargo-16,3,1,1,1
Electricidad,"Mantenimiento de máquinas, equipos y sistemas eléctricos",8,encargo-17,2,1,1,1
Electricidad,"Mantenimiento de máquinas, equipos y sistemas eléctricos",8,encargo-18,3,1,1,1
Electricidad,"Mantenimiento de máquinas, equipos y sistemas eléctricos",8,encargo-19,2,1,1,1
Electricidad,"Mantenimiento de máquinas, equipos y sistemas eléctricos",8,encargo-20,3,1,1,1
Electricidad,"Mantenimiento de máquinas, equipos y sistemas eléctricos",8,encargo-21,2,1,1,1
Electricidad,"Mantenimiento de máquinas, equipos y sistemas eléctricos",8,encargo-22,3,1,1,1
Electricidad,"Mantenimiento de máquinas, equipos y sistemas eléctricos",8,encargo-23,2,1,1,1
Electricidad,"Mantenimiento de máquinas, equipos y sistemas eléctricos",8,encargo-24,3,1,1,1
Electricidad,"Mantenimiento de máquinas, equipos y sistemas eléctricos",8,encargo-25,2,1,1,1
Electricidad,"Mantenimiento de máquinas, equipos y sistemas eléctricos",8,encargo-26,3,1,1,1
Electricidad,"Mantenimiento de máquinas, equipos y sistemas eléctricos",8,encargo-27,2,1,1,1
Electricidad,"Mantenimiento de máquinas, equipos y sistemas eléctricos",8,encargo-28,3,1,1,1
Electricidad,"Mantenimiento de máquinas, equipos y sistemas eléctricos",8,encargo-29,2,1,1,1
Electricidad,"Mantenimiento de máquinas, equipos y sistemas eléctricos",8,encargo-30,3,1,1,1
Electricidad,"Mantenimiento de máquinas, equipos y sistemas eléctricos",8,encargo-31,2,1,1,1
Electricidad,"Mantenimiento de máquinas, equipos y sistemas eléctricos",8,encargo-32,3,1,1,1
Electricidad,"Mantenimiento de máquinas, equipos y sistemas eléctricos",8,encargo-33,2,1,1,1
Electricidad,"Mantenimiento de máquinas, equipos y sistemas eléctricos",8,encargo-34,3,1,1,1
Electricidad,"Mantenimiento de máquinas, equipos y sistemas eléctricos",8,encargo-35,2,1,1,1
Electricidad,"Mantenimiento de máquinas, equipos y sistemas eléctricos",8,encargo-36,3,1,1,1
Electricidad,"Mantenimiento de máquinas, equipos y sistemas eléctricos",8,encargo-37,2,1,1,1
Electricidad,"Mantenimiento de máquinas, equipos y sistemas eléctricos",8,encargo-38,3,1,1,1
Electricidad,"Mantenimiento de máquinas, equipos y sistemas eléctricos",8,feedback,5,1,1,1
Electricidad,Instalación de sistemas de control eléctrico industrial,22,context,1,1,1,1
Electricidad,Instalación de sistemas de control eléctrico industrial,22,ae-1-1,2,1,1,1
Electricidad,Instalación de sistemas de control eléctrico industrial,22,ae-1-2,2,1,1,1
Electricidad,Instalación de sistemas de control eléctrico industrial,22,ae-1-3,2,1,1,1
Electricidad,Instalación de sistemas de control eléctrico industrial,22,ae-1-4,2,1,1,1
Electricidad,Instalación de sistemas de control eléctrico industrial,22,ae-1-5,2,1,1,1
Electricidad,Instalación de sistemas de control eléctrico industrial,22,ae-1-6,2,1,1,1
Electricidad,Instalación de sistemas de control eléctrico industrial,22,ae-2-1,2,1,1,1
Electricidad,Instalación de sistemas de control eléctrico industrial,22,ae-2-2,2,1,1,1
Electricidad,Instalación de sistemas de control eléctrico industrial,22,ae-2-3,2,1,1,1
Electricidad,Instalación de sistemas de control eléctrico industrial,22,ae-2-4,2,1,1,1
Electricidad,Instalación de sistemas de control eléctrico industrial,22,ae-2-5,2,1,1,1
Electricidad,Instalación de sistemas de control eléctrico industrial,22,ae-2-6,2,1,1,1
Electricidad,Instalación de sistemas de control eléctrico industrial,22,ae-3-1,2,1,1,1
Electricidad,Instalación de sistemas de control eléctrico industrial,22,ae-3-2,2,1,1,1
Electricidad,Instalación de sistemas de control eléctrico industrial,22,ae-3-3,2,1,1,1
Electricidad,Instalación de sistemas de control eléctrico industrial,22,ae-3-4,2,1,1,1
Electricidad,Instalación de sistemas de control eléctrico industrial,22,ae-3-5,2,1,1,1
Electricidad,Instalación de sistemas de control eléctrico industrial,22,ae-3-6,2,1,1,1
Electricidad,Instalación de sistemas de control eléctrico industrial,22,ae-4-1,2,1,1,1
Electricidad,Instalación de sistemas de control eléctrico industrial,22,ae-4-2,2,1,1,1
Electricidad,Instalación de sistemas de control eléctrico industrial,22,ae-4-3,2,1,1,1
Electricidad,Instalación de sistemas de control eléctrico industrial,22,ae-4-4,2,1,1,1
Electricidad,Instalación de sistemas de control eléctrico industrial,22,ae-4-5,2,1,1,1
Electricidad,Instalación de sistemas de control eléctrico industrial,22,ae-4-6,2,1,1,1
Electricidad,Instalación de sistemas de control eléctrico industrial,22,formative-1,3,1,1,1
Electricidad,Instalación de sistemas de control eléctrico industrial,22,formative-2,3,1,1,1
Electricidad,Instalación de sistemas de control eléctrico industrial,22,formative-3,3,1,1,1
Electricidad,Instalación de sistemas de control eléctrico industrial,22,formative-4,3,1,1,1
Electricidad,Instalación de sistemas de control eléctrico industrial,22,formative-5,3,1,1,1
Electricidad,Instalación de sistemas de control eléctrico industrial,22,formative-6,3,1,1,1
Electricidad,Instalación de sistemas de control eléctrico industrial,22,formative-7,3,1,1,1
Electricidad,Instalación de sistemas de control eléctrico industrial,22,formative-8,3,1,1,1
Electricidad,Instalación de sistemas de control eléctrico industrial,22,formative-9,3,1,1,1
Electricidad,Instalación de sistemas de control eléctrico industrial,22,formative-10,3,1,1,1
Electricidad,Instalación de sistemas de control eléctrico industrial,22,formative-11,3,1,1,1
Electricidad,Instalación de sistemas de control eléctrico industrial,22,formative-12,3,1,1,1
Electricidad,Instalación de sistemas de control eléctrico industrial,22,formative-13,3,1,1,1
Electricidad,Instalación de sistemas de control eléctrico industrial,22,formative-14,3,1,1,1
Electricidad,Instalación de sistemas de control eléctrico industrial,22,case-1,3,1,1,1
Electricidad,Instalación de sistemas de control eléctrico industrial,22,case-2,3,1,1,1
Electricidad,Instalación de sistemas de control eléctrico industrial,22,case-3,3,1,1,1
Electricidad,Instalación de sistemas de control eléctrico industrial,22,case-4,3,1,1,1
Electricidad,Instalación de sistemas de control eléctrico industrial,22,case-5,3,1,1,1
Electricidad,Instalación de sistemas de control eléctrico industrial,22,case-6,3,1,1,1
Electricidad,Instalación de sistemas de control eléctrico industrial,22,case-7,3,1,1,1
Electricidad,Instalación de sistemas de control eléctrico industrial,22,case-8,3,1,1,1
Electricidad,Instalación de sistemas de control eléctrico industrial,22,case-9,3,1,1,1
Electricidad,Instalación de sistemas de control eléctrico industrial,22,case-10,3,1,1,1
Electricidad,Instalación de sistemas de control eléctrico industrial,22,case-11,3,1,1,1
Electricidad,Instalación de sistemas de control eléctrico industrial,22,case-12,3,1,1,1
Electricidad,Instalación de sistemas de control eléctrico industrial,22,case-13,3,1,1,1
Electricidad,Instalación de sistemas de control eléctrico industrial,22,case-14,3,1,1,1
Electricidad,Instalación de sistemas de control eléctrico industrial,22,case-15,3,1,1,1
Electricidad,Instalación de sistemas de control eléctrico industrial,22,scene,3,1,1,1
Electricidad,Instalación de sistemas de control eléctrico industrial,22,question-1,4,1,1,1
Electricidad,Instalación de sistemas de control eléctrico industrial,22,question-2,4,1,1,1
Electricidad,Instalación de sistemas de control eléctrico industrial,22,question-3,4,1,1,1
Electricidad,Instalación de sistemas de control eléctrico industrial,22,question-4,4,1,1,1
Electricidad,Instalación de sistemas de control eléctrico industrial,22,question-5,4,1,1,1
Electricidad,Instalación de sistemas de control eléctrico industrial,22,question-6,4,1,1,1
Electricidad,Instalación de sistemas de control eléctrico industrial,22,question-7,4,1,1,1
Electricidad,Instalación de sistemas de control eléctrico industrial,22,question-8,4,1,1,1
Electricidad,Instalación de sistemas de control eléctrico industrial,22,question-9,4,1,1,1
Electricidad,Instalación de sistemas de control eléctrico industrial,22,question-10,4,1,1,1
Electricidad,Instalación de sistemas de control eléctrico industrial,22,question-11,4,1,1,1
Electricidad,Instalación de sistemas de control eléctrico industrial,22,question-12,4,1,1,1
Electricidad,Instalación de sistemas de control eléctrico industrial,22,question-13,4,1,1,1
Electricidad,Instalación de sistemas de control eléctrico industrial,22,question-14,4,1,1,1
Electricidad,Instalación de sistemas de control eléctrico industrial,22,question-15,4,1,1,1
Electricidad,Instalación de sistemas de control eléctrico industrial,22,question-16,4,1,1,1
Electricidad,Instalación de sistemas de control eléctrico industrial,22,question-17,4,1,1,1
Electricidad,Instalación de sistemas de control eléctrico industrial,22,question-18,4,1,1,1
Electricidad,Instalación de sistemas de control eléctrico industrial,22,question-19,4,1,1,1
Electricidad,Instalación de sistemas de control eléctrico industrial,22,question-20,4,1,1,1
Electricidad,Instalación de sistemas de control eléctrico industrial,22,question-21,4,1,1,1
Electricidad,Instalación de sistemas de control eléctrico industrial,22,question-22,4,1,1,1
Electricidad,Instalación de sistemas de control eléctrico industrial,22,question-23,4,1,1,1
Electricidad,Instalación de sistemas de control eléctrico industrial,22,question-24,4,1,1,1
Electricidad,Instalación de sistemas de control eléctrico industrial,22,question-25,4,1,1,1
Electricidad,Instalación de sistemas de control eléctrico industrial,22,development,4,1,1,1
Electricidad,Instalación de sistemas de control eléctrico industrial,22,practice,0,1,1,1
Electricidad,Instalación de sistemas de control eléctrico industrial,22,encargo-1,2,1,1,1
Electricidad,Instalación de sistemas de control eléctrico industrial,22,encargo-2,3,1,1,1
Electricidad,Instalación de sistemas de control eléctrico industrial,22,encargo-3,2,1,1,1
Electricidad,Instalación de sistemas de control eléctrico industrial,22,encargo-4,3,1,1,1
Electricidad,Instalación de sistemas de control eléctrico industrial,22,encargo-5,2,1,1,1
Electricidad,Instalación de sistemas de control eléctrico industrial,22,encargo-6,3,1,1,1
Electricidad,Instalación de sistemas de control eléctrico industrial,22,encargo-7,2,1,1,1
Electricidad,Instalación de sistemas de control eléctrico industrial,22,encargo-8,3,1,1,1
Electricidad,Instalación de sistemas de control eléctrico industrial,22,encargo-9,2,1,1,1
Electricidad,Instalación de sistemas de control eléctrico industrial,22,encargo-10,3,1,1,1
Electricidad,Instalación de sistemas de control eléctrico industrial,22,encargo-11,2,1,1,1
Electricidad,Instalación de sistemas de control eléctrico industrial,22,encargo-12,3,1,1,1
Electricidad,Instalación de sistemas de control eléctrico industrial,22,encargo-13,2,1,1,1
Electricidad,Instalación de sistemas de control eléctrico industrial,22,encargo-14,3,1,1,1
Electricidad,Instalación de sistemas de control eléctrico industrial,22,encargo-15,2,1,1,1
Electricidad,Instalación de sistemas de control eléctrico industrial,22,encargo-16,3,1,1,1
Electricidad,Instalación de sistemas de control eléctrico industrial,22,encargo-17,2,1,1,1
Electricidad,Instalación de sistemas de control eléctrico industrial,22,encargo-18,3,1,1,1
Electricidad,Instalación de sistemas de control eléctrico industrial,22,encargo-19,2,1,1,1
Electricidad,Instalación de sistemas de control eléctrico industrial,22,encargo-20,3,1,1,1
Electricidad,Instalación de sistemas de control eléctrico industrial,22,encargo-21,2,1,1,1
Electricidad,Instalación de sistemas de control eléctrico industrial,22,encargo-22,3,1,1,1
Electricidad,Instalación de sistemas de control eléctrico industrial,22,encargo-23,2,1,1,1
Electricidad,Instalación de sistemas de control eléctrico industrial,22,encargo-24,3,1,1,1
Electricidad,Instalación de sistemas de control eléctrico industrial,22,encargo-25,2,1,1,1
Electricidad,Instalación de sistemas de control eléctrico industrial,22,encargo-26,3,1,1,1
Electricidad,Instalación de sistemas de control eléctrico industrial,22,encargo-27,2,1,1,1
Electricidad,Instalación de sistemas de control eléctrico industrial,22,encargo-28,3,1,1,1
Electricidad,Instalación de sistemas de control eléctrico industrial,22,encargo-29,2,1,1,1
Electricidad,Instalación de sistemas de control eléctrico industrial,22,encargo-30,3,1,1,1
Electricidad,Instalación de sistemas de control eléctrico industrial,22,encargo-31,2,1,1,1
Electricidad,Instalación de sistemas de control eléctrico industrial,22,encargo-32,3,1,1,1
Electricidad,Instalación de sistemas de control eléctrico industrial,22,encargo-33,2,1,1,1
Electricidad,Instalación de sistemas de control eléctrico industrial,22,encargo-34,3,1,1,1
Electricidad,Instalación de sistemas de control eléctrico industrial,22,encargo-35,2,1,1,1
Electricidad,Instalación de sistemas de control eléctrico industrial,22,encargo-36,3,1,1,1
Electricidad,Instalación de sistemas de control eléctrico industrial,22,encargo-37,2,1,1,1
Electricidad,Instalación de sistemas de control eléctrico industrial,22,encargo-38,3,1,1,1
Electricidad,Instalación de sistemas de control eléctrico industrial,22,feedback,5,1,1,1
Electricidad,Instalaciones eléctricas industriales,23,context,1,1,1,1
Electricidad,Instalaciones eléctricas industriales,23,ae-1-1,2,1,1,1
Electricidad,Instalaciones eléctricas industriales,23,ae-1-2,2,1,1,1
Electricidad,Instalaciones eléctricas industriales,23,ae-1-3,2,1,1,1
Electricidad,Instalaciones eléctricas industriales,23,ae-1-4,2,1,1,1
Electricidad,Instalaciones eléctricas industriales,23,ae-1-5,2,1,1,1
Electricidad,Instalaciones eléctricas industriales,23,ae-1-6,2,1,1,1
Electricidad,Instalaciones eléctricas industriales,23,ae-2-1,2,1,1,1
Electricidad,Instalaciones eléctricas industriales,23,ae-2-2,2,1,1,1
Electricidad,Instalaciones eléctricas industriales,23,ae-2-3,2,1,1,1
Electricidad,Instalaciones eléctricas industriales,23,ae-2-4,2,1,1,1
Electricidad,Instalaciones eléctricas industriales,23,ae-2-5,2,1,1,1
Electricidad,Instalaciones eléctricas industriales,23,ae-2-6,2,1,1,1
Electricidad,Instalaciones eléctricas industriales,23,ae-3-1,2,1,1,1
Electricidad,Instalaciones eléctricas industriales,23,ae-3-2,2,1,1,1
Electricidad,Instalaciones eléctricas industriales,23,ae-3-3,2,1,1,1
Electricidad,Instalaciones eléctricas industriales,23,ae-3-4,2,1,1,1
Electricidad,Instalaciones eléctricas industriales,23,ae-3-5,2,1,1,1
Electricidad,Instalaciones eléctricas industriales,23,ae-3-6,2,1,1,1
Electricidad,Instalaciones eléctricas industriales,23,formative-1,3,1,1,1
Electricidad,Instalaciones eléctricas industriales,23,formative-2,3,1,1,1
Electricidad,Instalaciones eléctricas industriales,23,formative-3,3,1,1,1
Electricidad,Instalaciones eléctricas industriales,23,formative-4,3,1,1,1
Electricidad,Instalaciones eléctricas industriales,23,formative-5,3,1,1,1
Electricidad,Instalaciones eléctricas industriales,23,formative-6,3,1,1,1
Electricidad,Instalaciones eléctricas industriales,23,formative-7,3,1,1,1
Electricidad,Instalaciones eléctricas industriales,23,formative-8,3,1,1,1
Electricidad,Instalaciones eléctricas industriales,23,formative-9,3,1,1,1
Electricidad,Instalaciones eléctricas industriales,23,formative-10,3,1,1,1
Electricidad,Instalaciones eléctricas industriales,23,formative-11,3,1,1,1
Electricidad,Instalaciones eléctricas industriales,23,formative-12,3,1,1,1
Electricidad,Instalaciones eléctricas industriales,23,formative-13,3,1,1,1
Electricidad,Instalaciones eléctricas industriales,23,formative-14,3,1,1,1
Electricidad,Instalaciones eléctricas industriales,23,case-1,3,1,1,1
Electricidad,Instalaciones eléctricas industriales,23,case-2,3,1,1,1
Electricidad,Instalaciones eléctricas industriales,23,case-3,3,1,1,1
Electricidad,Instalaciones eléctricas industriales,23,case-4,3,1,1,1
Electricidad,Instalaciones eléctricas industriales,23,case-5,3,1,1,1
Electricidad,Instalaciones eléctricas industriales,23,case-6,3,1,1,1
Electricidad,Instalaciones eléctricas industriales,23,case-7,3,1,1,1
Electricidad,Instalaciones eléctricas industriales,23,case-8,3,1,1,1
Electricidad,Instalaciones eléctricas industriales,23,case-9,3,1,1,1
Electricidad,Instalaciones eléctricas industriales,23,case-10,3,1,1,1
Electricidad,Instalaciones eléctricas industriales,23,case-11,3,1,1,1
Electricidad,Instalaciones eléctricas industriales,23,case-12,3,1,1,1
Electricidad,Instalaciones eléctricas industriales,23,case-13,3,1,1,1
Electricidad,Instalaciones eléctricas industriales,23,case-14,3,1,1,1
Electricidad,Instalaciones eléctricas industriales,23,case-15,3,1,1,1
Electricidad,Instalaciones eléctricas industriales,23,scene,3,1,1,1
Electricidad,Instalaciones eléctricas industriales,23,question-1,4,1,1,1
Electricidad,Instalaciones eléctricas industriales,23,question-2,4,1,1,1
Electricidad,Instalaciones eléctricas industriales,23,question-3,4,1,1,1
Electricidad,Instalaciones eléctricas industriales,23,question-4,4,1,1,1
Electricidad,Instalaciones eléctricas industriales,23,question-5,4,1,1,1
Electricidad,Instalaciones eléctricas industriales,23,question-6,4,1,1,1
Electricidad,Instalaciones eléctricas industriales,23,question-7,4,1,1,1
Electricidad,Instalaciones eléctricas industriales,23,question-8,4,1,1,1
Electricidad,Instalaciones eléctricas industriales,23,question-9,4,1,1,1
Electricidad,Instalaciones eléctricas industriales,23,question-10,4,1,1,1
Electricidad,Instalaciones eléctricas industriales,23,question-11,4,1,1,1
Electricidad,Instalaciones eléctricas industriales,23,question-12,4,1,1,1
Electricidad,Instalaciones eléctricas industriales,23,question-13,4,1,1,1
Electricidad,Instalaciones eléctricas industriales,23,question-14,4,1,1,1
Electricidad,Instalaciones eléctricas industriales,23,question-15,4,1,1,1
Electricidad,Instalaciones eléctricas industriales,23,question-16,4,1,1,1
Electricidad,Instalaciones eléctricas industriales,23,question-17,4,1,1,1
Electricidad,Instalaciones eléctricas industriales,23,question-18,4,1,1,1
Electricidad,Instalaciones eléctricas industriales,23,question-19,4,1,1,1
Electricidad,Instalaciones eléctricas industriales,23,question-20,4,1,1,1
Electricidad,Instalaciones eléctricas industriales,23,question-21,4,1,1,1
Electricidad,Instalaciones eléctricas industriales,23,question-22,4,1,1,1
Electricidad,Instalaciones eléctricas industriales,23,question-23,4,1,1,1
Electricidad,Instalaciones eléctricas industriales,23,question-24,4,1,1,1
Electricidad,Instalaciones eléctricas industriales,23,question-25,4,1,1,1
Electricidad,Instalaciones eléctricas industriales,23,development,4,1,1,1
Electricidad,Instalaciones eléctricas industriales,23,practice,0,1,1,1
Electricidad,Instalaciones eléctricas industriales,23,encargo-1,2,1,1,1
Electricidad,Instalaciones eléctricas industriales,23,encargo-2,3,1,1,1
Electricidad,Instalaciones eléctricas industriales,23,encargo-3,2,1,1,1
Electricidad,Instalaciones eléctricas industriales,23,encargo-4,3,1,1,1
Electricidad,Instalaciones eléctricas industriales,23,encargo-5,2,1,1,1
Electricidad,Instalaciones eléctricas industriales,23,encargo-6,3,1,1,1
Electricidad,Instalaciones eléctricas industriales,23,encargo-7,2,1,1,1
Electricidad,Instalaciones eléctricas industriales,23,encargo-8,3,1,1,1
Electricidad,Instalaciones eléctricas industriales,23,encargo-9,2,1,1,1
Electricidad,Instalaciones eléctricas industriales,23,encargo-10,3,1,1,1
Electricidad,Instalaciones eléctricas industriales,23,encargo-11,2,1,1,1
Electricidad,Instalaciones eléctricas industriales,23,encargo-12,3,1,1,1
Electricidad,Instalaciones eléctricas industriales,23,encargo-13,2,1,1,1
Electricidad,Instalaciones eléctricas industriales,23,encargo-14,3,1,1,1
Electricidad,Instalaciones eléctricas industriales,23,encargo-15,2,1,1,1
Electricidad,Instalaciones eléctricas industriales,23,encargo-16,3,1,1,1
Electricidad,Instalaciones eléctricas industriales,23,encargo-17,2,1,1,1
Electricidad,Instalaciones eléctricas industriales,23,encargo-18,3,1,1,1
Electricidad,Instalaciones eléctricas industriales,23,encargo-19,2,1,1,1
Electricidad,Instalaciones eléctricas industriales,23,encargo-20,3,1,1,1
Electricidad,Instalaciones eléctricas industriales,23,encargo-21,2,1,1,1
Electricidad,Instalaciones eléctricas industriales,23,encargo-22,3,1,1,1
Electricidad,Instalaciones eléctricas industriales,23,encargo-23,2,1,1,1
Electricidad,Instalaciones eléctricas industriales,23,encargo-24,3,1,1,1
Electricidad,Instalaciones eléctricas industriales,23,encargo-25,2,1,1,1
Electricidad,Instalaciones eléctricas industriales,23,encargo-26,3,1,1,1
Electricidad,Instalaciones eléctricas industriales,23,encargo-27,2,1,1,1
Electricidad,Instalaciones eléctricas industriales,23,encargo-28,3,1,1,1
Electricidad,Instalaciones eléctricas industriales,23,encargo-29,2,1,1,1
Electricidad,Instalaciones eléctricas industriales,23,encargo-30,3,1,1,1
Electricidad,Instalaciones eléctricas industriales,23,encargo-31,2,1,1,1
Electricidad,Instalaciones eléctricas industriales,23,encargo-32,3,1,1,1
Electricidad,Instalaciones eléctricas industriales,23,encargo-33,2,1,1,1
Electricidad,Instalaciones eléctricas industriales,23,encargo-34,3,1,1,1
Electricidad,Instalaciones eléctricas industriales,23,encargo-35,2,1,1,1
Electricidad,Instalaciones eléctricas industriales,23,encargo-36,3,1,1,1
Electricidad,Instalaciones eléctricas industriales,23,encargo-37,2,1,1,1
Electricidad,Instalaciones eléctricas industriales,23,encargo-38,3,1,1,1
Electricidad,Instalaciones eléctricas industriales,23,feedback,5,1,1,1
Electricidad,Instalación de equipos electrónicos de potencia,24,context,1,1,1,1
Electricidad,Instalación de equipos electrónicos de potencia,24,ae-1-1,2,1,1,1
Electricidad,Instalación de equipos electrónicos de potencia,24,ae-1-2,2,1,1,1
Electricidad,Instalación de equipos electrónicos de potencia,24,ae-1-3,2,1,1,1
Electricidad,Instalación de equipos electrónicos de potencia,24,ae-1-4,2,1,1,1
Electricidad,Instalación de equipos electrónicos de potencia,24,ae-1-5,2,1,1,1
Electricidad,Instalación de equipos electrónicos de potencia,24,ae-1-6,2,1,1,1
Electricidad,Instalación de equipos electrónicos de potencia,24,ae-2-1,2,1,1,1
Electricidad,Instalación de equipos electrónicos de potencia,24,ae-2-2,2,1,1,1
Electricidad,Instalación de equipos electrónicos de potencia,24,ae-2-3,2,1,1,1
Electricidad,Instalación de equipos electrónicos de potencia,24,ae-2-4,2,1,1,1
Electricidad,Instalación de equipos electrónicos de potencia,24,ae-2-5,2,1,1,1
Electricidad,Instalación de equipos electrónicos de potencia,24,ae-2-6,2,1,1,1
Electricidad,Instalación de equipos electrónicos de potencia,24,formative-1,3,1,1,1
Electricidad,Instalación de equipos electrónicos de potencia,24,formative-2,3,1,1,1
Electricidad,Instalación de equipos electrónicos de potencia,24,formative-3,3,1,1,1
Electricidad,Instalación de equipos electrónicos de potencia,24,formative-4,3,1,1,1
Electricidad,Instalación de equipos electrónicos de potencia,24,formative-5,3,1,1,1
Electricidad,Instalación de equipos electrónicos de potencia,24,formative-6,3,1,1,1
Electricidad,Instalación de equipos electrónicos de potencia,24,formative-7,3,1,1,1
Electricidad,Instalación de equipos electrónicos de potencia,24,formative-8,3,1,1,1
Electricidad,Instalación de equipos electrónicos de potencia,24,formative-9,3,1,1,1
Electricidad,Instalación de equipos electrónicos de potencia,24,formative-10,3,1,1,1
Electricidad,Instalación de equipos electrónicos de potencia,24,formative-11,3,1,1,1
Electricidad,Instalación de equipos electrónicos de potencia,24,formative-12,3,1,1,1
Electricidad,Instalación de equipos electrónicos de potencia,24,formative-13,3,1,1,1
Electricidad,Instalación de equipos electrónicos de potencia,24,formative-14,3,1,1,1
Electricidad,Instalación de equipos electrónicos de potencia,24,case-1,3,1,1,1
Electricidad,Instalación de equipos electrónicos de potencia,24,case-2,3,1,1,1
Electricidad,Instalación de equipos electrónicos de potencia,24,case-3,3,1,1,1
Electricidad,Instalación de equipos electrónicos de potencia,24,case-4,3,1,1,1
Electricidad,Instalación de equipos electrónicos de potencia,24,case-5,3,1,1,1
Electricidad,Instalación de equipos electrónicos de potencia,24,case-6,3,1,1,1
Electricidad,Instalación de equipos electrónicos de potencia,24,case-7,3,1,1,1
Electricidad,Instalación de equipos electrónicos de potencia,24,case-8,3,1,1,1
Electricidad,Instalación de equipos electrónicos de potencia,24,case-9,3,1,1,1
Electricidad,Instalación de equipos electrónicos de potencia,24,case-10,3,1,1,1
Electricidad,Instalación de equipos electrónicos de potencia,24,case-11,3,1,1,1
Electricidad,Instalación de equipos electrónicos de potencia,24,case-12,3,1,1,1
Electricidad,Instalación de equipos electrónicos de potencia,24,case-13,3,1,1,1
Electricidad,Instalación de equipos electrónicos de potencia,24,case-14,3,1,1,1
Electricidad,Instalación de equipos electrónicos de potencia,24,case-15,3,1,1,1
Electricidad,Instalación de equipos electrónicos de potencia,24,scene,3,1,1,1
Electricidad,Instalación de equipos electrónicos de potencia,24,question-1,4,1,1,1
Electricidad,Instalación de equipos electrónicos de potencia,24,question-2,4,1,1,1
Electricidad,Instalación de equipos electrónicos de potencia,24,question-3,4,1,1,1
Electricidad,Instalación de equipos electrónicos de potencia,24,question-4,4,1,1,1
Electricidad,Instalación de equipos electrónicos de potencia,24,question-5,4,1,1,1
Electricidad,Instalación de equipos electrónicos de potencia,24,question-6,4,1,1,1
Electricidad,Instalación de equipos electrónicos de potencia,24,question-7,4,1,1,1
Electricidad,Instalación de equipos electrónicos de potencia,24,question-8,4,1,1,1
Electricidad,Instalación de equipos electrónicos de potencia,24,question-9,4,1,1,1
Electricidad,Instalación de equipos electrónicos de potencia,24,question-10,4,1,1,1
Electricidad,Instalación de equipos electrónicos de potencia,24,question-11,4,1,1,1
Electricidad,Instalación de equipos electrónicos de potencia,24,question-12,4,1,1,1
Electricidad,Instalación de equipos electrónicos de potencia,24,question-13,4,1,1,1
Electricidad,Instalación de equipos electrónicos de potencia,24,question-14,4,1,1,1
Electricidad,Instalación de equipos electrónicos de potencia,24,question-15,4,1,1,1
Electricidad,Instalación de equipos electrónicos de potencia,24,question-16,4,1,1,1
Electricidad,Instalación de equipos electrónicos de potencia,24,question-17,4,1,1,1
Electricidad,Instalación de equipos electrónicos de potencia,24,question-18,4,1,1,1
Electricidad,Instalación de equipos electrónicos de potencia,24,question-19,4,1,1,1
Electricidad,Instalación de equipos electrónicos de potencia,24,question-20,4,1,1,1
Electricidad,Instalación de equipos electrónicos de potencia,24,question-21,4,1,1,1
Electricidad,Instalación de equipos electrónicos de potencia,24,question-22,4,1,1,1
Electricidad,Instalación de equipos electrónicos de potencia,24,question-23,4,1,1,1
Electricidad,Instalación de equipos electrónicos de potencia,24,question-24,4,1,1,1
Electricidad,Instalación de equipos electrónicos de potencia,24,question-25,4,1,1,1
Electricidad,Instalación de equipos electrónicos de potencia,24,development,4,1,1,1
Electricidad,Instalación de equipos electrónicos de potencia,24,practice,0,1,1,1
Electricidad,Instalación de equipos electrónicos de potencia,24,encargo-1,2,1,1,1
Electricidad,Instalación de equipos electrónicos de potencia,24,encargo-2,3,1,1,1
Electricidad,Instalación de equipos electrónicos de potencia,24,encargo-3,2,1,1,1
Electricidad,Instalación de equipos electrónicos de potencia,24,encargo-4,3,1,1,1
Electricidad,Instalación de equipos electrónicos de potencia,24,encargo-5,2,1,1,1
Electricidad,Instalación de equipos electrónicos de potencia,24,encargo-6,3,1,1,1
Electricidad,Instalación de equipos electrónicos de potencia,24,encargo-7,2,1,1,1
Electricidad,Instalación de equipos electrónicos de potencia,24,encargo-8,3,1,1,1
Electricidad,Instalación de equipos electrónicos de potencia,24,encargo-9,2,1,1,1
Electricidad,Instalación de equipos electrónicos de potencia,24,encargo-10,3,1,1,1
Electricidad,Instalación de equipos electrónicos de potencia,24,encargo-11,2,1,1,1
Electricidad,Instalación de equipos electrónicos de potencia,24,encargo-12,3,1,1,1
Electricidad,Instalación de equipos electrónicos de potencia,24,encargo-13,2,1,1,1
Electricidad,Instalación de equipos electrónicos de potencia,24,encargo-14,3,1,1,1
Electricidad,Instalación de equipos electrónicos de potencia,24,encargo-15,2,1,1,1
Electricidad,Instalación de equipos electrónicos de potencia,24,encargo-16,3,1,1,1
Electricidad,Instalación de equipos electrónicos de potencia,24,encargo-17,2,1,1,1
Electricidad,Instalación de equipos electrónicos de potencia,24,encargo-18,3,1,1,1
Electricidad,Instalación de equipos electrónicos de potencia,24,encargo-19,2,1,1,1
Electricidad,Instalación de equipos electrónicos de potencia,24,encargo-20,3,1,1,1
Electricidad,Instalación de equipos electrónicos de potencia,24,encargo-21,2,1,1,1
Electricidad,Instalación de equipos electrónicos de potencia,24,encargo-22,3,1,1,1
Electricidad,Instalación de equipos electrónicos de potencia,24,encargo-23,2,1,1,1
Electricidad,Instalación de equipos electrónicos de potencia,24,encargo-24,3,1,1,1
Electricidad,Instalación de equipos electrónicos de potencia,24,encargo-25,2,1,1,1
Electricidad,Instalación de equipos electrónicos de potencia,24,feedback,5,1,1,1
Electricidad,Automatización de sistemas eléctricos industriales,25,context,1,1,1,1
Electricidad,Automatización de sistemas eléctricos industriales,25,ae-1-1,2,1,1,1
Electricidad,Automatización de sistemas eléctricos industriales,25,ae-1-2,2,1,1,1
Electricidad,Automatización de sistemas eléctricos industriales,25,ae-1-3,2,1,1,1
Electricidad,Automatización de sistemas eléctricos industriales,25,ae-1-4,2,1,1,1
Electricidad,Automatización de sistemas eléctricos industriales,25,ae-1-5,2,1,1,1
Electricidad,Automatización de sistemas eléctricos industriales,25,ae-1-6,2,1,1,1
Electricidad,Automatización de sistemas eléctricos industriales,25,ae-2-1,2,1,1,1
Electricidad,Automatización de sistemas eléctricos industriales,25,ae-2-2,2,1,1,1
Electricidad,Automatización de sistemas eléctricos industriales,25,ae-2-3,2,1,1,1
Electricidad,Automatización de sistemas eléctricos industriales,25,ae-2-4,2,1,1,1
Electricidad,Automatización de sistemas eléctricos industriales,25,ae-2-5,2,1,1,1
Electricidad,Automatización de sistemas eléctricos industriales,25,ae-2-6,2,1,1,1
Electricidad,Automatización de sistemas eléctricos industriales,25,formative-1,3,1,1,1
Electricidad,Automatización de sistemas eléctricos industriales,25,formative-2,3,1,1,1
Electricidad,Automatización de sistemas eléctricos industriales,25,formative-3,3,1,1,1
Electricidad,Automatización de sistemas eléctricos industriales,25,formative-4,3,1,1,1
Electricidad,Automatización de sistemas eléctricos industriales,25,formative-5,3,1,1,1
Electricidad,Automatización de sistemas eléctricos industriales,25,formative-6,3,1,1,1
Electricidad,Automatización de sistemas eléctricos industriales,25,formative-7,3,1,1,1
Electricidad,Automatización de sistemas eléctricos industriales,25,formative-8,3,1,1,1
Electricidad,Automatización de sistemas eléctricos industriales,25,formative-9,3,1,1,1
Electricidad,Automatización de sistemas eléctricos industriales,25,formative-10,3,1,1,1
Electricidad,Automatización de sistemas eléctricos industriales,25,formative-11,3,1,1,1
Electricidad,Automatización de sistemas eléctricos industriales,25,formative-12,3,1,1,1
Electricidad,Automatización de sistemas eléctricos industriales,25,formative-13,3,1,1,1
Electricidad,Automatización de sistemas eléctricos industriales,25,formative-14,3,1,1,1
Electricidad,Automatización de sistemas eléctricos industriales,25,case-1,3,1,1,1
Electricidad,Automatización de sistemas eléctricos industriales,25,case-2,3,1,1,1
Electricidad,Automatización de sistemas eléctricos industriales,25,case-3,3,1,1,1
Electricidad,Automatización de sistemas eléctricos industriales,25,case-4,3,1,1,1
Electricidad,Automatización de sistemas eléctricos industriales,25,case-5,3,1,1,1
Electricidad,Automatización de sistemas eléctricos industriales,25,case-6,3,1,1,1
Electricidad,Automatización de sistemas eléctricos industriales,25,case-7,3,1,1,1
Electricidad,Automatización de sistemas eléctricos industriales,25,case-8,3,1,1,1
Electricidad,Automatización de sistemas eléctricos industriales,25,case-9,3,1,1,1
Electricidad,Automatización de sistemas eléctricos industriales,25,case-10,3,1,1,1
Electricidad,Automatización de sistemas eléctricos industriales,25,case-11,3,1,1,1
Electricidad,Automatización de sistemas eléctricos industriales,25,case-12,3,1,1,1
Electricidad,Automatización de sistemas eléctricos industriales,25,case-13,3,1,1,1
Electricidad,Automatización de sistemas eléctricos industriales,25,case-14,3,1,1,1
Electricidad,Automatización de sistemas eléctricos industriales,25,case-15,3,1,1,1
Electricidad,Automatización de sistemas eléctricos industriales,25,scene,3,1,1,1
Electricidad,Automatización de sistemas eléctricos industriales,25,question-1,4,1,1,1
Electricidad,Automatización de sistemas eléctricos industriales,25,question-2,4,1,1,1
Electricidad,Automatización de sistemas eléctricos industriales,25,question-3,4,1,1,1
Electricidad,Automatización de sistemas eléctricos industriales,25,question-4,4,1,1,1
Electricidad,Automatización de sistemas eléctricos industriales,25,question-5,4,1,1,1
Electricidad,Automatización de sistemas eléctricos industriales,25,question-6,4,1,1,1
Electricidad,Automatización de sistemas eléctricos industriales,25,question-7,4,1,1,1
Electricidad,Automatización de sistemas eléctricos industriales,25,question-8,4,1,1,1
Electricidad,Automatización de sistemas eléctricos industriales,25,question-9,4,1,1,1
Electricidad,Automatización de sistemas eléctricos industriales,25,question-10,4,1,1,1
Electricidad,Automatización de sistemas eléctricos industriales,25,question-11,4,1,1,1
Electricidad,Automatización de sistemas eléctricos industriales,25,question-12,4,1,1,1
Electricidad,Automatización de sistemas eléctricos industriales,25,question-13,4,1,1,1
Electricidad,Automatización de sistemas eléctricos industriales,25,question-14,4,1,1,1
Electricidad,Automatización de sistemas eléctricos industriales,25,question-15,4,1,1,1
Electricidad,Automatización de sistemas eléctricos industriales,25,question-16,4,1,1,1
Electricidad,Automatización de sistemas eléctricos industriales,25,question-17,4,1,1,1
Electricidad,Automatización de sistemas eléctricos industriales,25,question-18,4,1,1,1
Electricidad,Automatización de sistemas eléctricos industriales,25,question-19,4,1,1,1
Electricidad,Automatización de sistemas eléctricos industriales,25,question-20,4,1,1,1
Electricidad,Automatización de sistemas eléctricos industriales,25,question-21,4,1,1,1
Electricidad,Automatización de sistemas eléctricos industriales,25,question-22,4,1,1,1
Electricidad,Automatización de sistemas eléctricos industriales,25,question-23,4,1,1,1
Electricidad,Automatización de sistemas eléctricos industriales,25,question-24,4,1,1,1
Electricidad,Automatización de sistemas eléctricos industriales,25,question-25,4,1,1,1
Electricidad,Automatización de sistemas eléctricos industriales,25,development,4,1,1,1
Electricidad,Automatización de sistemas eléctricos industriales,25,practice,0,1,1,1
Electricidad,Automatización de sistemas eléctricos industriales,25,encargo-1,2,1,1,1
Electricidad,Automatización de sistemas eléctricos industriales,25,encargo-2,3,1,1,1
Electricidad,Automatización de sistemas eléctricos industriales,25,encargo-3,2,1,1,1
Electricidad,Automatización de sistemas eléctricos industriales,25,encargo-4,3,1,1,1
Electricidad,Automatización de sistemas eléctricos industriales,25,encargo-5,2,1,1,1
Electricidad,Automatización de sistemas eléctricos industriales,25,encargo-6,3,1,1,1
Electricidad,Automatización de sistemas eléctricos industriales,25,encargo-7,2,1,1,1
Electricidad,Automatización de sistemas eléctricos industriales,25,encargo-8,3,1,1,1
Electricidad,Automatización de sistemas eléctricos industriales,25,encargo-9,2,1,1,1
Electricidad,Automatización de sistemas eléctricos industriales,25,encargo-10,3,1,1,1
Electricidad,Automatización de sistemas eléctricos industriales,25,encargo-11,2,1,1,1
Electricidad,Automatización de sistemas eléctricos industriales,25,encargo-12,3,1,1,1
Electricidad,Automatización de sistemas eléctricos industriales,25,encargo-13,2,1,1,1
Electricidad,Automatización de sistemas eléctricos industriales,25,encargo-14,3,1,1,1
Electricidad,Automatización de sistemas eléctricos industriales,25,encargo-15,2,1,1,1
Electricidad,Automatización de sistemas eléctricos industriales,25,encargo-16,3,1,1,1
Electricidad,Automatización de sistemas eléctricos industriales,25,encargo-17,2,1,1,1
Electricidad,Automatización de sistemas eléctricos industriales,25,encargo-18,3,1,1,1
Electricidad,Automatización de sistemas eléctricos industriales,25,encargo-19,2,1,1,1
Electricidad,Automatización de sistemas eléctricos industriales,25,encargo-20,3,1,1,1
Electricidad,Automatización de sistemas eléctricos industriales,25,encargo-21,2,1,1,1
Electricidad,Automatización de sistemas eléctricos industriales,25,encargo-22,3,1,1,1
Electricidad,Automatización de sistemas eléctricos industriales,25,encargo-23,2,1,1,1
Electricidad,Automatización de sistemas eléctricos industriales,25,encargo-24,3,1,1,1
Electricidad,Automatización de sistemas eléctricos industriales,25,encargo-25,2,1,1,1
Electricidad,Automatización de sistemas eléctricos industriales,25,feedback,5,1,1,1
Electricidad,Emprendimiento y empleabilidad,26,context,1,1,1,1
Electricidad,Emprendimiento y empleabilidad,26,ae-1-1,2,1,1,1
Electricidad,Emprendimiento y empleabilidad,26,ae-1-2,2,1,1,1
Electricidad,Emprendimiento y empleabilidad,26,ae-1-3,2,1,1,1
Electricidad,Emprendimiento y empleabilidad,26,ae-1-4,2,1,1,1
Electricidad,Emprendimiento y empleabilidad,26,ae-1-5,2,1,1,1
Electricidad,Emprendimiento y empleabilidad,26,ae-1-6,2,1,1,1
Electricidad,Emprendimiento y empleabilidad,26,ae-2-1,2,1,1,1
Electricidad,Emprendimiento y empleabilidad,26,ae-2-2,2,1,1,1
Electricidad,Emprendimiento y empleabilidad,26,ae-2-3,2,1,1,1
Electricidad,Emprendimiento y empleabilidad,26,ae-2-4,2,1,1,1
Electricidad,Emprendimiento y empleabilidad,26,ae-2-5,2,1,1,1
Electricidad,Emprendimiento y empleabilidad,26,ae-2-6,2,1,1,1
Electricidad,Emprendimiento y empleabilidad,26,ae-3-1,2,1,1,1
Electricidad,Emprendimiento y empleabilidad,26,ae-3-2,2,1,1,1
Electricidad,Emprendimiento y empleabilidad,26,ae-3-3,2,1,1,1
Electricidad,Emprendimiento y empleabilidad,26,ae-3-4,2,1,1,1
Electricidad,Emprendimiento y empleabilidad,26,ae-3-5,2,1,1,1
Electricidad,Emprendimiento y empleabilidad,26,ae-3-6,2,1,1,1
Electricidad,Emprendimiento y empleabilidad,26,ae-4-1,2,1,1,1
Electricidad,Emprendimiento y empleabilidad,26,ae-4-2,2,1,1,1
Electricidad,Emprendimiento y empleabilidad,26,ae-4-3,2,1,1,1
Electricidad,Emprendimiento y empleabilidad,26,ae-4-4,2,1,1,1
Electricidad,Emprendimiento y empleabilidad,26,ae-4-5,2,1,1,1
Electricidad,Emprendimiento y empleabilidad,26,ae-4-6,2,1,1,1
Electricidad,Emprendimiento y empleabilidad,26,formative-1,3,1,1,1
Electricidad,Emprendimiento y empleabilidad,26,formative-2,3,1,1,1
Electricidad,Emprendimiento y empleabilidad,26,formative-3,3,1,1,1
Electricidad,Emprendimiento y empleabilidad,26,formative-4,3,1,1,1
Electricidad,Emprendimiento y empleabilidad,26,formative-5,3,1,1,1
Electricidad,Emprendimiento y empleabilidad,26,formative-6,3,1,1,1
Electricidad,Emprendimiento y empleabilidad,26,formative-7,3,1,1,1
Electricidad,Emprendimiento y empleabilidad,26,formative-8,3,1,1,1
Electricidad,Emprendimiento y empleabilidad,26,formative-9,3,1,1,1
Electricidad,Emprendimiento y empleabilidad,26,formative-10,3,1,1,1
Electricidad,Emprendimiento y empleabilidad,26,formative-11,3,1,1,1
Electricidad,Emprendimiento y empleabilidad,26,formative-12,3,1,1,1
Electricidad,Emprendimiento y empleabilidad,26,formative-13,3,1,1,1
Electricidad,Emprendimiento y empleabilidad,26,formative-14,3,1,1,1
Electricidad,Emprendimiento y empleabilidad,26,case-1,3,1,1,1
Electricidad,Emprendimiento y empleabilidad,26,case-2,3,1,1,1
Electricidad,Emprendimiento y empleabilidad,26,case-3,3,1,1,1
Electricidad,Emprendimiento y empleabilidad,26,case-4,3,1,1,1
Electricidad,Emprendimiento y empleabilidad,26,case-5,3,1,1,1
Electricidad,Emprendimiento y empleabilidad,26,case-6,3,1,1,1
Electricidad,Emprendimiento y empleabilidad,26,case-7,3,1,1,1
Electricidad,Emprendimiento y empleabilidad,26,case-8,3,1,1,1
Electricidad,Emprendimiento y empleabilidad,26,case-9,3,1,1,1
Electricidad,Emprendimiento y empleabilidad,26,case-10,3,1,1,1
Electricidad,Emprendimiento y empleabilidad,26,case-11,3,1,1,1
Electricidad,Emprendimiento y empleabilidad,26,case-12,3,1,1,1
Electricidad,Emprendimiento y empleabilidad,26,case-13,3,1,1,1
Electricidad,Emprendimiento y empleabilidad,26,case-14,3,1,1,1
Electricidad,Emprendimiento y empleabilidad,26,case-15,3,1,1,1
Electricidad,Emprendimiento y empleabilidad,26,scene,3,1,1,1
Electricidad,Emprendimiento y empleabilidad,26,question-1,4,1,1,1
Electricidad,Emprendimiento y empleabilidad,26,question-2,4,1,1,1
Electricidad,Emprendimiento y empleabilidad,26,question-3,4,1,1,1
Electricidad,Emprendimiento y empleabilidad,26,question-4,4,1,1,1
Electricidad,Emprendimiento y empleabilidad,26,question-5,4,1,1,1
Electricidad,Emprendimiento y empleabilidad,26,question-6,4,1,1,1
Electricidad,Emprendimiento y empleabilidad,26,question-7,4,1,1,1
Electricidad,Emprendimiento y empleabilidad,26,question-8,4,1,1,1
Electricidad,Emprendimiento y empleabilidad,26,question-9,4,1,1,1
Electricidad,Emprendimiento y empleabilidad,26,question-10,4,1,1,1
Electricidad,Emprendimiento y empleabilidad,26,question-11,4,1,1,1
Electricidad,Emprendimiento y empleabilidad,26,question-12,4,1,1,1
Electricidad,Emprendimiento y empleabilidad,26,question-13,4,1,1,1
Electricidad,Emprendimiento y empleabilidad,26,question-14,4,1,1,1
Electricidad,Emprendimiento y empleabilidad,26,question-15,4,1,1,1
Electricidad,Emprendimiento y empleabilidad,26,question-16,4,1,1,1
Electricidad,Emprendimiento y empleabilidad,26,question-17,4,1,1,1
Electricidad,Emprendimiento y empleabilidad,26,question-18,4,1,1,1
Electricidad,Emprendimiento y empleabilidad,26,question-19,4,1,1,1
Electricidad,Emprendimiento y empleabilidad,26,question-20,4,1,1,1
Electricidad,Emprendimiento y empleabilidad,26,question-21,4,1,1,1
Electricidad,Emprendimiento y empleabilidad,26,question-22,4,1,1,1
Electricidad,Emprendimiento y empleabilidad,26,question-23,4,1,1,1
Electricidad,Emprendimiento y empleabilidad,26,question-24,4,1,1,1
Electricidad,Emprendimiento y empleabilidad,26,question-25,4,1,1,1
Electricidad,Emprendimiento y empleabilidad,26,development,4,1,1,1
Electricidad,Emprendimiento y empleabilidad,26,practice,0,1,1,1
Electricidad,Emprendimiento y empleabilidad,26,encargo-1,2,1,1,1
Electricidad,Emprendimiento y empleabilidad,26,encargo-2,3,1,1,1
Electricidad,Emprendimiento y empleabilidad,26,encargo-3,2,1,1,1
Electricidad,Emprendimiento y empleabilidad,26,encargo-4,3,1,1,1
Electricidad,Emprendimiento y empleabilidad,26,encargo-5,2,1,1,1
Electricidad,Emprendimiento y empleabilidad,26,encargo-6,3,1,1,1
Electricidad,Emprendimiento y empleabilidad,26,encargo-7,2,1,1,1
Electricidad,Emprendimiento y empleabilidad,26,encargo-8,3,1,1,1
Electricidad,Emprendimiento y empleabilidad,26,encargo-9,2,1,1,1
Electricidad,Emprendimiento y empleabilidad,26,encargo-10,3,1,1,1
Electricidad,Emprendimiento y empleabilidad,26,encargo-11,2,1,1,1
Electricidad,Emprendimiento y empleabilidad,26,encargo-12,3,1,1,1
Electricidad,Emprendimiento y empleabilidad,26,encargo-13,2,1,1,1
Electricidad,Emprendimiento y empleabilidad,26,feedback,5,1,1,1
"Atención de Enfermería, mención Adulto Mayor",Aplicación de cuidados básicos,9,context,1,1,1,1
"Atención de Enfermería, mención Adulto Mayor",Aplicación de cuidados básicos,9,ae-1-1,2,1,1,1
"Atención de Enfermería, mención Adulto Mayor",Aplicación de cuidados básicos,9,ae-1-2,2,1,1,1
"Atención de Enfermería, mención Adulto Mayor",Aplicación de cuidados básicos,9,ae-1-3,2,1,1,1
"Atención de Enfermería, mención Adulto Mayor",Aplicación de cuidados básicos,9,ae-1-4,2,1,1,1
"Atención de Enfermería, mención Adulto Mayor",Aplicación de cuidados básicos,9,ae-1-5,2,1,1,1
"Atención de Enfermería, mención Adulto Mayor",Aplicación de cuidados básicos,9,ae-1-6,2,1,1,1
"Atención de Enfermería, mención Adulto Mayor",Aplicación de cuidados básicos,9,ae-2-1,2,1,1,1
"Atención de Enfermería, mención Adulto Mayor",Aplicación de cuidados básicos,9,ae-2-2,2,1,1,1
"Atención de Enfermería, mención Adulto Mayor",Aplicación de cuidados básicos,9,ae-2-3,2,1,1,1
"Atención de Enfermería, mención Adulto Mayor",Aplicación de cuidados básicos,9,ae-2-4,2,1,1,1
"Atención de Enfermería, mención Adulto Mayor",Aplicación de cuidados básicos,9,ae-2-5,2,1,1,1
"Atención de Enfermería, mención Adulto Mayor",Aplicación de cuidados básicos,9,ae-2-6,2,1,1,1
"Atención de Enfermería, mención Adulto Mayor",Aplicación de cuidados básicos,9,ae-3-1,2,1,1,1
"Atención de Enfermería, mención Adulto Mayor",Aplicación de cuidados básicos,9,ae-3-2,2,1,1,1
"Atención de Enfermería, mención Adulto Mayor",Aplicación de cuidados básicos,9,ae-3-3,2,1,1,1
"Atención de Enfermería, mención Adulto Mayor",Aplicación de cuidados básicos,9,ae-3-4,2,1,1,1
"Atención de Enfermería, mención Adulto Mayor",Aplicación de cuidados básicos,9,ae-3-5,2,1,1,1
"Atención de Enfermería, mención Adulto Mayor",Aplicación de cuidados básicos,9,ae-3-6,2,1,1,1
"Atención de Enfermería, mención Adulto Mayor",Aplicación de cuidados básicos,9,formative-1,3,1,1,1
"Atención de Enfermería, mención Adulto Mayor",Aplicación de cuidados básicos,9,formative-2,3,1,1,1
"Atención de Enfermería, mención Adulto Mayor",Aplicación de cuidados básicos,9,formative-3,3,1,1,1
"Atención de Enfermería, mención Adulto Mayor",Aplicación de cuidados básicos,9,formative-4,3,1,1,1
"Atención de Enfermería, mención Adulto Mayor",Aplicación de cuidados básicos,9,formative-5,3,1,1,1
"Atención de Enfermería, mención Adulto Mayor",Aplicación de cuidados básicos,9,formative-6,3,1,1,1
"Atención de Enfermería, mención Adulto Mayor",Aplicación de cuidados básicos,9,formative-7,3,1,1,1
"Atención de Enfermería, mención Adulto Mayor",Aplicación de cuidados básicos,9,formative-8,3,1,1,1
"Atención de Enfermería, mención Adulto Mayor",Aplicación de cuidados básicos,9,formative-9,3,1,1,1
"Atención de Enfermería, mención Adulto Mayor",Aplicación de cuidados básicos,9,formative-10,3,1,1,1
"Atención de Enfermería, mención Adulto Mayor",Aplicación de cuidados básicos,9,formative-11,3,1,1,1
"Atención de Enfermería, mención Adulto Mayor",Aplicación de cuidados básicos,9,formative-12,3,1,1,1
"Atención de Enfermería, mención Adulto Mayor",Aplicación de cuidados básicos,9,formative-13,3,1,1,1
"Atención de Enfermería, mención Adulto Mayor",Aplicación de cuidados básicos,9,formative-14,3,1,1,1
"Atención de Enfermería, mención Adulto Mayor",Aplicación de cuidados básicos,9,case-1,3,1,1,1
"Atención de Enfermería, mención Adulto Mayor",Aplicación de cuidados básicos,9,case-2,3,1,1,1
"Atención de Enfermería, mención Adulto Mayor",Aplicación de cuidados básicos,9,case-3,3,1,1,1
"Atención de Enfermería, mención Adulto Mayor",Aplicación de cuidados básicos,9,case-4,3,1,1,1
"Atención de Enfermería, mención Adulto Mayor",Aplicación de cuidados básicos,9,case-5,3,1,1,1
"Atención de Enfermería, mención Adulto Mayor",Aplicación de cuidados básicos,9,case-6,3,1,1,1
"Atención de Enfermería, mención Adulto Mayor",Aplicación de cuidados básicos,9,case-7,3,1,1,1
"Atención de Enfermería, mención Adulto Mayor",Aplicación de cuidados básicos,9,case-8,3,1,1,1
"Atención de Enfermería, mención Adulto Mayor",Aplicación de cuidados básicos,9,case-9,3,1,1,1
"Atención de Enfermería, mención Adulto Mayor",Aplicación de cuidados básicos,9,case-10,3,1,1,1
"Atención de Enfermería, mención Adulto Mayor",Aplicación de cuidados básicos,9,case-11,3,1,1,1
"Atención de Enfermería, mención Adulto Mayor",Aplicación de cuidados básicos,9,case-12,3,1,1,1
"Atención de Enfermería, mención Adulto Mayor",Aplicación de cuidados básicos,9,case-13,3,1,1,1
"Atención de Enfermería, mención Adulto Mayor",Aplicación de cuidados básicos,9,case-14,3,1,1,1
"Atención de Enfermería, mención Adulto Mayor",Aplicación de cuidados básicos,9,case-15,3,1,1,1
"Atención de Enfermería, mención Adulto Mayor",Aplicación de cuidados básicos,9,scene,3,1,1,1
"Atención de Enfermería, mención Adulto Mayor",Aplicación de cuidados básicos,9,question-1,4,1,1,1
"Atención de Enfermería, mención Adulto Mayor",Aplicación de cuidados básicos,9,question-2,4,1,1,1
"Atención de Enfermería, mención Adulto Mayor",Aplicación de cuidados básicos,9,question-3,4,1,1,1
"Atención de Enfermería, mención Adulto Mayor",Aplicación de cuidados básicos,9,question-4,4,1,1,1
"Atención de Enfermería, mención Adulto Mayor",Aplicación de cuidados básicos,9,question-5,4,1,1,1
"Atención de Enfermería, mención Adulto Mayor",Aplicación de cuidados básicos,9,question-6,4,1,1,1
"Atención de Enfermería, mención Adulto Mayor",Aplicación de cuidados básicos,9,question-7,4,1,1,1
"Atención de Enfermería, mención Adulto Mayor",Aplicación de cuidados básicos,9,question-8,4,1,1,1
"Atención de Enfermería, mención Adulto Mayor",Aplicación de cuidados básicos,9,question-9,4,1,1,1
"Atención de Enfermería, mención Adulto Mayor",Aplicación de cuidados básicos,9,question-10,4,1,1,1
"Atención de Enfermería, mención Adulto Mayor",Aplicación de cuidados básicos,9,question-11,4,1,1,1
"Atención de Enfermería, mención Adulto Mayor",Aplicación de cuidados básicos,9,question-12,4,1,1,1
"Atención de Enfermería, mención Adulto Mayor",Aplicación de cuidados básicos,9,question-13,4,1,1,1
"Atención de Enfermería, mención Adulto Mayor",Aplicación de cuidados básicos,9,question-14,4,1,1,1
"Atención de Enfermería, mención Adulto Mayor",Aplicación de cuidados básicos,9,question-15,4,1,1,1
"Atención de Enfermería, mención Adulto Mayor",Aplicación de cuidados básicos,9,question-16,4,1,1,1
"Atención de Enfermería, mención Adulto Mayor",Aplicación de cuidados básicos,9,question-17,4,1,1,1
"Atención de Enfermería, mención Adulto Mayor",Aplicación de cuidados básicos,9,question-18,4,1,1,1
"Atención de Enfermería, mención Adulto Mayor",Aplicación de cuidados básicos,9,question-19,4,1,1,1
"Atención de Enfermería, mención Adulto Mayor",Aplicación de cuidados básicos,9,question-20,4,1,1,1
"Atención de Enfermería, mención Adulto Mayor",Aplicación de cuidados básicos,9,question-21,4,1,1,1
"Atención de Enfermería, mención Adulto Mayor",Aplicación de cuidados básicos,9,question-22,4,1,1,1
"Atención de Enfermería, mención Adulto Mayor",Aplicación de cuidados básicos,9,question-23,4,1,1,1
"Atención de Enfermería, mención Adulto Mayor",Aplicación de cuidados básicos,9,question-24,4,1,1,1
"Atención de Enfermería, mención Adulto Mayor",Aplicación de cuidados básicos,9,question-25,4,1,1,1
"Atención de Enfermería, mención Adulto Mayor",Aplicación de cuidados básicos,9,development,4,1,1,1
"Atención de Enfermería, mención Adulto Mayor",Aplicación de cuidados básicos,9,practice,0,1,1,1
"Atención de Enfermería, mención Adulto Mayor",Aplicación de cuidados básicos,9,encargo-1,2,1,1,1
"Atención de Enfermería, mención Adulto Mayor",Aplicación de cuidados básicos,9,encargo-2,3,1,1,1
"Atención de Enfermería, mención Adulto Mayor",Aplicación de cuidados básicos,9,encargo-3,2,1,1,1
"Atención de Enfermería, mención Adulto Mayor",Aplicación de cuidados básicos,9,encargo-4,3,1,1,1
"Atención de Enfermería, mención Adulto Mayor",Aplicación de cuidados básicos,9,encargo-5,2,1,1,1
"Atención de Enfermería, mención Adulto Mayor",Aplicación de cuidados básicos,9,encargo-6,3,1,1,1
"Atención de Enfermería, mención Adulto Mayor",Aplicación de cuidados básicos,9,encargo-7,2,1,1,1
"Atención de Enfermería, mención Adulto Mayor",Aplicación de cuidados básicos,9,encargo-8,3,1,1,1
"Atención de Enfermería, mención Adulto Mayor",Aplicación de cuidados básicos,9,encargo-9,2,1,1,1
"Atención de Enfermería, mención Adulto Mayor",Aplicación de cuidados básicos,9,encargo-10,3,1,1,1
"Atención de Enfermería, mención Adulto Mayor",Aplicación de cuidados básicos,9,encargo-11,2,1,1,1
"Atención de Enfermería, mención Adulto Mayor",Aplicación de cuidados básicos,9,encargo-12,3,1,1,1
"Atención de Enfermería, mención Adulto Mayor",Aplicación de cuidados básicos,9,encargo-13,2,1,1,1
"Atención de Enfermería, mención Adulto Mayor",Aplicación de cuidados básicos,9,encargo-14,3,1,1,1
"Atención de Enfermería, mención Adulto Mayor",Aplicación de cuidados básicos,9,encargo-15,2,1,1,1
"Atención de Enfermería, mención Adulto Mayor",Aplicación de cuidados básicos,9,encargo-16,3,1,1,1
"Atención de Enfermería, mención Adulto Mayor",Aplicación de cuidados básicos,9,encargo-17,2,1,1,1
"Atención de Enfermería, mención Adulto Mayor",Aplicación de cuidados básicos,9,encargo-18,3,1,1,1
"Atención de Enfermería, mención Adulto Mayor",Aplicación de cuidados básicos,9,encargo-19,2,1,1,1
"Atención de Enfermería, mención Adulto Mayor",Aplicación de cuidados básicos,9,encargo-20,3,1,1,1
"Atención de Enfermería, mención Adulto Mayor",Aplicación de cuidados básicos,9,encargo-21,2,1,1,1
"Atención de Enfermería, mención Adulto Mayor",Aplicación de cuidados básicos,9,encargo-22,3,1,1,1
"Atención de Enfermería, mención Adulto Mayor",Aplicación de cuidados básicos,9,encargo-23,2,1,1,1
"Atención de Enfermería, mención Adulto Mayor",Aplicación de cuidados básicos,9,encargo-24,3,1,1,1
"Atención de Enfermería, mención Adulto Mayor",Aplicación de cuidados básicos,9,encargo-25,2,1,1,1
"Atención de Enfermería, mención Adulto Mayor",Aplicación de cuidados básicos,9,encargo-26,3,1,1,1
"Atención de Enfermería, mención Adulto Mayor",Aplicación de cuidados básicos,9,encargo-27,2,1,1,1
"Atención de Enfermería, mención Adulto Mayor",Aplicación de cuidados básicos,9,encargo-28,3,1,1,1
"Atención de Enfermería, mención Adulto Mayor",Aplicación de cuidados básicos,9,encargo-29,2,1,1,1
"Atención de Enfermería, mención Adulto Mayor",Aplicación de cuidados básicos,9,encargo-30,3,1,1,1
"Atención de Enfermería, mención Adulto Mayor",Aplicación de cuidados básicos,9,encargo-31,2,1,1,1
"Atención de Enfermería, mención Adulto Mayor",Aplicación de cuidados básicos,9,encargo-32,3,1,1,1
"Atención de Enfermería, mención Adulto Mayor",Aplicación de cuidados básicos,9,encargo-33,2,1,1,1
"Atención de Enfermería, mención Adulto Mayor",Aplicación de cuidados básicos,9,encargo-34,3,1,1,1
"Atención de Enfermería, mención Adulto Mayor",Aplicación de cuidados básicos,9,encargo-35,2,1,1,1
"Atención de Enfermería, mención Adulto Mayor",Aplicación de cuidados básicos,9,encargo-36,3,1,1,1
"Atención de Enfermería, mención Adulto Mayor",Aplicación de cuidados básicos,9,encargo-37,2,1,1,1
"Atención de Enfermería, mención Adulto Mayor",Aplicación de cuidados básicos,9,encargo-38,3,1,1,1
"Atención de Enfermería, mención Adulto Mayor",Aplicación de cuidados básicos,9,feedback,5,1,1,1
"Atención de Enfermería, mención Adulto Mayor",Medición y control de parámetros básicos en salud,10,context,1,1,1,1
"Atención de Enfermería, mención Adulto Mayor",Medición y control de parámetros básicos en salud,10,ae-1-1,2,1,1,1
"Atención de Enfermería, mención Adulto Mayor",Medición y control de parámetros básicos en salud,10,ae-1-2,2,1,1,1
"Atención de Enfermería, mención Adulto Mayor",Medición y control de parámetros básicos en salud,10,ae-1-3,2,1,1,1
"Atención de Enfermería, mención Adulto Mayor",Medición y control de parámetros básicos en salud,10,ae-1-4,2,1,1,1
"Atención de Enfermería, mención Adulto Mayor",Medición y control de parámetros básicos en salud,10,ae-1-5,2,1,1,1
"Atención de Enfermería, mención Adulto Mayor",Medición y control de parámetros básicos en salud,10,ae-1-6,2,1,1,1
"Atención de Enfermería, mención Adulto Mayor",Medición y control de parámetros básicos en salud,10,ae-2-1,2,1,1,1
"Atención de Enfermería, mención Adulto Mayor",Medición y control de parámetros básicos en salud,10,ae-2-2,2,1,1,1
"Atención de Enfermería, mención Adulto Mayor",Medición y control de parámetros básicos en salud,10,ae-2-3,2,1,1,1
"Atención de Enfermería, mención Adulto Mayor",Medición y control de parámetros básicos en salud,10,ae-2-4,2,1,1,1
"Atención de Enfermería, mención Adulto Mayor",Medición y control de parámetros básicos en salud,10,ae-2-5,2,1,1,1
"Atención de Enfermería, mención Adulto Mayor",Medición y control de parámetros básicos en salud,10,ae-2-6,2,1,1,1
"Atención de Enfermería, mención Adulto Mayor",Medición y control de parámetros básicos en salud,10,ae-3-1,2,1,1,1
"Atención de Enfermería, mención Adulto Mayor",Medición y control de parámetros básicos en salud,10,ae-3-2,2,1,1,1
"Atención de Enfermería, mención Adulto Mayor",Medición y control de parámetros básicos en salud,10,ae-3-3,2,1,1,1
"Atención de Enfermería, mención Adulto Mayor",Medición y control de parámetros básicos en salud,10,ae-3-4,2,1,1,1
"Atención de Enfermería, mención Adulto Mayor",Medición y control de parámetros básicos en salud,10,ae-3-5,2,1,1,1
"Atención de Enfermería, mención Adulto Mayor",Medición y control de parámetros básicos en salud,10,ae-3-6,2,1,1,1
"Atención de Enfermería, mención Adulto Mayor",Medición y control de parámetros básicos en salud,10,formative-1,3,1,1,1
"Atención de Enfermería, mención Adulto Mayor",Medición y control de parámetros básicos en salud,10,formative-2,3,1,1,1
"Atención de Enfermería, mención Adulto Mayor",Medición y control de parámetros básicos en salud,10,formative-3,3,1,1,1
"Atención de Enfermería, mención Adulto Mayor",Medición y control de parámetros básicos en salud,10,formative-4,3,1,1,1
"Atención de Enfermería, mención Adulto Mayor",Medición y control de parámetros básicos en salud,10,formative-5,3,1,1,1
"Atención de Enfermería, mención Adulto Mayor",Medición y control de parámetros básicos en salud,10,formative-6,3,1,1,1
"Atención de Enfermería, mención Adulto Mayor",Medición y control de parámetros básicos en salud,10,formative-7,3,1,1,1
"Atención de Enfermería, mención Adulto Mayor",Medición y control de parámetros básicos en salud,10,formative-8,3,1,1,1
"Atención de Enfermería, mención Adulto Mayor",Medición y control de parámetros básicos en salud,10,formative-9,3,1,1,1
"Atención de Enfermería, mención Adulto Mayor",Medición y control de parámetros básicos en salud,10,formative-10,3,1,1,1
"Atención de Enfermería, mención Adulto Mayor",Medición y control de parámetros básicos en salud,10,formative-11,3,1,1,1
"Atención de Enfermería, mención Adulto Mayor",Medición y control de parámetros básicos en salud,10,formative-12,3,1,1,1
"Atención de Enfermería, mención Adulto Mayor",Medición y control de parámetros básicos en salud,10,formative-13,3,1,1,1
"Atención de Enfermería, mención Adulto Mayor",Medición y control de parámetros básicos en salud,10,formative-14,3,1,1,1
"Atención de Enfermería, mención Adulto Mayor",Medición y control de parámetros básicos en salud,10,case-1,3,1,1,1
"Atención de Enfermería, mención Adulto Mayor",Medición y control de parámetros básicos en salud,10,case-2,3,1,1,1
"Atención de Enfermería, mención Adulto Mayor",Medición y control de parámetros básicos en salud,10,case-3,3,1,1,1
"Atención de Enfermería, mención Adulto Mayor",Medición y control de parámetros básicos en salud,10,case-4,3,1,1,1
"Atención de Enfermería, mención Adulto Mayor",Medición y control de parámetros básicos en salud,10,case-5,3,1,1,1
"Atención de Enfermería, mención Adulto Mayor",Medición y control de parámetros básicos en salud,10,case-6,3,1,1,1
"Atención de Enfermería, mención Adulto Mayor",Medición y control de parámetros básicos en salud,10,case-7,3,1,1,1
"Atención de Enfermería, mención Adulto Mayor",Medición y control de parámetros básicos en salud,10,case-8,3,1,1,1
"Atención de Enfermería, mención Adulto Mayor",Medición y control de parámetros básicos en salud,10,case-9,3,1,1,1
"Atención de Enfermería, mención Adulto Mayor",Medición y control de parámetros básicos en salud,10,case-10,3,1,1,1
"Atención de Enfermería, mención Adulto Mayor",Medición y control de parámetros básicos en salud,10,case-11,3,1,1,1
"Atención de Enfermería, mención Adulto Mayor",Medición y control de parámetros básicos en salud,10,case-12,3,1,1,1
"Atención de Enfermería, mención Adulto Mayor",Medición y control de parámetros básicos en salud,10,case-13,3,1,1,1
"Atención de Enfermería, mención Adulto Mayor",Medición y control de parámetros básicos en salud,10,case-14,3,1,1,1
"Atención de Enfermería, mención Adulto Mayor",Medición y control de parámetros básicos en salud,10,case-15,3,1,1,1
"Atención de Enfermería, mención Adulto Mayor",Medición y control de parámetros básicos en salud,10,scene,3,1,1,1
"Atención de Enfermería, mención Adulto Mayor",Medición y control de parámetros básicos en salud,10,question-1,4,1,1,1
"Atención de Enfermería, mención Adulto Mayor",Medición y control de parámetros básicos en salud,10,question-2,4,1,1,1
"Atención de Enfermería, mención Adulto Mayor",Medición y control de parámetros básicos en salud,10,question-3,4,1,1,1
"Atención de Enfermería, mención Adulto Mayor",Medición y control de parámetros básicos en salud,10,question-4,4,1,1,1
"Atención de Enfermería, mención Adulto Mayor",Medición y control de parámetros básicos en salud,10,question-5,4,1,1,1
"Atención de Enfermería, mención Adulto Mayor",Medición y control de parámetros básicos en salud,10,question-6,4,1,1,1
"Atención de Enfermería, mención Adulto Mayor",Medición y control de parámetros básicos en salud,10,question-7,4,1,1,1
"Atención de Enfermería, mención Adulto Mayor",Medición y control de parámetros básicos en salud,10,question-8,4,1,1,1
"Atención de Enfermería, mención Adulto Mayor",Medición y control de parámetros básicos en salud,10,question-9,4,1,1,1
"Atención de Enfermería, mención Adulto Mayor",Medición y control de parámetros básicos en salud,10,question-10,4,1,1,1
"Atención de Enfermería, mención Adulto Mayor",Medición y control de parámetros básicos en salud,10,question-11,4,1,1,1
"Atención de Enfermería, mención Adulto Mayor",Medición y control de parámetros básicos en salud,10,question-12,4,1,1,1
"Atención de Enfermería, mención Adulto Mayor",Medición y control de parámetros básicos en salud,10,question-13,4,1,1,1
"Atención de Enfermería, mención Adulto Mayor",Medición y control de parámetros básicos en salud,10,question-14,4,1,1,1
"Atención de Enfermería, mención Adulto Mayor",Medición y control de parámetros básicos en salud,10,question-15,4,1,1,1
"Atención de Enfermería, mención Adulto Mayor",Medición y control de parámetros básicos en salud,10,question-16,4,1,1,1
"Atención de Enfermería, mención Adulto Mayor",Medición y control de parámetros básicos en salud,10,question-17,4,1,1,1
"Atención de Enfermería, mención Adulto Mayor",Medición y control de parámetros básicos en salud,10,question-18,4,1,1,1
"Atención de Enfermería, mención Adulto Mayor",Medición y control de parámetros básicos en salud,10,question-19,4,1,1,1
"Atención de Enfermería, mención Adulto Mayor",Medición y control de parámetros básicos en salud,10,question-20,4,1,1,1
"Atención de Enfermería, mención Adulto Mayor",Medición y control de parámetros básicos en salud,10,question-21,4,1,1,1
"Atención de Enfermería, mención Adulto Mayor",Medición y control de parámetros básicos en salud,10,question-22,4,1,1,1
"Atención de Enfermería, mención Adulto Mayor",Medición y control de parámetros básicos en salud,10,question-23,4,1,1,1
"Atención de Enfermería, mención Adulto Mayor",Medición y control de parámetros básicos en salud,10,question-24,4,1,1,1
"Atención de Enfermería, mención Adulto Mayor",Medición y control de parámetros básicos en salud,10,question-25,4,1,1,1
"Atención de Enfermería, mención Adulto Mayor",Medición y control de parámetros básicos en salud,10,development,4,1,1,1
"Atención de Enfermería, mención Adulto Mayor",Medición y control de parámetros básicos en salud,10,practice,0,1,1,1
"Atención de Enfermería, mención Adulto Mayor",Medición y control de parámetros básicos en salud,10,encargo-1,2,1,1,1
"Atención de Enfermería, mención Adulto Mayor",Medición y control de parámetros básicos en salud,10,encargo-2,3,1,1,1
"Atención de Enfermería, mención Adulto Mayor",Medición y control de parámetros básicos en salud,10,encargo-3,2,1,1,1
"Atención de Enfermería, mención Adulto Mayor",Medición y control de parámetros básicos en salud,10,encargo-4,3,1,1,1
"Atención de Enfermería, mención Adulto Mayor",Medición y control de parámetros básicos en salud,10,encargo-5,2,1,1,1
"Atención de Enfermería, mención Adulto Mayor",Medición y control de parámetros básicos en salud,10,encargo-6,3,1,1,1
"Atención de Enfermería, mención Adulto Mayor",Medición y control de parámetros básicos en salud,10,encargo-7,2,1,1,1
"Atención de Enfermería, mención Adulto Mayor",Medición y control de parámetros básicos en salud,10,encargo-8,3,1,1,1
"Atención de Enfermería, mención Adulto Mayor",Medición y control de parámetros básicos en salud,10,encargo-9,2,1,1,1
"Atención de Enfermería, mención Adulto Mayor",Medición y control de parámetros básicos en salud,10,encargo-10,3,1,1,1
"Atención de Enfermería, mención Adulto Mayor",Medición y control de parámetros básicos en salud,10,encargo-11,2,1,1,1
"Atención de Enfermería, mención Adulto Mayor",Medición y control de parámetros básicos en salud,10,encargo-12,3,1,1,1
"Atención de Enfermería, mención Adulto Mayor",Medición y control de parámetros básicos en salud,10,encargo-13,2,1,1,1
"Atención de Enfermería, mención Adulto Mayor",Medición y control de parámetros básicos en salud,10,encargo-14,3,1,1,1
"Atención de Enfermería, mención Adulto Mayor",Medición y control de parámetros básicos en salud,10,encargo-15,2,1,1,1
"Atención de Enfermería, mención Adulto Mayor",Medición y control de parámetros básicos en salud,10,encargo-16,3,1,1,1
"Atención de Enfermería, mención Adulto Mayor",Medición y control de parámetros básicos en salud,10,encargo-17,2,1,1,1
"Atención de Enfermería, mención Adulto Mayor",Medición y control de parámetros básicos en salud,10,encargo-18,3,1,1,1
"Atención de Enfermería, mención Adulto Mayor",Medición y control de parámetros básicos en salud,10,encargo-19,2,1,1,1
"Atención de Enfermería, mención Adulto Mayor",Medición y control de parámetros básicos en salud,10,encargo-20,3,1,1,1
"Atención de Enfermería, mención Adulto Mayor",Medición y control de parámetros básicos en salud,10,encargo-21,2,1,1,1
"Atención de Enfermería, mención Adulto Mayor",Medición y control de parámetros básicos en salud,10,encargo-22,3,1,1,1
"Atención de Enfermería, mención Adulto Mayor",Medición y control de parámetros básicos en salud,10,encargo-23,2,1,1,1
"Atención de Enfermería, mención Adulto Mayor",Medición y control de parámetros básicos en salud,10,encargo-24,3,1,1,1
"Atención de Enfermería, mención Adulto Mayor",Medición y control de parámetros básicos en salud,10,encargo-25,2,1,1,1
"Atención de Enfermería, mención Adulto Mayor",Medición y control de parámetros básicos en salud,10,feedback,5,1,1,1
"Atención de Enfermería, mención Adulto Mayor",Promoción de la salud y prevención de la enfermedad,11,context,1,1,1,1
"Atención de Enfermería, mención Adulto Mayor",Promoción de la salud y prevención de la enfermedad,11,ae-1-1,2,1,1,1
"Atención de Enfermería, mención Adulto Mayor",Promoción de la salud y prevención de la enfermedad,11,ae-1-2,2,1,1,1
"Atención de Enfermería, mención Adulto Mayor",Promoción de la salud y prevención de la enfermedad,11,ae-1-3,2,1,1,1
"Atención de Enfermería, mención Adulto Mayor",Promoción de la salud y prevención de la enfermedad,11,ae-1-4,2,1,1,1
"Atención de Enfermería, mención Adulto Mayor",Promoción de la salud y prevención de la enfermedad,11,ae-1-5,2,1,1,1
"Atención de Enfermería, mención Adulto Mayor",Promoción de la salud y prevención de la enfermedad,11,ae-1-6,2,1,1,1
"Atención de Enfermería, mención Adulto Mayor",Promoción de la salud y prevención de la enfermedad,11,ae-2-1,2,1,1,1
"Atención de Enfermería, mención Adulto Mayor",Promoción de la salud y prevención de la enfermedad,11,ae-2-2,2,1,1,1
"Atención de Enfermería, mención Adulto Mayor",Promoción de la salud y prevención de la enfermedad,11,ae-2-3,2,1,1,1
"Atención de Enfermería, mención Adulto Mayor",Promoción de la salud y prevención de la enfermedad,11,ae-2-4,2,1,1,1
"Atención de Enfermería, mención Adulto Mayor",Promoción de la salud y prevención de la enfermedad,11,ae-2-5,2,1,1,1
"Atención de Enfermería, mención Adulto Mayor",Promoción de la salud y prevención de la enfermedad,11,ae-2-6,2,1,1,1
"Atención de Enfermería, mención Adulto Mayor",Promoción de la salud y prevención de la enfermedad,11,ae-3-1,2,1,1,1
"Atención de Enfermería, mención Adulto Mayor",Promoción de la salud y prevención de la enfermedad,11,ae-3-2,2,1,1,1
"Atención de Enfermería, mención Adulto Mayor",Promoción de la salud y prevención de la enfermedad,11,ae-3-3,2,1,1,1
"Atención de Enfermería, mención Adulto Mayor",Promoción de la salud y prevención de la enfermedad,11,ae-3-4,2,1,1,1
"Atención de Enfermería, mención Adulto Mayor",Promoción de la salud y prevención de la enfermedad,11,ae-3-5,2,1,1,1
"Atención de Enfermería, mención Adulto Mayor",Promoción de la salud y prevención de la enfermedad,11,ae-3-6,2,1,1,1
"Atención de Enfermería, mención Adulto Mayor",Promoción de la salud y prevención de la enfermedad,11,formative-1,3,1,1,1
"Atención de Enfermería, mención Adulto Mayor",Promoción de la salud y prevención de la enfermedad,11,formative-2,3,1,1,1
"Atención de Enfermería, mención Adulto Mayor",Promoción de la salud y prevención de la enfermedad,11,formative-3,3,1,1,1
"Atención de Enfermería, mención Adulto Mayor",Promoción de la salud y prevención de la enfermedad,11,formative-4,3,1,1,1
"Atención de Enfermería, mención Adulto Mayor",Promoción de la salud y prevención de la enfermedad,11,formative-5,3,1,1,1
"Atención de Enfermería, mención Adulto Mayor",Promoción de la salud y prevención de la enfermedad,11,formative-6,3,1,1,1
"Atención de Enfermería, mención Adulto Mayor",Promoción de la salud y prevención de la enfermedad,11,formative-7,3,1,1,1
"Atención de Enfermería, mención Adulto Mayor",Promoción de la salud y prevención de la enfermedad,11,formative-8,3,1,1,1
"Atención de Enfermería, mención Adulto Mayor",Promoción de la salud y prevención de la enfermedad,11,formative-9,3,1,1,1
"Atención de Enfermería, mención Adulto Mayor",Promoción de la salud y prevención de la enfermedad,11,formative-10,3,1,1,1
"Atención de Enfermería, mención Adulto Mayor",Promoción de la salud y prevención de la enfermedad,11,formative-11,3,1,1,1
"Atención de Enfermería, mención Adulto Mayor",Promoción de la salud y prevención de la enfermedad,11,formative-12,3,1,1,1
"Atención de Enfermería, mención Adulto Mayor",Promoción de la salud y prevención de la enfermedad,11,formative-13,3,1,1,1
"Atención de Enfermería, mención Adulto Mayor",Promoción de la salud y prevención de la enfermedad,11,formative-14,3,1,1,1
"Atención de Enfermería, mención Adulto Mayor",Promoción de la salud y prevención de la enfermedad,11,case-1,3,1,1,1
"Atención de Enfermería, mención Adulto Mayor",Promoción de la salud y prevención de la enfermedad,11,case-2,3,1,1,1
"Atención de Enfermería, mención Adulto Mayor",Promoción de la salud y prevención de la enfermedad,11,case-3,3,1,1,1
"Atención de Enfermería, mención Adulto Mayor",Promoción de la salud y prevención de la enfermedad,11,case-4,3,1,1,1
"Atención de Enfermería, mención Adulto Mayor",Promoción de la salud y prevención de la enfermedad,11,case-5,3,1,1,1
"Atención de Enfermería, mención Adulto Mayor",Promoción de la salud y prevención de la enfermedad,11,case-6,3,1,1,1
"Atención de Enfermería, mención Adulto Mayor",Promoción de la salud y prevención de la enfermedad,11,case-7,3,1,1,1
"Atención de Enfermería, mención Adulto Mayor",Promoción de la salud y prevención de la enfermedad,11,case-8,3,1,1,1
"Atención de Enfermería, mención Adulto Mayor",Promoción de la salud y prevención de la enfermedad,11,case-9,3,1,1,1
"Atención de Enfermería, mención Adulto Mayor",Promoción de la salud y prevención de la enfermedad,11,case-10,3,1,1,1
"Atención de Enfermería, mención Adulto Mayor",Promoción de la salud y prevención de la enfermedad,11,case-11,3,1,1,1
"Atención de Enfermería, mención Adulto Mayor",Promoción de la salud y prevención de la enfermedad,11,case-12,3,1,1,1
"Atención de Enfermería, mención Adulto Mayor",Promoción de la salud y prevención de la enfermedad,11,case-13,3,1,1,1
"Atención de Enfermería, mención Adulto Mayor",Promoción de la salud y prevención de la enfermedad,11,case-14,3,1,1,1
"Atención de Enfermería, mención Adulto Mayor",Promoción de la salud y prevención de la enfermedad,11,case-15,3,1,1,1
"Atención de Enfermería, mención Adulto Mayor",Promoción de la salud y prevención de la enfermedad,11,scene,3,1,1,1
"Atención de Enfermería, mención Adulto Mayor",Promoción de la salud y prevención de la enfermedad,11,question-1,4,1,1,1
"Atención de Enfermería, mención Adulto Mayor",Promoción de la salud y prevención de la enfermedad,11,question-2,4,1,1,1
"Atención de Enfermería, mención Adulto Mayor",Promoción de la salud y prevención de la enfermedad,11,question-3,4,1,1,1
"Atención de Enfermería, mención Adulto Mayor",Promoción de la salud y prevención de la enfermedad,11,question-4,4,1,1,1
"Atención de Enfermería, mención Adulto Mayor",Promoción de la salud y prevención de la enfermedad,11,question-5,4,1,1,1
"Atención de Enfermería, mención Adulto Mayor",Promoción de la salud y prevención de la enfermedad,11,question-6,4,1,1,1
"Atención de Enfermería, mención Adulto Mayor",Promoción de la salud y prevención de la enfermedad,11,question-7,4,1,1,1
"Atención de Enfermería, mención Adulto Mayor",Promoción de la salud y prevención de la enfermedad,11,question-8,4,1,1,1
"Atención de Enfermería, mención Adulto Mayor",Promoción de la salud y prevención de la enfermedad,11,question-9,4,1,1,1
"Atención de Enfermería, mención Adulto Mayor",Promoción de la salud y prevención de la enfermedad,11,question-10,4,1,1,1
"Atención de Enfermería, mención Adulto Mayor",Promoción de la salud y prevención de la enfermedad,11,question-11,4,1,1,1
"Atención de Enfermería, mención Adulto Mayor",Promoción de la salud y prevención de la enfermedad,11,question-12,4,1,1,1
"Atención de Enfermería, mención Adulto Mayor",Promoción de la salud y prevención de la enfermedad,11,question-13,4,1,1,1
"Atención de Enfermería, mención Adulto Mayor",Promoción de la salud y prevención de la enfermedad,11,question-14,4,1,1,1
"Atención de Enfermería, mención Adulto Mayor",Promoción de la salud y prevención de la enfermedad,11,question-15,4,1,1,1
"Atención de Enfermería, mención Adulto Mayor",Promoción de la salud y prevención de la enfermedad,11,question-16,4,1,1,1
"Atención de Enfermería, mención Adulto Mayor",Promoción de la salud y prevención de la enfermedad,11,question-17,4,1,1,1
"Atención de Enfermería, mención Adulto Mayor",Promoción de la salud y prevención de la enfermedad,11,question-18,4,1,1,1
"Atención de Enfermería, mención Adulto Mayor",Promoción de la salud y prevención de la enfermedad,11,question-19,4,1,1,1
"Atención de Enfermería, mención Adulto Mayor",Promoción de la salud y prevención de la enfermedad,11,question-20,4,1,1,1
"Atención de Enfermería, mención Adulto Mayor",Promoción de la salud y prevención de la enfermedad,11,question-21,4,1,1,1
"Atención de Enfermería, mención Adulto Mayor",Promoción de la salud y prevención de la enfermedad,11,question-22,4,1,1,1
"Atención de Enfermería, mención Adulto Mayor",Promoción de la salud y prevención de la enfermedad,11,question-23,4,1,1,1
"Atención de Enfermería, mención Adulto Mayor",Promoción de la salud y prevención de la enfermedad,11,question-24,4,1,1,1
"Atención de Enfermería, mención Adulto Mayor",Promoción de la salud y prevención de la enfermedad,11,question-25,4,1,1,1
"Atención de Enfermería, mención Adulto Mayor",Promoción de la salud y prevención de la enfermedad,11,development,4,1,1,1
"Atención de Enfermería, mención Adulto Mayor",Promoción de la salud y prevención de la enfermedad,11,practice,0,1,1,1
"Atención de Enfermería, mención Adulto Mayor",Promoción de la salud y prevención de la enfermedad,11,encargo-1,2,1,1,1
"Atención de Enfermería, mención Adulto Mayor",Promoción de la salud y prevención de la enfermedad,11,encargo-2,3,1,1,1
"Atención de Enfermería, mención Adulto Mayor",Promoción de la salud y prevención de la enfermedad,11,encargo-3,2,1,1,1
"Atención de Enfermería, mención Adulto Mayor",Promoción de la salud y prevención de la enfermedad,11,encargo-4,3,1,1,1
"Atención de Enfermería, mención Adulto Mayor",Promoción de la salud y prevención de la enfermedad,11,encargo-5,2,1,1,1
"Atención de Enfermería, mención Adulto Mayor",Promoción de la salud y prevención de la enfermedad,11,encargo-6,3,1,1,1
"Atención de Enfermería, mención Adulto Mayor",Promoción de la salud y prevención de la enfermedad,11,encargo-7,2,1,1,1
"Atención de Enfermería, mención Adulto Mayor",Promoción de la salud y prevención de la enfermedad,11,encargo-8,3,1,1,1
"Atención de Enfermería, mención Adulto Mayor",Promoción de la salud y prevención de la enfermedad,11,encargo-9,2,1,1,1
"Atención de Enfermería, mención Adulto Mayor",Promoción de la salud y prevención de la enfermedad,11,encargo-10,3,1,1,1
"Atención de Enfermería, mención Adulto Mayor",Promoción de la salud y prevención de la enfermedad,11,encargo-11,2,1,1,1
"Atención de Enfermería, mención Adulto Mayor",Promoción de la salud y prevención de la enfermedad,11,encargo-12,3,1,1,1
"Atención de Enfermería, mención Adulto Mayor",Promoción de la salud y prevención de la enfermedad,11,encargo-13,2,1,1,1
"Atención de Enfermería, mención Adulto Mayor",Promoción de la salud y prevención de la enfermedad,11,encargo-14,3,1,1,1
"Atención de Enfermería, mención Adulto Mayor",Promoción de la salud y prevención de la enfermedad,11,encargo-15,2,1,1,1
"Atención de Enfermería, mención Adulto Mayor",Promoción de la salud y prevención de la enfermedad,11,encargo-16,3,1,1,1
"Atención de Enfermería, mención Adulto Mayor",Promoción de la salud y prevención de la enfermedad,11,encargo-17,2,1,1,1
"Atención de Enfermería, mención Adulto Mayor",Promoción de la salud y prevención de la enfermedad,11,encargo-18,3,1,1,1
"Atención de Enfermería, mención Adulto Mayor",Promoción de la salud y prevención de la enfermedad,11,encargo-19,2,1,1,1
"Atención de Enfermería, mención Adulto Mayor",Promoción de la salud y prevención de la enfermedad,11,encargo-20,3,1,1,1
"Atención de Enfermería, mención Adulto Mayor",Promoción de la salud y prevención de la enfermedad,11,encargo-21,2,1,1,1
"Atención de Enfermería, mención Adulto Mayor",Promoción de la salud y prevención de la enfermedad,11,encargo-22,3,1,1,1
"Atención de Enfermería, mención Adulto Mayor",Promoción de la salud y prevención de la enfermedad,11,encargo-23,2,1,1,1
"Atención de Enfermería, mención Adulto Mayor",Promoción de la salud y prevención de la enfermedad,11,encargo-24,3,1,1,1
"Atención de Enfermería, mención Adulto Mayor",Promoción de la salud y prevención de la enfermedad,11,encargo-25,2,1,1,1
"Atención de Enfermería, mención Adulto Mayor",Promoción de la salud y prevención de la enfermedad,11,encargo-26,3,1,1,1
"Atención de Enfermería, mención Adulto Mayor",Promoción de la salud y prevención de la enfermedad,11,encargo-27,2,1,1,1
"Atención de Enfermería, mención Adulto Mayor",Promoción de la salud y prevención de la enfermedad,11,encargo-28,3,1,1,1
"Atención de Enfermería, mención Adulto Mayor",Promoción de la salud y prevención de la enfermedad,11,encargo-29,2,1,1,1
"Atención de Enfermería, mención Adulto Mayor",Promoción de la salud y prevención de la enfermedad,11,encargo-30,3,1,1,1
"Atención de Enfermería, mención Adulto Mayor",Promoción de la salud y prevención de la enfermedad,11,encargo-31,2,1,1,1
"Atención de Enfermería, mención Adulto Mayor",Promoción de la salud y prevención de la enfermedad,11,encargo-32,3,1,1,1
"Atención de Enfermería, mención Adulto Mayor",Promoción de la salud y prevención de la enfermedad,11,feedback,5,1,1,1
"Atención de Enfermería, mención Adulto Mayor",Higiene y bioseguridad del ambiente,12,context,1,1,1,1
"Atención de Enfermería, mención Adulto Mayor",Higiene y bioseguridad del ambiente,12,ae-1-1,2,1,1,1
"Atención de Enfermería, mención Adulto Mayor",Higiene y bioseguridad del ambiente,12,ae-1-2,2,1,1,1
"Atención de Enfermería, mención Adulto Mayor",Higiene y bioseguridad del ambiente,12,ae-1-3,2,1,1,1
"Atención de Enfermería, mención Adulto Mayor",Higiene y bioseguridad del ambiente,12,ae-1-4,2,1,1,1
"Atención de Enfermería, mención Adulto Mayor",Higiene y bioseguridad del ambiente,12,ae-1-5,2,1,1,1
"Atención de Enfermería, mención Adulto Mayor",Higiene y bioseguridad del ambiente,12,ae-1-6,2,1,1,1
"Atención de Enfermería, mención Adulto Mayor",Higiene y bioseguridad del ambiente,12,ae-2-1,2,1,1,1
"Atención de Enfermería, mención Adulto Mayor",Higiene y bioseguridad del ambiente,12,ae-2-2,2,1,1,1
"Atención de Enfermería, mención Adulto Mayor",Higiene y bioseguridad del ambiente,12,ae-2-3,2,1,1,1
"Atención de Enfermería, mención Adulto Mayor",Higiene y bioseguridad del ambiente,12,ae-2-4,2,1,1,1
"Atención de Enfermería, mención Adulto Mayor",Higiene y bioseguridad del ambiente,12,ae-2-5,2,1,1,1
"Atención de Enfermería, mención Adulto Mayor",Higiene y bioseguridad del ambiente,12,ae-2-6,2,1,1,1
"Atención de Enfermería, mención Adulto Mayor",Higiene y bioseguridad del ambiente,12,formative-1,3,1,1,1
"Atención de Enfermería, mención Adulto Mayor",Higiene y bioseguridad del ambiente,12,formative-2,3,1,1,1
"Atención de Enfermería, mención Adulto Mayor",Higiene y bioseguridad del ambiente,12,formative-3,3,1,1,1
"Atención de Enfermería, mención Adulto Mayor",Higiene y bioseguridad del ambiente,12,formative-4,3,1,1,1
"Atención de Enfermería, mención Adulto Mayor",Higiene y bioseguridad del ambiente,12,formative-5,3,1,1,1
"Atención de Enfermería, mención Adulto Mayor",Higiene y bioseguridad del ambiente,12,formative-6,3,1,1,1
"Atención de Enfermería, mención Adulto Mayor",Higiene y bioseguridad del ambiente,12,formative-7,3,1,1,1
"Atención de Enfermería, mención Adulto Mayor",Higiene y bioseguridad del ambiente,12,formative-8,3,1,1,1
"Atención de Enfermería, mención Adulto Mayor",Higiene y bioseguridad del ambiente,12,formative-9,3,1,1,1
"Atención de Enfermería, mención Adulto Mayor",Higiene y bioseguridad del ambiente,12,formative-10,3,1,1,1
"Atención de Enfermería, mención Adulto Mayor",Higiene y bioseguridad del ambiente,12,formative-11,3,1,1,1
"Atención de Enfermería, mención Adulto Mayor",Higiene y bioseguridad del ambiente,12,formative-12,3,1,1,1
"Atención de Enfermería, mención Adulto Mayor",Higiene y bioseguridad del ambiente,12,formative-13,3,1,1,1
"Atención de Enfermería, mención Adulto Mayor",Higiene y bioseguridad del ambiente,12,formative-14,3,1,1,1
"Atención de Enfermería, mención Adulto Mayor",Higiene y bioseguridad del ambiente,12,case-1,3,1,1,1
"Atención de Enfermería, mención Adulto Mayor",Higiene y bioseguridad del ambiente,12,case-2,3,1,1,1
"Atención de Enfermería, mención Adulto Mayor",Higiene y bioseguridad del ambiente,12,case-3,3,1,1,1
"Atención de Enfermería, mención Adulto Mayor",Higiene y bioseguridad del ambiente,12,case-4,3,1,1,1
"Atención de Enfermería, mención Adulto Mayor",Higiene y bioseguridad del ambiente,12,case-5,3,1,1,1
"Atención de Enfermería, mención Adulto Mayor",Higiene y bioseguridad del ambiente,12,case-6,3,1,1,1
"Atención de Enfermería, mención Adulto Mayor",Higiene y bioseguridad del ambiente,12,case-7,3,1,1,1
"Atención de Enfermería, mención Adulto Mayor",Higiene y bioseguridad del ambiente,12,case-8,3,1,1,1
"Atención de Enfermería, mención Adulto Mayor",Higiene y bioseguridad del ambiente,12,case-9,3,1,1,1
"Atención de Enfermería, mención Adulto Mayor",Higiene y bioseguridad del ambiente,12,case-10,3,1,1,1
"Atención de Enfermería, mención Adulto Mayor",Higiene y bioseguridad del ambiente,12,case-11,3,1,1,1
"Atención de Enfermería, mención Adulto Mayor",Higiene y bioseguridad del ambiente,12,case-12,3,1,1,1
"Atención de Enfermería, mención Adulto Mayor",Higiene y bioseguridad del ambiente,12,case-13,3,1,1,1
"Atención de Enfermería, mención Adulto Mayor",Higiene y bioseguridad del ambiente,12,case-14,3,1,1,1
"Atención de Enfermería, mención Adulto Mayor",Higiene y bioseguridad del ambiente,12,case-15,3,1,1,1
"Atención de Enfermería, mención Adulto Mayor",Higiene y bioseguridad del ambiente,12,scene,3,1,1,1
"Atención de Enfermería, mención Adulto Mayor",Higiene y bioseguridad del ambiente,12,question-1,4,1,1,1
"Atención de Enfermería, mención Adulto Mayor",Higiene y bioseguridad del ambiente,12,question-2,4,1,1,1
"Atención de Enfermería, mención Adulto Mayor",Higiene y bioseguridad del ambiente,12,question-3,4,1,1,1
"Atención de Enfermería, mención Adulto Mayor",Higiene y bioseguridad del ambiente,12,question-4,4,1,1,1
"Atención de Enfermería, mención Adulto Mayor",Higiene y bioseguridad del ambiente,12,question-5,4,1,1,1
"Atención de Enfermería, mención Adulto Mayor",Higiene y bioseguridad del ambiente,12,question-6,4,1,1,1
"Atención de Enfermería, mención Adulto Mayor",Higiene y bioseguridad del ambiente,12,question-7,4,1,1,1
"Atención de Enfermería, mención Adulto Mayor",Higiene y bioseguridad del ambiente,12,question-8,4,1,1,1
"Atención de Enfermería, mención Adulto Mayor",Higiene y bioseguridad del ambiente,12,question-9,4,1,1,1
"Atención de Enfermería, mención Adulto Mayor",Higiene y bioseguridad del ambiente,12,question-10,4,1,1,1
"Atención de Enfermería, mención Adulto Mayor",Higiene y bioseguridad del ambiente,12,question-11,4,1,1,1
"Atención de Enfermería, mención Adulto Mayor",Higiene y bioseguridad del ambiente,12,question-12,4,1,1,1
"Atención de Enfermería, mención Adulto Mayor",Higiene y bioseguridad del ambiente,12,question-13,4,1,1,1
"Atención de Enfermería, mención Adulto Mayor",Higiene y bioseguridad del ambiente,12,question-14,4,1,1,1
"Atención de Enfermería, mención Adulto Mayor",Higiene y bioseguridad del ambiente,12,question-15,4,1,1,1
"Atención de Enfermería, mención Adulto Mayor",Higiene y bioseguridad del ambiente,12,question-16,4,1,1,1
"Atención de Enfermería, mención Adulto Mayor",Higiene y bioseguridad del ambiente,12,question-17,4,1,1,1
"Atención de Enfermería, mención Adulto Mayor",Higiene y bioseguridad del ambiente,12,question-18,4,1,1,1
"Atención de Enfermería, mención Adulto Mayor",Higiene y bioseguridad del ambiente,12,question-19,4,1,1,1
"Atención de Enfermería, mención Adulto Mayor",Higiene y bioseguridad del ambiente,12,question-20,4,1,1,1
"Atención de Enfermería, mención Adulto Mayor",Higiene y bioseguridad del ambiente,12,question-21,4,1,1,1
"Atención de Enfermería, mención Adulto Mayor",Higiene y bioseguridad del ambiente,12,question-22,4,1,1,1
"Atención de Enfermería, mención Adulto Mayor",Higiene y bioseguridad del ambiente,12,question-23,4,1,1,1
"Atención de Enfermería, mención Adulto Mayor",Higiene y bioseguridad del ambiente,12,question-24,4,1,1,1
"Atención de Enfermería, mención Adulto Mayor",Higiene y bioseguridad del ambiente,12,question-25,4,1,1,1
"Atención de Enfermería, mención Adulto Mayor",Higiene y bioseguridad del ambiente,12,development,4,1,1,1
"Atención de Enfermería, mención Adulto Mayor",Higiene y bioseguridad del ambiente,12,practice,0,1,1,1
"Atención de Enfermería, mención Adulto Mayor",Higiene y bioseguridad del ambiente,12,encargo-1,2,1,1,1
"Atención de Enfermería, mención Adulto Mayor",Higiene y bioseguridad del ambiente,12,encargo-2,3,1,1,1
"Atención de Enfermería, mención Adulto Mayor",Higiene y bioseguridad del ambiente,12,encargo-3,2,1,1,1
"Atención de Enfermería, mención Adulto Mayor",Higiene y bioseguridad del ambiente,12,encargo-4,3,1,1,1
"Atención de Enfermería, mención Adulto Mayor",Higiene y bioseguridad del ambiente,12,encargo-5,2,1,1,1
"Atención de Enfermería, mención Adulto Mayor",Higiene y bioseguridad del ambiente,12,encargo-6,3,1,1,1
"Atención de Enfermería, mención Adulto Mayor",Higiene y bioseguridad del ambiente,12,encargo-7,2,1,1,1
"Atención de Enfermería, mención Adulto Mayor",Higiene y bioseguridad del ambiente,12,encargo-8,3,1,1,1
"Atención de Enfermería, mención Adulto Mayor",Higiene y bioseguridad del ambiente,12,encargo-9,2,1,1,1
"Atención de Enfermería, mención Adulto Mayor",Higiene y bioseguridad del ambiente,12,encargo-10,3,1,1,1
"Atención de Enfermería, mención Adulto Mayor",Higiene y bioseguridad del ambiente,12,encargo-11,2,1,1,1
"Atención de Enfermería, mención Adulto Mayor",Higiene y bioseguridad del ambiente,12,encargo-12,3,1,1,1
"Atención de Enfermería, mención Adulto Mayor",Higiene y bioseguridad del ambiente,12,encargo-13,2,1,1,1
"Atención de Enfermería, mención Adulto Mayor",Higiene y bioseguridad del ambiente,12,encargo-14,3,1,1,1
"Atención de Enfermería, mención Adulto Mayor",Higiene y bioseguridad del ambiente,12,encargo-15,2,1,1,1
"Atención de Enfermería, mención Adulto Mayor",Higiene y bioseguridad del ambiente,12,encargo-16,3,1,1,1
"Atención de Enfermería, mención Adulto Mayor",Higiene y bioseguridad del ambiente,12,encargo-17,2,1,1,1
"Atención de Enfermería, mención Adulto Mayor",Higiene y bioseguridad del ambiente,12,encargo-18,3,1,1,1
"Atención de Enfermería, mención Adulto Mayor",Higiene y bioseguridad del ambiente,12,encargo-19,2,1,1,1
"Atención de Enfermería, mención Adulto Mayor",Higiene y bioseguridad del ambiente,12,encargo-20,3,1,1,1
"Atención de Enfermería, mención Adulto Mayor",Higiene y bioseguridad del ambiente,12,encargo-21,2,1,1,1
"Atención de Enfermería, mención Adulto Mayor",Higiene y bioseguridad del ambiente,12,encargo-22,3,1,1,1
"Atención de Enfermería, mención Adulto Mayor",Higiene y bioseguridad del ambiente,12,encargo-23,2,1,1,1
"Atención de Enfermería, mención Adulto Mayor",Higiene y bioseguridad del ambiente,12,encargo-24,3,1,1,1
"Atención de Enfermería, mención Adulto Mayor",Higiene y bioseguridad del ambiente,12,encargo-25,2,1,1,1
"Atención de Enfermería, mención Adulto Mayor",Higiene y bioseguridad del ambiente,12,encargo-26,3,1,1,1
"Atención de Enfermería, mención Adulto Mayor",Higiene y bioseguridad del ambiente,12,encargo-27,2,1,1,1
"Atención de Enfermería, mención Adulto Mayor",Higiene y bioseguridad del ambiente,12,encargo-28,3,1,1,1
"Atención de Enfermería, mención Adulto Mayor",Higiene y bioseguridad del ambiente,12,encargo-29,2,1,1,1
"Atención de Enfermería, mención Adulto Mayor",Higiene y bioseguridad del ambiente,12,encargo-30,3,1,1,1
"Atención de Enfermería, mención Adulto Mayor",Higiene y bioseguridad del ambiente,12,encargo-31,2,1,1,1
"Atención de Enfermería, mención Adulto Mayor",Higiene y bioseguridad del ambiente,12,encargo-32,3,1,1,1
"Atención de Enfermería, mención Adulto Mayor",Higiene y bioseguridad del ambiente,12,feedback,5,1,1,1
"Atención de Enfermería, mención Adulto Mayor",Sistemas de registro e información en salud,27,context,1,1,1,1
"Atención de Enfermería, mención Adulto Mayor",Sistemas de registro e información en salud,27,ae-1-1,2,1,1,1
"Atención de Enfermería, mención Adulto Mayor",Sistemas de registro e información en salud,27,ae-1-2,2,1,1,1
"Atención de Enfermería, mención Adulto Mayor",Sistemas de registro e información en salud,27,ae-1-3,2,1,1,1
"Atención de Enfermería, mención Adulto Mayor",Sistemas de registro e información en salud,27,ae-1-4,2,1,1,1
"Atención de Enfermería, mención Adulto Mayor",Sistemas de registro e información en salud,27,ae-1-5,2,1,1,1
"Atención de Enfermería, mención Adulto Mayor",Sistemas de registro e información en salud,27,ae-1-6,2,1,1,1
"Atención de Enfermería, mención Adulto Mayor",Sistemas de registro e información en salud,27,ae-2-1,2,1,1,1
"Atención de Enfermería, mención Adulto Mayor",Sistemas de registro e información en salud,27,ae-2-2,2,1,1,1
"Atención de Enfermería, mención Adulto Mayor",Sistemas de registro e información en salud,27,ae-2-3,2,1,1,1
"Atención de Enfermería, mención Adulto Mayor",Sistemas de registro e información en salud,27,ae-2-4,2,1,1,1
"Atención de Enfermería, mención Adulto Mayor",Sistemas de registro e información en salud,27,ae-2-5,2,1,1,1
"Atención de Enfermería, mención Adulto Mayor",Sistemas de registro e información en salud,27,ae-2-6,2,1,1,1
"Atención de Enfermería, mención Adulto Mayor",Sistemas de registro e información en salud,27,ae-3-1,2,1,1,1
"Atención de Enfermería, mención Adulto Mayor",Sistemas de registro e información en salud,27,ae-3-2,2,1,1,1
"Atención de Enfermería, mención Adulto Mayor",Sistemas de registro e información en salud,27,ae-3-3,2,1,1,1
"Atención de Enfermería, mención Adulto Mayor",Sistemas de registro e información en salud,27,ae-3-4,2,1,1,1
"Atención de Enfermería, mención Adulto Mayor",Sistemas de registro e información en salud,27,ae-3-5,2,1,1,1
"Atención de Enfermería, mención Adulto Mayor",Sistemas de registro e información en salud,27,ae-3-6,2,1,1,1
"Atención de Enfermería, mención Adulto Mayor",Sistemas de registro e información en salud,27,formative-1,3,1,1,1
"Atención de Enfermería, mención Adulto Mayor",Sistemas de registro e información en salud,27,formative-2,3,1,1,1
"Atención de Enfermería, mención Adulto Mayor",Sistemas de registro e información en salud,27,formative-3,3,1,1,1
"Atención de Enfermería, mención Adulto Mayor",Sistemas de registro e información en salud,27,formative-4,3,1,1,1
"Atención de Enfermería, mención Adulto Mayor",Sistemas de registro e información en salud,27,formative-5,3,1,1,1
"Atención de Enfermería, mención Adulto Mayor",Sistemas de registro e información en salud,27,formative-6,3,1,1,1
"Atención de Enfermería, mención Adulto Mayor",Sistemas de registro e información en salud,27,formative-7,3,1,1,1
"Atención de Enfermería, mención Adulto Mayor",Sistemas de registro e información en salud,27,formative-8,3,1,1,1
"Atención de Enfermería, mención Adulto Mayor",Sistemas de registro e información en salud,27,formative-9,3,1,1,1
"Atención de Enfermería, mención Adulto Mayor",Sistemas de registro e información en salud,27,formative-10,3,1,1,1
"Atención de Enfermería, mención Adulto Mayor",Sistemas de registro e información en salud,27,formative-11,3,1,1,1
"Atención de Enfermería, mención Adulto Mayor",Sistemas de registro e información en salud,27,formative-12,3,1,1,1
"Atención de Enfermería, mención Adulto Mayor",Sistemas de registro e información en salud,27,formative-13,3,1,1,1
"Atención de Enfermería, mención Adulto Mayor",Sistemas de registro e información en salud,27,formative-14,3,1,1,1
"Atención de Enfermería, mención Adulto Mayor",Sistemas de registro e información en salud,27,case-1,3,1,1,1
"Atención de Enfermería, mención Adulto Mayor",Sistemas de registro e información en salud,27,case-2,3,1,1,1
"Atención de Enfermería, mención Adulto Mayor",Sistemas de registro e información en salud,27,case-3,3,1,1,1
"Atención de Enfermería, mención Adulto Mayor",Sistemas de registro e información en salud,27,case-4,3,1,1,1
"Atención de Enfermería, mención Adulto Mayor",Sistemas de registro e información en salud,27,case-5,3,1,1,1
"Atención de Enfermería, mención Adulto Mayor",Sistemas de registro e información en salud,27,case-6,3,1,1,1
"Atención de Enfermería, mención Adulto Mayor",Sistemas de registro e información en salud,27,case-7,3,1,1,1
"Atención de Enfermería, mención Adulto Mayor",Sistemas de registro e información en salud,27,case-8,3,1,1,1
"Atención de Enfermería, mención Adulto Mayor",Sistemas de registro e información en salud,27,case-9,3,1,1,1
"Atención de Enfermería, mención Adulto Mayor",Sistemas de registro e información en salud,27,case-10,3,1,1,1
"Atención de Enfermería, mención Adulto Mayor",Sistemas de registro e información en salud,27,case-11,3,1,1,1
"Atención de Enfermería, mención Adulto Mayor",Sistemas de registro e información en salud,27,case-12,3,1,1,1
"Atención de Enfermería, mención Adulto Mayor",Sistemas de registro e información en salud,27,case-13,3,1,1,1
"Atención de Enfermería, mención Adulto Mayor",Sistemas de registro e información en salud,27,case-14,3,1,1,1
"Atención de Enfermería, mención Adulto Mayor",Sistemas de registro e información en salud,27,case-15,3,1,1,1
"Atención de Enfermería, mención Adulto Mayor",Sistemas de registro e información en salud,27,scene,3,1,1,1
"Atención de Enfermería, mención Adulto Mayor",Sistemas de registro e información en salud,27,question-1,4,1,1,1
"Atención de Enfermería, mención Adulto Mayor",Sistemas de registro e información en salud,27,question-2,4,1,1,1
"Atención de Enfermería, mención Adulto Mayor",Sistemas de registro e información en salud,27,question-3,4,1,1,1
"Atención de Enfermería, mención Adulto Mayor",Sistemas de registro e información en salud,27,question-4,4,1,1,1
"Atención de Enfermería, mención Adulto Mayor",Sistemas de registro e información en salud,27,question-5,4,1,1,1
"Atención de Enfermería, mención Adulto Mayor",Sistemas de registro e información en salud,27,question-6,4,1,1,1
"Atención de Enfermería, mención Adulto Mayor",Sistemas de registro e información en salud,27,question-7,4,1,1,1
"Atención de Enfermería, mención Adulto Mayor",Sistemas de registro e información en salud,27,question-8,4,1,1,1
"Atención de Enfermería, mención Adulto Mayor",Sistemas de registro e información en salud,27,question-9,4,1,1,1
"Atención de Enfermería, mención Adulto Mayor",Sistemas de registro e información en salud,27,question-10,4,1,1,1
"Atención de Enfermería, mención Adulto Mayor",Sistemas de registro e información en salud,27,question-11,4,1,1,1
"Atención de Enfermería, mención Adulto Mayor",Sistemas de registro e información en salud,27,question-12,4,1,1,1
"Atención de Enfermería, mención Adulto Mayor",Sistemas de registro e información en salud,27,question-13,4,1,1,1
"Atención de Enfermería, mención Adulto Mayor",Sistemas de registro e información en salud,27,question-14,4,1,1,1
"Atención de Enfermería, mención Adulto Mayor",Sistemas de registro e información en salud,27,question-15,4,1,1,1
"Atención de Enfermería, mención Adulto Mayor",Sistemas de registro e información en salud,27,question-16,4,1,1,1
"Atención de Enfermería, mención Adulto Mayor",Sistemas de registro e información en salud,27,question-17,4,1,1,1
"Atención de Enfermería, mención Adulto Mayor",Sistemas de registro e información en salud,27,question-18,4,1,1,1
"Atención de Enfermería, mención Adulto Mayor",Sistemas de registro e información en salud,27,question-19,4,1,1,1
"Atención de Enfermería, mención Adulto Mayor",Sistemas de registro e información en salud,27,question-20,4,1,1,1
"Atención de Enfermería, mención Adulto Mayor",Sistemas de registro e información en salud,27,question-21,4,1,1,1
"Atención de Enfermería, mención Adulto Mayor",Sistemas de registro e información en salud,27,question-22,4,1,1,1
"Atención de Enfermería, mención Adulto Mayor",Sistemas de registro e información en salud,27,question-23,4,1,1,1
"Atención de Enfermería, mención Adulto Mayor",Sistemas de registro e información en salud,27,question-24,4,1,1,1
"Atención de Enfermería, mención Adulto Mayor",Sistemas de registro e información en salud,27,question-25,4,1,1,1
"Atención de Enfermería, mención Adulto Mayor",Sistemas de registro e información en salud,27,development,4,1,1,1
"Atención de Enfermería, mención Adulto Mayor",Sistemas de registro e información en salud,27,practice,0,1,1,1
"Atención de Enfermería, mención Adulto Mayor",Sistemas de registro e información en salud,27,encargo-1,2,1,1,1
"Atención de Enfermería, mención Adulto Mayor",Sistemas de registro e información en salud,27,encargo-2,3,1,1,1
"Atención de Enfermería, mención Adulto Mayor",Sistemas de registro e información en salud,27,encargo-3,2,1,1,1
"Atención de Enfermería, mención Adulto Mayor",Sistemas de registro e información en salud,27,encargo-4,3,1,1,1
"Atención de Enfermería, mención Adulto Mayor",Sistemas de registro e información en salud,27,encargo-5,2,1,1,1
"Atención de Enfermería, mención Adulto Mayor",Sistemas de registro e información en salud,27,encargo-6,3,1,1,1
"Atención de Enfermería, mención Adulto Mayor",Sistemas de registro e información en salud,27,encargo-7,2,1,1,1
"Atención de Enfermería, mención Adulto Mayor",Sistemas de registro e información en salud,27,encargo-8,3,1,1,1
"Atención de Enfermería, mención Adulto Mayor",Sistemas de registro e información en salud,27,encargo-9,2,1,1,1
"Atención de Enfermería, mención Adulto Mayor",Sistemas de registro e información en salud,27,encargo-10,3,1,1,1
"Atención de Enfermería, mención Adulto Mayor",Sistemas de registro e información en salud,27,encargo-11,2,1,1,1
"Atención de Enfermería, mención Adulto Mayor",Sistemas de registro e información en salud,27,encargo-12,3,1,1,1
"Atención de Enfermería, mención Adulto Mayor",Sistemas de registro e información en salud,27,encargo-13,2,1,1,1
"Atención de Enfermería, mención Adulto Mayor",Sistemas de registro e información en salud,27,feedback,5,1,1,1
"Atención de Enfermería, mención Adulto Mayor",Prevención y control de infecciones intrahospitalarias,28,context,1,1,1,1
"Atención de Enfermería, mención Adulto Mayor",Prevención y control de infecciones intrahospitalarias,28,ae-1-1,2,1,1,1
"Atención de Enfermería, mención Adulto Mayor",Prevención y control de infecciones intrahospitalarias,28,ae-1-2,2,1,1,1
"Atención de Enfermería, mención Adulto Mayor",Prevención y control de infecciones intrahospitalarias,28,ae-1-3,2,1,1,1
"Atención de Enfermería, mención Adulto Mayor",Prevención y control de infecciones intrahospitalarias,28,ae-1-4,2,1,1,1
"Atención de Enfermería, mención Adulto Mayor",Prevención y control de infecciones intrahospitalarias,28,ae-1-5,2,1,1,1
"Atención de Enfermería, mención Adulto Mayor",Prevención y control de infecciones intrahospitalarias,28,ae-1-6,2,1,1,1
"Atención de Enfermería, mención Adulto Mayor",Prevención y control de infecciones intrahospitalarias,28,ae-2-1,2,1,1,1
"Atención de Enfermería, mención Adulto Mayor",Prevención y control de infecciones intrahospitalarias,28,ae-2-2,2,1,1,1
"Atención de Enfermería, mención Adulto Mayor",Prevención y control de infecciones intrahospitalarias,28,ae-2-3,2,1,1,1
"Atención de Enfermería, mención Adulto Mayor",Prevención y control de infecciones intrahospitalarias,28,ae-2-4,2,1,1,1
"Atención de Enfermería, mención Adulto Mayor",Prevención y control de infecciones intrahospitalarias,28,ae-2-5,2,1,1,1
"Atención de Enfermería, mención Adulto Mayor",Prevención y control de infecciones intrahospitalarias,28,ae-2-6,2,1,1,1
"Atención de Enfermería, mención Adulto Mayor",Prevención y control de infecciones intrahospitalarias,28,ae-3-1,2,1,1,1
"Atención de Enfermería, mención Adulto Mayor",Prevención y control de infecciones intrahospitalarias,28,ae-3-2,2,1,1,1
"Atención de Enfermería, mención Adulto Mayor",Prevención y control de infecciones intrahospitalarias,28,ae-3-3,2,1,1,1
"Atención de Enfermería, mención Adulto Mayor",Prevención y control de infecciones intrahospitalarias,28,ae-3-4,2,1,1,1
"Atención de Enfermería, mención Adulto Mayor",Prevención y control de infecciones intrahospitalarias,28,ae-3-5,2,1,1,1
"Atención de Enfermería, mención Adulto Mayor",Prevención y control de infecciones intrahospitalarias,28,ae-3-6,2,1,1,1
"Atención de Enfermería, mención Adulto Mayor",Prevención y control de infecciones intrahospitalarias,28,formative-1,3,1,1,1
"Atención de Enfermería, mención Adulto Mayor",Prevención y control de infecciones intrahospitalarias,28,formative-2,3,1,1,1
"Atención de Enfermería, mención Adulto Mayor",Prevención y control de infecciones intrahospitalarias,28,formative-3,3,1,1,1
"Atención de Enfermería, mención Adulto Mayor",Prevención y control de infecciones intrahospitalarias,28,formative-4,3,1,1,1
"Atención de Enfermería, mención Adulto Mayor",Prevención y control de infecciones intrahospitalarias,28,formative-5,3,1,1,1
"Atención de Enfermería, mención Adulto Mayor",Prevención y control de infecciones intrahospitalarias,28,formative-6,3,1,1,1
"Atención de Enfermería, mención Adulto Mayor",Prevención y control de infecciones intrahospitalarias,28,formative-7,3,1,1,1
"Atención de Enfermería, mención Adulto Mayor",Prevención y control de infecciones intrahospitalarias,28,formative-8,3,1,1,1
"Atención de Enfermería, mención Adulto Mayor",Prevención y control de infecciones intrahospitalarias,28,formative-9,3,1,1,1
"Atención de Enfermería, mención Adulto Mayor",Prevención y control de infecciones intrahospitalarias,28,formative-10,3,1,1,1
"Atención de Enfermería, mención Adulto Mayor",Prevención y control de infecciones intrahospitalarias,28,formative-11,3,1,1,1
"Atención de Enfermería, mención Adulto Mayor",Prevención y control de infecciones intrahospitalarias,28,formative-12,3,1,1,1
"Atención de Enfermería, mención Adulto Mayor",Prevención y control de infecciones intrahospitalarias,28,formative-13,3,1,1,1
"Atención de Enfermería, mención Adulto Mayor",Prevención y control de infecciones intrahospitalarias,28,formative-14,3,1,1,1
"Atención de Enfermería, mención Adulto Mayor",Prevención y control de infecciones intrahospitalarias,28,case-1,3,1,1,1
"Atención de Enfermería, mención Adulto Mayor",Prevención y control de infecciones intrahospitalarias,28,case-2,3,1,1,1
"Atención de Enfermería, mención Adulto Mayor",Prevención y control de infecciones intrahospitalarias,28,case-3,3,1,1,1
"Atención de Enfermería, mención Adulto Mayor",Prevención y control de infecciones intrahospitalarias,28,case-4,3,1,1,1
"Atención de Enfermería, mención Adulto Mayor",Prevención y control de infecciones intrahospitalarias,28,case-5,3,1,1,1
"Atención de Enfermería, mención Adulto Mayor",Prevención y control de infecciones intrahospitalarias,28,case-6,3,1,1,1
"Atención de Enfermería, mención Adulto Mayor",Prevención y control de infecciones intrahospitalarias,28,case-7,3,1,1,1
"Atención de Enfermería, mención Adulto Mayor",Prevención y control de infecciones intrahospitalarias,28,case-8,3,1,1,1
"Atención de Enfermería, mención Adulto Mayor",Prevención y control de infecciones intrahospitalarias,28,case-9,3,1,1,1
"Atención de Enfermería, mención Adulto Mayor",Prevención y control de infecciones intrahospitalarias,28,case-10,3,1,1,1
"Atención de Enfermería, mención Adulto Mayor",Prevención y control de infecciones intrahospitalarias,28,case-11,3,1,1,1
"Atención de Enfermería, mención Adulto Mayor",Prevención y control de infecciones intrahospitalarias,28,case-12,3,1,1,1
"Atención de Enfermería, mención Adulto Mayor",Prevención y control de infecciones intrahospitalarias,28,case-13,3,1,1,1
"Atención de Enfermería, mención Adulto Mayor",Prevención y control de infecciones intrahospitalarias,28,case-14,3,1,1,1
"Atención de Enfermería, mención Adulto Mayor",Prevención y control de infecciones intrahospitalarias,28,case-15,3,1,1,1
"Atención de Enfermería, mención Adulto Mayor",Prevención y control de infecciones intrahospitalarias,28,scene,3,1,1,1
"Atención de Enfermería, mención Adulto Mayor",Prevención y control de infecciones intrahospitalarias,28,question-1,4,1,1,1
"Atención de Enfermería, mención Adulto Mayor",Prevención y control de infecciones intrahospitalarias,28,question-2,4,1,1,1
"Atención de Enfermería, mención Adulto Mayor",Prevención y control de infecciones intrahospitalarias,28,question-3,4,1,1,1
"Atención de Enfermería, mención Adulto Mayor",Prevención y control de infecciones intrahospitalarias,28,question-4,4,1,1,1
"Atención de Enfermería, mención Adulto Mayor",Prevención y control de infecciones intrahospitalarias,28,question-5,4,1,1,1
"Atención de Enfermería, mención Adulto Mayor",Prevención y control de infecciones intrahospitalarias,28,question-6,4,1,1,1
"Atención de Enfermería, mención Adulto Mayor",Prevención y control de infecciones intrahospitalarias,28,question-7,4,1,1,1
"Atención de Enfermería, mención Adulto Mayor",Prevención y control de infecciones intrahospitalarias,28,question-8,4,1,1,1
"Atención de Enfermería, mención Adulto Mayor",Prevención y control de infecciones intrahospitalarias,28,question-9,4,1,1,1
"Atención de Enfermería, mención Adulto Mayor",Prevención y control de infecciones intrahospitalarias,28,question-10,4,1,1,1
"Atención de Enfermería, mención Adulto Mayor",Prevención y control de infecciones intrahospitalarias,28,question-11,4,1,1,1
"Atención de Enfermería, mención Adulto Mayor",Prevención y control de infecciones intrahospitalarias,28,question-12,4,1,1,1
"Atención de Enfermería, mención Adulto Mayor",Prevención y control de infecciones intrahospitalarias,28,question-13,4,1,1,1
"Atención de Enfermería, mención Adulto Mayor",Prevención y control de infecciones intrahospitalarias,28,question-14,4,1,1,1
"Atención de Enfermería, mención Adulto Mayor",Prevención y control de infecciones intrahospitalarias,28,question-15,4,1,1,1
"Atención de Enfermería, mención Adulto Mayor",Prevención y control de infecciones intrahospitalarias,28,question-16,4,1,1,1
"Atención de Enfermería, mención Adulto Mayor",Prevención y control de infecciones intrahospitalarias,28,question-17,4,1,1,1
"Atención de Enfermería, mención Adulto Mayor",Prevención y control de infecciones intrahospitalarias,28,question-18,4,1,1,1
"Atención de Enfermería, mención Adulto Mayor",Prevención y control de infecciones intrahospitalarias,28,question-19,4,1,1,1
"Atención de Enfermería, mención Adulto Mayor",Prevención y control de infecciones intrahospitalarias,28,question-20,4,1,1,1
"Atención de Enfermería, mención Adulto Mayor",Prevención y control de infecciones intrahospitalarias,28,question-21,4,1,1,1
"Atención de Enfermería, mención Adulto Mayor",Prevención y control de infecciones intrahospitalarias,28,question-22,4,1,1,1
"Atención de Enfermería, mención Adulto Mayor",Prevención y control de infecciones intrahospitalarias,28,question-23,4,1,1,1
"Atención de Enfermería, mención Adulto Mayor",Prevención y control de infecciones intrahospitalarias,28,question-24,4,1,1,1
"Atención de Enfermería, mención Adulto Mayor",Prevención y control de infecciones intrahospitalarias,28,question-25,4,1,1,1
"Atención de Enfermería, mención Adulto Mayor",Prevención y control de infecciones intrahospitalarias,28,development,4,1,1,1
"Atención de Enfermería, mención Adulto Mayor",Prevención y control de infecciones intrahospitalarias,28,practice,0,1,1,1
"Atención de Enfermería, mención Adulto Mayor",Prevención y control de infecciones intrahospitalarias,28,encargo-1,2,1,1,1
"Atención de Enfermería, mención Adulto Mayor",Prevención y control de infecciones intrahospitalarias,28,encargo-2,3,1,1,1
"Atención de Enfermería, mención Adulto Mayor",Prevención y control de infecciones intrahospitalarias,28,encargo-3,2,1,1,1
"Atención de Enfermería, mención Adulto Mayor",Prevención y control de infecciones intrahospitalarias,28,encargo-4,3,1,1,1
"Atención de Enfermería, mención Adulto Mayor",Prevención y control de infecciones intrahospitalarias,28,encargo-5,2,1,1,1
"Atención de Enfermería, mención Adulto Mayor",Prevención y control de infecciones intrahospitalarias,28,encargo-6,3,1,1,1
"Atención de Enfermería, mención Adulto Mayor",Prevención y control de infecciones intrahospitalarias,28,encargo-7,2,1,1,1
"Atención de Enfermería, mención Adulto Mayor",Prevención y control de infecciones intrahospitalarias,28,encargo-8,3,1,1,1
"Atención de Enfermería, mención Adulto Mayor",Prevención y control de infecciones intrahospitalarias,28,encargo-9,2,1,1,1
"Atención de Enfermería, mención Adulto Mayor",Prevención y control de infecciones intrahospitalarias,28,encargo-10,3,1,1,1
"Atención de Enfermería, mención Adulto Mayor",Prevención y control de infecciones intrahospitalarias,28,encargo-11,2,1,1,1
"Atención de Enfermería, mención Adulto Mayor",Prevención y control de infecciones intrahospitalarias,28,encargo-12,3,1,1,1
"Atención de Enfermería, mención Adulto Mayor",Prevención y control de infecciones intrahospitalarias,28,encargo-13,2,1,1,1
"Atención de Enfermería, mención Adulto Mayor",Prevención y control de infecciones intrahospitalarias,28,encargo-14,3,1,1,1
"Atención de Enfermería, mención Adulto Mayor",Prevención y control de infecciones intrahospitalarias,28,encargo-15,2,1,1,1
"Atención de Enfermería, mención Adulto Mayor",Prevención y control de infecciones intrahospitalarias,28,encargo-16,3,1,1,1
"Atención de Enfermería, mención Adulto Mayor",Prevención y control de infecciones intrahospitalarias,28,encargo-17,2,1,1,1
"Atención de Enfermería, mención Adulto Mayor",Prevención y control de infecciones intrahospitalarias,28,encargo-18,3,1,1,1
"Atención de Enfermería, mención Adulto Mayor",Prevención y control de infecciones intrahospitalarias,28,encargo-19,2,1,1,1
"Atención de Enfermería, mención Adulto Mayor",Prevención y control de infecciones intrahospitalarias,28,encargo-20,3,1,1,1
"Atención de Enfermería, mención Adulto Mayor",Prevención y control de infecciones intrahospitalarias,28,encargo-21,2,1,1,1
"Atención de Enfermería, mención Adulto Mayor",Prevención y control de infecciones intrahospitalarias,28,encargo-22,3,1,1,1
"Atención de Enfermería, mención Adulto Mayor",Prevención y control de infecciones intrahospitalarias,28,encargo-23,2,1,1,1
"Atención de Enfermería, mención Adulto Mayor",Prevención y control de infecciones intrahospitalarias,28,encargo-24,3,1,1,1
"Atención de Enfermería, mención Adulto Mayor",Prevención y control de infecciones intrahospitalarias,28,encargo-25,2,1,1,1
"Atención de Enfermería, mención Adulto Mayor",Prevención y control de infecciones intrahospitalarias,28,encargo-26,3,1,1,1
"Atención de Enfermería, mención Adulto Mayor",Prevención y control de infecciones intrahospitalarias,28,encargo-27,2,1,1,1
"Atención de Enfermería, mención Adulto Mayor",Prevención y control de infecciones intrahospitalarias,28,encargo-28,3,1,1,1
"Atención de Enfermería, mención Adulto Mayor",Prevención y control de infecciones intrahospitalarias,28,encargo-29,2,1,1,1
"Atención de Enfermería, mención Adulto Mayor",Prevención y control de infecciones intrahospitalarias,28,encargo-30,3,1,1,1
"Atención de Enfermería, mención Adulto Mayor",Prevención y control de infecciones intrahospitalarias,28,encargo-31,2,1,1,1
"Atención de Enfermería, mención Adulto Mayor",Prevención y control de infecciones intrahospitalarias,28,encargo-32,3,1,1,1
"Atención de Enfermería, mención Adulto Mayor",Prevención y control de infecciones intrahospitalarias,28,encargo-33,2,1,1,1
"Atención de Enfermería, mención Adulto Mayor",Prevención y control de infecciones intrahospitalarias,28,encargo-34,3,1,1,1
"Atención de Enfermería, mención Adulto Mayor",Prevención y control de infecciones intrahospitalarias,28,encargo-35,2,1,1,1
"Atención de Enfermería, mención Adulto Mayor",Prevención y control de infecciones intrahospitalarias,28,encargo-36,3,1,1,1
"Atención de Enfermería, mención Adulto Mayor",Prevención y control de infecciones intrahospitalarias,28,encargo-37,2,1,1,1
"Atención de Enfermería, mención Adulto Mayor",Prevención y control de infecciones intrahospitalarias,28,encargo-38,3,1,1,1
"Atención de Enfermería, mención Adulto Mayor",Prevención y control de infecciones intrahospitalarias,28,feedback,5,1,1,1
"Atención de Enfermería, mención Adulto Mayor",Necesidades psicosociales del adulto mayor,29,context,1,1,1,1
"Atención de Enfermería, mención Adulto Mayor",Necesidades psicosociales del adulto mayor,29,ae-1-1,2,1,1,1
"Atención de Enfermería, mención Adulto Mayor",Necesidades psicosociales del adulto mayor,29,ae-1-2,2,1,1,1
"Atención de Enfermería, mención Adulto Mayor",Necesidades psicosociales del adulto mayor,29,ae-1-3,2,1,1,1
"Atención de Enfermería, mención Adulto Mayor",Necesidades psicosociales del adulto mayor,29,ae-1-4,2,1,1,1
"Atención de Enfermería, mención Adulto Mayor",Necesidades psicosociales del adulto mayor,29,ae-1-5,2,1,1,1
"Atención de Enfermería, mención Adulto Mayor",Necesidades psicosociales del adulto mayor,29,ae-1-6,2,1,1,1
"Atención de Enfermería, mención Adulto Mayor",Necesidades psicosociales del adulto mayor,29,ae-2-1,2,1,1,1
"Atención de Enfermería, mención Adulto Mayor",Necesidades psicosociales del adulto mayor,29,ae-2-2,2,1,1,1
"Atención de Enfermería, mención Adulto Mayor",Necesidades psicosociales del adulto mayor,29,ae-2-3,2,1,1,1
"Atención de Enfermería, mención Adulto Mayor",Necesidades psicosociales del adulto mayor,29,ae-2-4,2,1,1,1
"Atención de Enfermería, mención Adulto Mayor",Necesidades psicosociales del adulto mayor,29,ae-2-5,2,1,1,1
"Atención de Enfermería, mención Adulto Mayor",Necesidades psicosociales del adulto mayor,29,ae-2-6,2,1,1,1
"Atención de Enfermería, mención Adulto Mayor",Necesidades psicosociales del adulto mayor,29,formative-1,3,1,1,1
"Atención de Enfermería, mención Adulto Mayor",Necesidades psicosociales del adulto mayor,29,formative-2,3,1,1,1
"Atención de Enfermería, mención Adulto Mayor",Necesidades psicosociales del adulto mayor,29,formative-3,3,1,1,1
"Atención de Enfermería, mención Adulto Mayor",Necesidades psicosociales del adulto mayor,29,formative-4,3,1,1,1
"Atención de Enfermería, mención Adulto Mayor",Necesidades psicosociales del adulto mayor,29,formative-5,3,1,1,1
"Atención de Enfermería, mención Adulto Mayor",Necesidades psicosociales del adulto mayor,29,formative-6,3,1,1,1
"Atención de Enfermería, mención Adulto Mayor",Necesidades psicosociales del adulto mayor,29,formative-7,3,1,1,1
"Atención de Enfermería, mención Adulto Mayor",Necesidades psicosociales del adulto mayor,29,formative-8,3,1,1,1
"Atención de Enfermería, mención Adulto Mayor",Necesidades psicosociales del adulto mayor,29,formative-9,3,1,1,1
"Atención de Enfermería, mención Adulto Mayor",Necesidades psicosociales del adulto mayor,29,formative-10,3,1,1,1
"Atención de Enfermería, mención Adulto Mayor",Necesidades psicosociales del adulto mayor,29,formative-11,3,1,1,1
"Atención de Enfermería, mención Adulto Mayor",Necesidades psicosociales del adulto mayor,29,formative-12,3,1,1,1
"Atención de Enfermería, mención Adulto Mayor",Necesidades psicosociales del adulto mayor,29,formative-13,3,1,1,1
"Atención de Enfermería, mención Adulto Mayor",Necesidades psicosociales del adulto mayor,29,formative-14,3,1,1,1
"Atención de Enfermería, mención Adulto Mayor",Necesidades psicosociales del adulto mayor,29,case-1,3,1,1,1
"Atención de Enfermería, mención Adulto Mayor",Necesidades psicosociales del adulto mayor,29,case-2,3,1,1,1
"Atención de Enfermería, mención Adulto Mayor",Necesidades psicosociales del adulto mayor,29,case-3,3,1,1,1
"Atención de Enfermería, mención Adulto Mayor",Necesidades psicosociales del adulto mayor,29,case-4,3,1,1,1
"Atención de Enfermería, mención Adulto Mayor",Necesidades psicosociales del adulto mayor,29,case-5,3,1,1,1
"Atención de Enfermería, mención Adulto Mayor",Necesidades psicosociales del adulto mayor,29,case-6,3,1,1,1
"Atención de Enfermería, mención Adulto Mayor",Necesidades psicosociales del adulto mayor,29,case-7,3,1,1,1
"Atención de Enfermería, mención Adulto Mayor",Necesidades psicosociales del adulto mayor,29,case-8,3,1,1,1
"Atención de Enfermería, mención Adulto Mayor",Necesidades psicosociales del adulto mayor,29,case-9,3,1,1,1
"Atención de Enfermería, mención Adulto Mayor",Necesidades psicosociales del adulto mayor,29,case-10,3,1,1,1
"Atención de Enfermería, mención Adulto Mayor",Necesidades psicosociales del adulto mayor,29,case-11,3,1,1,1
"Atención de Enfermería, mención Adulto Mayor",Necesidades psicosociales del adulto mayor,29,case-12,3,1,1,1
"Atención de Enfermería, mención Adulto Mayor",Necesidades psicosociales del adulto mayor,29,case-13,3,1,1,1
"Atención de Enfermería, mención Adulto Mayor",Necesidades psicosociales del adulto mayor,29,case-14,3,1,1,1
"Atención de Enfermería, mención Adulto Mayor",Necesidades psicosociales del adulto mayor,29,case-15,3,1,1,1
"Atención de Enfermería, mención Adulto Mayor",Necesidades psicosociales del adulto mayor,29,scene,3,1,1,1
"Atención de Enfermería, mención Adulto Mayor",Necesidades psicosociales del adulto mayor,29,question-1,4,1,1,1
"Atención de Enfermería, mención Adulto Mayor",Necesidades psicosociales del adulto mayor,29,question-2,4,1,1,1
"Atención de Enfermería, mención Adulto Mayor",Necesidades psicosociales del adulto mayor,29,question-3,4,1,1,1
"Atención de Enfermería, mención Adulto Mayor",Necesidades psicosociales del adulto mayor,29,question-4,4,1,1,1
"Atención de Enfermería, mención Adulto Mayor",Necesidades psicosociales del adulto mayor,29,question-5,4,1,1,1
"Atención de Enfermería, mención Adulto Mayor",Necesidades psicosociales del adulto mayor,29,question-6,4,1,1,1
"Atención de Enfermería, mención Adulto Mayor",Necesidades psicosociales del adulto mayor,29,question-7,4,1,1,1
"Atención de Enfermería, mención Adulto Mayor",Necesidades psicosociales del adulto mayor,29,question-8,4,1,1,1
"Atención de Enfermería, mención Adulto Mayor",Necesidades psicosociales del adulto mayor,29,question-9,4,1,1,1
"Atención de Enfermería, mención Adulto Mayor",Necesidades psicosociales del adulto mayor,29,question-10,4,1,1,1
"Atención de Enfermería, mención Adulto Mayor",Necesidades psicosociales del adulto mayor,29,question-11,4,1,1,1
"Atención de Enfermería, mención Adulto Mayor",Necesidades psicosociales del adulto mayor,29,question-12,4,1,1,1
"Atención de Enfermería, mención Adulto Mayor",Necesidades psicosociales del adulto mayor,29,question-13,4,1,1,1
"Atención de Enfermería, mención Adulto Mayor",Necesidades psicosociales del adulto mayor,29,question-14,4,1,1,1
"Atención de Enfermería, mención Adulto Mayor",Necesidades psicosociales del adulto mayor,29,question-15,4,1,1,1
"Atención de Enfermería, mención Adulto Mayor",Necesidades psicosociales del adulto mayor,29,question-16,4,1,1,1
"Atención de Enfermería, mención Adulto Mayor",Necesidades psicosociales del adulto mayor,29,question-17,4,1,1,1
"Atención de Enfermería, mención Adulto Mayor",Necesidades psicosociales del adulto mayor,29,question-18,4,1,1,1
"Atención de Enfermería, mención Adulto Mayor",Necesidades psicosociales del adulto mayor,29,question-19,4,1,1,1
"Atención de Enfermería, mención Adulto Mayor",Necesidades psicosociales del adulto mayor,29,question-20,4,1,1,1
"Atención de Enfermería, mención Adulto Mayor",Necesidades psicosociales del adulto mayor,29,question-21,4,1,1,1
"Atención de Enfermería, mención Adulto Mayor",Necesidades psicosociales del adulto mayor,29,question-22,4,1,1,1
"Atención de Enfermería, mención Adulto Mayor",Necesidades psicosociales del adulto mayor,29,question-23,4,1,1,1
"Atención de Enfermería, mención Adulto Mayor",Necesidades psicosociales del adulto mayor,29,question-24,4,1,1,1
"Atención de Enfermería, mención Adulto Mayor",Necesidades psicosociales del adulto mayor,29,question-25,4,1,1,1
"Atención de Enfermería, mención Adulto Mayor",Necesidades psicosociales del adulto mayor,29,development,4,1,1,1
"Atención de Enfermería, mención Adulto Mayor",Necesidades psicosociales del adulto mayor,29,practice,0,1,1,1
"Atención de Enfermería, mención Adulto Mayor",Necesidades psicosociales del adulto mayor,29,encargo-1,2,1,1,1
"Atención de Enfermería, mención Adulto Mayor",Necesidades psicosociales del adulto mayor,29,encargo-2,3,1,1,1
"Atención de Enfermería, mención Adulto Mayor",Necesidades psicosociales del adulto mayor,29,encargo-3,2,1,1,1
"Atención de Enfermería, mención Adulto Mayor",Necesidades psicosociales del adulto mayor,29,encargo-4,3,1,1,1
"Atención de Enfermería, mención Adulto Mayor",Necesidades psicosociales del adulto mayor,29,encargo-5,2,1,1,1
"Atención de Enfermería, mención Adulto Mayor",Necesidades psicosociales del adulto mayor,29,encargo-6,3,1,1,1
"Atención de Enfermería, mención Adulto Mayor",Necesidades psicosociales del adulto mayor,29,encargo-7,2,1,1,1
"Atención de Enfermería, mención Adulto Mayor",Necesidades psicosociales del adulto mayor,29,encargo-8,3,1,1,1
"Atención de Enfermería, mención Adulto Mayor",Necesidades psicosociales del adulto mayor,29,encargo-9,2,1,1,1
"Atención de Enfermería, mención Adulto Mayor",Necesidades psicosociales del adulto mayor,29,encargo-10,3,1,1,1
"Atención de Enfermería, mención Adulto Mayor",Necesidades psicosociales del adulto mayor,29,encargo-11,2,1,1,1
"Atención de Enfermería, mención Adulto Mayor",Necesidades psicosociales del adulto mayor,29,encargo-12,3,1,1,1
"Atención de Enfermería, mención Adulto Mayor",Necesidades psicosociales del adulto mayor,29,encargo-13,2,1,1,1
"Atención de Enfermería, mención Adulto Mayor",Necesidades psicosociales del adulto mayor,29,feedback,5,1,1,1
"Atención de Enfermería, mención Adulto Mayor",Orientación familiar para el cuidado del adulto mayor,30,context,1,1,1,1
"Atención de Enfermería, mención Adulto Mayor",Orientación familiar para el cuidado del adulto mayor,30,ae-1-1,2,1,1,1
"Atención de Enfermería, mención Adulto Mayor",Orientación familiar para el cuidado del adulto mayor,30,ae-1-2,2,1,1,1
"Atención de Enfermería, mención Adulto Mayor",Orientación familiar para el cuidado del adulto mayor,30,ae-1-3,2,1,1,1
"Atención de Enfermería, mención Adulto Mayor",Orientación familiar para el cuidado del adulto mayor,30,ae-1-4,2,1,1,1
"Atención de Enfermería, mención Adulto Mayor",Orientación familiar para el cuidado del adulto mayor,30,ae-1-5,2,1,1,1
"Atención de Enfermería, mención Adulto Mayor",Orientación familiar para el cuidado del adulto mayor,30,ae-1-6,2,1,1,1
"Atención de Enfermería, mención Adulto Mayor",Orientación familiar para el cuidado del adulto mayor,30,ae-2-1,2,1,1,1
"Atención de Enfermería, mención Adulto Mayor",Orientación familiar para el cuidado del adulto mayor,30,ae-2-2,2,1,1,1
"Atención de Enfermería, mención Adulto Mayor",Orientación familiar para el cuidado del adulto mayor,30,ae-2-3,2,1,1,1
"Atención de Enfermería, mención Adulto Mayor",Orientación familiar para el cuidado del adulto mayor,30,ae-2-4,2,1,1,1
"Atención de Enfermería, mención Adulto Mayor",Orientación familiar para el cuidado del adulto mayor,30,ae-2-5,2,1,1,1
"Atención de Enfermería, mención Adulto Mayor",Orientación familiar para el cuidado del adulto mayor,30,ae-2-6,2,1,1,1
"Atención de Enfermería, mención Adulto Mayor",Orientación familiar para el cuidado del adulto mayor,30,formative-1,3,1,1,1
"Atención de Enfermería, mención Adulto Mayor",Orientación familiar para el cuidado del adulto mayor,30,formative-2,3,1,1,1
"Atención de Enfermería, mención Adulto Mayor",Orientación familiar para el cuidado del adulto mayor,30,formative-3,3,1,1,1
"Atención de Enfermería, mención Adulto Mayor",Orientación familiar para el cuidado del adulto mayor,30,formative-4,3,1,1,1
"Atención de Enfermería, mención Adulto Mayor",Orientación familiar para el cuidado del adulto mayor,30,formative-5,3,1,1,1
"Atención de Enfermería, mención Adulto Mayor",Orientación familiar para el cuidado del adulto mayor,30,formative-6,3,1,1,1
"Atención de Enfermería, mención Adulto Mayor",Orientación familiar para el cuidado del adulto mayor,30,formative-7,3,1,1,1
"Atención de Enfermería, mención Adulto Mayor",Orientación familiar para el cuidado del adulto mayor,30,formative-8,3,1,1,1
"Atención de Enfermería, mención Adulto Mayor",Orientación familiar para el cuidado del adulto mayor,30,formative-9,3,1,1,1
"Atención de Enfermería, mención Adulto Mayor",Orientación familiar para el cuidado del adulto mayor,30,formative-10,3,1,1,1
"Atención de Enfermería, mención Adulto Mayor",Orientación familiar para el cuidado del adulto mayor,30,formative-11,3,1,1,1
"Atención de Enfermería, mención Adulto Mayor",Orientación familiar para el cuidado del adulto mayor,30,formative-12,3,1,1,1
"Atención de Enfermería, mención Adulto Mayor",Orientación familiar para el cuidado del adulto mayor,30,formative-13,3,1,1,1
"Atención de Enfermería, mención Adulto Mayor",Orientación familiar para el cuidado del adulto mayor,30,formative-14,3,1,1,1
"Atención de Enfermería, mención Adulto Mayor",Orientación familiar para el cuidado del adulto mayor,30,case-1,3,1,1,1
"Atención de Enfermería, mención Adulto Mayor",Orientación familiar para el cuidado del adulto mayor,30,case-2,3,1,1,1
"Atención de Enfermería, mención Adulto Mayor",Orientación familiar para el cuidado del adulto mayor,30,case-3,3,1,1,1
"Atención de Enfermería, mención Adulto Mayor",Orientación familiar para el cuidado del adulto mayor,30,case-4,3,1,1,1
"Atención de Enfermería, mención Adulto Mayor",Orientación familiar para el cuidado del adulto mayor,30,case-5,3,1,1,1
"Atención de Enfermería, mención Adulto Mayor",Orientación familiar para el cuidado del adulto mayor,30,case-6,3,1,1,1
"Atención de Enfermería, mención Adulto Mayor",Orientación familiar para el cuidado del adulto mayor,30,case-7,3,1,1,1
"Atención de Enfermería, mención Adulto Mayor",Orientación familiar para el cuidado del adulto mayor,30,case-8,3,1,1,1
"Atención de Enfermería, mención Adulto Mayor",Orientación familiar para el cuidado del adulto mayor,30,case-9,3,1,1,1
"Atención de Enfermería, mención Adulto Mayor",Orientación familiar para el cuidado del adulto mayor,30,case-10,3,1,1,1
"Atención de Enfermería, mención Adulto Mayor",Orientación familiar para el cuidado del adulto mayor,30,case-11,3,1,1,1
"Atención de Enfermería, mención Adulto Mayor",Orientación familiar para el cuidado del adulto mayor,30,case-12,3,1,1,1
"Atención de Enfermería, mención Adulto Mayor",Orientación familiar para el cuidado del adulto mayor,30,case-13,3,1,1,1
"Atención de Enfermería, mención Adulto Mayor",Orientación familiar para el cuidado del adulto mayor,30,case-14,3,1,1,1
"Atención de Enfermería, mención Adulto Mayor",Orientación familiar para el cuidado del adulto mayor,30,case-15,3,1,1,1
"Atención de Enfermería, mención Adulto Mayor",Orientación familiar para el cuidado del adulto mayor,30,scene,3,1,1,1
"Atención de Enfermería, mención Adulto Mayor",Orientación familiar para el cuidado del adulto mayor,30,question-1,4,1,1,1
"Atención de Enfermería, mención Adulto Mayor",Orientación familiar para el cuidado del adulto mayor,30,question-2,4,1,1,1
"Atención de Enfermería, mención Adulto Mayor",Orientación familiar para el cuidado del adulto mayor,30,question-3,4,1,1,1
"Atención de Enfermería, mención Adulto Mayor",Orientación familiar para el cuidado del adulto mayor,30,question-4,4,1,1,1
"Atención de Enfermería, mención Adulto Mayor",Orientación familiar para el cuidado del adulto mayor,30,question-5,4,1,1,1
"Atención de Enfermería, mención Adulto Mayor",Orientación familiar para el cuidado del adulto mayor,30,question-6,4,1,1,1
"Atención de Enfermería, mención Adulto Mayor",Orientación familiar para el cuidado del adulto mayor,30,question-7,4,1,1,1
"Atención de Enfermería, mención Adulto Mayor",Orientación familiar para el cuidado del adulto mayor,30,question-8,4,1,1,1
"Atención de Enfermería, mención Adulto Mayor",Orientación familiar para el cuidado del adulto mayor,30,question-9,4,1,1,1
"Atención de Enfermería, mención Adulto Mayor",Orientación familiar para el cuidado del adulto mayor,30,question-10,4,1,1,1
"Atención de Enfermería, mención Adulto Mayor",Orientación familiar para el cuidado del adulto mayor,30,question-11,4,1,1,1
"Atención de Enfermería, mención Adulto Mayor",Orientación familiar para el cuidado del adulto mayor,30,question-12,4,1,1,1
"Atención de Enfermería, mención Adulto Mayor",Orientación familiar para el cuidado del adulto mayor,30,question-13,4,1,1,1
"Atención de Enfermería, mención Adulto Mayor",Orientación familiar para el cuidado del adulto mayor,30,question-14,4,1,1,1
"Atención de Enfermería, mención Adulto Mayor",Orientación familiar para el cuidado del adulto mayor,30,question-15,4,1,1,1
"Atención de Enfermería, mención Adulto Mayor",Orientación familiar para el cuidado del adulto mayor,30,question-16,4,1,1,1
"Atención de Enfermería, mención Adulto Mayor",Orientación familiar para el cuidado del adulto mayor,30,question-17,4,1,1,1
"Atención de Enfermería, mención Adulto Mayor",Orientación familiar para el cuidado del adulto mayor,30,question-18,4,1,1,1
"Atención de Enfermería, mención Adulto Mayor",Orientación familiar para el cuidado del adulto mayor,30,question-19,4,1,1,1
"Atención de Enfermería, mención Adulto Mayor",Orientación familiar para el cuidado del adulto mayor,30,question-20,4,1,1,1
"Atención de Enfermería, mención Adulto Mayor",Orientación familiar para el cuidado del adulto mayor,30,question-21,4,1,1,1
"Atención de Enfermería, mención Adulto Mayor",Orientación familiar para el cuidado del adulto mayor,30,question-22,4,1,1,1
"Atención de Enfermería, mención Adulto Mayor",Orientación familiar para el cuidado del adulto mayor,30,question-23,4,1,1,1
"Atención de Enfermería, mención Adulto Mayor",Orientación familiar para el cuidado del adulto mayor,30,question-24,4,1,1,1
"Atención de Enfermería, mención Adulto Mayor",Orientación familiar para el cuidado del adulto mayor,30,question-25,4,1,1,1
"Atención de Enfermería, mención Adulto Mayor",Orientación familiar para el cuidado del adulto mayor,30,development,4,1,1,1
"Atención de Enfermería, mención Adulto Mayor",Orientación familiar para el cuidado del adulto mayor,30,practice,0,1,1,1
"Atención de Enfermería, mención Adulto Mayor",Orientación familiar para el cuidado del adulto mayor,30,encargo-1,2,1,1,1
"Atención de Enfermería, mención Adulto Mayor",Orientación familiar para el cuidado del adulto mayor,30,encargo-2,3,1,1,1
"Atención de Enfermería, mención Adulto Mayor",Orientación familiar para el cuidado del adulto mayor,30,encargo-3,2,1,1,1
"Atención de Enfermería, mención Adulto Mayor",Orientación familiar para el cuidado del adulto mayor,30,encargo-4,3,1,1,1
"Atención de Enfermería, mención Adulto Mayor",Orientación familiar para el cuidado del adulto mayor,30,encargo-5,2,1,1,1
"Atención de Enfermería, mención Adulto Mayor",Orientación familiar para el cuidado del adulto mayor,30,encargo-6,3,1,1,1
"Atención de Enfermería, mención Adulto Mayor",Orientación familiar para el cuidado del adulto mayor,30,encargo-7,2,1,1,1
"Atención de Enfermería, mención Adulto Mayor",Orientación familiar para el cuidado del adulto mayor,30,encargo-8,3,1,1,1
"Atención de Enfermería, mención Adulto Mayor",Orientación familiar para el cuidado del adulto mayor,30,encargo-9,2,1,1,1
"Atención de Enfermería, mención Adulto Mayor",Orientación familiar para el cuidado del adulto mayor,30,encargo-10,3,1,1,1
"Atención de Enfermería, mención Adulto Mayor",Orientación familiar para el cuidado del adulto mayor,30,encargo-11,2,1,1,1
"Atención de Enfermería, mención Adulto Mayor",Orientación familiar para el cuidado del adulto mayor,30,encargo-12,3,1,1,1
"Atención de Enfermería, mención Adulto Mayor",Orientación familiar para el cuidado del adulto mayor,30,encargo-13,2,1,1,1
"Atención de Enfermería, mención Adulto Mayor",Orientación familiar para el cuidado del adulto mayor,30,feedback,5,1,1,1
"Atención de Enfermería, mención Adulto Mayor",Alimentación y nutrición del adulto mayor,31,context,1,1,1,1
"Atención de Enfermería, mención Adulto Mayor",Alimentación y nutrición del adulto mayor,31,ae-1-1,2,1,1,1
"Atención de Enfermería, mención Adulto Mayor",Alimentación y nutrición del adulto mayor,31,ae-1-2,2,1,1,1
"Atención de Enfermería, mención Adulto Mayor",Alimentación y nutrición del adulto mayor,31,ae-1-3,2,1,1,1
"Atención de Enfermería, mención Adulto Mayor",Alimentación y nutrición del adulto mayor,31,ae-1-4,2,1,1,1
"Atención de Enfermería, mención Adulto Mayor",Alimentación y nutrición del adulto mayor,31,ae-1-5,2,1,1,1
"Atención de Enfermería, mención Adulto Mayor",Alimentación y nutrición del adulto mayor,31,ae-1-6,2,1,1,1
"Atención de Enfermería, mención Adulto Mayor",Alimentación y nutrición del adulto mayor,31,ae-2-1,2,1,1,1
"Atención de Enfermería, mención Adulto Mayor",Alimentación y nutrición del adulto mayor,31,ae-2-2,2,1,1,1
"Atención de Enfermería, mención Adulto Mayor",Alimentación y nutrición del adulto mayor,31,ae-2-3,2,1,1,1
"Atención de Enfermería, mención Adulto Mayor",Alimentación y nutrición del adulto mayor,31,ae-2-4,2,1,1,1
"Atención de Enfermería, mención Adulto Mayor",Alimentación y nutrición del adulto mayor,31,ae-2-5,2,1,1,1
"Atención de Enfermería, mención Adulto Mayor",Alimentación y nutrición del adulto mayor,31,ae-2-6,2,1,1,1
"Atención de Enfermería, mención Adulto Mayor",Alimentación y nutrición del adulto mayor,31,ae-3-1,2,1,1,1
"Atención de Enfermería, mención Adulto Mayor",Alimentación y nutrición del adulto mayor,31,ae-3-2,2,1,1,1
"Atención de Enfermería, mención Adulto Mayor",Alimentación y nutrición del adulto mayor,31,ae-3-3,2,1,1,1
"Atención de Enfermería, mención Adulto Mayor",Alimentación y nutrición del adulto mayor,31,ae-3-4,2,1,1,1
"Atención de Enfermería, mención Adulto Mayor",Alimentación y nutrición del adulto mayor,31,ae-3-5,2,1,1,1
"Atención de Enfermería, mención Adulto Mayor",Alimentación y nutrición del adulto mayor,31,ae-3-6,2,1,1,1
"Atención de Enfermería, mención Adulto Mayor",Alimentación y nutrición del adulto mayor,31,ae-4-1,2,1,1,1
"Atención de Enfermería, mención Adulto Mayor",Alimentación y nutrición del adulto mayor,31,ae-4-2,2,1,1,1
"Atención de Enfermería, mención Adulto Mayor",Alimentación y nutrición del adulto mayor,31,ae-4-3,2,1,1,1
"Atención de Enfermería, mención Adulto Mayor",Alimentación y nutrición del adulto mayor,31,ae-4-4,2,1,1,1
"Atención de Enfermería, mención Adulto Mayor",Alimentación y nutrición del adulto mayor,31,ae-4-5,2,1,1,1
"Atención de Enfermería, mención Adulto Mayor",Alimentación y nutrición del adulto mayor,31,ae-4-6,2,1,1,1
"Atención de Enfermería, mención Adulto Mayor",Alimentación y nutrición del adulto mayor,31,formative-1,3,1,1,1
"Atención de Enfermería, mención Adulto Mayor",Alimentación y nutrición del adulto mayor,31,formative-2,3,1,1,1
"Atención de Enfermería, mención Adulto Mayor",Alimentación y nutrición del adulto mayor,31,formative-3,3,1,1,1
"Atención de Enfermería, mención Adulto Mayor",Alimentación y nutrición del adulto mayor,31,formative-4,3,1,1,1
"Atención de Enfermería, mención Adulto Mayor",Alimentación y nutrición del adulto mayor,31,formative-5,3,1,1,1
"Atención de Enfermería, mención Adulto Mayor",Alimentación y nutrición del adulto mayor,31,formative-6,3,1,1,1
"Atención de Enfermería, mención Adulto Mayor",Alimentación y nutrición del adulto mayor,31,formative-7,3,1,1,1
"Atención de Enfermería, mención Adulto Mayor",Alimentación y nutrición del adulto mayor,31,formative-8,3,1,1,1
"Atención de Enfermería, mención Adulto Mayor",Alimentación y nutrición del adulto mayor,31,formative-9,3,1,1,1
"Atención de Enfermería, mención Adulto Mayor",Alimentación y nutrición del adulto mayor,31,formative-10,3,1,1,1
"Atención de Enfermería, mención Adulto Mayor",Alimentación y nutrición del adulto mayor,31,formative-11,3,1,1,1
"Atención de Enfermería, mención Adulto Mayor",Alimentación y nutrición del adulto mayor,31,formative-12,3,1,1,1
"Atención de Enfermería, mención Adulto Mayor",Alimentación y nutrición del adulto mayor,31,formative-13,3,1,1,1
"Atención de Enfermería, mención Adulto Mayor",Alimentación y nutrición del adulto mayor,31,formative-14,3,1,1,1
"Atención de Enfermería, mención Adulto Mayor",Alimentación y nutrición del adulto mayor,31,case-1,3,1,1,1
"Atención de Enfermería, mención Adulto Mayor",Alimentación y nutrición del adulto mayor,31,case-2,3,1,1,1
"Atención de Enfermería, mención Adulto Mayor",Alimentación y nutrición del adulto mayor,31,case-3,3,1,1,1
"Atención de Enfermería, mención Adulto Mayor",Alimentación y nutrición del adulto mayor,31,case-4,3,1,1,1
"Atención de Enfermería, mención Adulto Mayor",Alimentación y nutrición del adulto mayor,31,case-5,3,1,1,1
"Atención de Enfermería, mención Adulto Mayor",Alimentación y nutrición del adulto mayor,31,case-6,3,1,1,1
"Atención de Enfermería, mención Adulto Mayor",Alimentación y nutrición del adulto mayor,31,case-7,3,1,1,1
"Atención de Enfermería, mención Adulto Mayor",Alimentación y nutrición del adulto mayor,31,case-8,3,1,1,1
"Atención de Enfermería, mención Adulto Mayor",Alimentación y nutrición del adulto mayor,31,case-9,3,1,1,1
"Atención de Enfermería, mención Adulto Mayor",Alimentación y nutrición del adulto mayor,31,case-10,3,1,1,1
"Atención de Enfermería, mención Adulto Mayor",Alimentación y nutrición del adulto mayor,31,case-11,3,1,1,1
"Atención de Enfermería, mención Adulto Mayor",Alimentación y nutrición del adulto mayor,31,case-12,3,1,1,1
"Atención de Enfermería, mención Adulto Mayor",Alimentación y nutrición del adulto mayor,31,case-13,3,1,1,1
"Atención de Enfermería, mención Adulto Mayor",Alimentación y nutrición del adulto mayor,31,case-14,3,1,1,1
"Atención de Enfermería, mención Adulto Mayor",Alimentación y nutrición del adulto mayor,31,case-15,3,1,1,1
"Atención de Enfermería, mención Adulto Mayor",Alimentación y nutrición del adulto mayor,31,scene,3,1,1,1
"Atención de Enfermería, mención Adulto Mayor",Alimentación y nutrición del adulto mayor,31,question-1,4,1,1,1
"Atención de Enfermería, mención Adulto Mayor",Alimentación y nutrición del adulto mayor,31,question-2,4,1,1,1
"Atención de Enfermería, mención Adulto Mayor",Alimentación y nutrición del adulto mayor,31,question-3,4,1,1,1
"Atención de Enfermería, mención Adulto Mayor",Alimentación y nutrición del adulto mayor,31,question-4,4,1,1,1
"Atención de Enfermería, mención Adulto Mayor",Alimentación y nutrición del adulto mayor,31,question-5,4,1,1,1
"Atención de Enfermería, mención Adulto Mayor",Alimentación y nutrición del adulto mayor,31,question-6,4,1,1,1
"Atención de Enfermería, mención Adulto Mayor",Alimentación y nutrición del adulto mayor,31,question-7,4,1,1,1
"Atención de Enfermería, mención Adulto Mayor",Alimentación y nutrición del adulto mayor,31,question-8,4,1,1,1
"Atención de Enfermería, mención Adulto Mayor",Alimentación y nutrición del adulto mayor,31,question-9,4,1,1,1
"Atención de Enfermería, mención Adulto Mayor",Alimentación y nutrición del adulto mayor,31,question-10,4,1,1,1
"Atención de Enfermería, mención Adulto Mayor",Alimentación y nutrición del adulto mayor,31,question-11,4,1,1,1
"Atención de Enfermería, mención Adulto Mayor",Alimentación y nutrición del adulto mayor,31,question-12,4,1,1,1
"Atención de Enfermería, mención Adulto Mayor",Alimentación y nutrición del adulto mayor,31,question-13,4,1,1,1
"Atención de Enfermería, mención Adulto Mayor",Alimentación y nutrición del adulto mayor,31,question-14,4,1,1,1
"Atención de Enfermería, mención Adulto Mayor",Alimentación y nutrición del adulto mayor,31,question-15,4,1,1,1
"Atención de Enfermería, mención Adulto Mayor",Alimentación y nutrición del adulto mayor,31,question-16,4,1,1,1
"Atención de Enfermería, mención Adulto Mayor",Alimentación y nutrición del adulto mayor,31,question-17,4,1,1,1
"Atención de Enfermería, mención Adulto Mayor",Alimentación y nutrición del adulto mayor,31,question-18,4,1,1,1
"Atención de Enfermería, mención Adulto Mayor",Alimentación y nutrición del adulto mayor,31,question-19,4,1,1,1
"Atención de Enfermería, mención Adulto Mayor",Alimentación y nutrición del adulto mayor,31,question-20,4,1,1,1
"Atención de Enfermería, mención Adulto Mayor",Alimentación y nutrición del adulto mayor,31,question-21,4,1,1,1
"Atención de Enfermería, mención Adulto Mayor",Alimentación y nutrición del adulto mayor,31,question-22,4,1,1,1
"Atención de Enfermería, mención Adulto Mayor",Alimentación y nutrición del adulto mayor,31,question-23,4,1,1,1
"Atención de Enfermería, mención Adulto Mayor",Alimentación y nutrición del adulto mayor,31,question-24,4,1,1,1
"Atención de Enfermería, mención Adulto Mayor",Alimentación y nutrición del adulto mayor,31,question-25,4,1,1,1
"Atención de Enfermería, mención Adulto Mayor",Alimentación y nutrición del adulto mayor,31,development,4,1,1,1
"Atención de Enfermería, mención Adulto Mayor",Alimentación y nutrición del adulto mayor,31,practice,0,1,1,1
"Atención de Enfermería, mención Adulto Mayor",Alimentación y nutrición del adulto mayor,31,encargo-1,2,1,1,1
"Atención de Enfermería, mención Adulto Mayor",Alimentación y nutrición del adulto mayor,31,encargo-2,3,1,1,1
"Atención de Enfermería, mención Adulto Mayor",Alimentación y nutrición del adulto mayor,31,encargo-3,2,1,1,1
"Atención de Enfermería, mención Adulto Mayor",Alimentación y nutrición del adulto mayor,31,encargo-4,3,1,1,1
"Atención de Enfermería, mención Adulto Mayor",Alimentación y nutrición del adulto mayor,31,encargo-5,2,1,1,1
"Atención de Enfermería, mención Adulto Mayor",Alimentación y nutrición del adulto mayor,31,encargo-6,3,1,1,1
"Atención de Enfermería, mención Adulto Mayor",Alimentación y nutrición del adulto mayor,31,encargo-7,2,1,1,1
"Atención de Enfermería, mención Adulto Mayor",Alimentación y nutrición del adulto mayor,31,encargo-8,3,1,1,1
"Atención de Enfermería, mención Adulto Mayor",Alimentación y nutrición del adulto mayor,31,encargo-9,2,1,1,1
"Atención de Enfermería, mención Adulto Mayor",Alimentación y nutrición del adulto mayor,31,encargo-10,3,1,1,1
"Atención de Enfermería, mención Adulto Mayor",Alimentación y nutrición del adulto mayor,31,encargo-11,2,1,1,1
"Atención de Enfermería, mención Adulto Mayor",Alimentación y nutrición del adulto mayor,31,encargo-12,3,1,1,1
"Atención de Enfermería, mención Adulto Mayor",Alimentación y nutrición del adulto mayor,31,encargo-13,2,1,1,1
"Atención de Enfermería, mención Adulto Mayor",Alimentación y nutrición del adulto mayor,31,encargo-14,3,1,1,1
"Atención de Enfermería, mención Adulto Mayor",Alimentación y nutrición del adulto mayor,31,encargo-15,2,1,1,1
"Atención de Enfermería, mención Adulto Mayor",Alimentación y nutrición del adulto mayor,31,encargo-16,3,1,1,1
"Atención de Enfermería, mención Adulto Mayor",Alimentación y nutrición del adulto mayor,31,encargo-17,2,1,1,1
"Atención de Enfermería, mención Adulto Mayor",Alimentación y nutrición del adulto mayor,31,encargo-18,3,1,1,1
"Atención de Enfermería, mención Adulto Mayor",Alimentación y nutrición del adulto mayor,31,encargo-19,2,1,1,1
"Atención de Enfermería, mención Adulto Mayor",Alimentación y nutrición del adulto mayor,31,feedback,5,1,1,1
"Atención de Enfermería, mención Adulto Mayor",Atención de primeros auxilios del adulto mayor,32,context,1,1,1,1
"Atención de Enfermería, mención Adulto Mayor",Atención de primeros auxilios del adulto mayor,32,ae-1-1,2,1,1,1
"Atención de Enfermería, mención Adulto Mayor",Atención de primeros auxilios del adulto mayor,32,ae-1-2,2,1,1,1
"Atención de Enfermería, mención Adulto Mayor",Atención de primeros auxilios del adulto mayor,32,ae-1-3,2,1,1,1
"Atención de Enfermería, mención Adulto Mayor",Atención de primeros auxilios del adulto mayor,32,ae-1-4,2,1,1,1
"Atención de Enfermería, mención Adulto Mayor",Atención de primeros auxilios del adulto mayor,32,ae-1-5,2,1,1,1
"Atención de Enfermería, mención Adulto Mayor",Atención de primeros auxilios del adulto mayor,32,ae-1-6,2,1,1,1
"Atención de Enfermería, mención Adulto Mayor",Atención de primeros auxilios del adulto mayor,32,ae-2-1,2,1,1,1
"Atención de Enfermería, mención Adulto Mayor",Atención de primeros auxilios del adulto mayor,32,ae-2-2,2,1,1,1
"Atención de Enfermería, mención Adulto Mayor",Atención de primeros auxilios del adulto mayor,32,ae-2-3,2,1,1,1
"Atención de Enfermería, mención Adulto Mayor",Atención de primeros auxilios del adulto mayor,32,ae-2-4,2,1,1,1
"Atención de Enfermería, mención Adulto Mayor",Atención de primeros auxilios del adulto mayor,32,ae-2-5,2,1,1,1
"Atención de Enfermería, mención Adulto Mayor",Atención de primeros auxilios del adulto mayor,32,ae-2-6,2,1,1,1
"Atención de Enfermería, mención Adulto Mayor",Atención de primeros auxilios del adulto mayor,32,formative-1,3,1,1,1
"Atención de Enfermería, mención Adulto Mayor",Atención de primeros auxilios del adulto mayor,32,formative-2,3,1,1,1
"Atención de Enfermería, mención Adulto Mayor",Atención de primeros auxilios del adulto mayor,32,formative-3,3,1,1,1
"Atención de Enfermería, mención Adulto Mayor",Atención de primeros auxilios del adulto mayor,32,formative-4,3,1,1,1
"Atención de Enfermería, mención Adulto Mayor",Atención de primeros auxilios del adulto mayor,32,formative-5,3,1,1,1
"Atención de Enfermería, mención Adulto Mayor",Atención de primeros auxilios del adulto mayor,32,formative-6,3,1,1,1
"Atención de Enfermería, mención Adulto Mayor",Atención de primeros auxilios del adulto mayor,32,formative-7,3,1,1,1
"Atención de Enfermería, mención Adulto Mayor",Atención de primeros auxilios del adulto mayor,32,formative-8,3,1,1,1
"Atención de Enfermería, mención Adulto Mayor",Atención de primeros auxilios del adulto mayor,32,formative-9,3,1,1,1
"Atención de Enfermería, mención Adulto Mayor",Atención de primeros auxilios del adulto mayor,32,formative-10,3,1,1,1
"Atención de Enfermería, mención Adulto Mayor",Atención de primeros auxilios del adulto mayor,32,formative-11,3,1,1,1
"Atención de Enfermería, mención Adulto Mayor",Atención de primeros auxilios del adulto mayor,32,formative-12,3,1,1,1
"Atención de Enfermería, mención Adulto Mayor",Atención de primeros auxilios del adulto mayor,32,formative-13,3,1,1,1
"Atención de Enfermería, mención Adulto Mayor",Atención de primeros auxilios del adulto mayor,32,formative-14,3,1,1,1
"Atención de Enfermería, mención Adulto Mayor",Atención de primeros auxilios del adulto mayor,32,case-1,3,1,1,1
"Atención de Enfermería, mención Adulto Mayor",Atención de primeros auxilios del adulto mayor,32,case-2,3,1,1,1
"Atención de Enfermería, mención Adulto Mayor",Atención de primeros auxilios del adulto mayor,32,case-3,3,1,1,1
"Atención de Enfermería, mención Adulto Mayor",Atención de primeros auxilios del adulto mayor,32,case-4,3,1,1,1
"Atención de Enfermería, mención Adulto Mayor",Atención de primeros auxilios del adulto mayor,32,case-5,3,1,1,1
"Atención de Enfermería, mención Adulto Mayor",Atención de primeros auxilios del adulto mayor,32,case-6,3,1,1,1
"Atención de Enfermería, mención Adulto Mayor",Atención de primeros auxilios del adulto mayor,32,case-7,3,1,1,1
"Atención de Enfermería, mención Adulto Mayor",Atención de primeros auxilios del adulto mayor,32,case-8,3,1,1,1
"Atención de Enfermería, mención Adulto Mayor",Atención de primeros auxilios del adulto mayor,32,case-9,3,1,1,1
"Atención de Enfermería, mención Adulto Mayor",Atención de primeros auxilios del adulto mayor,32,case-10,3,1,1,1
"Atención de Enfermería, mención Adulto Mayor",Atención de primeros auxilios del adulto mayor,32,case-11,3,1,1,1
"Atención de Enfermería, mención Adulto Mayor",Atención de primeros auxilios del adulto mayor,32,case-12,3,1,1,1
"Atención de Enfermería, mención Adulto Mayor",Atención de primeros auxilios del adulto mayor,32,case-13,3,1,1,1
"Atención de Enfermería, mención Adulto Mayor",Atención de primeros auxilios del adulto mayor,32,case-14,3,1,1,1
"Atención de Enfermería, mención Adulto Mayor",Atención de primeros auxilios del adulto mayor,32,case-15,3,1,1,1
"Atención de Enfermería, mención Adulto Mayor",Atención de primeros auxilios del adulto mayor,32,scene,3,1,1,1
"Atención de Enfermería, mención Adulto Mayor",Atención de primeros auxilios del adulto mayor,32,question-1,4,1,1,1
"Atención de Enfermería, mención Adulto Mayor",Atención de primeros auxilios del adulto mayor,32,question-2,4,1,1,1
"Atención de Enfermería, mención Adulto Mayor",Atención de primeros auxilios del adulto mayor,32,question-3,4,1,1,1
"Atención de Enfermería, mención Adulto Mayor",Atención de primeros auxilios del adulto mayor,32,question-4,4,1,1,1
"Atención de Enfermería, mención Adulto Mayor",Atención de primeros auxilios del adulto mayor,32,question-5,4,1,1,1
"Atención de Enfermería, mención Adulto Mayor",Atención de primeros auxilios del adulto mayor,32,question-6,4,1,1,1
"Atención de Enfermería, mención Adulto Mayor",Atención de primeros auxilios del adulto mayor,32,question-7,4,1,1,1
"Atención de Enfermería, mención Adulto Mayor",Atención de primeros auxilios del adulto mayor,32,question-8,4,1,1,1
"Atención de Enfermería, mención Adulto Mayor",Atención de primeros auxilios del adulto mayor,32,question-9,4,1,1,1
"Atención de Enfermería, mención Adulto Mayor",Atención de primeros auxilios del adulto mayor,32,question-10,4,1,1,1
"Atención de Enfermería, mención Adulto Mayor",Atención de primeros auxilios del adulto mayor,32,question-11,4,1,1,1
"Atención de Enfermería, mención Adulto Mayor",Atención de primeros auxilios del adulto mayor,32,question-12,4,1,1,1
"Atención de Enfermería, mención Adulto Mayor",Atención de primeros auxilios del adulto mayor,32,question-13,4,1,1,1
"Atención de Enfermería, mención Adulto Mayor",Atención de primeros auxilios del adulto mayor,32,question-14,4,1,1,1
"Atención de Enfermería, mención Adulto Mayor",Atención de primeros auxilios del adulto mayor,32,question-15,4,1,1,1
"Atención de Enfermería, mención Adulto Mayor",Atención de primeros auxilios del adulto mayor,32,question-16,4,1,1,1
"Atención de Enfermería, mención Adulto Mayor",Atención de primeros auxilios del adulto mayor,32,question-17,4,1,1,1
"Atención de Enfermería, mención Adulto Mayor",Atención de primeros auxilios del adulto mayor,32,question-18,4,1,1,1
"Atención de Enfermería, mención Adulto Mayor",Atención de primeros auxilios del adulto mayor,32,question-19,4,1,1,1
"Atención de Enfermería, mención Adulto Mayor",Atención de primeros auxilios del adulto mayor,32,question-20,4,1,1,1
"Atención de Enfermería, mención Adulto Mayor",Atención de primeros auxilios del adulto mayor,32,question-21,4,1,1,1
"Atención de Enfermería, mención Adulto Mayor",Atención de primeros auxilios del adulto mayor,32,question-22,4,1,1,1
"Atención de Enfermería, mención Adulto Mayor",Atención de primeros auxilios del adulto mayor,32,question-23,4,1,1,1
"Atención de Enfermería, mención Adulto Mayor",Atención de primeros auxilios del adulto mayor,32,question-24,4,1,1,1
"Atención de Enfermería, mención Adulto Mayor",Atención de primeros auxilios del adulto mayor,32,question-25,4,1,1,1
"Atención de Enfermería, mención Adulto Mayor",Atención de primeros auxilios del adulto mayor,32,development,4,1,1,1
"Atención de Enfermería, mención Adulto Mayor",Atención de primeros auxilios del adulto mayor,32,practice,0,1,1,1
"Atención de Enfermería, mención Adulto Mayor",Atención de primeros auxilios del adulto mayor,32,encargo-1,2,1,1,1
"Atención de Enfermería, mención Adulto Mayor",Atención de primeros auxilios del adulto mayor,32,encargo-2,3,1,1,1
"Atención de Enfermería, mención Adulto Mayor",Atención de primeros auxilios del adulto mayor,32,encargo-3,2,1,1,1
"Atención de Enfermería, mención Adulto Mayor",Atención de primeros auxilios del adulto mayor,32,encargo-4,3,1,1,1
"Atención de Enfermería, mención Adulto Mayor",Atención de primeros auxilios del adulto mayor,32,encargo-5,2,1,1,1
"Atención de Enfermería, mención Adulto Mayor",Atención de primeros auxilios del adulto mayor,32,encargo-6,3,1,1,1
"Atención de Enfermería, mención Adulto Mayor",Atención de primeros auxilios del adulto mayor,32,encargo-7,2,1,1,1
"Atención de Enfermería, mención Adulto Mayor",Atención de primeros auxilios del adulto mayor,32,encargo-8,3,1,1,1
"Atención de Enfermería, mención Adulto Mayor",Atención de primeros auxilios del adulto mayor,32,encargo-9,2,1,1,1
"Atención de Enfermería, mención Adulto Mayor",Atención de primeros auxilios del adulto mayor,32,encargo-10,3,1,1,1
"Atención de Enfermería, mención Adulto Mayor",Atención de primeros auxilios del adulto mayor,32,encargo-11,2,1,1,1
"Atención de Enfermería, mención Adulto Mayor",Atención de primeros auxilios del adulto mayor,32,encargo-12,3,1,1,1
"Atención de Enfermería, mención Adulto Mayor",Atención de primeros auxilios del adulto mayor,32,encargo-13,2,1,1,1
"Atención de Enfermería, mención Adulto Mayor",Atención de primeros auxilios del adulto mayor,32,feedback,5,1,1,1
"Atención de Enfermería, mención Adulto Mayor",Administración de medicamentos,33,context,1,1,1,1
"Atención de Enfermería, mención Adulto Mayor",Administración de medicamentos,33,ae-1-1,2,1,1,1
"Atención de Enfermería, mención Adulto Mayor",Administración de medicamentos,33,ae-1-2,2,1,1,1
"Atención de Enfermería, mención Adulto Mayor",Administración de medicamentos,33,ae-1-3,2,1,1,1
"Atención de Enfermería, mención Adulto Mayor",Administración de medicamentos,33,ae-1-4,2,1,1,1
"Atención de Enfermería, mención Adulto Mayor",Administración de medicamentos,33,ae-1-5,2,1,1,1
"Atención de Enfermería, mención Adulto Mayor",Administración de medicamentos,33,ae-1-6,2,1,1,1
"Atención de Enfermería, mención Adulto Mayor",Administración de medicamentos,33,ae-2-1,2,1,1,1
"Atención de Enfermería, mención Adulto Mayor",Administración de medicamentos,33,ae-2-2,2,1,1,1
"Atención de Enfermería, mención Adulto Mayor",Administración de medicamentos,33,ae-2-3,2,1,1,1
"Atención de Enfermería, mención Adulto Mayor",Administración de medicamentos,33,ae-2-4,2,1,1,1
"Atención de Enfermería, mención Adulto Mayor",Administración de medicamentos,33,ae-2-5,2,1,1,1
"Atención de Enfermería, mención Adulto Mayor",Administración de medicamentos,33,ae-2-6,2,1,1,1
"Atención de Enfermería, mención Adulto Mayor",Administración de medicamentos,33,formative-1,3,1,1,1
"Atención de Enfermería, mención Adulto Mayor",Administración de medicamentos,33,formative-2,3,1,1,1
"Atención de Enfermería, mención Adulto Mayor",Administración de medicamentos,33,formative-3,3,1,1,1
"Atención de Enfermería, mención Adulto Mayor",Administración de medicamentos,33,formative-4,3,1,1,1
"Atención de Enfermería, mención Adulto Mayor",Administración de medicamentos,33,formative-5,3,1,1,1
"Atención de Enfermería, mención Adulto Mayor",Administración de medicamentos,33,formative-6,3,1,1,1
"Atención de Enfermería, mención Adulto Mayor",Administración de medicamentos,33,formative-7,3,1,1,1
"Atención de Enfermería, mención Adulto Mayor",Administración de medicamentos,33,formative-8,3,1,1,1
"Atención de Enfermería, mención Adulto Mayor",Administración de medicamentos,33,formative-9,3,1,1,1
"Atención de Enfermería, mención Adulto Mayor",Administración de medicamentos,33,formative-10,3,1,1,1
"Atención de Enfermería, mención Adulto Mayor",Administración de medicamentos,33,formative-11,3,1,1,1
"Atención de Enfermería, mención Adulto Mayor",Administración de medicamentos,33,formative-12,3,1,1,1
"Atención de Enfermería, mención Adulto Mayor",Administración de medicamentos,33,formative-13,3,1,1,1
"Atención de Enfermería, mención Adulto Mayor",Administración de medicamentos,33,formative-14,3,1,1,1
"Atención de Enfermería, mención Adulto Mayor",Administración de medicamentos,33,case-1,3,1,1,1
"Atención de Enfermería, mención Adulto Mayor",Administración de medicamentos,33,case-2,3,1,1,1
"Atención de Enfermería, mención Adulto Mayor",Administración de medicamentos,33,case-3,3,1,1,1
"Atención de Enfermería, mención Adulto Mayor",Administración de medicamentos,33,case-4,3,1,1,1
"Atención de Enfermería, mención Adulto Mayor",Administración de medicamentos,33,case-5,3,1,1,1
"Atención de Enfermería, mención Adulto Mayor",Administración de medicamentos,33,case-6,3,1,1,1
"Atención de Enfermería, mención Adulto Mayor",Administración de medicamentos,33,case-7,3,1,1,1
"Atención de Enfermería, mención Adulto Mayor",Administración de medicamentos,33,case-8,3,1,1,1
"Atención de Enfermería, mención Adulto Mayor",Administración de medicamentos,33,case-9,3,1,1,1
"Atención de Enfermería, mención Adulto Mayor",Administración de medicamentos,33,case-10,3,1,1,1
"Atención de Enfermería, mención Adulto Mayor",Administración de medicamentos,33,case-11,3,1,1,1
"Atención de Enfermería, mención Adulto Mayor",Administración de medicamentos,33,case-12,3,1,1,1
"Atención de Enfermería, mención Adulto Mayor",Administración de medicamentos,33,case-13,3,1,1,1
"Atención de Enfermería, mención Adulto Mayor",Administración de medicamentos,33,case-14,3,1,1,1
"Atención de Enfermería, mención Adulto Mayor",Administración de medicamentos,33,case-15,3,1,1,1
"Atención de Enfermería, mención Adulto Mayor",Administración de medicamentos,33,scene,3,1,1,1
"Atención de Enfermería, mención Adulto Mayor",Administración de medicamentos,33,question-1,4,1,1,1
"Atención de Enfermería, mención Adulto Mayor",Administración de medicamentos,33,question-2,4,1,1,1
"Atención de Enfermería, mención Adulto Mayor",Administración de medicamentos,33,question-3,4,1,1,1
"Atención de Enfermería, mención Adulto Mayor",Administración de medicamentos,33,question-4,4,1,1,1
"Atención de Enfermería, mención Adulto Mayor",Administración de medicamentos,33,question-5,4,1,1,1
"Atención de Enfermería, mención Adulto Mayor",Administración de medicamentos,33,question-6,4,1,1,1
"Atención de Enfermería, mención Adulto Mayor",Administración de medicamentos,33,question-7,4,1,1,1
"Atención de Enfermería, mención Adulto Mayor",Administración de medicamentos,33,question-8,4,1,1,1
"Atención de Enfermería, mención Adulto Mayor",Administración de medicamentos,33,question-9,4,1,1,1
"Atención de Enfermería, mención Adulto Mayor",Administración de medicamentos,33,question-10,4,1,1,1
"Atención de Enfermería, mención Adulto Mayor",Administración de medicamentos,33,question-11,4,1,1,1
"Atención de Enfermería, mención Adulto Mayor",Administración de medicamentos,33,question-12,4,1,1,1
"Atención de Enfermería, mención Adulto Mayor",Administración de medicamentos,33,question-13,4,1,1,1
"Atención de Enfermería, mención Adulto Mayor",Administración de medicamentos,33,question-14,4,1,1,1
"Atención de Enfermería, mención Adulto Mayor",Administración de medicamentos,33,question-15,4,1,1,1
"Atención de Enfermería, mención Adulto Mayor",Administración de medicamentos,33,question-16,4,1,1,1
"Atención de Enfermería, mención Adulto Mayor",Administración de medicamentos,33,question-17,4,1,1,1
"Atención de Enfermería, mención Adulto Mayor",Administración de medicamentos,33,question-18,4,1,1,1
"Atención de Enfermería, mención Adulto Mayor",Administración de medicamentos,33,question-19,4,1,1,1
"Atención de Enfermería, mención Adulto Mayor",Administración de medicamentos,33,question-20,4,1,1,1
"Atención de Enfermería, mención Adulto Mayor",Administración de medicamentos,33,question-21,4,1,1,1
"Atención de Enfermería, mención Adulto Mayor",Administración de medicamentos,33,question-22,4,1,1,1
"Atención de Enfermería, mención Adulto Mayor",Administración de medicamentos,33,question-23,4,1,1,1
"Atención de Enfermería, mención Adulto Mayor",Administración de medicamentos,33,question-24,4,1,1,1
"Atención de Enfermería, mención Adulto Mayor",Administración de medicamentos,33,question-25,4,1,1,1
"Atención de Enfermería, mención Adulto Mayor",Administración de medicamentos,33,development,4,1,1,1
"Atención de Enfermería, mención Adulto Mayor",Administración de medicamentos,33,practice,0,1,1,1
"Atención de Enfermería, mención Adulto Mayor",Administración de medicamentos,33,encargo-1,2,1,1,1
"Atención de Enfermería, mención Adulto Mayor",Administración de medicamentos,33,encargo-2,3,1,1,1
"Atención de Enfermería, mención Adulto Mayor",Administración de medicamentos,33,encargo-3,2,1,1,1
"Atención de Enfermería, mención Adulto Mayor",Administración de medicamentos,33,encargo-4,3,1,1,1
"Atención de Enfermería, mención Adulto Mayor",Administración de medicamentos,33,encargo-5,2,1,1,1
"Atención de Enfermería, mención Adulto Mayor",Administración de medicamentos,33,encargo-6,3,1,1,1
"Atención de Enfermería, mención Adulto Mayor",Administración de medicamentos,33,encargo-7,2,1,1,1
"Atención de Enfermería, mención Adulto Mayor",Administración de medicamentos,33,encargo-8,3,1,1,1
"Atención de Enfermería, mención Adulto Mayor",Administración de medicamentos,33,encargo-9,2,1,1,1
"Atención de Enfermería, mención Adulto Mayor",Administración de medicamentos,33,encargo-10,3,1,1,1
"Atención de Enfermería, mención Adulto Mayor",Administración de medicamentos,33,encargo-11,2,1,1,1
"Atención de Enfermería, mención Adulto Mayor",Administración de medicamentos,33,encargo-12,3,1,1,1
"Atención de Enfermería, mención Adulto Mayor",Administración de medicamentos,33,encargo-13,2,1,1,1
"Atención de Enfermería, mención Adulto Mayor",Administración de medicamentos,33,encargo-14,3,1,1,1
"Atención de Enfermería, mención Adulto Mayor",Administración de medicamentos,33,encargo-15,2,1,1,1
"Atención de Enfermería, mención Adulto Mayor",Administración de medicamentos,33,encargo-16,3,1,1,1
"Atención de Enfermería, mención Adulto Mayor",Administración de medicamentos,33,encargo-17,2,1,1,1
"Atención de Enfermería, mención Adulto Mayor",Administración de medicamentos,33,encargo-18,3,1,1,1
"Atención de Enfermería, mención Adulto Mayor",Administración de medicamentos,33,encargo-19,2,1,1,1
"Atención de Enfermería, mención Adulto Mayor",Administración de medicamentos,33,feedback,5,1,1,1
"Atención de Enfermería, mención Adulto Mayor",Higiene y confort del adulto mayor,34,context,1,1,1,1
"Atención de Enfermería, mención Adulto Mayor",Higiene y confort del adulto mayor,34,ae-1-1,2,1,1,1
"Atención de Enfermería, mención Adulto Mayor",Higiene y confort del adulto mayor,34,ae-1-2,2,1,1,1
"Atención de Enfermería, mención Adulto Mayor",Higiene y confort del adulto mayor,34,ae-1-3,2,1,1,1
"Atención de Enfermería, mención Adulto Mayor",Higiene y confort del adulto mayor,34,ae-1-4,2,1,1,1
"Atención de Enfermería, mención Adulto Mayor",Higiene y confort del adulto mayor,34,ae-1-5,2,1,1,1
"Atención de Enfermería, mención Adulto Mayor",Higiene y confort del adulto mayor,34,ae-1-6,2,1,1,1
"Atención de Enfermería, mención Adulto Mayor",Higiene y confort del adulto mayor,34,ae-2-1,2,1,1,1
"Atención de Enfermería, mención Adulto Mayor",Higiene y confort del adulto mayor,34,ae-2-2,2,1,1,1
"Atención de Enfermería, mención Adulto Mayor",Higiene y confort del adulto mayor,34,ae-2-3,2,1,1,1
"Atención de Enfermería, mención Adulto Mayor",Higiene y confort del adulto mayor,34,ae-2-4,2,1,1,1
"Atención de Enfermería, mención Adulto Mayor",Higiene y confort del adulto mayor,34,ae-2-5,2,1,1,1
"Atención de Enfermería, mención Adulto Mayor",Higiene y confort del adulto mayor,34,ae-2-6,2,1,1,1
"Atención de Enfermería, mención Adulto Mayor",Higiene y confort del adulto mayor,34,formative-1,3,1,1,1
"Atención de Enfermería, mención Adulto Mayor",Higiene y confort del adulto mayor,34,formative-2,3,1,1,1
"Atención de Enfermería, mención Adulto Mayor",Higiene y confort del adulto mayor,34,formative-3,3,1,1,1
"Atención de Enfermería, mención Adulto Mayor",Higiene y confort del adulto mayor,34,formative-4,3,1,1,1
"Atención de Enfermería, mención Adulto Mayor",Higiene y confort del adulto mayor,34,formative-5,3,1,1,1
"Atención de Enfermería, mención Adulto Mayor",Higiene y confort del adulto mayor,34,formative-6,3,1,1,1
"Atención de Enfermería, mención Adulto Mayor",Higiene y confort del adulto mayor,34,formative-7,3,1,1,1
"Atención de Enfermería, mención Adulto Mayor",Higiene y confort del adulto mayor,34,formative-8,3,1,1,1
"Atención de Enfermería, mención Adulto Mayor",Higiene y confort del adulto mayor,34,formative-9,3,1,1,1
"Atención de Enfermería, mención Adulto Mayor",Higiene y confort del adulto mayor,34,formative-10,3,1,1,1
"Atención de Enfermería, mención Adulto Mayor",Higiene y confort del adulto mayor,34,formative-11,3,1,1,1
"Atención de Enfermería, mención Adulto Mayor",Higiene y confort del adulto mayor,34,formative-12,3,1,1,1
"Atención de Enfermería, mención Adulto Mayor",Higiene y confort del adulto mayor,34,formative-13,3,1,1,1
"Atención de Enfermería, mención Adulto Mayor",Higiene y confort del adulto mayor,34,formative-14,3,1,1,1
"Atención de Enfermería, mención Adulto Mayor",Higiene y confort del adulto mayor,34,case-1,3,1,1,1
"Atención de Enfermería, mención Adulto Mayor",Higiene y confort del adulto mayor,34,case-2,3,1,1,1
"Atención de Enfermería, mención Adulto Mayor",Higiene y confort del adulto mayor,34,case-3,3,1,1,1
"Atención de Enfermería, mención Adulto Mayor",Higiene y confort del adulto mayor,34,case-4,3,1,1,1
"Atención de Enfermería, mención Adulto Mayor",Higiene y confort del adulto mayor,34,case-5,3,1,1,1
"Atención de Enfermería, mención Adulto Mayor",Higiene y confort del adulto mayor,34,case-6,3,1,1,1
"Atención de Enfermería, mención Adulto Mayor",Higiene y confort del adulto mayor,34,case-7,3,1,1,1
"Atención de Enfermería, mención Adulto Mayor",Higiene y confort del adulto mayor,34,case-8,3,1,1,1
"Atención de Enfermería, mención Adulto Mayor",Higiene y confort del adulto mayor,34,case-9,3,1,1,1
"Atención de Enfermería, mención Adulto Mayor",Higiene y confort del adulto mayor,34,case-10,3,1,1,1
"Atención de Enfermería, mención Adulto Mayor",Higiene y confort del adulto mayor,34,case-11,3,1,1,1
"Atención de Enfermería, mención Adulto Mayor",Higiene y confort del adulto mayor,34,case-12,3,1,1,1
"Atención de Enfermería, mención Adulto Mayor",Higiene y confort del adulto mayor,34,case-13,3,1,1,1
"Atención de Enfermería, mención Adulto Mayor",Higiene y confort del adulto mayor,34,case-14,3,1,1,1
"Atención de Enfermería, mención Adulto Mayor",Higiene y confort del adulto mayor,34,case-15,3,1,1,1
"Atención de Enfermería, mención Adulto Mayor",Higiene y confort del adulto mayor,34,scene,3,1,1,1
"Atención de Enfermería, mención Adulto Mayor",Higiene y confort del adulto mayor,34,question-1,4,1,1,1
"Atención de Enfermería, mención Adulto Mayor",Higiene y confort del adulto mayor,34,question-2,4,1,1,1
"Atención de Enfermería, mención Adulto Mayor",Higiene y confort del adulto mayor,34,question-3,4,1,1,1
"Atención de Enfermería, mención Adulto Mayor",Higiene y confort del adulto mayor,34,question-4,4,1,1,1
"Atención de Enfermería, mención Adulto Mayor",Higiene y confort del adulto mayor,34,question-5,4,1,1,1
"Atención de Enfermería, mención Adulto Mayor",Higiene y confort del adulto mayor,34,question-6,4,1,1,1
"Atención de Enfermería, mención Adulto Mayor",Higiene y confort del adulto mayor,34,question-7,4,1,1,1
"Atención de Enfermería, mención Adulto Mayor",Higiene y confort del adulto mayor,34,question-8,4,1,1,1
"Atención de Enfermería, mención Adulto Mayor",Higiene y confort del adulto mayor,34,question-9,4,1,1,1
"Atención de Enfermería, mención Adulto Mayor",Higiene y confort del adulto mayor,34,question-10,4,1,1,1
"Atención de Enfermería, mención Adulto Mayor",Higiene y confort del adulto mayor,34,question-11,4,1,1,1
"Atención de Enfermería, mención Adulto Mayor",Higiene y confort del adulto mayor,34,question-12,4,1,1,1
"Atención de Enfermería, mención Adulto Mayor",Higiene y confort del adulto mayor,34,question-13,4,1,1,1
"Atención de Enfermería, mención Adulto Mayor",Higiene y confort del adulto mayor,34,question-14,4,1,1,1
"Atención de Enfermería, mención Adulto Mayor",Higiene y confort del adulto mayor,34,question-15,4,1,1,1
"Atención de Enfermería, mención Adulto Mayor",Higiene y confort del adulto mayor,34,question-16,4,1,1,1
"Atención de Enfermería, mención Adulto Mayor",Higiene y confort del adulto mayor,34,question-17,4,1,1,1
"Atención de Enfermería, mención Adulto Mayor",Higiene y confort del adulto mayor,34,question-18,4,1,1,1
"Atención de Enfermería, mención Adulto Mayor",Higiene y confort del adulto mayor,34,question-19,4,1,1,1
"Atención de Enfermería, mención Adulto Mayor",Higiene y confort del adulto mayor,34,question-20,4,1,1,1
"Atención de Enfermería, mención Adulto Mayor",Higiene y confort del adulto mayor,34,question-21,4,1,1,1
"Atención de Enfermería, mención Adulto Mayor",Higiene y confort del adulto mayor,34,question-22,4,1,1,1
"Atención de Enfermería, mención Adulto Mayor",Higiene y confort del adulto mayor,34,question-23,4,1,1,1
"Atención de Enfermería, mención Adulto Mayor",Higiene y confort del adulto mayor,34,question-24,4,1,1,1
"Atención de Enfermería, mención Adulto Mayor",Higiene y confort del adulto mayor,34,question-25,4,1,1,1
"Atención de Enfermería, mención Adulto Mayor",Higiene y confort del adulto mayor,34,development,4,1,1,1
"Atención de Enfermería, mención Adulto Mayor",Higiene y confort del adulto mayor,34,practice,0,1,1,1
"Atención de Enfermería, mención Adulto Mayor",Higiene y confort del adulto mayor,34,encargo-1,2,1,1,1
"Atención de Enfermería, mención Adulto Mayor",Higiene y confort del adulto mayor,34,encargo-2,3,1,1,1
"Atención de Enfermería, mención Adulto Mayor",Higiene y confort del adulto mayor,34,encargo-3,2,1,1,1
"Atención de Enfermería, mención Adulto Mayor",Higiene y confort del adulto mayor,34,encargo-4,3,1,1,1
"Atención de Enfermería, mención Adulto Mayor",Higiene y confort del adulto mayor,34,encargo-5,2,1,1,1
"Atención de Enfermería, mención Adulto Mayor",Higiene y confort del adulto mayor,34,encargo-6,3,1,1,1
"Atención de Enfermería, mención Adulto Mayor",Higiene y confort del adulto mayor,34,encargo-7,2,1,1,1
"Atención de Enfermería, mención Adulto Mayor",Higiene y confort del adulto mayor,34,encargo-8,3,1,1,1
"Atención de Enfermería, mención Adulto Mayor",Higiene y confort del adulto mayor,34,encargo-9,2,1,1,1
"Atención de Enfermería, mención Adulto Mayor",Higiene y confort del adulto mayor,34,encargo-10,3,1,1,1
"Atención de Enfermería, mención Adulto Mayor",Higiene y confort del adulto mayor,34,encargo-11,2,1,1,1
"Atención de Enfermería, mención Adulto Mayor",Higiene y confort del adulto mayor,34,encargo-12,3,1,1,1
"Atención de Enfermería, mención Adulto Mayor",Higiene y confort del adulto mayor,34,encargo-13,2,1,1,1
"Atención de Enfermería, mención Adulto Mayor",Higiene y confort del adulto mayor,34,feedback,5,1,1,1
"Atención de Enfermería, mención Adulto Mayor",Emprendimiento y empleabilidad,35,context,1,1,1,1
"Atención de Enfermería, mención Adulto Mayor",Emprendimiento y empleabilidad,35,ae-1-1,2,1,1,1
"Atención de Enfermería, mención Adulto Mayor",Emprendimiento y empleabilidad,35,ae-1-2,2,1,1,1
"Atención de Enfermería, mención Adulto Mayor",Emprendimiento y empleabilidad,35,ae-1-3,2,1,1,1
"Atención de Enfermería, mención Adulto Mayor",Emprendimiento y empleabilidad,35,ae-1-4,2,1,1,1
"Atención de Enfermería, mención Adulto Mayor",Emprendimiento y empleabilidad,35,ae-1-5,2,1,1,1
"Atención de Enfermería, mención Adulto Mayor",Emprendimiento y empleabilidad,35,ae-1-6,2,1,1,1
"Atención de Enfermería, mención Adulto Mayor",Emprendimiento y empleabilidad,35,ae-2-1,2,1,1,1
"Atención de Enfermería, mención Adulto Mayor",Emprendimiento y empleabilidad,35,ae-2-2,2,1,1,1
"Atención de Enfermería, mención Adulto Mayor",Emprendimiento y empleabilidad,35,ae-2-3,2,1,1,1
"Atención de Enfermería, mención Adulto Mayor",Emprendimiento y empleabilidad,35,ae-2-4,2,1,1,1
"Atención de Enfermería, mención Adulto Mayor",Emprendimiento y empleabilidad,35,ae-2-5,2,1,1,1
"Atención de Enfermería, mención Adulto Mayor",Emprendimiento y empleabilidad,35,ae-2-6,2,1,1,1
"Atención de Enfermería, mención Adulto Mayor",Emprendimiento y empleabilidad,35,ae-3-1,2,1,1,1
"Atención de Enfermería, mención Adulto Mayor",Emprendimiento y empleabilidad,35,ae-3-2,2,1,1,1
"Atención de Enfermería, mención Adulto Mayor",Emprendimiento y empleabilidad,35,ae-3-3,2,1,1,1
"Atención de Enfermería, mención Adulto Mayor",Emprendimiento y empleabilidad,35,ae-3-4,2,1,1,1
"Atención de Enfermería, mención Adulto Mayor",Emprendimiento y empleabilidad,35,ae-3-5,2,1,1,1
"Atención de Enfermería, mención Adulto Mayor",Emprendimiento y empleabilidad,35,ae-3-6,2,1,1,1
"Atención de Enfermería, mención Adulto Mayor",Emprendimiento y empleabilidad,35,ae-4-1,2,1,1,1
"Atención de Enfermería, mención Adulto Mayor",Emprendimiento y empleabilidad,35,ae-4-2,2,1,1,1
"Atención de Enfermería, mención Adulto Mayor",Emprendimiento y empleabilidad,35,ae-4-3,2,1,1,1
"Atención de Enfermería, mención Adulto Mayor",Emprendimiento y empleabilidad,35,ae-4-4,2,1,1,1
"Atención de Enfermería, mención Adulto Mayor",Emprendimiento y empleabilidad,35,ae-4-5,2,1,1,1
"Atención de Enfermería, mención Adulto Mayor",Emprendimiento y empleabilidad,35,ae-4-6,2,1,1,1
"Atención de Enfermería, mención Adulto Mayor",Emprendimiento y empleabilidad,35,formative-1,3,1,1,1
"Atención de Enfermería, mención Adulto Mayor",Emprendimiento y empleabilidad,35,formative-2,3,1,1,1
"Atención de Enfermería, mención Adulto Mayor",Emprendimiento y empleabilidad,35,formative-3,3,1,1,1
"Atención de Enfermería, mención Adulto Mayor",Emprendimiento y empleabilidad,35,formative-4,3,1,1,1
"Atención de Enfermería, mención Adulto Mayor",Emprendimiento y empleabilidad,35,formative-5,3,1,1,1
"Atención de Enfermería, mención Adulto Mayor",Emprendimiento y empleabilidad,35,formative-6,3,1,1,1
"Atención de Enfermería, mención Adulto Mayor",Emprendimiento y empleabilidad,35,formative-7,3,1,1,1
"Atención de Enfermería, mención Adulto Mayor",Emprendimiento y empleabilidad,35,formative-8,3,1,1,1
"Atención de Enfermería, mención Adulto Mayor",Emprendimiento y empleabilidad,35,formative-9,3,1,1,1
"Atención de Enfermería, mención Adulto Mayor",Emprendimiento y empleabilidad,35,formative-10,3,1,1,1
"Atención de Enfermería, mención Adulto Mayor",Emprendimiento y empleabilidad,35,formative-11,3,1,1,1
"Atención de Enfermería, mención Adulto Mayor",Emprendimiento y empleabilidad,35,formative-12,3,1,1,1
"Atención de Enfermería, mención Adulto Mayor",Emprendimiento y empleabilidad,35,formative-13,3,1,1,1
"Atención de Enfermería, mención Adulto Mayor",Emprendimiento y empleabilidad,35,formative-14,3,1,1,1
"Atención de Enfermería, mención Adulto Mayor",Emprendimiento y empleabilidad,35,case-1,3,1,1,1
"Atención de Enfermería, mención Adulto Mayor",Emprendimiento y empleabilidad,35,case-2,3,1,1,1
"Atención de Enfermería, mención Adulto Mayor",Emprendimiento y empleabilidad,35,case-3,3,1,1,1
"Atención de Enfermería, mención Adulto Mayor",Emprendimiento y empleabilidad,35,case-4,3,1,1,1
"Atención de Enfermería, mención Adulto Mayor",Emprendimiento y empleabilidad,35,case-5,3,1,1,1
"Atención de Enfermería, mención Adulto Mayor",Emprendimiento y empleabilidad,35,case-6,3,1,1,1
"Atención de Enfermería, mención Adulto Mayor",Emprendimiento y empleabilidad,35,case-7,3,1,1,1
"Atención de Enfermería, mención Adulto Mayor",Emprendimiento y empleabilidad,35,case-8,3,1,1,1
"Atención de Enfermería, mención Adulto Mayor",Emprendimiento y empleabilidad,35,case-9,3,1,1,1
"Atención de Enfermería, mención Adulto Mayor",Emprendimiento y empleabilidad,35,case-10,3,1,1,1
"Atención de Enfermería, mención Adulto Mayor",Emprendimiento y empleabilidad,35,case-11,3,1,1,1
"Atención de Enfermería, mención Adulto Mayor",Emprendimiento y empleabilidad,35,case-12,3,1,1,1
"Atención de Enfermería, mención Adulto Mayor",Emprendimiento y empleabilidad,35,case-13,3,1,1,1
"Atención de Enfermería, mención Adulto Mayor",Emprendimiento y empleabilidad,35,case-14,3,1,1,1
"Atención de Enfermería, mención Adulto Mayor",Emprendimiento y empleabilidad,35,case-15,3,1,1,1
"Atención de Enfermería, mención Adulto Mayor",Emprendimiento y empleabilidad,35,scene,3,1,1,1
"Atención de Enfermería, mención Adulto Mayor",Emprendimiento y empleabilidad,35,question-1,4,1,1,1
"Atención de Enfermería, mención Adulto Mayor",Emprendimiento y empleabilidad,35,question-2,4,1,1,1
"Atención de Enfermería, mención Adulto Mayor",Emprendimiento y empleabilidad,35,question-3,4,1,1,1
"Atención de Enfermería, mención Adulto Mayor",Emprendimiento y empleabilidad,35,question-4,4,1,1,1
"Atención de Enfermería, mención Adulto Mayor",Emprendimiento y empleabilidad,35,question-5,4,1,1,1
"Atención de Enfermería, mención Adulto Mayor",Emprendimiento y empleabilidad,35,question-6,4,1,1,1
"Atención de Enfermería, mención Adulto Mayor",Emprendimiento y empleabilidad,35,question-7,4,1,1,1
"Atención de Enfermería, mención Adulto Mayor",Emprendimiento y empleabilidad,35,question-8,4,1,1,1
"Atención de Enfermería, mención Adulto Mayor",Emprendimiento y empleabilidad,35,question-9,4,1,1,1
"Atención de Enfermería, mención Adulto Mayor",Emprendimiento y empleabilidad,35,question-10,4,1,1,1
"Atención de Enfermería, mención Adulto Mayor",Emprendimiento y empleabilidad,35,question-11,4,1,1,1
"Atención de Enfermería, mención Adulto Mayor",Emprendimiento y empleabilidad,35,question-12,4,1,1,1
"Atención de Enfermería, mención Adulto Mayor",Emprendimiento y empleabilidad,35,question-13,4,1,1,1
"Atención de Enfermería, mención Adulto Mayor",Emprendimiento y empleabilidad,35,question-14,4,1,1,1
"Atención de Enfermería, mención Adulto Mayor",Emprendimiento y empleabilidad,35,question-15,4,1,1,1
"Atención de Enfermería, mención Adulto Mayor",Emprendimiento y empleabilidad,35,question-16,4,1,1,1
"Atención de Enfermería, mención Adulto Mayor",Emprendimiento y empleabilidad,35,question-17,4,1,1,1
"Atención de Enfermería, mención Adulto Mayor",Emprendimiento y empleabilidad,35,question-18,4,1,1,1
"Atención de Enfermería, mención Adulto Mayor",Emprendimiento y empleabilidad,35,question-19,4,1,1,1
"Atención de Enfermería, mención Adulto Mayor",Emprendimiento y empleabilidad,35,question-20,4,1,1,1
"Atención de Enfermería, mención Adulto Mayor",Emprendimiento y empleabilidad,35,question-21,4,1,1,1
"Atención de Enfermería, mención Adulto Mayor",Emprendimiento y empleabilidad,35,question-22,4,1,1,1
"Atención de Enfermería, mención Adulto Mayor",Emprendimiento y empleabilidad,35,question-23,4,1,1,1
"Atención de Enfermería, mención Adulto Mayor",Emprendimiento y empleabilidad,35,question-24,4,1,1,1
"Atención de Enfermería, mención Adulto Mayor",Emprendimiento y empleabilidad,35,question-25,4,1,1,1
"Atención de Enfermería, mención Adulto Mayor",Emprendimiento y empleabilidad,35,development,4,1,1,1
"Atención de Enfermería, mención Adulto Mayor",Emprendimiento y empleabilidad,35,practice,0,1,1,1
"Atención de Enfermería, mención Adulto Mayor",Emprendimiento y empleabilidad,35,encargo-1,2,1,1,1
"Atención de Enfermería, mención Adulto Mayor",Emprendimiento y empleabilidad,35,encargo-2,3,1,1,1
"Atención de Enfermería, mención Adulto Mayor",Emprendimiento y empleabilidad,35,encargo-3,2,1,1,1
"Atención de Enfermería, mención Adulto Mayor",Emprendimiento y empleabilidad,35,encargo-4,3,1,1,1
"Atención de Enfermería, mención Adulto Mayor",Emprendimiento y empleabilidad,35,encargo-5,2,1,1,1
"Atención de Enfermería, mención Adulto Mayor",Emprendimiento y empleabilidad,35,encargo-6,3,1,1,1
"Atención de Enfermería, mención Adulto Mayor",Emprendimiento y empleabilidad,35,encargo-7,2,1,1,1
"Atención de Enfermería, mención Adulto Mayor",Emprendimiento y empleabilidad,35,encargo-8,3,1,1,1
"Atención de Enfermería, mención Adulto Mayor",Emprendimiento y empleabilidad,35,encargo-9,2,1,1,1
"Atención de Enfermería, mención Adulto Mayor",Emprendimiento y empleabilidad,35,encargo-10,3,1,1,1
"Atención de Enfermería, mención Adulto Mayor",Emprendimiento y empleabilidad,35,encargo-11,2,1,1,1
"Atención de Enfermería, mención Adulto Mayor",Emprendimiento y empleabilidad,35,encargo-12,3,1,1,1
"Atención de Enfermería, mención Adulto Mayor",Emprendimiento y empleabilidad,35,encargo-13,2,1,1,1
"Atención de Enfermería, mención Adulto Mayor",Emprendimiento y empleabilidad,35,feedback,5,1,1,1
"Atención de Enfermería, mención Enfermería",Aplicación de cuidados básicos,13,context,1,1,1,1
"Atención de Enfermería, mención Enfermería",Aplicación de cuidados básicos,13,ae-1-1,2,1,1,1
"Atención de Enfermería, mención Enfermería",Aplicación de cuidados básicos,13,ae-1-2,2,1,1,1
"Atención de Enfermería, mención Enfermería",Aplicación de cuidados básicos,13,ae-1-3,2,1,1,1
"Atención de Enfermería, mención Enfermería",Aplicación de cuidados básicos,13,ae-1-4,2,1,1,1
"Atención de Enfermería, mención Enfermería",Aplicación de cuidados básicos,13,ae-1-5,2,1,1,1
"Atención de Enfermería, mención Enfermería",Aplicación de cuidados básicos,13,ae-1-6,2,1,1,1
"Atención de Enfermería, mención Enfermería",Aplicación de cuidados básicos,13,ae-2-1,2,1,1,1
"Atención de Enfermería, mención Enfermería",Aplicación de cuidados básicos,13,ae-2-2,2,1,1,1
"Atención de Enfermería, mención Enfermería",Aplicación de cuidados básicos,13,ae-2-3,2,1,1,1
"Atención de Enfermería, mención Enfermería",Aplicación de cuidados básicos,13,ae-2-4,2,1,1,1
"Atención de Enfermería, mención Enfermería",Aplicación de cuidados básicos,13,ae-2-5,2,1,1,1
"Atención de Enfermería, mención Enfermería",Aplicación de cuidados básicos,13,ae-2-6,2,1,1,1
"Atención de Enfermería, mención Enfermería",Aplicación de cuidados básicos,13,ae-3-1,2,1,1,1
"Atención de Enfermería, mención Enfermería",Aplicación de cuidados básicos,13,ae-3-2,2,1,1,1
"Atención de Enfermería, mención Enfermería",Aplicación de cuidados básicos,13,ae-3-3,2,1,1,1
"Atención de Enfermería, mención Enfermería",Aplicación de cuidados básicos,13,ae-3-4,2,1,1,1
"Atención de Enfermería, mención Enfermería",Aplicación de cuidados básicos,13,ae-3-5,2,1,1,1
"Atención de Enfermería, mención Enfermería",Aplicación de cuidados básicos,13,ae-3-6,2,1,1,1
"Atención de Enfermería, mención Enfermería",Aplicación de cuidados básicos,13,formative-1,3,1,1,1
"Atención de Enfermería, mención Enfermería",Aplicación de cuidados básicos,13,formative-2,3,1,1,1
"Atención de Enfermería, mención Enfermería",Aplicación de cuidados básicos,13,formative-3,3,1,1,1
"Atención de Enfermería, mención Enfermería",Aplicación de cuidados básicos,13,formative-4,3,1,1,1
"Atención de Enfermería, mención Enfermería",Aplicación de cuidados básicos,13,formative-5,3,1,1,1
"Atención de Enfermería, mención Enfermería",Aplicación de cuidados básicos,13,formative-6,3,1,1,1
"Atención de Enfermería, mención Enfermería",Aplicación de cuidados básicos,13,formative-7,3,1,1,1
"Atención de Enfermería, mención Enfermería",Aplicación de cuidados básicos,13,formative-8,3,1,1,1
"Atención de Enfermería, mención Enfermería",Aplicación de cuidados básicos,13,formative-9,3,1,1,1
"Atención de Enfermería, mención Enfermería",Aplicación de cuidados básicos,13,formative-10,3,1,1,1
"Atención de Enfermería, mención Enfermería",Aplicación de cuidados básicos,13,formative-11,3,1,1,1
"Atención de Enfermería, mención Enfermería",Aplicación de cuidados básicos,13,formative-12,3,1,1,1
"Atención de Enfermería, mención Enfermería",Aplicación de cuidados básicos,13,formative-13,3,1,1,1
"Atención de Enfermería, mención Enfermería",Aplicación de cuidados básicos,13,formative-14,3,1,1,1
"Atención de Enfermería, mención Enfermería",Aplicación de cuidados básicos,13,case-1,3,1,1,1
"Atención de Enfermería, mención Enfermería",Aplicación de cuidados básicos,13,case-2,3,1,1,1
"Atención de Enfermería, mención Enfermería",Aplicación de cuidados básicos,13,case-3,3,1,1,1
"Atención de Enfermería, mención Enfermería",Aplicación de cuidados básicos,13,case-4,3,1,1,1
"Atención de Enfermería, mención Enfermería",Aplicación de cuidados básicos,13,case-5,3,1,1,1
"Atención de Enfermería, mención Enfermería",Aplicación de cuidados básicos,13,case-6,3,1,1,1
"Atención de Enfermería, mención Enfermería",Aplicación de cuidados básicos,13,case-7,3,1,1,1
"Atención de Enfermería, mención Enfermería",Aplicación de cuidados básicos,13,case-8,3,1,1,1
"Atención de Enfermería, mención Enfermería",Aplicación de cuidados básicos,13,case-9,3,1,1,1
"Atención de Enfermería, mención Enfermería",Aplicación de cuidados básicos,13,case-10,3,1,1,1
"Atención de Enfermería, mención Enfermería",Aplicación de cuidados básicos,13,case-11,3,1,1,1
"Atención de Enfermería, mención Enfermería",Aplicación de cuidados básicos,13,case-12,3,1,1,1
"Atención de Enfermería, mención Enfermería",Aplicación de cuidados básicos,13,case-13,3,1,1,1
"Atención de Enfermería, mención Enfermería",Aplicación de cuidados básicos,13,case-14,3,1,1,1
"Atención de Enfermería, mención Enfermería",Aplicación de cuidados básicos,13,case-15,3,1,1,1
"Atención de Enfermería, mención Enfermería",Aplicación de cuidados básicos,13,scene,3,1,1,1
"Atención de Enfermería, mención Enfermería",Aplicación de cuidados básicos,13,question-1,4,1,1,1
"Atención de Enfermería, mención Enfermería",Aplicación de cuidados básicos,13,question-2,4,1,1,1
"Atención de Enfermería, mención Enfermería",Aplicación de cuidados básicos,13,question-3,4,1,1,1
"Atención de Enfermería, mención Enfermería",Aplicación de cuidados básicos,13,question-4,4,1,1,1
"Atención de Enfermería, mención Enfermería",Aplicación de cuidados básicos,13,question-5,4,1,1,1
"Atención de Enfermería, mención Enfermería",Aplicación de cuidados básicos,13,question-6,4,1,1,1
"Atención de Enfermería, mención Enfermería",Aplicación de cuidados básicos,13,question-7,4,1,1,1
"Atención de Enfermería, mención Enfermería",Aplicación de cuidados básicos,13,question-8,4,1,1,1
"Atención de Enfermería, mención Enfermería",Aplicación de cuidados básicos,13,question-9,4,1,1,1
"Atención de Enfermería, mención Enfermería",Aplicación de cuidados básicos,13,question-10,4,1,1,1
"Atención de Enfermería, mención Enfermería",Aplicación de cuidados básicos,13,question-11,4,1,1,1
"Atención de Enfermería, mención Enfermería",Aplicación de cuidados básicos,13,question-12,4,1,1,1
"Atención de Enfermería, mención Enfermería",Aplicación de cuidados básicos,13,question-13,4,1,1,1
"Atención de Enfermería, mención Enfermería",Aplicación de cuidados básicos,13,question-14,4,1,1,1
"Atención de Enfermería, mención Enfermería",Aplicación de cuidados básicos,13,question-15,4,1,1,1
"Atención de Enfermería, mención Enfermería",Aplicación de cuidados básicos,13,question-16,4,1,1,1
"Atención de Enfermería, mención Enfermería",Aplicación de cuidados básicos,13,question-17,4,1,1,1
"Atención de Enfermería, mención Enfermería",Aplicación de cuidados básicos,13,question-18,4,1,1,1
"Atención de Enfermería, mención Enfermería",Aplicación de cuidados básicos,13,question-19,4,1,1,1
"Atención de Enfermería, mención Enfermería",Aplicación de cuidados básicos,13,question-20,4,1,1,1
"Atención de Enfermería, mención Enfermería",Aplicación de cuidados básicos,13,question-21,4,1,1,1
"Atención de Enfermería, mención Enfermería",Aplicación de cuidados básicos,13,question-22,4,1,1,1
"Atención de Enfermería, mención Enfermería",Aplicación de cuidados básicos,13,question-23,4,1,1,1
"Atención de Enfermería, mención Enfermería",Aplicación de cuidados básicos,13,question-24,4,1,1,1
"Atención de Enfermería, mención Enfermería",Aplicación de cuidados básicos,13,question-25,4,1,1,1
"Atención de Enfermería, mención Enfermería",Aplicación de cuidados básicos,13,development,4,1,1,1
"Atención de Enfermería, mención Enfermería",Aplicación de cuidados básicos,13,practice,0,1,1,1
"Atención de Enfermería, mención Enfermería",Aplicación de cuidados básicos,13,encargo-1,2,1,1,1
"Atención de Enfermería, mención Enfermería",Aplicación de cuidados básicos,13,encargo-2,3,1,1,1
"Atención de Enfermería, mención Enfermería",Aplicación de cuidados básicos,13,encargo-3,2,1,1,1
"Atención de Enfermería, mención Enfermería",Aplicación de cuidados básicos,13,encargo-4,3,1,1,1
"Atención de Enfermería, mención Enfermería",Aplicación de cuidados básicos,13,encargo-5,2,1,1,1
"Atención de Enfermería, mención Enfermería",Aplicación de cuidados básicos,13,encargo-6,3,1,1,1
"Atención de Enfermería, mención Enfermería",Aplicación de cuidados básicos,13,encargo-7,2,1,1,1
"Atención de Enfermería, mención Enfermería",Aplicación de cuidados básicos,13,encargo-8,3,1,1,1
"Atención de Enfermería, mención Enfermería",Aplicación de cuidados básicos,13,encargo-9,2,1,1,1
"Atención de Enfermería, mención Enfermería",Aplicación de cuidados básicos,13,encargo-10,3,1,1,1
"Atención de Enfermería, mención Enfermería",Aplicación de cuidados básicos,13,encargo-11,2,1,1,1
"Atención de Enfermería, mención Enfermería",Aplicación de cuidados básicos,13,encargo-12,3,1,1,1
"Atención de Enfermería, mención Enfermería",Aplicación de cuidados básicos,13,encargo-13,2,1,1,1
"Atención de Enfermería, mención Enfermería",Aplicación de cuidados básicos,13,encargo-14,3,1,1,1
"Atención de Enfermería, mención Enfermería",Aplicación de cuidados básicos,13,encargo-15,2,1,1,1
"Atención de Enfermería, mención Enfermería",Aplicación de cuidados básicos,13,encargo-16,3,1,1,1
"Atención de Enfermería, mención Enfermería",Aplicación de cuidados básicos,13,encargo-17,2,1,1,1
"Atención de Enfermería, mención Enfermería",Aplicación de cuidados básicos,13,encargo-18,3,1,1,1
"Atención de Enfermería, mención Enfermería",Aplicación de cuidados básicos,13,encargo-19,2,1,1,1
"Atención de Enfermería, mención Enfermería",Aplicación de cuidados básicos,13,encargo-20,3,1,1,1
"Atención de Enfermería, mención Enfermería",Aplicación de cuidados básicos,13,encargo-21,2,1,1,1
"Atención de Enfermería, mención Enfermería",Aplicación de cuidados básicos,13,encargo-22,3,1,1,1
"Atención de Enfermería, mención Enfermería",Aplicación de cuidados básicos,13,encargo-23,2,1,1,1
"Atención de Enfermería, mención Enfermería",Aplicación de cuidados básicos,13,encargo-24,3,1,1,1
"Atención de Enfermería, mención Enfermería",Aplicación de cuidados básicos,13,encargo-25,2,1,1,1
"Atención de Enfermería, mención Enfermería",Aplicación de cuidados básicos,13,encargo-26,3,1,1,1
"Atención de Enfermería, mención Enfermería",Aplicación de cuidados básicos,13,encargo-27,2,1,1,1
"Atención de Enfermería, mención Enfermería",Aplicación de cuidados básicos,13,encargo-28,3,1,1,1
"Atención de Enfermería, mención Enfermería",Aplicación de cuidados básicos,13,encargo-29,2,1,1,1
"Atención de Enfermería, mención Enfermería",Aplicación de cuidados básicos,13,encargo-30,3,1,1,1
"Atención de Enfermería, mención Enfermería",Aplicación de cuidados básicos,13,encargo-31,2,1,1,1
"Atención de Enfermería, mención Enfermería",Aplicación de cuidados básicos,13,encargo-32,3,1,1,1
"Atención de Enfermería, mención Enfermería",Aplicación de cuidados básicos,13,encargo-33,2,1,1,1
"Atención de Enfermería, mención Enfermería",Aplicación de cuidados básicos,13,encargo-34,3,1,1,1
"Atención de Enfermería, mención Enfermería",Aplicación de cuidados básicos,13,encargo-35,2,1,1,1
"Atención de Enfermería, mención Enfermería",Aplicación de cuidados básicos,13,encargo-36,3,1,1,1
"Atención de Enfermería, mención Enfermería",Aplicación de cuidados básicos,13,encargo-37,2,1,1,1
"Atención de Enfermería, mención Enfermería",Aplicación de cuidados básicos,13,encargo-38,3,1,1,1
"Atención de Enfermería, mención Enfermería",Aplicación de cuidados básicos,13,feedback,5,1,1,1
"Atención de Enfermería, mención Enfermería",Medición y control de parámetros básicos en salud,14,context,1,1,1,1
"Atención de Enfermería, mención Enfermería",Medición y control de parámetros básicos en salud,14,ae-1-1,2,1,1,1
"Atención de Enfermería, mención Enfermería",Medición y control de parámetros básicos en salud,14,ae-1-2,2,1,1,1
"Atención de Enfermería, mención Enfermería",Medición y control de parámetros básicos en salud,14,ae-1-3,2,1,1,1
"Atención de Enfermería, mención Enfermería",Medición y control de parámetros básicos en salud,14,ae-1-4,2,1,1,1
"Atención de Enfermería, mención Enfermería",Medición y control de parámetros básicos en salud,14,ae-1-5,2,1,1,1
"Atención de Enfermería, mención Enfermería",Medición y control de parámetros básicos en salud,14,ae-1-6,2,1,1,1
"Atención de Enfermería, mención Enfermería",Medición y control de parámetros básicos en salud,14,ae-2-1,2,1,1,1
"Atención de Enfermería, mención Enfermería",Medición y control de parámetros básicos en salud,14,ae-2-2,2,1,1,1
"Atención de Enfermería, mención Enfermería",Medición y control de parámetros básicos en salud,14,ae-2-3,2,1,1,1
"Atención de Enfermería, mención Enfermería",Medición y control de parámetros básicos en salud,14,ae-2-4,2,1,1,1
"Atención de Enfermería, mención Enfermería",Medición y control de parámetros básicos en salud,14,ae-2-5,2,1,1,1
"Atención de Enfermería, mención Enfermería",Medición y control de parámetros básicos en salud,14,ae-2-6,2,1,1,1
"Atención de Enfermería, mención Enfermería",Medición y control de parámetros básicos en salud,14,ae-3-1,2,1,1,1
"Atención de Enfermería, mención Enfermería",Medición y control de parámetros básicos en salud,14,ae-3-2,2,1,1,1
"Atención de Enfermería, mención Enfermería",Medición y control de parámetros básicos en salud,14,ae-3-3,2,1,1,1
"Atención de Enfermería, mención Enfermería",Medición y control de parámetros básicos en salud,14,ae-3-4,2,1,1,1
"Atención de Enfermería, mención Enfermería",Medición y control de parámetros básicos en salud,14,ae-3-5,2,1,1,1
"Atención de Enfermería, mención Enfermería",Medición y control de parámetros básicos en salud,14,ae-3-6,2,1,1,1
"Atención de Enfermería, mención Enfermería",Medición y control de parámetros básicos en salud,14,formative-1,3,1,1,1
"Atención de Enfermería, mención Enfermería",Medición y control de parámetros básicos en salud,14,formative-2,3,1,1,1
"Atención de Enfermería, mención Enfermería",Medición y control de parámetros básicos en salud,14,formative-3,3,1,1,1
"Atención de Enfermería, mención Enfermería",Medición y control de parámetros básicos en salud,14,formative-4,3,1,1,1
"Atención de Enfermería, mención Enfermería",Medición y control de parámetros básicos en salud,14,formative-5,3,1,1,1
"Atención de Enfermería, mención Enfermería",Medición y control de parámetros básicos en salud,14,formative-6,3,1,1,1
"Atención de Enfermería, mención Enfermería",Medición y control de parámetros básicos en salud,14,formative-7,3,1,1,1
"Atención de Enfermería, mención Enfermería",Medición y control de parámetros básicos en salud,14,formative-8,3,1,1,1
"Atención de Enfermería, mención Enfermería",Medición y control de parámetros básicos en salud,14,formative-9,3,1,1,1
"Atención de Enfermería, mención Enfermería",Medición y control de parámetros básicos en salud,14,formative-10,3,1,1,1
"Atención de Enfermería, mención Enfermería",Medición y control de parámetros básicos en salud,14,formative-11,3,1,1,1
"Atención de Enfermería, mención Enfermería",Medición y control de parámetros básicos en salud,14,formative-12,3,1,1,1
"Atención de Enfermería, mención Enfermería",Medición y control de parámetros básicos en salud,14,formative-13,3,1,1,1
"Atención de Enfermería, mención Enfermería",Medición y control de parámetros básicos en salud,14,formative-14,3,1,1,1
"Atención de Enfermería, mención Enfermería",Medición y control de parámetros básicos en salud,14,case-1,3,1,1,1
"Atención de Enfermería, mención Enfermería",Medición y control de parámetros básicos en salud,14,case-2,3,1,1,1
"Atención de Enfermería, mención Enfermería",Medición y control de parámetros básicos en salud,14,case-3,3,1,1,1
"Atención de Enfermería, mención Enfermería",Medición y control de parámetros básicos en salud,14,case-4,3,1,1,1
"Atención de Enfermería, mención Enfermería",Medición y control de parámetros básicos en salud,14,case-5,3,1,1,1
"Atención de Enfermería, mención Enfermería",Medición y control de parámetros básicos en salud,14,case-6,3,1,1,1
"Atención de Enfermería, mención Enfermería",Medición y control de parámetros básicos en salud,14,case-7,3,1,1,1
"Atención de Enfermería, mención Enfermería",Medición y control de parámetros básicos en salud,14,case-8,3,1,1,1
"Atención de Enfermería, mención Enfermería",Medición y control de parámetros básicos en salud,14,case-9,3,1,1,1
"Atención de Enfermería, mención Enfermería",Medición y control de parámetros básicos en salud,14,case-10,3,1,1,1
"Atención de Enfermería, mención Enfermería",Medición y control de parámetros básicos en salud,14,case-11,3,1,1,1
"Atención de Enfermería, mención Enfermería",Medición y control de parámetros básicos en salud,14,case-12,3,1,1,1
"Atención de Enfermería, mención Enfermería",Medición y control de parámetros básicos en salud,14,case-13,3,1,1,1
"Atención de Enfermería, mención Enfermería",Medición y control de parámetros básicos en salud,14,case-14,3,1,1,1
"Atención de Enfermería, mención Enfermería",Medición y control de parámetros básicos en salud,14,case-15,3,1,1,1
"Atención de Enfermería, mención Enfermería",Medición y control de parámetros básicos en salud,14,scene,3,1,1,1
"Atención de Enfermería, mención Enfermería",Medición y control de parámetros básicos en salud,14,question-1,4,1,1,1
"Atención de Enfermería, mención Enfermería",Medición y control de parámetros básicos en salud,14,question-2,4,1,1,1
"Atención de Enfermería, mención Enfermería",Medición y control de parámetros básicos en salud,14,question-3,4,1,1,1
"Atención de Enfermería, mención Enfermería",Medición y control de parámetros básicos en salud,14,question-4,4,1,1,1
"Atención de Enfermería, mención Enfermería",Medición y control de parámetros básicos en salud,14,question-5,4,1,1,1
"Atención de Enfermería, mención Enfermería",Medición y control de parámetros básicos en salud,14,question-6,4,1,1,1
"Atención de Enfermería, mención Enfermería",Medición y control de parámetros básicos en salud,14,question-7,4,1,1,1
"Atención de Enfermería, mención Enfermería",Medición y control de parámetros básicos en salud,14,question-8,4,1,1,1
"Atención de Enfermería, mención Enfermería",Medición y control de parámetros básicos en salud,14,question-9,4,1,1,1
"Atención de Enfermería, mención Enfermería",Medición y control de parámetros básicos en salud,14,question-10,4,1,1,1
"Atención de Enfermería, mención Enfermería",Medición y control de parámetros básicos en salud,14,question-11,4,1,1,1
"Atención de Enfermería, mención Enfermería",Medición y control de parámetros básicos en salud,14,question-12,4,1,1,1
"Atención de Enfermería, mención Enfermería",Medición y control de parámetros básicos en salud,14,question-13,4,1,1,1
"Atención de Enfermería, mención Enfermería",Medición y control de parámetros básicos en salud,14,question-14,4,1,1,1
"Atención de Enfermería, mención Enfermería",Medición y control de parámetros básicos en salud,14,question-15,4,1,1,1
"Atención de Enfermería, mención Enfermería",Medición y control de parámetros básicos en salud,14,question-16,4,1,1,1
"Atención de Enfermería, mención Enfermería",Medición y control de parámetros básicos en salud,14,question-17,4,1,1,1
"Atención de Enfermería, mención Enfermería",Medición y control de parámetros básicos en salud,14,question-18,4,1,1,1
"Atención de Enfermería, mención Enfermería",Medición y control de parámetros básicos en salud,14,question-19,4,1,1,1
"Atención de Enfermería, mención Enfermería",Medición y control de parámetros básicos en salud,14,question-20,4,1,1,1
"Atención de Enfermería, mención Enfermería",Medición y control de parámetros básicos en salud,14,question-21,4,1,1,1
"Atención de Enfermería, mención Enfermería",Medición y control de parámetros básicos en salud,14,question-22,4,1,1,1
"Atención de Enfermería, mención Enfermería",Medición y control de parámetros básicos en salud,14,question-23,4,1,1,1
"Atención de Enfermería, mención Enfermería",Medición y control de parámetros básicos en salud,14,question-24,4,1,1,1
"Atención de Enfermería, mención Enfermería",Medición y control de parámetros básicos en salud,14,question-25,4,1,1,1
"Atención de Enfermería, mención Enfermería",Medición y control de parámetros básicos en salud,14,development,4,1,1,1
"Atención de Enfermería, mención Enfermería",Medición y control de parámetros básicos en salud,14,practice,0,1,1,1
"Atención de Enfermería, mención Enfermería",Medición y control de parámetros básicos en salud,14,encargo-1,2,1,1,1
"Atención de Enfermería, mención Enfermería",Medición y control de parámetros básicos en salud,14,encargo-2,3,1,1,1
"Atención de Enfermería, mención Enfermería",Medición y control de parámetros básicos en salud,14,encargo-3,2,1,1,1
"Atención de Enfermería, mención Enfermería",Medición y control de parámetros básicos en salud,14,encargo-4,3,1,1,1
"Atención de Enfermería, mención Enfermería",Medición y control de parámetros básicos en salud,14,encargo-5,2,1,1,1
"Atención de Enfermería, mención Enfermería",Medición y control de parámetros básicos en salud,14,encargo-6,3,1,1,1
"Atención de Enfermería, mención Enfermería",Medición y control de parámetros básicos en salud,14,encargo-7,2,1,1,1
"Atención de Enfermería, mención Enfermería",Medición y control de parámetros básicos en salud,14,encargo-8,3,1,1,1
"Atención de Enfermería, mención Enfermería",Medición y control de parámetros básicos en salud,14,encargo-9,2,1,1,1
"Atención de Enfermería, mención Enfermería",Medición y control de parámetros básicos en salud,14,encargo-10,3,1,1,1
"Atención de Enfermería, mención Enfermería",Medición y control de parámetros básicos en salud,14,encargo-11,2,1,1,1
"Atención de Enfermería, mención Enfermería",Medición y control de parámetros básicos en salud,14,encargo-12,3,1,1,1
"Atención de Enfermería, mención Enfermería",Medición y control de parámetros básicos en salud,14,encargo-13,2,1,1,1
"Atención de Enfermería, mención Enfermería",Medición y control de parámetros básicos en salud,14,encargo-14,3,1,1,1
"Atención de Enfermería, mención Enfermería",Medición y control de parámetros básicos en salud,14,encargo-15,2,1,1,1
"Atención de Enfermería, mención Enfermería",Medición y control de parámetros básicos en salud,14,encargo-16,3,1,1,1
"Atención de Enfermería, mención Enfermería",Medición y control de parámetros básicos en salud,14,encargo-17,2,1,1,1
"Atención de Enfermería, mención Enfermería",Medición y control de parámetros básicos en salud,14,encargo-18,3,1,1,1
"Atención de Enfermería, mención Enfermería",Medición y control de parámetros básicos en salud,14,encargo-19,2,1,1,1
"Atención de Enfermería, mención Enfermería",Medición y control de parámetros básicos en salud,14,encargo-20,3,1,1,1
"Atención de Enfermería, mención Enfermería",Medición y control de parámetros básicos en salud,14,encargo-21,2,1,1,1
"Atención de Enfermería, mención Enfermería",Medición y control de parámetros básicos en salud,14,encargo-22,3,1,1,1
"Atención de Enfermería, mención Enfermería",Medición y control de parámetros básicos en salud,14,encargo-23,2,1,1,1
"Atención de Enfermería, mención Enfermería",Medición y control de parámetros básicos en salud,14,encargo-24,3,1,1,1
"Atención de Enfermería, mención Enfermería",Medición y control de parámetros básicos en salud,14,encargo-25,2,1,1,1
"Atención de Enfermería, mención Enfermería",Medición y control de parámetros básicos en salud,14,feedback,5,1,1,1
"Atención de Enfermería, mención Enfermería",Promoción de la salud y prevención de la enfermedad,15,context,1,1,1,1
"Atención de Enfermería, mención Enfermería",Promoción de la salud y prevención de la enfermedad,15,ae-1-1,2,1,1,1
"Atención de Enfermería, mención Enfermería",Promoción de la salud y prevención de la enfermedad,15,ae-1-2,2,1,1,1
"Atención de Enfermería, mención Enfermería",Promoción de la salud y prevención de la enfermedad,15,ae-1-3,2,1,1,1
"Atención de Enfermería, mención Enfermería",Promoción de la salud y prevención de la enfermedad,15,ae-1-4,2,1,1,1
"Atención de Enfermería, mención Enfermería",Promoción de la salud y prevención de la enfermedad,15,ae-1-5,2,1,1,1
"Atención de Enfermería, mención Enfermería",Promoción de la salud y prevención de la enfermedad,15,ae-1-6,2,1,1,1
"Atención de Enfermería, mención Enfermería",Promoción de la salud y prevención de la enfermedad,15,ae-2-1,2,1,1,1
"Atención de Enfermería, mención Enfermería",Promoción de la salud y prevención de la enfermedad,15,ae-2-2,2,1,1,1
"Atención de Enfermería, mención Enfermería",Promoción de la salud y prevención de la enfermedad,15,ae-2-3,2,1,1,1
"Atención de Enfermería, mención Enfermería",Promoción de la salud y prevención de la enfermedad,15,ae-2-4,2,1,1,1
"Atención de Enfermería, mención Enfermería",Promoción de la salud y prevención de la enfermedad,15,ae-2-5,2,1,1,1
"Atención de Enfermería, mención Enfermería",Promoción de la salud y prevención de la enfermedad,15,ae-2-6,2,1,1,1
"Atención de Enfermería, mención Enfermería",Promoción de la salud y prevención de la enfermedad,15,ae-3-1,2,1,1,1
"Atención de Enfermería, mención Enfermería",Promoción de la salud y prevención de la enfermedad,15,ae-3-2,2,1,1,1
"Atención de Enfermería, mención Enfermería",Promoción de la salud y prevención de la enfermedad,15,ae-3-3,2,1,1,1
"Atención de Enfermería, mención Enfermería",Promoción de la salud y prevención de la enfermedad,15,ae-3-4,2,1,1,1
"Atención de Enfermería, mención Enfermería",Promoción de la salud y prevención de la enfermedad,15,ae-3-5,2,1,1,1
"Atención de Enfermería, mención Enfermería",Promoción de la salud y prevención de la enfermedad,15,ae-3-6,2,1,1,1
"Atención de Enfermería, mención Enfermería",Promoción de la salud y prevención de la enfermedad,15,formative-1,3,1,1,1
"Atención de Enfermería, mención Enfermería",Promoción de la salud y prevención de la enfermedad,15,formative-2,3,1,1,1
"Atención de Enfermería, mención Enfermería",Promoción de la salud y prevención de la enfermedad,15,formative-3,3,1,1,1
"Atención de Enfermería, mención Enfermería",Promoción de la salud y prevención de la enfermedad,15,formative-4,3,1,1,1
"Atención de Enfermería, mención Enfermería",Promoción de la salud y prevención de la enfermedad,15,formative-5,3,1,1,1
"Atención de Enfermería, mención Enfermería",Promoción de la salud y prevención de la enfermedad,15,formative-6,3,1,1,1
"Atención de Enfermería, mención Enfermería",Promoción de la salud y prevención de la enfermedad,15,formative-7,3,1,1,1
"Atención de Enfermería, mención Enfermería",Promoción de la salud y prevención de la enfermedad,15,formative-8,3,1,1,1
"Atención de Enfermería, mención Enfermería",Promoción de la salud y prevención de la enfermedad,15,formative-9,3,1,1,1
"Atención de Enfermería, mención Enfermería",Promoción de la salud y prevención de la enfermedad,15,formative-10,3,1,1,1
"Atención de Enfermería, mención Enfermería",Promoción de la salud y prevención de la enfermedad,15,formative-11,3,1,1,1
"Atención de Enfermería, mención Enfermería",Promoción de la salud y prevención de la enfermedad,15,formative-12,3,1,1,1
"Atención de Enfermería, mención Enfermería",Promoción de la salud y prevención de la enfermedad,15,formative-13,3,1,1,1
"Atención de Enfermería, mención Enfermería",Promoción de la salud y prevención de la enfermedad,15,formative-14,3,1,1,1
"Atención de Enfermería, mención Enfermería",Promoción de la salud y prevención de la enfermedad,15,case-1,3,1,1,1
"Atención de Enfermería, mención Enfermería",Promoción de la salud y prevención de la enfermedad,15,case-2,3,1,1,1
"Atención de Enfermería, mención Enfermería",Promoción de la salud y prevención de la enfermedad,15,case-3,3,1,1,1
"Atención de Enfermería, mención Enfermería",Promoción de la salud y prevención de la enfermedad,15,case-4,3,1,1,1
"Atención de Enfermería, mención Enfermería",Promoción de la salud y prevención de la enfermedad,15,case-5,3,1,1,1
"Atención de Enfermería, mención Enfermería",Promoción de la salud y prevención de la enfermedad,15,case-6,3,1,1,1
"Atención de Enfermería, mención Enfermería",Promoción de la salud y prevención de la enfermedad,15,case-7,3,1,1,1
"Atención de Enfermería, mención Enfermería",Promoción de la salud y prevención de la enfermedad,15,case-8,3,1,1,1
"Atención de Enfermería, mención Enfermería",Promoción de la salud y prevención de la enfermedad,15,case-9,3,1,1,1
"Atención de Enfermería, mención Enfermería",Promoción de la salud y prevención de la enfermedad,15,case-10,3,1,1,1
"Atención de Enfermería, mención Enfermería",Promoción de la salud y prevención de la enfermedad,15,case-11,3,1,1,1
"Atención de Enfermería, mención Enfermería",Promoción de la salud y prevención de la enfermedad,15,case-12,3,1,1,1
"Atención de Enfermería, mención Enfermería",Promoción de la salud y prevención de la enfermedad,15,case-13,3,1,1,1
"Atención de Enfermería, mención Enfermería",Promoción de la salud y prevención de la enfermedad,15,case-14,3,1,1,1
"Atención de Enfermería, mención Enfermería",Promoción de la salud y prevención de la enfermedad,15,case-15,3,1,1,1
"Atención de Enfermería, mención Enfermería",Promoción de la salud y prevención de la enfermedad,15,scene,3,1,1,1
"Atención de Enfermería, mención Enfermería",Promoción de la salud y prevención de la enfermedad,15,question-1,4,1,1,1
"Atención de Enfermería, mención Enfermería",Promoción de la salud y prevención de la enfermedad,15,question-2,4,1,1,1
"Atención de Enfermería, mención Enfermería",Promoción de la salud y prevención de la enfermedad,15,question-3,4,1,1,1
"Atención de Enfermería, mención Enfermería",Promoción de la salud y prevención de la enfermedad,15,question-4,4,1,1,1
"Atención de Enfermería, mención Enfermería",Promoción de la salud y prevención de la enfermedad,15,question-5,4,1,1,1
"Atención de Enfermería, mención Enfermería",Promoción de la salud y prevención de la enfermedad,15,question-6,4,1,1,1
"Atención de Enfermería, mención Enfermería",Promoción de la salud y prevención de la enfermedad,15,question-7,4,1,1,1
"Atención de Enfermería, mención Enfermería",Promoción de la salud y prevención de la enfermedad,15,question-8,4,1,1,1
"Atención de Enfermería, mención Enfermería",Promoción de la salud y prevención de la enfermedad,15,question-9,4,1,1,1
"Atención de Enfermería, mención Enfermería",Promoción de la salud y prevención de la enfermedad,15,question-10,4,1,1,1
"Atención de Enfermería, mención Enfermería",Promoción de la salud y prevención de la enfermedad,15,question-11,4,1,1,1
"Atención de Enfermería, mención Enfermería",Promoción de la salud y prevención de la enfermedad,15,question-12,4,1,1,1
"Atención de Enfermería, mención Enfermería",Promoción de la salud y prevención de la enfermedad,15,question-13,4,1,1,1
"Atención de Enfermería, mención Enfermería",Promoción de la salud y prevención de la enfermedad,15,question-14,4,1,1,1
"Atención de Enfermería, mención Enfermería",Promoción de la salud y prevención de la enfermedad,15,question-15,4,1,1,1
"Atención de Enfermería, mención Enfermería",Promoción de la salud y prevención de la enfermedad,15,question-16,4,1,1,1
"Atención de Enfermería, mención Enfermería",Promoción de la salud y prevención de la enfermedad,15,question-17,4,1,1,1
"Atención de Enfermería, mención Enfermería",Promoción de la salud y prevención de la enfermedad,15,question-18,4,1,1,1
"Atención de Enfermería, mención Enfermería",Promoción de la salud y prevención de la enfermedad,15,question-19,4,1,1,1
"Atención de Enfermería, mención Enfermería",Promoción de la salud y prevención de la enfermedad,15,question-20,4,1,1,1
"Atención de Enfermería, mención Enfermería",Promoción de la salud y prevención de la enfermedad,15,question-21,4,1,1,1
"Atención de Enfermería, mención Enfermería",Promoción de la salud y prevención de la enfermedad,15,question-22,4,1,1,1
"Atención de Enfermería, mención Enfermería",Promoción de la salud y prevención de la enfermedad,15,question-23,4,1,1,1
"Atención de Enfermería, mención Enfermería",Promoción de la salud y prevención de la enfermedad,15,question-24,4,1,1,1
"Atención de Enfermería, mención Enfermería",Promoción de la salud y prevención de la enfermedad,15,question-25,4,1,1,1
"Atención de Enfermería, mención Enfermería",Promoción de la salud y prevención de la enfermedad,15,development,4,1,1,1
"Atención de Enfermería, mención Enfermería",Promoción de la salud y prevención de la enfermedad,15,practice,0,1,1,1
"Atención de Enfermería, mención Enfermería",Promoción de la salud y prevención de la enfermedad,15,encargo-1,2,1,1,1
"Atención de Enfermería, mención Enfermería",Promoción de la salud y prevención de la enfermedad,15,encargo-2,3,1,1,1
"Atención de Enfermería, mención Enfermería",Promoción de la salud y prevención de la enfermedad,15,encargo-3,2,1,1,1
"Atención de Enfermería, mención Enfermería",Promoción de la salud y prevención de la enfermedad,15,encargo-4,3,1,1,1
"Atención de Enfermería, mención Enfermería",Promoción de la salud y prevención de la enfermedad,15,encargo-5,2,1,1,1
"Atención de Enfermería, mención Enfermería",Promoción de la salud y prevención de la enfermedad,15,encargo-6,3,1,1,1
"Atención de Enfermería, mención Enfermería",Promoción de la salud y prevención de la enfermedad,15,encargo-7,2,1,1,1
"Atención de Enfermería, mención Enfermería",Promoción de la salud y prevención de la enfermedad,15,encargo-8,3,1,1,1
"Atención de Enfermería, mención Enfermería",Promoción de la salud y prevención de la enfermedad,15,encargo-9,2,1,1,1
"Atención de Enfermería, mención Enfermería",Promoción de la salud y prevención de la enfermedad,15,encargo-10,3,1,1,1
"Atención de Enfermería, mención Enfermería",Promoción de la salud y prevención de la enfermedad,15,encargo-11,2,1,1,1
"Atención de Enfermería, mención Enfermería",Promoción de la salud y prevención de la enfermedad,15,encargo-12,3,1,1,1
"Atención de Enfermería, mención Enfermería",Promoción de la salud y prevención de la enfermedad,15,encargo-13,2,1,1,1
"Atención de Enfermería, mención Enfermería",Promoción de la salud y prevención de la enfermedad,15,encargo-14,3,1,1,1
"Atención de Enfermería, mención Enfermería",Promoción de la salud y prevención de la enfermedad,15,encargo-15,2,1,1,1
"Atención de Enfermería, mención Enfermería",Promoción de la salud y prevención de la enfermedad,15,encargo-16,3,1,1,1
"Atención de Enfermería, mención Enfermería",Promoción de la salud y prevención de la enfermedad,15,encargo-17,2,1,1,1
"Atención de Enfermería, mención Enfermería",Promoción de la salud y prevención de la enfermedad,15,encargo-18,3,1,1,1
"Atención de Enfermería, mención Enfermería",Promoción de la salud y prevención de la enfermedad,15,encargo-19,2,1,1,1
"Atención de Enfermería, mención Enfermería",Promoción de la salud y prevención de la enfermedad,15,encargo-20,3,1,1,1
"Atención de Enfermería, mención Enfermería",Promoción de la salud y prevención de la enfermedad,15,encargo-21,2,1,1,1
"Atención de Enfermería, mención Enfermería",Promoción de la salud y prevención de la enfermedad,15,encargo-22,3,1,1,1
"Atención de Enfermería, mención Enfermería",Promoción de la salud y prevención de la enfermedad,15,encargo-23,2,1,1,1
"Atención de Enfermería, mención Enfermería",Promoción de la salud y prevención de la enfermedad,15,encargo-24,3,1,1,1
"Atención de Enfermería, mención Enfermería",Promoción de la salud y prevención de la enfermedad,15,encargo-25,2,1,1,1
"Atención de Enfermería, mención Enfermería",Promoción de la salud y prevención de la enfermedad,15,encargo-26,3,1,1,1
"Atención de Enfermería, mención Enfermería",Promoción de la salud y prevención de la enfermedad,15,encargo-27,2,1,1,1
"Atención de Enfermería, mención Enfermería",Promoción de la salud y prevención de la enfermedad,15,encargo-28,3,1,1,1
"Atención de Enfermería, mención Enfermería",Promoción de la salud y prevención de la enfermedad,15,encargo-29,2,1,1,1
"Atención de Enfermería, mención Enfermería",Promoción de la salud y prevención de la enfermedad,15,encargo-30,3,1,1,1
"Atención de Enfermería, mención Enfermería",Promoción de la salud y prevención de la enfermedad,15,encargo-31,2,1,1,1
"Atención de Enfermería, mención Enfermería",Promoción de la salud y prevención de la enfermedad,15,encargo-32,3,1,1,1
"Atención de Enfermería, mención Enfermería",Promoción de la salud y prevención de la enfermedad,15,feedback,5,1,1,1
"Atención de Enfermería, mención Enfermería",Higiene y bioseguridad del ambiente,16,context,1,1,1,1
"Atención de Enfermería, mención Enfermería",Higiene y bioseguridad del ambiente,16,ae-1-1,2,1,1,1
"Atención de Enfermería, mención Enfermería",Higiene y bioseguridad del ambiente,16,ae-1-2,2,1,1,1
"Atención de Enfermería, mención Enfermería",Higiene y bioseguridad del ambiente,16,ae-1-3,2,1,1,1
"Atención de Enfermería, mención Enfermería",Higiene y bioseguridad del ambiente,16,ae-1-4,2,1,1,1
"Atención de Enfermería, mención Enfermería",Higiene y bioseguridad del ambiente,16,ae-1-5,2,1,1,1
"Atención de Enfermería, mención Enfermería",Higiene y bioseguridad del ambiente,16,ae-1-6,2,1,1,1
"Atención de Enfermería, mención Enfermería",Higiene y bioseguridad del ambiente,16,ae-2-1,2,1,1,1
"Atención de Enfermería, mención Enfermería",Higiene y bioseguridad del ambiente,16,ae-2-2,2,1,1,1
"Atención de Enfermería, mención Enfermería",Higiene y bioseguridad del ambiente,16,ae-2-3,2,1,1,1
"Atención de Enfermería, mención Enfermería",Higiene y bioseguridad del ambiente,16,ae-2-4,2,1,1,1
"Atención de Enfermería, mención Enfermería",Higiene y bioseguridad del ambiente,16,ae-2-5,2,1,1,1
"Atención de Enfermería, mención Enfermería",Higiene y bioseguridad del ambiente,16,ae-2-6,2,1,1,1
"Atención de Enfermería, mención Enfermería",Higiene y bioseguridad del ambiente,16,formative-1,3,1,1,1
"Atención de Enfermería, mención Enfermería",Higiene y bioseguridad del ambiente,16,formative-2,3,1,1,1
"Atención de Enfermería, mención Enfermería",Higiene y bioseguridad del ambiente,16,formative-3,3,1,1,1
"Atención de Enfermería, mención Enfermería",Higiene y bioseguridad del ambiente,16,formative-4,3,1,1,1
"Atención de Enfermería, mención Enfermería",Higiene y bioseguridad del ambiente,16,formative-5,3,1,1,1
"Atención de Enfermería, mención Enfermería",Higiene y bioseguridad del ambiente,16,formative-6,3,1,1,1
"Atención de Enfermería, mención Enfermería",Higiene y bioseguridad del ambiente,16,formative-7,3,1,1,1
"Atención de Enfermería, mención Enfermería",Higiene y bioseguridad del ambiente,16,formative-8,3,1,1,1
"Atención de Enfermería, mención Enfermería",Higiene y bioseguridad del ambiente,16,formative-9,3,1,1,1
"Atención de Enfermería, mención Enfermería",Higiene y bioseguridad del ambiente,16,formative-10,3,1,1,1
"Atención de Enfermería, mención Enfermería",Higiene y bioseguridad del ambiente,16,formative-11,3,1,1,1
"Atención de Enfermería, mención Enfermería",Higiene y bioseguridad del ambiente,16,formative-12,3,1,1,1
"Atención de Enfermería, mención Enfermería",Higiene y bioseguridad del ambiente,16,formative-13,3,1,1,1
"Atención de Enfermería, mención Enfermería",Higiene y bioseguridad del ambiente,16,formative-14,3,1,1,1
"Atención de Enfermería, mención Enfermería",Higiene y bioseguridad del ambiente,16,case-1,3,1,1,1
"Atención de Enfermería, mención Enfermería",Higiene y bioseguridad del ambiente,16,case-2,3,1,1,1
"Atención de Enfermería, mención Enfermería",Higiene y bioseguridad del ambiente,16,case-3,3,1,1,1
"Atención de Enfermería, mención Enfermería",Higiene y bioseguridad del ambiente,16,case-4,3,1,1,1
"Atención de Enfermería, mención Enfermería",Higiene y bioseguridad del ambiente,16,case-5,3,1,1,1
"Atención de Enfermería, mención Enfermería",Higiene y bioseguridad del ambiente,16,case-6,3,1,1,1
"Atención de Enfermería, mención Enfermería",Higiene y bioseguridad del ambiente,16,case-7,3,1,1,1
"Atención de Enfermería, mención Enfermería",Higiene y bioseguridad del ambiente,16,case-8,3,1,1,1
"Atención de Enfermería, mención Enfermería",Higiene y bioseguridad del ambiente,16,case-9,3,1,1,1
"Atención de Enfermería, mención Enfermería",Higiene y bioseguridad del ambiente,16,case-10,3,1,1,1
"Atención de Enfermería, mención Enfermería",Higiene y bioseguridad del ambiente,16,case-11,3,1,1,1
"Atención de Enfermería, mención Enfermería",Higiene y bioseguridad del ambiente,16,case-12,3,1,1,1
"Atención de Enfermería, mención Enfermería",Higiene y bioseguridad del ambiente,16,case-13,3,1,1,1
"Atención de Enfermería, mención Enfermería",Higiene y bioseguridad del ambiente,16,case-14,3,1,1,1
"Atención de Enfermería, mención Enfermería",Higiene y bioseguridad del ambiente,16,case-15,3,1,1,1
"Atención de Enfermería, mención Enfermería",Higiene y bioseguridad del ambiente,16,scene,3,1,1,1
"Atención de Enfermería, mención Enfermería",Higiene y bioseguridad del ambiente,16,question-1,4,1,1,1
"Atención de Enfermería, mención Enfermería",Higiene y bioseguridad del ambiente,16,question-2,4,1,1,1
"Atención de Enfermería, mención Enfermería",Higiene y bioseguridad del ambiente,16,question-3,4,1,1,1
"Atención de Enfermería, mención Enfermería",Higiene y bioseguridad del ambiente,16,question-4,4,1,1,1
"Atención de Enfermería, mención Enfermería",Higiene y bioseguridad del ambiente,16,question-5,4,1,1,1
"Atención de Enfermería, mención Enfermería",Higiene y bioseguridad del ambiente,16,question-6,4,1,1,1
"Atención de Enfermería, mención Enfermería",Higiene y bioseguridad del ambiente,16,question-7,4,1,1,1
"Atención de Enfermería, mención Enfermería",Higiene y bioseguridad del ambiente,16,question-8,4,1,1,1
"Atención de Enfermería, mención Enfermería",Higiene y bioseguridad del ambiente,16,question-9,4,1,1,1
"Atención de Enfermería, mención Enfermería",Higiene y bioseguridad del ambiente,16,question-10,4,1,1,1
"Atención de Enfermería, mención Enfermería",Higiene y bioseguridad del ambiente,16,question-11,4,1,1,1
"Atención de Enfermería, mención Enfermería",Higiene y bioseguridad del ambiente,16,question-12,4,1,1,1
"Atención de Enfermería, mención Enfermería",Higiene y bioseguridad del ambiente,16,question-13,4,1,1,1
"Atención de Enfermería, mención Enfermería",Higiene y bioseguridad del ambiente,16,question-14,4,1,1,1
"Atención de Enfermería, mención Enfermería",Higiene y bioseguridad del ambiente,16,question-15,4,1,1,1
"Atención de Enfermería, mención Enfermería",Higiene y bioseguridad del ambiente,16,question-16,4,1,1,1
"Atención de Enfermería, mención Enfermería",Higiene y bioseguridad del ambiente,16,question-17,4,1,1,1
"Atención de Enfermería, mención Enfermería",Higiene y bioseguridad del ambiente,16,question-18,4,1,1,1
"Atención de Enfermería, mención Enfermería",Higiene y bioseguridad del ambiente,16,question-19,4,1,1,1
"Atención de Enfermería, mención Enfermería",Higiene y bioseguridad del ambiente,16,question-20,4,1,1,1
"Atención de Enfermería, mención Enfermería",Higiene y bioseguridad del ambiente,16,question-21,4,1,1,1
"Atención de Enfermería, mención Enfermería",Higiene y bioseguridad del ambiente,16,question-22,4,1,1,1
"Atención de Enfermería, mención Enfermería",Higiene y bioseguridad del ambiente,16,question-23,4,1,1,1
"Atención de Enfermería, mención Enfermería",Higiene y bioseguridad del ambiente,16,question-24,4,1,1,1
"Atención de Enfermería, mención Enfermería",Higiene y bioseguridad del ambiente,16,question-25,4,1,1,1
"Atención de Enfermería, mención Enfermería",Higiene y bioseguridad del ambiente,16,development,4,1,1,1
"Atención de Enfermería, mención Enfermería",Higiene y bioseguridad del ambiente,16,practice,0,1,1,1
"Atención de Enfermería, mención Enfermería",Higiene y bioseguridad del ambiente,16,encargo-1,2,1,1,1
"Atención de Enfermería, mención Enfermería",Higiene y bioseguridad del ambiente,16,encargo-2,3,1,1,1
"Atención de Enfermería, mención Enfermería",Higiene y bioseguridad del ambiente,16,encargo-3,2,1,1,1
"Atención de Enfermería, mención Enfermería",Higiene y bioseguridad del ambiente,16,encargo-4,3,1,1,1
"Atención de Enfermería, mención Enfermería",Higiene y bioseguridad del ambiente,16,encargo-5,2,1,1,1
"Atención de Enfermería, mención Enfermería",Higiene y bioseguridad del ambiente,16,encargo-6,3,1,1,1
"Atención de Enfermería, mención Enfermería",Higiene y bioseguridad del ambiente,16,encargo-7,2,1,1,1
"Atención de Enfermería, mención Enfermería",Higiene y bioseguridad del ambiente,16,encargo-8,3,1,1,1
"Atención de Enfermería, mención Enfermería",Higiene y bioseguridad del ambiente,16,encargo-9,2,1,1,1
"Atención de Enfermería, mención Enfermería",Higiene y bioseguridad del ambiente,16,encargo-10,3,1,1,1
"Atención de Enfermería, mención Enfermería",Higiene y bioseguridad del ambiente,16,encargo-11,2,1,1,1
"Atención de Enfermería, mención Enfermería",Higiene y bioseguridad del ambiente,16,encargo-12,3,1,1,1
"Atención de Enfermería, mención Enfermería",Higiene y bioseguridad del ambiente,16,encargo-13,2,1,1,1
"Atención de Enfermería, mención Enfermería",Higiene y bioseguridad del ambiente,16,encargo-14,3,1,1,1
"Atención de Enfermería, mención Enfermería",Higiene y bioseguridad del ambiente,16,encargo-15,2,1,1,1
"Atención de Enfermería, mención Enfermería",Higiene y bioseguridad del ambiente,16,encargo-16,3,1,1,1
"Atención de Enfermería, mención Enfermería",Higiene y bioseguridad del ambiente,16,encargo-17,2,1,1,1
"Atención de Enfermería, mención Enfermería",Higiene y bioseguridad del ambiente,16,encargo-18,3,1,1,1
"Atención de Enfermería, mención Enfermería",Higiene y bioseguridad del ambiente,16,encargo-19,2,1,1,1
"Atención de Enfermería, mención Enfermería",Higiene y bioseguridad del ambiente,16,encargo-20,3,1,1,1
"Atención de Enfermería, mención Enfermería",Higiene y bioseguridad del ambiente,16,encargo-21,2,1,1,1
"Atención de Enfermería, mención Enfermería",Higiene y bioseguridad del ambiente,16,encargo-22,3,1,1,1
"Atención de Enfermería, mención Enfermería",Higiene y bioseguridad del ambiente,16,encargo-23,2,1,1,1
"Atención de Enfermería, mención Enfermería",Higiene y bioseguridad del ambiente,16,encargo-24,3,1,1,1
"Atención de Enfermería, mención Enfermería",Higiene y bioseguridad del ambiente,16,encargo-25,2,1,1,1
"Atención de Enfermería, mención Enfermería",Higiene y bioseguridad del ambiente,16,encargo-26,3,1,1,1
"Atención de Enfermería, mención Enfermería",Higiene y bioseguridad del ambiente,16,encargo-27,2,1,1,1
"Atención de Enfermería, mención Enfermería",Higiene y bioseguridad del ambiente,16,encargo-28,3,1,1,1
"Atención de Enfermería, mención Enfermería",Higiene y bioseguridad del ambiente,16,encargo-29,2,1,1,1
"Atención de Enfermería, mención Enfermería",Higiene y bioseguridad del ambiente,16,encargo-30,3,1,1,1
"Atención de Enfermería, mención Enfermería",Higiene y bioseguridad del ambiente,16,encargo-31,2,1,1,1
"Atención de Enfermería, mención Enfermería",Higiene y bioseguridad del ambiente,16,encargo-32,3,1,1,1
"Atención de Enfermería, mención Enfermería",Higiene y bioseguridad del ambiente,16,feedback,5,1,1,1
"Atención de Enfermería, mención Enfermería",Sistemas de registro e información en salud,36,context,1,1,1,1
"Atención de Enfermería, mención Enfermería",Sistemas de registro e información en salud,36,ae-1-1,2,1,1,1
"Atención de Enfermería, mención Enfermería",Sistemas de registro e información en salud,36,ae-1-2,2,1,1,1
"Atención de Enfermería, mención Enfermería",Sistemas de registro e información en salud,36,ae-1-3,2,1,1,1
"Atención de Enfermería, mención Enfermería",Sistemas de registro e información en salud,36,ae-1-4,2,1,1,1
"Atención de Enfermería, mención Enfermería",Sistemas de registro e información en salud,36,ae-1-5,2,1,1,1
"Atención de Enfermería, mención Enfermería",Sistemas de registro e información en salud,36,ae-1-6,2,1,1,1
"Atención de Enfermería, mención Enfermería",Sistemas de registro e información en salud,36,ae-2-1,2,1,1,1
"Atención de Enfermería, mención Enfermería",Sistemas de registro e información en salud,36,ae-2-2,2,1,1,1
"Atención de Enfermería, mención Enfermería",Sistemas de registro e información en salud,36,ae-2-3,2,1,1,1
"Atención de Enfermería, mención Enfermería",Sistemas de registro e información en salud,36,ae-2-4,2,1,1,1
"Atención de Enfermería, mención Enfermería",Sistemas de registro e información en salud,36,ae-2-5,2,1,1,1
"Atención de Enfermería, mención Enfermería",Sistemas de registro e información en salud,36,ae-2-6,2,1,1,1
"Atención de Enfermería, mención Enfermería",Sistemas de registro e información en salud,36,ae-3-1,2,1,1,1
"Atención de Enfermería, mención Enfermería",Sistemas de registro e información en salud,36,ae-3-2,2,1,1,1
"Atención de Enfermería, mención Enfermería",Sistemas de registro e información en salud,36,ae-3-3,2,1,1,1
"Atención de Enfermería, mención Enfermería",Sistemas de registro e información en salud,36,ae-3-4,2,1,1,1
"Atención de Enfermería, mención Enfermería",Sistemas de registro e información en salud,36,ae-3-5,2,1,1,1
"Atención de Enfermería, mención Enfermería",Sistemas de registro e información en salud,36,ae-3-6,2,1,1,1
"Atención de Enfermería, mención Enfermería",Sistemas de registro e información en salud,36,formative-1,3,1,1,1
"Atención de Enfermería, mención Enfermería",Sistemas de registro e información en salud,36,formative-2,3,1,1,1
"Atención de Enfermería, mención Enfermería",Sistemas de registro e información en salud,36,formative-3,3,1,1,1
"Atención de Enfermería, mención Enfermería",Sistemas de registro e información en salud,36,formative-4,3,1,1,1
"Atención de Enfermería, mención Enfermería",Sistemas de registro e información en salud,36,formative-5,3,1,1,1
"Atención de Enfermería, mención Enfermería",Sistemas de registro e información en salud,36,formative-6,3,1,1,1
"Atención de Enfermería, mención Enfermería",Sistemas de registro e información en salud,36,formative-7,3,1,1,1
"Atención de Enfermería, mención Enfermería",Sistemas de registro e información en salud,36,formative-8,3,1,1,1
"Atención de Enfermería, mención Enfermería",Sistemas de registro e información en salud,36,formative-9,3,1,1,1
"Atención de Enfermería, mención Enfermería",Sistemas de registro e información en salud,36,formative-10,3,1,1,1
"Atención de Enfermería, mención Enfermería",Sistemas de registro e información en salud,36,formative-11,3,1,1,1
"Atención de Enfermería, mención Enfermería",Sistemas de registro e información en salud,36,formative-12,3,1,1,1
"Atención de Enfermería, mención Enfermería",Sistemas de registro e información en salud,36,formative-13,3,1,1,1
"Atención de Enfermería, mención Enfermería",Sistemas de registro e información en salud,36,formative-14,3,1,1,1
"Atención de Enfermería, mención Enfermería",Sistemas de registro e información en salud,36,case-1,3,1,1,1
"Atención de Enfermería, mención Enfermería",Sistemas de registro e información en salud,36,case-2,3,1,1,1
"Atención de Enfermería, mención Enfermería",Sistemas de registro e información en salud,36,case-3,3,1,1,1
"Atención de Enfermería, mención Enfermería",Sistemas de registro e información en salud,36,case-4,3,1,1,1
"Atención de Enfermería, mención Enfermería",Sistemas de registro e información en salud,36,case-5,3,1,1,1
"Atención de Enfermería, mención Enfermería",Sistemas de registro e información en salud,36,case-6,3,1,1,1
"Atención de Enfermería, mención Enfermería",Sistemas de registro e información en salud,36,case-7,3,1,1,1
"Atención de Enfermería, mención Enfermería",Sistemas de registro e información en salud,36,case-8,3,1,1,1
"Atención de Enfermería, mención Enfermería",Sistemas de registro e información en salud,36,case-9,3,1,1,1
"Atención de Enfermería, mención Enfermería",Sistemas de registro e información en salud,36,case-10,3,1,1,1
"Atención de Enfermería, mención Enfermería",Sistemas de registro e información en salud,36,case-11,3,1,1,1
"Atención de Enfermería, mención Enfermería",Sistemas de registro e información en salud,36,case-12,3,1,1,1
"Atención de Enfermería, mención Enfermería",Sistemas de registro e información en salud,36,case-13,3,1,1,1
"Atención de Enfermería, mención Enfermería",Sistemas de registro e información en salud,36,case-14,3,1,1,1
"Atención de Enfermería, mención Enfermería",Sistemas de registro e información en salud,36,case-15,3,1,1,1
"Atención de Enfermería, mención Enfermería",Sistemas de registro e información en salud,36,scene,3,1,1,1
"Atención de Enfermería, mención Enfermería",Sistemas de registro e información en salud,36,question-1,4,1,1,1
"Atención de Enfermería, mención Enfermería",Sistemas de registro e información en salud,36,question-2,4,1,1,1
"Atención de Enfermería, mención Enfermería",Sistemas de registro e información en salud,36,question-3,4,1,1,1
"Atención de Enfermería, mención Enfermería",Sistemas de registro e información en salud,36,question-4,4,1,1,1
"Atención de Enfermería, mención Enfermería",Sistemas de registro e información en salud,36,question-5,4,1,1,1
"Atención de Enfermería, mención Enfermería",Sistemas de registro e información en salud,36,question-6,4,1,1,1
"Atención de Enfermería, mención Enfermería",Sistemas de registro e información en salud,36,question-7,4,1,1,1
"Atención de Enfermería, mención Enfermería",Sistemas de registro e información en salud,36,question-8,4,1,1,1
"Atención de Enfermería, mención Enfermería",Sistemas de registro e información en salud,36,question-9,4,1,1,1
"Atención de Enfermería, mención Enfermería",Sistemas de registro e información en salud,36,question-10,4,1,1,1
"Atención de Enfermería, mención Enfermería",Sistemas de registro e información en salud,36,question-11,4,1,1,1
"Atención de Enfermería, mención Enfermería",Sistemas de registro e información en salud,36,question-12,4,1,1,1
"Atención de Enfermería, mención Enfermería",Sistemas de registro e información en salud,36,question-13,4,1,1,1
"Atención de Enfermería, mención Enfermería",Sistemas de registro e información en salud,36,question-14,4,1,1,1
"Atención de Enfermería, mención Enfermería",Sistemas de registro e información en salud,36,question-15,4,1,1,1
"Atención de Enfermería, mención Enfermería",Sistemas de registro e información en salud,36,question-16,4,1,1,1
"Atención de Enfermería, mención Enfermería",Sistemas de registro e información en salud,36,question-17,4,1,1,1
"Atención de Enfermería, mención Enfermería",Sistemas de registro e información en salud,36,question-18,4,1,1,1
"Atención de Enfermería, mención Enfermería",Sistemas de registro e información en salud,36,question-19,4,1,1,1
"Atención de Enfermería, mención Enfermería",Sistemas de registro e información en salud,36,question-20,4,1,1,1
"Atención de Enfermería, mención Enfermería",Sistemas de registro e información en salud,36,question-21,4,1,1,1
"Atención de Enfermería, mención Enfermería",Sistemas de registro e información en salud,36,question-22,4,1,1,1
"Atención de Enfermería, mención Enfermería",Sistemas de registro e información en salud,36,question-23,4,1,1,1
"Atención de Enfermería, mención Enfermería",Sistemas de registro e información en salud,36,question-24,4,1,1,1
"Atención de Enfermería, mención Enfermería",Sistemas de registro e información en salud,36,question-25,4,1,1,1
"Atención de Enfermería, mención Enfermería",Sistemas de registro e información en salud,36,development,4,1,1,1
"Atención de Enfermería, mención Enfermería",Sistemas de registro e información en salud,36,practice,0,1,1,1
"Atención de Enfermería, mención Enfermería",Sistemas de registro e información en salud,36,encargo-1,2,1,1,1
"Atención de Enfermería, mención Enfermería",Sistemas de registro e información en salud,36,encargo-2,3,1,1,1
"Atención de Enfermería, mención Enfermería",Sistemas de registro e información en salud,36,encargo-3,2,1,1,1
"Atención de Enfermería, mención Enfermería",Sistemas de registro e información en salud,36,encargo-4,3,1,1,1
"Atención de Enfermería, mención Enfermería",Sistemas de registro e información en salud,36,encargo-5,2,1,1,1
"Atención de Enfermería, mención Enfermería",Sistemas de registro e información en salud,36,encargo-6,3,1,1,1
"Atención de Enfermería, mención Enfermería",Sistemas de registro e información en salud,36,encargo-7,2,1,1,1
"Atención de Enfermería, mención Enfermería",Sistemas de registro e información en salud,36,encargo-8,3,1,1,1
"Atención de Enfermería, mención Enfermería",Sistemas de registro e información en salud,36,encargo-9,2,1,1,1
"Atención de Enfermería, mención Enfermería",Sistemas de registro e información en salud,36,encargo-10,3,1,1,1
"Atención de Enfermería, mención Enfermería",Sistemas de registro e información en salud,36,encargo-11,2,1,1,1
"Atención de Enfermería, mención Enfermería",Sistemas de registro e información en salud,36,encargo-12,3,1,1,1
"Atención de Enfermería, mención Enfermería",Sistemas de registro e información en salud,36,encargo-13,2,1,1,1
"Atención de Enfermería, mención Enfermería",Sistemas de registro e información en salud,36,feedback,5,1,1,1
"Atención de Enfermería, mención Enfermería",Prevención y control de infecciones intrahospitalarias,37,context,1,1,1,1
"Atención de Enfermería, mención Enfermería",Prevención y control de infecciones intrahospitalarias,37,ae-1-1,2,1,1,1
"Atención de Enfermería, mención Enfermería",Prevención y control de infecciones intrahospitalarias,37,ae-1-2,2,1,1,1
"Atención de Enfermería, mención Enfermería",Prevención y control de infecciones intrahospitalarias,37,ae-1-3,2,1,1,1
"Atención de Enfermería, mención Enfermería",Prevención y control de infecciones intrahospitalarias,37,ae-1-4,2,1,1,1
"Atención de Enfermería, mención Enfermería",Prevención y control de infecciones intrahospitalarias,37,ae-1-5,2,1,1,1
"Atención de Enfermería, mención Enfermería",Prevención y control de infecciones intrahospitalarias,37,ae-1-6,2,1,1,1
"Atención de Enfermería, mención Enfermería",Prevención y control de infecciones intrahospitalarias,37,ae-2-1,2,1,1,1
"Atención de Enfermería, mención Enfermería",Prevención y control de infecciones intrahospitalarias,37,ae-2-2,2,1,1,1
"Atención de Enfermería, mención Enfermería",Prevención y control de infecciones intrahospitalarias,37,ae-2-3,2,1,1,1
"Atención de Enfermería, mención Enfermería",Prevención y control de infecciones intrahospitalarias,37,ae-2-4,2,1,1,1
"Atención de Enfermería, mención Enfermería",Prevención y control de infecciones intrahospitalarias,37,ae-2-5,2,1,1,1
"Atención de Enfermería, mención Enfermería",Prevención y control de infecciones intrahospitalarias,37,ae-2-6,2,1,1,1
"Atención de Enfermería, mención Enfermería",Prevención y control de infecciones intrahospitalarias,37,ae-3-1,2,1,1,1
"Atención de Enfermería, mención Enfermería",Prevención y control de infecciones intrahospitalarias,37,ae-3-2,2,1,1,1
"Atención de Enfermería, mención Enfermería",Prevención y control de infecciones intrahospitalarias,37,ae-3-3,2,1,1,1
"Atención de Enfermería, mención Enfermería",Prevención y control de infecciones intrahospitalarias,37,ae-3-4,2,1,1,1
"Atención de Enfermería, mención Enfermería",Prevención y control de infecciones intrahospitalarias,37,ae-3-5,2,1,1,1
"Atención de Enfermería, mención Enfermería",Prevención y control de infecciones intrahospitalarias,37,ae-3-6,2,1,1,1
"Atención de Enfermería, mención Enfermería",Prevención y control de infecciones intrahospitalarias,37,formative-1,3,1,1,1
"Atención de Enfermería, mención Enfermería",Prevención y control de infecciones intrahospitalarias,37,formative-2,3,1,1,1
"Atención de Enfermería, mención Enfermería",Prevención y control de infecciones intrahospitalarias,37,formative-3,3,1,1,1
"Atención de Enfermería, mención Enfermería",Prevención y control de infecciones intrahospitalarias,37,formative-4,3,1,1,1
"Atención de Enfermería, mención Enfermería",Prevención y control de infecciones intrahospitalarias,37,formative-5,3,1,1,1
"Atención de Enfermería, mención Enfermería",Prevención y control de infecciones intrahospitalarias,37,formative-6,3,1,1,1
"Atención de Enfermería, mención Enfermería",Prevención y control de infecciones intrahospitalarias,37,formative-7,3,1,1,1
"Atención de Enfermería, mención Enfermería",Prevención y control de infecciones intrahospitalarias,37,formative-8,3,1,1,1
"Atención de Enfermería, mención Enfermería",Prevención y control de infecciones intrahospitalarias,37,formative-9,3,1,1,1
"Atención de Enfermería, mención Enfermería",Prevención y control de infecciones intrahospitalarias,37,formative-10,3,1,1,1
"Atención de Enfermería, mención Enfermería",Prevención y control de infecciones intrahospitalarias,37,formative-11,3,1,1,1
"Atención de Enfermería, mención Enfermería",Prevención y control de infecciones intrahospitalarias,37,formative-12,3,1,1,1
"Atención de Enfermería, mención Enfermería",Prevención y control de infecciones intrahospitalarias,37,formative-13,3,1,1,1
"Atención de Enfermería, mención Enfermería",Prevención y control de infecciones intrahospitalarias,37,formative-14,3,1,1,1
"Atención de Enfermería, mención Enfermería",Prevención y control de infecciones intrahospitalarias,37,case-1,3,1,1,1
"Atención de Enfermería, mención Enfermería",Prevención y control de infecciones intrahospitalarias,37,case-2,3,1,1,1
"Atención de Enfermería, mención Enfermería",Prevención y control de infecciones intrahospitalarias,37,case-3,3,1,1,1
"Atención de Enfermería, mención Enfermería",Prevención y control de infecciones intrahospitalarias,37,case-4,3,1,1,1
"Atención de Enfermería, mención Enfermería",Prevención y control de infecciones intrahospitalarias,37,case-5,3,1,1,1
"Atención de Enfermería, mención Enfermería",Prevención y control de infecciones intrahospitalarias,37,case-6,3,1,1,1
"Atención de Enfermería, mención Enfermería",Prevención y control de infecciones intrahospitalarias,37,case-7,3,1,1,1
"Atención de Enfermería, mención Enfermería",Prevención y control de infecciones intrahospitalarias,37,case-8,3,1,1,1
"Atención de Enfermería, mención Enfermería",Prevención y control de infecciones intrahospitalarias,37,case-9,3,1,1,1
"Atención de Enfermería, mención Enfermería",Prevención y control de infecciones intrahospitalarias,37,case-10,3,1,1,1
"Atención de Enfermería, mención Enfermería",Prevención y control de infecciones intrahospitalarias,37,case-11,3,1,1,1
"Atención de Enfermería, mención Enfermería",Prevención y control de infecciones intrahospitalarias,37,case-12,3,1,1,1
"Atención de Enfermería, mención Enfermería",Prevención y control de infecciones intrahospitalarias,37,case-13,3,1,1,1
"Atención de Enfermería, mención Enfermería",Prevención y control de infecciones intrahospitalarias,37,case-14,3,1,1,1
"Atención de Enfermería, mención Enfermería",Prevención y control de infecciones intrahospitalarias,37,case-15,3,1,1,1
"Atención de Enfermería, mención Enfermería",Prevención y control de infecciones intrahospitalarias,37,scene,3,1,1,1
"Atención de Enfermería, mención Enfermería",Prevención y control de infecciones intrahospitalarias,37,question-1,4,1,1,1
"Atención de Enfermería, mención Enfermería",Prevención y control de infecciones intrahospitalarias,37,question-2,4,1,1,1
"Atención de Enfermería, mención Enfermería",Prevención y control de infecciones intrahospitalarias,37,question-3,4,1,1,1
"Atención de Enfermería, mención Enfermería",Prevención y control de infecciones intrahospitalarias,37,question-4,4,1,1,1
"Atención de Enfermería, mención Enfermería",Prevención y control de infecciones intrahospitalarias,37,question-5,4,1,1,1
"Atención de Enfermería, mención Enfermería",Prevención y control de infecciones intrahospitalarias,37,question-6,4,1,1,1
"Atención de Enfermería, mención Enfermería",Prevención y control de infecciones intrahospitalarias,37,question-7,4,1,1,1
"Atención de Enfermería, mención Enfermería",Prevención y control de infecciones intrahospitalarias,37,question-8,4,1,1,1
"Atención de Enfermería, mención Enfermería",Prevención y control de infecciones intrahospitalarias,37,question-9,4,1,1,1
"Atención de Enfermería, mención Enfermería",Prevención y control de infecciones intrahospitalarias,37,question-10,4,1,1,1
"Atención de Enfermería, mención Enfermería",Prevención y control de infecciones intrahospitalarias,37,question-11,4,1,1,1
"Atención de Enfermería, mención Enfermería",Prevención y control de infecciones intrahospitalarias,37,question-12,4,1,1,1
"Atención de Enfermería, mención Enfermería",Prevención y control de infecciones intrahospitalarias,37,question-13,4,1,1,1
"Atención de Enfermería, mención Enfermería",Prevención y control de infecciones intrahospitalarias,37,question-14,4,1,1,1
"Atención de Enfermería, mención Enfermería",Prevención y control de infecciones intrahospitalarias,37,question-15,4,1,1,1
"Atención de Enfermería, mención Enfermería",Prevención y control de infecciones intrahospitalarias,37,question-16,4,1,1,1
"Atención de Enfermería, mención Enfermería",Prevención y control de infecciones intrahospitalarias,37,question-17,4,1,1,1
"Atención de Enfermería, mención Enfermería",Prevención y control de infecciones intrahospitalarias,37,question-18,4,1,1,1
"Atención de Enfermería, mención Enfermería",Prevención y control de infecciones intrahospitalarias,37,question-19,4,1,1,1
"Atención de Enfermería, mención Enfermería",Prevención y control de infecciones intrahospitalarias,37,question-20,4,1,1,1
"Atención de Enfermería, mención Enfermería",Prevención y control de infecciones intrahospitalarias,37,question-21,4,1,1,1
"Atención de Enfermería, mención Enfermería",Prevención y control de infecciones intrahospitalarias,37,question-22,4,1,1,1
"Atención de Enfermería, mención Enfermería",Prevención y control de infecciones intrahospitalarias,37,question-23,4,1,1,1
"Atención de Enfermería, mención Enfermería",Prevención y control de infecciones intrahospitalarias,37,question-24,4,1,1,1
"Atención de Enfermería, mención Enfermería",Prevención y control de infecciones intrahospitalarias,37,question-25,4,1,1,1
"Atención de Enfermería, mención Enfermería",Prevención y control de infecciones intrahospitalarias,37,development,4,1,1,1
"Atención de Enfermería, mención Enfermería",Prevención y control de infecciones intrahospitalarias,37,practice,0,1,1,1
"Atención de Enfermería, mención Enfermería",Prevención y control de infecciones intrahospitalarias,37,encargo-1,2,1,1,1
"Atención de Enfermería, mención Enfermería",Prevención y control de infecciones intrahospitalarias,37,encargo-2,3,1,1,1
"Atención de Enfermería, mención Enfermería",Prevención y control de infecciones intrahospitalarias,37,encargo-3,2,1,1,1
"Atención de Enfermería, mención Enfermería",Prevención y control de infecciones intrahospitalarias,37,encargo-4,3,1,1,1
"Atención de Enfermería, mención Enfermería",Prevención y control de infecciones intrahospitalarias,37,encargo-5,2,1,1,1
"Atención de Enfermería, mención Enfermería",Prevención y control de infecciones intrahospitalarias,37,encargo-6,3,1,1,1
"Atención de Enfermería, mención Enfermería",Prevención y control de infecciones intrahospitalarias,37,encargo-7,2,1,1,1
"Atención de Enfermería, mención Enfermería",Prevención y control de infecciones intrahospitalarias,37,encargo-8,3,1,1,1
"Atención de Enfermería, mención Enfermería",Prevención y control de infecciones intrahospitalarias,37,encargo-9,2,1,1,1
"Atención de Enfermería, mención Enfermería",Prevención y control de infecciones intrahospitalarias,37,encargo-10,3,1,1,1
"Atención de Enfermería, mención Enfermería",Prevención y control de infecciones intrahospitalarias,37,encargo-11,2,1,1,1
"Atención de Enfermería, mención Enfermería",Prevención y control de infecciones intrahospitalarias,37,encargo-12,3,1,1,1
"Atención de Enfermería, mención Enfermería",Prevención y control de infecciones intrahospitalarias,37,encargo-13,2,1,1,1
"Atención de Enfermería, mención Enfermería",Prevención y control de infecciones intrahospitalarias,37,encargo-14,3,1,1,1
"Atención de Enfermería, mención Enfermería",Prevención y control de infecciones intrahospitalarias,37,encargo-15,2,1,1,1
"Atención de Enfermería, mención Enfermería",Prevención y control de infecciones intrahospitalarias,37,encargo-16,3,1,1,1
"Atención de Enfermería, mención Enfermería",Prevención y control de infecciones intrahospitalarias,37,encargo-17,2,1,1,1
"Atención de Enfermería, mención Enfermería",Prevención y control de infecciones intrahospitalarias,37,encargo-18,3,1,1,1
"Atención de Enfermería, mención Enfermería",Prevención y control de infecciones intrahospitalarias,37,encargo-19,2,1,1,1
"Atención de Enfermería, mención Enfermería",Prevención y control de infecciones intrahospitalarias,37,encargo-20,3,1,1,1
"Atención de Enfermería, mención Enfermería",Prevención y control de infecciones intrahospitalarias,37,encargo-21,2,1,1,1
"Atención de Enfermería, mención Enfermería",Prevención y control de infecciones intrahospitalarias,37,encargo-22,3,1,1,1
"Atención de Enfermería, mención Enfermería",Prevención y control de infecciones intrahospitalarias,37,encargo-23,2,1,1,1
"Atención de Enfermería, mención Enfermería",Prevención y control de infecciones intrahospitalarias,37,encargo-24,3,1,1,1
"Atención de Enfermería, mención Enfermería",Prevención y control de infecciones intrahospitalarias,37,encargo-25,2,1,1,1
"Atención de Enfermería, mención Enfermería",Prevención y control de infecciones intrahospitalarias,37,encargo-26,3,1,1,1
"Atención de Enfermería, mención Enfermería",Prevención y control de infecciones intrahospitalarias,37,encargo-27,2,1,1,1
"Atención de Enfermería, mención Enfermería",Prevención y control de infecciones intrahospitalarias,37,encargo-28,3,1,1,1
"Atención de Enfermería, mención Enfermería",Prevención y control de infecciones intrahospitalarias,37,encargo-29,2,1,1,1
"Atención de Enfermería, mención Enfermería",Prevención y control de infecciones intrahospitalarias,37,encargo-30,3,1,1,1
"Atención de Enfermería, mención Enfermería",Prevención y control de infecciones intrahospitalarias,37,encargo-31,2,1,1,1
"Atención de Enfermería, mención Enfermería",Prevención y control de infecciones intrahospitalarias,37,encargo-32,3,1,1,1
"Atención de Enfermería, mención Enfermería",Prevención y control de infecciones intrahospitalarias,37,encargo-33,2,1,1,1
"Atención de Enfermería, mención Enfermería",Prevención y control de infecciones intrahospitalarias,37,encargo-34,3,1,1,1
"Atención de Enfermería, mención Enfermería",Prevención y control de infecciones intrahospitalarias,37,encargo-35,2,1,1,1
"Atención de Enfermería, mención Enfermería",Prevención y control de infecciones intrahospitalarias,37,encargo-36,3,1,1,1
"Atención de Enfermería, mención Enfermería",Prevención y control de infecciones intrahospitalarias,37,encargo-37,2,1,1,1
"Atención de Enfermería, mención Enfermería",Prevención y control de infecciones intrahospitalarias,37,encargo-38,3,1,1,1
"Atención de Enfermería, mención Enfermería",Prevención y control de infecciones intrahospitalarias,37,feedback,5,1,1,1
"Atención de Enfermería, mención Enfermería",Técnicas básicas de enfermería y del Programa Nacional de Inmunizaciones,38,context,1,1,1,1
"Atención de Enfermería, mención Enfermería",Técnicas básicas de enfermería y del Programa Nacional de Inmunizaciones,38,ae-1-1,2,1,1,1
"Atención de Enfermería, mención Enfermería",Técnicas básicas de enfermería y del Programa Nacional de Inmunizaciones,38,ae-1-2,2,1,1,1
"Atención de Enfermería, mención Enfermería",Técnicas básicas de enfermería y del Programa Nacional de Inmunizaciones,38,ae-1-3,2,1,1,1
"Atención de Enfermería, mención Enfermería",Técnicas básicas de enfermería y del Programa Nacional de Inmunizaciones,38,ae-1-4,2,1,1,1
"Atención de Enfermería, mención Enfermería",Técnicas básicas de enfermería y del Programa Nacional de Inmunizaciones,38,ae-1-5,2,1,1,1
"Atención de Enfermería, mención Enfermería",Técnicas básicas de enfermería y del Programa Nacional de Inmunizaciones,38,ae-1-6,2,1,1,1
"Atención de Enfermería, mención Enfermería",Técnicas básicas de enfermería y del Programa Nacional de Inmunizaciones,38,ae-2-1,2,1,1,1
"Atención de Enfermería, mención Enfermería",Técnicas básicas de enfermería y del Programa Nacional de Inmunizaciones,38,ae-2-2,2,1,1,1
"Atención de Enfermería, mención Enfermería",Técnicas básicas de enfermería y del Programa Nacional de Inmunizaciones,38,ae-2-3,2,1,1,1
"Atención de Enfermería, mención Enfermería",Técnicas básicas de enfermería y del Programa Nacional de Inmunizaciones,38,ae-2-4,2,1,1,1
"Atención de Enfermería, mención Enfermería",Técnicas básicas de enfermería y del Programa Nacional de Inmunizaciones,38,ae-2-5,2,1,1,1
"Atención de Enfermería, mención Enfermería",Técnicas básicas de enfermería y del Programa Nacional de Inmunizaciones,38,ae-2-6,2,1,1,1
"Atención de Enfermería, mención Enfermería",Técnicas básicas de enfermería y del Programa Nacional de Inmunizaciones,38,ae-3-1,2,1,1,1
"Atención de Enfermería, mención Enfermería",Técnicas básicas de enfermería y del Programa Nacional de Inmunizaciones,38,ae-3-2,2,1,1,1
"Atención de Enfermería, mención Enfermería",Técnicas básicas de enfermería y del Programa Nacional de Inmunizaciones,38,ae-3-3,2,1,1,1
"Atención de Enfermería, mención Enfermería",Técnicas básicas de enfermería y del Programa Nacional de Inmunizaciones,38,ae-3-4,2,1,1,1
"Atención de Enfermería, mención Enfermería",Técnicas básicas de enfermería y del Programa Nacional de Inmunizaciones,38,ae-3-5,2,1,1,1
"Atención de Enfermería, mención Enfermería",Técnicas básicas de enfermería y del Programa Nacional de Inmunizaciones,38,ae-3-6,2,1,1,1
"Atención de Enfermería, mención Enfermería",Técnicas básicas de enfermería y del Programa Nacional de Inmunizaciones,38,ae-4-1,2,1,1,1
"Atención de Enfermería, mención Enfermería",Técnicas básicas de enfermería y del Programa Nacional de Inmunizaciones,38,ae-4-2,2,1,1,1
"Atención de Enfermería, mención Enfermería",Técnicas básicas de enfermería y del Programa Nacional de Inmunizaciones,38,ae-4-3,2,1,1,1
"Atención de Enfermería, mención Enfermería",Técnicas básicas de enfermería y del Programa Nacional de Inmunizaciones,38,ae-4-4,2,1,1,1
"Atención de Enfermería, mención Enfermería",Técnicas básicas de enfermería y del Programa Nacional de Inmunizaciones,38,ae-4-5,2,1,1,1
"Atención de Enfermería, mención Enfermería",Técnicas básicas de enfermería y del Programa Nacional de Inmunizaciones,38,ae-4-6,2,1,1,1
"Atención de Enfermería, mención Enfermería",Técnicas básicas de enfermería y del Programa Nacional de Inmunizaciones,38,formative-1,3,1,1,1
"Atención de Enfermería, mención Enfermería",Técnicas básicas de enfermería y del Programa Nacional de Inmunizaciones,38,formative-2,3,1,1,1
"Atención de Enfermería, mención Enfermería",Técnicas básicas de enfermería y del Programa Nacional de Inmunizaciones,38,formative-3,3,1,1,1
"Atención de Enfermería, mención Enfermería",Técnicas básicas de enfermería y del Programa Nacional de Inmunizaciones,38,formative-4,3,1,1,1
"Atención de Enfermería, mención Enfermería",Técnicas básicas de enfermería y del Programa Nacional de Inmunizaciones,38,formative-5,3,1,1,1
"Atención de Enfermería, mención Enfermería",Técnicas básicas de enfermería y del Programa Nacional de Inmunizaciones,38,formative-6,3,1,1,1
"Atención de Enfermería, mención Enfermería",Técnicas básicas de enfermería y del Programa Nacional de Inmunizaciones,38,formative-7,3,1,1,1
"Atención de Enfermería, mención Enfermería",Técnicas básicas de enfermería y del Programa Nacional de Inmunizaciones,38,formative-8,3,1,1,1
"Atención de Enfermería, mención Enfermería",Técnicas básicas de enfermería y del Programa Nacional de Inmunizaciones,38,formative-9,3,1,1,1
"Atención de Enfermería, mención Enfermería",Técnicas básicas de enfermería y del Programa Nacional de Inmunizaciones,38,formative-10,3,1,1,1
"Atención de Enfermería, mención Enfermería",Técnicas básicas de enfermería y del Programa Nacional de Inmunizaciones,38,formative-11,3,1,1,1
"Atención de Enfermería, mención Enfermería",Técnicas básicas de enfermería y del Programa Nacional de Inmunizaciones,38,formative-12,3,1,1,1
"Atención de Enfermería, mención Enfermería",Técnicas básicas de enfermería y del Programa Nacional de Inmunizaciones,38,formative-13,3,1,1,1
"Atención de Enfermería, mención Enfermería",Técnicas básicas de enfermería y del Programa Nacional de Inmunizaciones,38,formative-14,3,1,1,1
"Atención de Enfermería, mención Enfermería",Técnicas básicas de enfermería y del Programa Nacional de Inmunizaciones,38,case-1,3,1,1,1
"Atención de Enfermería, mención Enfermería",Técnicas básicas de enfermería y del Programa Nacional de Inmunizaciones,38,case-2,3,1,1,1
"Atención de Enfermería, mención Enfermería",Técnicas básicas de enfermería y del Programa Nacional de Inmunizaciones,38,case-3,3,1,1,1
"Atención de Enfermería, mención Enfermería",Técnicas básicas de enfermería y del Programa Nacional de Inmunizaciones,38,case-4,3,1,1,1
"Atención de Enfermería, mención Enfermería",Técnicas básicas de enfermería y del Programa Nacional de Inmunizaciones,38,case-5,3,1,1,1
"Atención de Enfermería, mención Enfermería",Técnicas básicas de enfermería y del Programa Nacional de Inmunizaciones,38,case-6,3,1,1,1
"Atención de Enfermería, mención Enfermería",Técnicas básicas de enfermería y del Programa Nacional de Inmunizaciones,38,case-7,3,1,1,1
"Atención de Enfermería, mención Enfermería",Técnicas básicas de enfermería y del Programa Nacional de Inmunizaciones,38,case-8,3,1,1,1
"Atención de Enfermería, mención Enfermería",Técnicas básicas de enfermería y del Programa Nacional de Inmunizaciones,38,case-9,3,1,1,1
"Atención de Enfermería, mención Enfermería",Técnicas básicas de enfermería y del Programa Nacional de Inmunizaciones,38,case-10,3,1,1,1
"Atención de Enfermería, mención Enfermería",Técnicas básicas de enfermería y del Programa Nacional de Inmunizaciones,38,case-11,3,1,1,1
"Atención de Enfermería, mención Enfermería",Técnicas básicas de enfermería y del Programa Nacional de Inmunizaciones,38,case-12,3,1,1,1
"Atención de Enfermería, mención Enfermería",Técnicas básicas de enfermería y del Programa Nacional de Inmunizaciones,38,case-13,3,1,1,1
"Atención de Enfermería, mención Enfermería",Técnicas básicas de enfermería y del Programa Nacional de Inmunizaciones,38,case-14,3,1,1,1
"Atención de Enfermería, mención Enfermería",Técnicas básicas de enfermería y del Programa Nacional de Inmunizaciones,38,case-15,3,1,1,1
"Atención de Enfermería, mención Enfermería",Técnicas básicas de enfermería y del Programa Nacional de Inmunizaciones,38,scene,3,1,1,1
"Atención de Enfermería, mención Enfermería",Técnicas básicas de enfermería y del Programa Nacional de Inmunizaciones,38,question-1,4,1,1,1
"Atención de Enfermería, mención Enfermería",Técnicas básicas de enfermería y del Programa Nacional de Inmunizaciones,38,question-2,4,1,1,1
"Atención de Enfermería, mención Enfermería",Técnicas básicas de enfermería y del Programa Nacional de Inmunizaciones,38,question-3,4,1,1,1
"Atención de Enfermería, mención Enfermería",Técnicas básicas de enfermería y del Programa Nacional de Inmunizaciones,38,question-4,4,1,1,1
"Atención de Enfermería, mención Enfermería",Técnicas básicas de enfermería y del Programa Nacional de Inmunizaciones,38,question-5,4,1,1,1
"Atención de Enfermería, mención Enfermería",Técnicas básicas de enfermería y del Programa Nacional de Inmunizaciones,38,question-6,4,1,1,1
"Atención de Enfermería, mención Enfermería",Técnicas básicas de enfermería y del Programa Nacional de Inmunizaciones,38,question-7,4,1,1,1
"Atención de Enfermería, mención Enfermería",Técnicas básicas de enfermería y del Programa Nacional de Inmunizaciones,38,question-8,4,1,1,1
"Atención de Enfermería, mención Enfermería",Técnicas básicas de enfermería y del Programa Nacional de Inmunizaciones,38,question-9,4,1,1,1
"Atención de Enfermería, mención Enfermería",Técnicas básicas de enfermería y del Programa Nacional de Inmunizaciones,38,question-10,4,1,1,1
"Atención de Enfermería, mención Enfermería",Técnicas básicas de enfermería y del Programa Nacional de Inmunizaciones,38,question-11,4,1,1,1
"Atención de Enfermería, mención Enfermería",Técnicas básicas de enfermería y del Programa Nacional de Inmunizaciones,38,question-12,4,1,1,1
"Atención de Enfermería, mención Enfermería",Técnicas básicas de enfermería y del Programa Nacional de Inmunizaciones,38,question-13,4,1,1,1
"Atención de Enfermería, mención Enfermería",Técnicas básicas de enfermería y del Programa Nacional de Inmunizaciones,38,question-14,4,1,1,1
"Atención de Enfermería, mención Enfermería",Técnicas básicas de enfermería y del Programa Nacional de Inmunizaciones,38,question-15,4,1,1,1
"Atención de Enfermería, mención Enfermería",Técnicas básicas de enfermería y del Programa Nacional de Inmunizaciones,38,question-16,4,1,1,1
"Atención de Enfermería, mención Enfermería",Técnicas básicas de enfermería y del Programa Nacional de Inmunizaciones,38,question-17,4,1,1,1
"Atención de Enfermería, mención Enfermería",Técnicas básicas de enfermería y del Programa Nacional de Inmunizaciones,38,question-18,4,1,1,1
"Atención de Enfermería, mención Enfermería",Técnicas básicas de enfermería y del Programa Nacional de Inmunizaciones,38,question-19,4,1,1,1
"Atención de Enfermería, mención Enfermería",Técnicas básicas de enfermería y del Programa Nacional de Inmunizaciones,38,question-20,4,1,1,1
"Atención de Enfermería, mención Enfermería",Técnicas básicas de enfermería y del Programa Nacional de Inmunizaciones,38,question-21,4,1,1,1
"Atención de Enfermería, mención Enfermería",Técnicas básicas de enfermería y del Programa Nacional de Inmunizaciones,38,question-22,4,1,1,1
"Atención de Enfermería, mención Enfermería",Técnicas básicas de enfermería y del Programa Nacional de Inmunizaciones,38,question-23,4,1,1,1
"Atención de Enfermería, mención Enfermería",Técnicas básicas de enfermería y del Programa Nacional de Inmunizaciones,38,question-24,4,1,1,1
"Atención de Enfermería, mención Enfermería",Técnicas básicas de enfermería y del Programa Nacional de Inmunizaciones,38,question-25,4,1,1,1
"Atención de Enfermería, mención Enfermería",Técnicas básicas de enfermería y del Programa Nacional de Inmunizaciones,38,development,4,1,1,1
"Atención de Enfermería, mención Enfermería",Técnicas básicas de enfermería y del Programa Nacional de Inmunizaciones,38,practice,0,1,1,1
"Atención de Enfermería, mención Enfermería",Técnicas básicas de enfermería y del Programa Nacional de Inmunizaciones,38,encargo-1,2,1,1,1
"Atención de Enfermería, mención Enfermería",Técnicas básicas de enfermería y del Programa Nacional de Inmunizaciones,38,encargo-2,3,1,1,1
"Atención de Enfermería, mención Enfermería",Técnicas básicas de enfermería y del Programa Nacional de Inmunizaciones,38,encargo-3,2,1,1,1
"Atención de Enfermería, mención Enfermería",Técnicas básicas de enfermería y del Programa Nacional de Inmunizaciones,38,encargo-4,3,1,1,1
"Atención de Enfermería, mención Enfermería",Técnicas básicas de enfermería y del Programa Nacional de Inmunizaciones,38,encargo-5,2,1,1,1
"Atención de Enfermería, mención Enfermería",Técnicas básicas de enfermería y del Programa Nacional de Inmunizaciones,38,encargo-6,3,1,1,1
"Atención de Enfermería, mención Enfermería",Técnicas básicas de enfermería y del Programa Nacional de Inmunizaciones,38,encargo-7,2,1,1,1
"Atención de Enfermería, mención Enfermería",Técnicas básicas de enfermería y del Programa Nacional de Inmunizaciones,38,encargo-8,3,1,1,1
"Atención de Enfermería, mención Enfermería",Técnicas básicas de enfermería y del Programa Nacional de Inmunizaciones,38,encargo-9,2,1,1,1
"Atención de Enfermería, mención Enfermería",Técnicas básicas de enfermería y del Programa Nacional de Inmunizaciones,38,encargo-10,3,1,1,1
"Atención de Enfermería, mención Enfermería",Técnicas básicas de enfermería y del Programa Nacional de Inmunizaciones,38,encargo-11,2,1,1,1
"Atención de Enfermería, mención Enfermería",Técnicas básicas de enfermería y del Programa Nacional de Inmunizaciones,38,encargo-12,3,1,1,1
"Atención de Enfermería, mención Enfermería",Técnicas básicas de enfermería y del Programa Nacional de Inmunizaciones,38,encargo-13,2,1,1,1
"Atención de Enfermería, mención Enfermería",Técnicas básicas de enfermería y del Programa Nacional de Inmunizaciones,38,encargo-14,3,1,1,1
"Atención de Enfermería, mención Enfermería",Técnicas básicas de enfermería y del Programa Nacional de Inmunizaciones,38,encargo-15,2,1,1,1
"Atención de Enfermería, mención Enfermería",Técnicas básicas de enfermería y del Programa Nacional de Inmunizaciones,38,encargo-16,3,1,1,1
"Atención de Enfermería, mención Enfermería",Técnicas básicas de enfermería y del Programa Nacional de Inmunizaciones,38,encargo-17,2,1,1,1
"Atención de Enfermería, mención Enfermería",Técnicas básicas de enfermería y del Programa Nacional de Inmunizaciones,38,encargo-18,3,1,1,1
"Atención de Enfermería, mención Enfermería",Técnicas básicas de enfermería y del Programa Nacional de Inmunizaciones,38,encargo-19,2,1,1,1
"Atención de Enfermería, mención Enfermería",Técnicas básicas de enfermería y del Programa Nacional de Inmunizaciones,38,encargo-20,3,1,1,1
"Atención de Enfermería, mención Enfermería",Técnicas básicas de enfermería y del Programa Nacional de Inmunizaciones,38,encargo-21,2,1,1,1
"Atención de Enfermería, mención Enfermería",Técnicas básicas de enfermería y del Programa Nacional de Inmunizaciones,38,encargo-22,3,1,1,1
"Atención de Enfermería, mención Enfermería",Técnicas básicas de enfermería y del Programa Nacional de Inmunizaciones,38,encargo-23,2,1,1,1
"Atención de Enfermería, mención Enfermería",Técnicas básicas de enfermería y del Programa Nacional de Inmunizaciones,38,encargo-24,3,1,1,1
"Atención de Enfermería, mención Enfermería",Técnicas básicas de enfermería y del Programa Nacional de Inmunizaciones,38,encargo-25,2,1,1,1
"Atención de Enfermería, mención Enfermería",Técnicas básicas de enfermería y del Programa Nacional de Inmunizaciones,38,encargo-26,3,1,1,1
"Atención de Enfermería, mención Enfermería",Técnicas básicas de enfermería y del Programa Nacional de Inmunizaciones,38,encargo-27,2,1,1,1
"Atención de Enfermería, mención Enfermería",Técnicas básicas de enfermería y del Programa Nacional de Inmunizaciones,38,encargo-28,3,1,1,1
"Atención de Enfermería, mención Enfermería",Técnicas básicas de enfermería y del Programa Nacional de Inmunizaciones,38,encargo-29,2,1,1,1
"Atención de Enfermería, mención Enfermería",Técnicas básicas de enfermería y del Programa Nacional de Inmunizaciones,38,encargo-30,3,1,1,1
"Atención de Enfermería, mención Enfermería",Técnicas básicas de enfermería y del Programa Nacional de Inmunizaciones,38,encargo-31,2,1,1,1
"Atención de Enfermería, mención Enfermería",Técnicas básicas de enfermería y del Programa Nacional de Inmunizaciones,38,encargo-32,3,1,1,1
"Atención de Enfermería, mención Enfermería",Técnicas básicas de enfermería y del Programa Nacional de Inmunizaciones,38,encargo-33,2,1,1,1
"Atención de Enfermería, mención Enfermería",Técnicas básicas de enfermería y del Programa Nacional de Inmunizaciones,38,encargo-34,3,1,1,1
"Atención de Enfermería, mención Enfermería",Técnicas básicas de enfermería y del Programa Nacional de Inmunizaciones,38,encargo-35,2,1,1,1
"Atención de Enfermería, mención Enfermería",Técnicas básicas de enfermería y del Programa Nacional de Inmunizaciones,38,encargo-36,3,1,1,1
"Atención de Enfermería, mención Enfermería",Técnicas básicas de enfermería y del Programa Nacional de Inmunizaciones,38,encargo-37,2,1,1,1
"Atención de Enfermería, mención Enfermería",Técnicas básicas de enfermería y del Programa Nacional de Inmunizaciones,38,encargo-38,3,1,1,1
"Atención de Enfermería, mención Enfermería",Técnicas básicas de enfermería y del Programa Nacional de Inmunizaciones,38,feedback,5,1,1,1
"Atención de Enfermería, mención Enfermería",Atención en servicios de urgencia y primeros auxilios,39,context,1,1,1,1
"Atención de Enfermería, mención Enfermería",Atención en servicios de urgencia y primeros auxilios,39,ae-1-1,2,1,1,1
"Atención de Enfermería, mención Enfermería",Atención en servicios de urgencia y primeros auxilios,39,ae-1-2,2,1,1,1
"Atención de Enfermería, mención Enfermería",Atención en servicios de urgencia y primeros auxilios,39,ae-1-3,2,1,1,1
"Atención de Enfermería, mención Enfermería",Atención en servicios de urgencia y primeros auxilios,39,ae-1-4,2,1,1,1
"Atención de Enfermería, mención Enfermería",Atención en servicios de urgencia y primeros auxilios,39,ae-1-5,2,1,1,1
"Atención de Enfermería, mención Enfermería",Atención en servicios de urgencia y primeros auxilios,39,ae-1-6,2,1,1,1
"Atención de Enfermería, mención Enfermería",Atención en servicios de urgencia y primeros auxilios,39,ae-2-1,2,1,1,1
"Atención de Enfermería, mención Enfermería",Atención en servicios de urgencia y primeros auxilios,39,ae-2-2,2,1,1,1
"Atención de Enfermería, mención Enfermería",Atención en servicios de urgencia y primeros auxilios,39,ae-2-3,2,1,1,1
"Atención de Enfermería, mención Enfermería",Atención en servicios de urgencia y primeros auxilios,39,ae-2-4,2,1,1,1
"Atención de Enfermería, mención Enfermería",Atención en servicios de urgencia y primeros auxilios,39,ae-2-5,2,1,1,1
"Atención de Enfermería, mención Enfermería",Atención en servicios de urgencia y primeros auxilios,39,ae-2-6,2,1,1,1
"Atención de Enfermería, mención Enfermería",Atención en servicios de urgencia y primeros auxilios,39,ae-3-1,2,1,1,1
"Atención de Enfermería, mención Enfermería",Atención en servicios de urgencia y primeros auxilios,39,ae-3-2,2,1,1,1
"Atención de Enfermería, mención Enfermería",Atención en servicios de urgencia y primeros auxilios,39,ae-3-3,2,1,1,1
"Atención de Enfermería, mención Enfermería",Atención en servicios de urgencia y primeros auxilios,39,ae-3-4,2,1,1,1
"Atención de Enfermería, mención Enfermería",Atención en servicios de urgencia y primeros auxilios,39,ae-3-5,2,1,1,1
"Atención de Enfermería, mención Enfermería",Atención en servicios de urgencia y primeros auxilios,39,ae-3-6,2,1,1,1
"Atención de Enfermería, mención Enfermería",Atención en servicios de urgencia y primeros auxilios,39,formative-1,3,1,1,1
"Atención de Enfermería, mención Enfermería",Atención en servicios de urgencia y primeros auxilios,39,formative-2,3,1,1,1
"Atención de Enfermería, mención Enfermería",Atención en servicios de urgencia y primeros auxilios,39,formative-3,3,1,1,1
"Atención de Enfermería, mención Enfermería",Atención en servicios de urgencia y primeros auxilios,39,formative-4,3,1,1,1
"Atención de Enfermería, mención Enfermería",Atención en servicios de urgencia y primeros auxilios,39,formative-5,3,1,1,1
"Atención de Enfermería, mención Enfermería",Atención en servicios de urgencia y primeros auxilios,39,formative-6,3,1,1,1
"Atención de Enfermería, mención Enfermería",Atención en servicios de urgencia y primeros auxilios,39,formative-7,3,1,1,1
"Atención de Enfermería, mención Enfermería",Atención en servicios de urgencia y primeros auxilios,39,formative-8,3,1,1,1
"Atención de Enfermería, mención Enfermería",Atención en servicios de urgencia y primeros auxilios,39,formative-9,3,1,1,1
"Atención de Enfermería, mención Enfermería",Atención en servicios de urgencia y primeros auxilios,39,formative-10,3,1,1,1
"Atención de Enfermería, mención Enfermería",Atención en servicios de urgencia y primeros auxilios,39,formative-11,3,1,1,1
"Atención de Enfermería, mención Enfermería",Atención en servicios de urgencia y primeros auxilios,39,formative-12,3,1,1,1
"Atención de Enfermería, mención Enfermería",Atención en servicios de urgencia y primeros auxilios,39,formative-13,3,1,1,1
"Atención de Enfermería, mención Enfermería",Atención en servicios de urgencia y primeros auxilios,39,formative-14,3,1,1,1
"Atención de Enfermería, mención Enfermería",Atención en servicios de urgencia y primeros auxilios,39,case-1,3,1,1,1
"Atención de Enfermería, mención Enfermería",Atención en servicios de urgencia y primeros auxilios,39,case-2,3,1,1,1
"Atención de Enfermería, mención Enfermería",Atención en servicios de urgencia y primeros auxilios,39,case-3,3,1,1,1
"Atención de Enfermería, mención Enfermería",Atención en servicios de urgencia y primeros auxilios,39,case-4,3,1,1,1
"Atención de Enfermería, mención Enfermería",Atención en servicios de urgencia y primeros auxilios,39,case-5,3,1,1,1
"Atención de Enfermería, mención Enfermería",Atención en servicios de urgencia y primeros auxilios,39,case-6,3,1,1,1
"Atención de Enfermería, mención Enfermería",Atención en servicios de urgencia y primeros auxilios,39,case-7,3,1,1,1
"Atención de Enfermería, mención Enfermería",Atención en servicios de urgencia y primeros auxilios,39,case-8,3,1,1,1
"Atención de Enfermería, mención Enfermería",Atención en servicios de urgencia y primeros auxilios,39,case-9,3,1,1,1
"Atención de Enfermería, mención Enfermería",Atención en servicios de urgencia y primeros auxilios,39,case-10,3,1,1,1
"Atención de Enfermería, mención Enfermería",Atención en servicios de urgencia y primeros auxilios,39,case-11,3,1,1,1
"Atención de Enfermería, mención Enfermería",Atención en servicios de urgencia y primeros auxilios,39,case-12,3,1,1,1
"Atención de Enfermería, mención Enfermería",Atención en servicios de urgencia y primeros auxilios,39,case-13,3,1,1,1
"Atención de Enfermería, mención Enfermería",Atención en servicios de urgencia y primeros auxilios,39,case-14,3,1,1,1
"Atención de Enfermería, mención Enfermería",Atención en servicios de urgencia y primeros auxilios,39,case-15,3,1,1,1
"Atención de Enfermería, mención Enfermería",Atención en servicios de urgencia y primeros auxilios,39,scene,3,1,1,1
"Atención de Enfermería, mención Enfermería",Atención en servicios de urgencia y primeros auxilios,39,question-1,4,1,1,1
"Atención de Enfermería, mención Enfermería",Atención en servicios de urgencia y primeros auxilios,39,question-2,4,1,1,1
"Atención de Enfermería, mención Enfermería",Atención en servicios de urgencia y primeros auxilios,39,question-3,4,1,1,1
"Atención de Enfermería, mención Enfermería",Atención en servicios de urgencia y primeros auxilios,39,question-4,4,1,1,1
"Atención de Enfermería, mención Enfermería",Atención en servicios de urgencia y primeros auxilios,39,question-5,4,1,1,1
"Atención de Enfermería, mención Enfermería",Atención en servicios de urgencia y primeros auxilios,39,question-6,4,1,1,1
"Atención de Enfermería, mención Enfermería",Atención en servicios de urgencia y primeros auxilios,39,question-7,4,1,1,1
"Atención de Enfermería, mención Enfermería",Atención en servicios de urgencia y primeros auxilios,39,question-8,4,1,1,1
"Atención de Enfermería, mención Enfermería",Atención en servicios de urgencia y primeros auxilios,39,question-9,4,1,1,1
"Atención de Enfermería, mención Enfermería",Atención en servicios de urgencia y primeros auxilios,39,question-10,4,1,1,1
"Atención de Enfermería, mención Enfermería",Atención en servicios de urgencia y primeros auxilios,39,question-11,4,1,1,1
"Atención de Enfermería, mención Enfermería",Atención en servicios de urgencia y primeros auxilios,39,question-12,4,1,1,1
"Atención de Enfermería, mención Enfermería",Atención en servicios de urgencia y primeros auxilios,39,question-13,4,1,1,1
"Atención de Enfermería, mención Enfermería",Atención en servicios de urgencia y primeros auxilios,39,question-14,4,1,1,1
"Atención de Enfermería, mención Enfermería",Atención en servicios de urgencia y primeros auxilios,39,question-15,4,1,1,1
"Atención de Enfermería, mención Enfermería",Atención en servicios de urgencia y primeros auxilios,39,question-16,4,1,1,1
"Atención de Enfermería, mención Enfermería",Atención en servicios de urgencia y primeros auxilios,39,question-17,4,1,1,1
"Atención de Enfermería, mención Enfermería",Atención en servicios de urgencia y primeros auxilios,39,question-18,4,1,1,1
"Atención de Enfermería, mención Enfermería",Atención en servicios de urgencia y primeros auxilios,39,question-19,4,1,1,1
"Atención de Enfermería, mención Enfermería",Atención en servicios de urgencia y primeros auxilios,39,question-20,4,1,1,1
"Atención de Enfermería, mención Enfermería",Atención en servicios de urgencia y primeros auxilios,39,question-21,4,1,1,1
"Atención de Enfermería, mención Enfermería",Atención en servicios de urgencia y primeros auxilios,39,question-22,4,1,1,1
"Atención de Enfermería, mención Enfermería",Atención en servicios de urgencia y primeros auxilios,39,question-23,4,1,1,1
"Atención de Enfermería, mención Enfermería",Atención en servicios de urgencia y primeros auxilios,39,question-24,4,1,1,1
"Atención de Enfermería, mención Enfermería",Atención en servicios de urgencia y primeros auxilios,39,question-25,4,1,1,1
"Atención de Enfermería, mención Enfermería",Atención en servicios de urgencia y primeros auxilios,39,development,4,1,1,1
"Atención de Enfermería, mención Enfermería",Atención en servicios de urgencia y primeros auxilios,39,practice,0,1,1,1
"Atención de Enfermería, mención Enfermería",Atención en servicios de urgencia y primeros auxilios,39,encargo-1,2,1,1,1
"Atención de Enfermería, mención Enfermería",Atención en servicios de urgencia y primeros auxilios,39,encargo-2,3,1,1,1
"Atención de Enfermería, mención Enfermería",Atención en servicios de urgencia y primeros auxilios,39,encargo-3,2,1,1,1
"Atención de Enfermería, mención Enfermería",Atención en servicios de urgencia y primeros auxilios,39,encargo-4,3,1,1,1
"Atención de Enfermería, mención Enfermería",Atención en servicios de urgencia y primeros auxilios,39,encargo-5,2,1,1,1
"Atención de Enfermería, mención Enfermería",Atención en servicios de urgencia y primeros auxilios,39,encargo-6,3,1,1,1
"Atención de Enfermería, mención Enfermería",Atención en servicios de urgencia y primeros auxilios,39,encargo-7,2,1,1,1
"Atención de Enfermería, mención Enfermería",Atención en servicios de urgencia y primeros auxilios,39,encargo-8,3,1,1,1
"Atención de Enfermería, mención Enfermería",Atención en servicios de urgencia y primeros auxilios,39,encargo-9,2,1,1,1
"Atención de Enfermería, mención Enfermería",Atención en servicios de urgencia y primeros auxilios,39,encargo-10,3,1,1,1
"Atención de Enfermería, mención Enfermería",Atención en servicios de urgencia y primeros auxilios,39,encargo-11,2,1,1,1
"Atención de Enfermería, mención Enfermería",Atención en servicios de urgencia y primeros auxilios,39,encargo-12,3,1,1,1
"Atención de Enfermería, mención Enfermería",Atención en servicios de urgencia y primeros auxilios,39,encargo-13,2,1,1,1
"Atención de Enfermería, mención Enfermería",Atención en servicios de urgencia y primeros auxilios,39,encargo-14,3,1,1,1
"Atención de Enfermería, mención Enfermería",Atención en servicios de urgencia y primeros auxilios,39,encargo-15,2,1,1,1
"Atención de Enfermería, mención Enfermería",Atención en servicios de urgencia y primeros auxilios,39,encargo-16,3,1,1,1
"Atención de Enfermería, mención Enfermería",Atención en servicios de urgencia y primeros auxilios,39,encargo-17,2,1,1,1
"Atención de Enfermería, mención Enfermería",Atención en servicios de urgencia y primeros auxilios,39,encargo-18,3,1,1,1
"Atención de Enfermería, mención Enfermería",Atención en servicios de urgencia y primeros auxilios,39,encargo-19,2,1,1,1
"Atención de Enfermería, mención Enfermería",Atención en servicios de urgencia y primeros auxilios,39,encargo-20,3,1,1,1
"Atención de Enfermería, mención Enfermería",Atención en servicios de urgencia y primeros auxilios,39,encargo-21,2,1,1,1
"Atención de Enfermería, mención Enfermería",Atención en servicios de urgencia y primeros auxilios,39,encargo-22,3,1,1,1
"Atención de Enfermería, mención Enfermería",Atención en servicios de urgencia y primeros auxilios,39,encargo-23,2,1,1,1
"Atención de Enfermería, mención Enfermería",Atención en servicios de urgencia y primeros auxilios,39,encargo-24,3,1,1,1
"Atención de Enfermería, mención Enfermería",Atención en servicios de urgencia y primeros auxilios,39,encargo-25,2,1,1,1
"Atención de Enfermería, mención Enfermería",Atención en servicios de urgencia y primeros auxilios,39,encargo-26,3,1,1,1
"Atención de Enfermería, mención Enfermería",Atención en servicios de urgencia y primeros auxilios,39,encargo-27,2,1,1,1
"Atención de Enfermería, mención Enfermería",Atención en servicios de urgencia y primeros auxilios,39,encargo-28,3,1,1,1
"Atención de Enfermería, mención Enfermería",Atención en servicios de urgencia y primeros auxilios,39,encargo-29,2,1,1,1
"Atención de Enfermería, mención Enfermería",Atención en servicios de urgencia y primeros auxilios,39,encargo-30,3,1,1,1
"Atención de Enfermería, mención Enfermería",Atención en servicios de urgencia y primeros auxilios,39,encargo-31,2,1,1,1
"Atención de Enfermería, mención Enfermería",Atención en servicios de urgencia y primeros auxilios,39,encargo-32,3,1,1,1
"Atención de Enfermería, mención Enfermería",Atención en servicios de urgencia y primeros auxilios,39,encargo-33,2,1,1,1
"Atención de Enfermería, mención Enfermería",Atención en servicios de urgencia y primeros auxilios,39,encargo-34,3,1,1,1
"Atención de Enfermería, mención Enfermería",Atención en servicios de urgencia y primeros auxilios,39,encargo-35,2,1,1,1
"Atención de Enfermería, mención Enfermería",Atención en servicios de urgencia y primeros auxilios,39,encargo-36,3,1,1,1
"Atención de Enfermería, mención Enfermería",Atención en servicios de urgencia y primeros auxilios,39,encargo-37,2,1,1,1
"Atención de Enfermería, mención Enfermería",Atención en servicios de urgencia y primeros auxilios,39,encargo-38,3,1,1,1
"Atención de Enfermería, mención Enfermería",Atención en servicios de urgencia y primeros auxilios,39,feedback,5,1,1,1
"Atención de Enfermería, mención Enfermería",Preparación del entorno clínico,40,context,1,1,1,1
"Atención de Enfermería, mención Enfermería",Preparación del entorno clínico,40,ae-1-1,2,1,1,1
"Atención de Enfermería, mención Enfermería",Preparación del entorno clínico,40,ae-1-2,2,1,1,1
"Atención de Enfermería, mención Enfermería",Preparación del entorno clínico,40,ae-1-3,2,1,1,1
"Atención de Enfermería, mención Enfermería",Preparación del entorno clínico,40,ae-1-4,2,1,1,1
"Atención de Enfermería, mención Enfermería",Preparación del entorno clínico,40,ae-1-5,2,1,1,1
"Atención de Enfermería, mención Enfermería",Preparación del entorno clínico,40,ae-1-6,2,1,1,1
"Atención de Enfermería, mención Enfermería",Preparación del entorno clínico,40,ae-2-1,2,1,1,1
"Atención de Enfermería, mención Enfermería",Preparación del entorno clínico,40,ae-2-2,2,1,1,1
"Atención de Enfermería, mención Enfermería",Preparación del entorno clínico,40,ae-2-3,2,1,1,1
"Atención de Enfermería, mención Enfermería",Preparación del entorno clínico,40,ae-2-4,2,1,1,1
"Atención de Enfermería, mención Enfermería",Preparación del entorno clínico,40,ae-2-5,2,1,1,1
"Atención de Enfermería, mención Enfermería",Preparación del entorno clínico,40,ae-2-6,2,1,1,1
"Atención de Enfermería, mención Enfermería",Preparación del entorno clínico,40,formative-1,3,1,1,1
"Atención de Enfermería, mención Enfermería",Preparación del entorno clínico,40,formative-2,3,1,1,1
"Atención de Enfermería, mención Enfermería",Preparación del entorno clínico,40,formative-3,3,1,1,1
"Atención de Enfermería, mención Enfermería",Preparación del entorno clínico,40,formative-4,3,1,1,1
"Atención de Enfermería, mención Enfermería",Preparación del entorno clínico,40,formative-5,3,1,1,1
"Atención de Enfermería, mención Enfermería",Preparación del entorno clínico,40,formative-6,3,1,1,1
"Atención de Enfermería, mención Enfermería",Preparación del entorno clínico,40,formative-7,3,1,1,1
"Atención de Enfermería, mención Enfermería",Preparación del entorno clínico,40,formative-8,3,1,1,1
"Atención de Enfermería, mención Enfermería",Preparación del entorno clínico,40,formative-9,3,1,1,1
"Atención de Enfermería, mención Enfermería",Preparación del entorno clínico,40,formative-10,3,1,1,1
"Atención de Enfermería, mención Enfermería",Preparación del entorno clínico,40,formative-11,3,1,1,1
"Atención de Enfermería, mención Enfermería",Preparación del entorno clínico,40,formative-12,3,1,1,1
"Atención de Enfermería, mención Enfermería",Preparación del entorno clínico,40,formative-13,3,1,1,1
"Atención de Enfermería, mención Enfermería",Preparación del entorno clínico,40,formative-14,3,1,1,1
"Atención de Enfermería, mención Enfermería",Preparación del entorno clínico,40,case-1,3,1,1,1
"Atención de Enfermería, mención Enfermería",Preparación del entorno clínico,40,case-2,3,1,1,1
"Atención de Enfermería, mención Enfermería",Preparación del entorno clínico,40,case-3,3,1,1,1
"Atención de Enfermería, mención Enfermería",Preparación del entorno clínico,40,case-4,3,1,1,1
"Atención de Enfermería, mención Enfermería",Preparación del entorno clínico,40,case-5,3,1,1,1
"Atención de Enfermería, mención Enfermería",Preparación del entorno clínico,40,case-6,3,1,1,1
"Atención de Enfermería, mención Enfermería",Preparación del entorno clínico,40,case-7,3,1,1,1
"Atención de Enfermería, mención Enfermería",Preparación del entorno clínico,40,case-8,3,1,1,1
"Atención de Enfermería, mención Enfermería",Preparación del entorno clínico,40,case-9,3,1,1,1
"Atención de Enfermería, mención Enfermería",Preparación del entorno clínico,40,case-10,3,1,1,1
"Atención de Enfermería, mención Enfermería",Preparación del entorno clínico,40,case-11,3,1,1,1
"Atención de Enfermería, mención Enfermería",Preparación del entorno clínico,40,case-12,3,1,1,1
"Atención de Enfermería, mención Enfermería",Preparación del entorno clínico,40,case-13,3,1,1,1
"Atención de Enfermería, mención Enfermería",Preparación del entorno clínico,40,case-14,3,1,1,1
"Atención de Enfermería, mención Enfermería",Preparación del entorno clínico,40,case-15,3,1,1,1
"Atención de Enfermería, mención Enfermería",Preparación del entorno clínico,40,scene,3,1,1,1
"Atención de Enfermería, mención Enfermería",Preparación del entorno clínico,40,question-1,4,1,1,1
"Atención de Enfermería, mención Enfermería",Preparación del entorno clínico,40,question-2,4,1,1,1
"Atención de Enfermería, mención Enfermería",Preparación del entorno clínico,40,question-3,4,1,1,1
"Atención de Enfermería, mención Enfermería",Preparación del entorno clínico,40,question-4,4,1,1,1
"Atención de Enfermería, mención Enfermería",Preparación del entorno clínico,40,question-5,4,1,1,1
"Atención de Enfermería, mención Enfermería",Preparación del entorno clínico,40,question-6,4,1,1,1
"Atención de Enfermería, mención Enfermería",Preparación del entorno clínico,40,question-7,4,1,1,1
"Atención de Enfermería, mención Enfermería",Preparación del entorno clínico,40,question-8,4,1,1,1
"Atención de Enfermería, mención Enfermería",Preparación del entorno clínico,40,question-9,4,1,1,1
"Atención de Enfermería, mención Enfermería",Preparación del entorno clínico,40,question-10,4,1,1,1
"Atención de Enfermería, mención Enfermería",Preparación del entorno clínico,40,question-11,4,1,1,1
"Atención de Enfermería, mención Enfermería",Preparación del entorno clínico,40,question-12,4,1,1,1
"Atención de Enfermería, mención Enfermería",Preparación del entorno clínico,40,question-13,4,1,1,1
"Atención de Enfermería, mención Enfermería",Preparación del entorno clínico,40,question-14,4,1,1,1
"Atención de Enfermería, mención Enfermería",Preparación del entorno clínico,40,question-15,4,1,1,1
"Atención de Enfermería, mención Enfermería",Preparación del entorno clínico,40,question-16,4,1,1,1
"Atención de Enfermería, mención Enfermería",Preparación del entorno clínico,40,question-17,4,1,1,1
"Atención de Enfermería, mención Enfermería",Preparación del entorno clínico,40,question-18,4,1,1,1
"Atención de Enfermería, mención Enfermería",Preparación del entorno clínico,40,question-19,4,1,1,1
"Atención de Enfermería, mención Enfermería",Preparación del entorno clínico,40,question-20,4,1,1,1
"Atención de Enfermería, mención Enfermería",Preparación del entorno clínico,40,question-21,4,1,1,1
"Atención de Enfermería, mención Enfermería",Preparación del entorno clínico,40,question-22,4,1,1,1
"Atención de Enfermería, mención Enfermería",Preparación del entorno clínico,40,question-23,4,1,1,1
"Atención de Enfermería, mención Enfermería",Preparación del entorno clínico,40,question-24,4,1,1,1
"Atención de Enfermería, mención Enfermería",Preparación del entorno clínico,40,question-25,4,1,1,1
"Atención de Enfermería, mención Enfermería",Preparación del entorno clínico,40,development,4,1,1,1
"Atención de Enfermería, mención Enfermería",Preparación del entorno clínico,40,practice,0,1,1,1
"Atención de Enfermería, mención Enfermería",Preparación del entorno clínico,40,encargo-1,2,1,1,1
"Atención de Enfermería, mención Enfermería",Preparación del entorno clínico,40,encargo-2,3,1,1,1
"Atención de Enfermería, mención Enfermería",Preparación del entorno clínico,40,encargo-3,2,1,1,1
"Atención de Enfermería, mención Enfermería",Preparación del entorno clínico,40,encargo-4,3,1,1,1
"Atención de Enfermería, mención Enfermería",Preparación del entorno clínico,40,encargo-5,2,1,1,1
"Atención de Enfermería, mención Enfermería",Preparación del entorno clínico,40,encargo-6,3,1,1,1
"Atención de Enfermería, mención Enfermería",Preparación del entorno clínico,40,encargo-7,2,1,1,1
"Atención de Enfermería, mención Enfermería",Preparación del entorno clínico,40,encargo-8,3,1,1,1
"Atención de Enfermería, mención Enfermería",Preparación del entorno clínico,40,encargo-9,2,1,1,1
"Atención de Enfermería, mención Enfermería",Preparación del entorno clínico,40,encargo-10,3,1,1,1
"Atención de Enfermería, mención Enfermería",Preparación del entorno clínico,40,encargo-11,2,1,1,1
"Atención de Enfermería, mención Enfermería",Preparación del entorno clínico,40,encargo-12,3,1,1,1
"Atención de Enfermería, mención Enfermería",Preparación del entorno clínico,40,encargo-13,2,1,1,1
"Atención de Enfermería, mención Enfermería",Preparación del entorno clínico,40,feedback,5,1,1,1
"Atención de Enfermería, mención Enfermería",Emprendimiento y empleabilidad,41,context,1,1,1,1
"Atención de Enfermería, mención Enfermería",Emprendimiento y empleabilidad,41,ae-1-1,2,1,1,1
"Atención de Enfermería, mención Enfermería",Emprendimiento y empleabilidad,41,ae-1-2,2,1,1,1
"Atención de Enfermería, mención Enfermería",Emprendimiento y empleabilidad,41,ae-1-3,2,1,1,1
"Atención de Enfermería, mención Enfermería",Emprendimiento y empleabilidad,41,ae-1-4,2,1,1,1
"Atención de Enfermería, mención Enfermería",Emprendimiento y empleabilidad,41,ae-1-5,2,1,1,1
"Atención de Enfermería, mención Enfermería",Emprendimiento y empleabilidad,41,ae-1-6,2,1,1,1
"Atención de Enfermería, mención Enfermería",Emprendimiento y empleabilidad,41,ae-2-1,2,1,1,1
"Atención de Enfermería, mención Enfermería",Emprendimiento y empleabilidad,41,ae-2-2,2,1,1,1
"Atención de Enfermería, mención Enfermería",Emprendimiento y empleabilidad,41,ae-2-3,2,1,1,1
"Atención de Enfermería, mención Enfermería",Emprendimiento y empleabilidad,41,ae-2-4,2,1,1,1
"Atención de Enfermería, mención Enfermería",Emprendimiento y empleabilidad,41,ae-2-5,2,1,1,1
"Atención de Enfermería, mención Enfermería",Emprendimiento y empleabilidad,41,ae-2-6,2,1,1,1
"Atención de Enfermería, mención Enfermería",Emprendimiento y empleabilidad,41,ae-3-1,2,1,1,1
"Atención de Enfermería, mención Enfermería",Emprendimiento y empleabilidad,41,ae-3-2,2,1,1,1
"Atención de Enfermería, mención Enfermería",Emprendimiento y empleabilidad,41,ae-3-3,2,1,1,1
"Atención de Enfermería, mención Enfermería",Emprendimiento y empleabilidad,41,ae-3-4,2,1,1,1
"Atención de Enfermería, mención Enfermería",Emprendimiento y empleabilidad,41,ae-3-5,2,1,1,1
"Atención de Enfermería, mención Enfermería",Emprendimiento y empleabilidad,41,ae-3-6,2,1,1,1
"Atención de Enfermería, mención Enfermería",Emprendimiento y empleabilidad,41,ae-4-1,2,1,1,1
"Atención de Enfermería, mención Enfermería",Emprendimiento y empleabilidad,41,ae-4-2,2,1,1,1
"Atención de Enfermería, mención Enfermería",Emprendimiento y empleabilidad,41,ae-4-3,2,1,1,1
"Atención de Enfermería, mención Enfermería",Emprendimiento y empleabilidad,41,ae-4-4,2,1,1,1
"Atención de Enfermería, mención Enfermería",Emprendimiento y empleabilidad,41,ae-4-5,2,1,1,1
"Atención de Enfermería, mención Enfermería",Emprendimiento y empleabilidad,41,ae-4-6,2,1,1,1
"Atención de Enfermería, mención Enfermería",Emprendimiento y empleabilidad,41,formative-1,3,1,1,1
"Atención de Enfermería, mención Enfermería",Emprendimiento y empleabilidad,41,formative-2,3,1,1,1
"Atención de Enfermería, mención Enfermería",Emprendimiento y empleabilidad,41,formative-3,3,1,1,1
"Atención de Enfermería, mención Enfermería",Emprendimiento y empleabilidad,41,formative-4,3,1,1,1
"Atención de Enfermería, mención Enfermería",Emprendimiento y empleabilidad,41,formative-5,3,1,1,1
"Atención de Enfermería, mención Enfermería",Emprendimiento y empleabilidad,41,formative-6,3,1,1,1
"Atención de Enfermería, mención Enfermería",Emprendimiento y empleabilidad,41,formative-7,3,1,1,1
"Atención de Enfermería, mención Enfermería",Emprendimiento y empleabilidad,41,formative-8,3,1,1,1
"Atención de Enfermería, mención Enfermería",Emprendimiento y empleabilidad,41,formative-9,3,1,1,1
"Atención de Enfermería, mención Enfermería",Emprendimiento y empleabilidad,41,formative-10,3,1,1,1
"Atención de Enfermería, mención Enfermería",Emprendimiento y empleabilidad,41,formative-11,3,1,1,1
"Atención de Enfermería, mención Enfermería",Emprendimiento y empleabilidad,41,formative-12,3,1,1,1
"Atención de Enfermería, mención Enfermería",Emprendimiento y empleabilidad,41,formative-13,3,1,1,1
"Atención de Enfermería, mención Enfermería",Emprendimiento y empleabilidad,41,formative-14,3,1,1,1
"Atención de Enfermería, mención Enfermería",Emprendimiento y empleabilidad,41,case-1,3,1,1,1
"Atención de Enfermería, mención Enfermería",Emprendimiento y empleabilidad,41,case-2,3,1,1,1
"Atención de Enfermería, mención Enfermería",Emprendimiento y empleabilidad,41,case-3,3,1,1,1
"Atención de Enfermería, mención Enfermería",Emprendimiento y empleabilidad,41,case-4,3,1,1,1
"Atención de Enfermería, mención Enfermería",Emprendimiento y empleabilidad,41,case-5,3,1,1,1
"Atención de Enfermería, mención Enfermería",Emprendimiento y empleabilidad,41,case-6,3,1,1,1
"Atención de Enfermería, mención Enfermería",Emprendimiento y empleabilidad,41,case-7,3,1,1,1
"Atención de Enfermería, mención Enfermería",Emprendimiento y empleabilidad,41,case-8,3,1,1,1
"Atención de Enfermería, mención Enfermería",Emprendimiento y empleabilidad,41,case-9,3,1,1,1
"Atención de Enfermería, mención Enfermería",Emprendimiento y empleabilidad,41,case-10,3,1,1,1
"Atención de Enfermería, mención Enfermería",Emprendimiento y empleabilidad,41,case-11,3,1,1,1
"Atención de Enfermería, mención Enfermería",Emprendimiento y empleabilidad,41,case-12,3,1,1,1
"Atención de Enfermería, mención Enfermería",Emprendimiento y empleabilidad,41,case-13,3,1,1,1
"Atención de Enfermería, mención Enfermería",Emprendimiento y empleabilidad,41,case-14,3,1,1,1
"Atención de Enfermería, mención Enfermería",Emprendimiento y empleabilidad,41,case-15,3,1,1,1
"Atención de Enfermería, mención Enfermería",Emprendimiento y empleabilidad,41,scene,3,1,1,1
"Atención de Enfermería, mención Enfermería",Emprendimiento y empleabilidad,41,question-1,4,1,1,1
"Atención de Enfermería, mención Enfermería",Emprendimiento y empleabilidad,41,question-2,4,1,1,1
"Atención de Enfermería, mención Enfermería",Emprendimiento y empleabilidad,41,question-3,4,1,1,1
"Atención de Enfermería, mención Enfermería",Emprendimiento y empleabilidad,41,question-4,4,1,1,1
"Atención de Enfermería, mención Enfermería",Emprendimiento y empleabilidad,41,question-5,4,1,1,1
"Atención de Enfermería, mención Enfermería",Emprendimiento y empleabilidad,41,question-6,4,1,1,1
"Atención de Enfermería, mención Enfermería",Emprendimiento y empleabilidad,41,question-7,4,1,1,1
"Atención de Enfermería, mención Enfermería",Emprendimiento y empleabilidad,41,question-8,4,1,1,1
"Atención de Enfermería, mención Enfermería",Emprendimiento y empleabilidad,41,question-9,4,1,1,1
"Atención de Enfermería, mención Enfermería",Emprendimiento y empleabilidad,41,question-10,4,1,1,1
"Atención de Enfermería, mención Enfermería",Emprendimiento y empleabilidad,41,question-11,4,1,1,1
"Atención de Enfermería, mención Enfermería",Emprendimiento y empleabilidad,41,question-12,4,1,1,1
"Atención de Enfermería, mención Enfermería",Emprendimiento y empleabilidad,41,question-13,4,1,1,1
"Atención de Enfermería, mención Enfermería",Emprendimiento y empleabilidad,41,question-14,4,1,1,1
"Atención de Enfermería, mención Enfermería",Emprendimiento y empleabilidad,41,question-15,4,1,1,1
"Atención de Enfermería, mención Enfermería",Emprendimiento y empleabilidad,41,question-16,4,1,1,1
"Atención de Enfermería, mención Enfermería",Emprendimiento y empleabilidad,41,question-17,4,1,1,1
"Atención de Enfermería, mención Enfermería",Emprendimiento y empleabilidad,41,question-18,4,1,1,1
"Atención de Enfermería, mención Enfermería",Emprendimiento y empleabilidad,41,question-19,4,1,1,1
"Atención de Enfermería, mención Enfermería",Emprendimiento y empleabilidad,41,question-20,4,1,1,1
"Atención de Enfermería, mención Enfermería",Emprendimiento y empleabilidad,41,question-21,4,1,1,1
"Atención de Enfermería, mención Enfermería",Emprendimiento y empleabilidad,41,question-22,4,1,1,1
"Atención de Enfermería, mención Enfermería",Emprendimiento y empleabilidad,41,question-23,4,1,1,1
"Atención de Enfermería, mención Enfermería",Emprendimiento y empleabilidad,41,question-24,4,1,1,1
"Atención de Enfermería, mención Enfermería",Emprendimiento y empleabilidad,41,question-25,4,1,1,1
"Atención de Enfermería, mención Enfermería",Emprendimiento y empleabilidad,41,development,4,1,1,1
"Atención de Enfermería, mención Enfermería",Emprendimiento y empleabilidad,41,practice,0,1,1,1
"Atención de Enfermería, mención Enfermería",Emprendimiento y empleabilidad,41,encargo-1,2,1,1,1
"Atención de Enfermería, mención Enfermería",Emprendimiento y empleabilidad,41,encargo-2,3,1,1,1
"Atención de Enfermería, mención Enfermería",Emprendimiento y empleabilidad,41,encargo-3,2,1,1,1
"Atención de Enfermería, mención Enfermería",Emprendimiento y empleabilidad,41,encargo-4,3,1,1,1
"Atención de Enfermería, mención Enfermería",Emprendimiento y empleabilidad,41,encargo-5,2,1,1,1
"Atención de Enfermería, mención Enfermería",Emprendimiento y empleabilidad,41,encargo-6,3,1,1,1
"Atención de Enfermería, mención Enfermería",Emprendimiento y empleabilidad,41,encargo-7,2,1,1,1
"Atención de Enfermería, mención Enfermería",Emprendimiento y empleabilidad,41,encargo-8,3,1,1,1
"Atención de Enfermería, mención Enfermería",Emprendimiento y empleabilidad,41,encargo-9,2,1,1,1
"Atención de Enfermería, mención Enfermería",Emprendimiento y empleabilidad,41,encargo-10,3,1,1,1
"Atención de Enfermería, mención Enfermería",Emprendimiento y empleabilidad,41,encargo-11,2,1,1,1
"Atención de Enfermería, mención Enfermería",Emprendimiento y empleabilidad,41,encargo-12,3,1,1,1
"Atención de Enfermería, mención Enfermería",Emprendimiento y empleabilidad,41,encargo-13,2,1,1,1
"Atención de Enfermería, mención Enfermería",Emprendimiento y empleabilidad,41,feedback,5,1,1,1
