especialidad,curso,modulo,horas_disponibles,actividades_preguntas,minutos_docente_promedio,factor,minutos_estudiante_promedio,horas_requeridas,ocupacion_porcentaje,horas_restantes
Refrigeración y climatización,3° medio,Lectura de planos y cubicación de materiales de proyectos,42.75,61,8.41,3,25.23,25.65,60.0,17.1
Refrigeración y climatización,3° medio,Lectura de planos y cubicación de materiales de proyectos,42.75,61,8.41,4,33.64,34.2,80.0,8.55
Refrigeración y climatización,3° medio,Lectura de planos y cubicación de materiales de proyectos,42.75,61,8.41,5,42.05,42.75,100.0,0.0
Refrigeración y climatización,3° medio,Lectura de planos y cubicación de materiales de proyectos,42.75,61,8.41,6,50.46,51.3,120.0,-8.55
Refrigeración y climatización,3° medio,Instrumentos de medición y de verificación,42.75,61,8.41,3,25.23,25.65,60.0,17.1
Refrigeración y climatización,3° medio,Instrumentos de medición y de verificación,42.75,61,8.41,4,33.64,34.2,80.0,8.55
Refrigeración y climatización,3° medio,Instrumentos de medición y de verificación,42.75,61,8.41,5,42.05,42.75,100.0,0.0
Refrigeración y climatización,3° medio,Instrumentos de medición y de verificación,42.75,61,8.41,6,50.46,51.3,120.0,-8.55
Refrigeración y climatización,3° medio,Instalación y montaje de redes de refrigeración y climatización,51.3,61,10.09,3,30.27,30.78,60.0,20.52
Refrigeración y climatización,3° medio,Instalación y montaje de redes de refrigeración y climatización,51.3,61,10.09,4,40.36,41.04,80.0,10.26
Refrigeración y climatización,3° medio,Instalación y montaje de redes de refrigeración y climatización,51.3,61,10.09,5,50.45,51.3,100.0,-0.0
Refrigeración y climatización,3° medio,Instalación y montaje de redes de refrigeración y climatización,51.3,61,10.09,6,60.54,61.56,120.0,-10.26
Refrigeración y climatización,3° medio,Instalación y montaje de equipos,51.3,61,10.09,3,30.27,30.78,60.0,20.52
Refrigeración y climatización,3° medio,Instalación y montaje de equipos,51.3,61,10.09,4,40.36,41.04,80.0,10.26
Refrigeración y climatización,3° medio,Instalación y montaje de equipos,51.3,61,10.09,5,50.45,51.3,100.0,-0.0
Refrigeración y climatización,3° medio,Instalación y montaje de equipos,51.3,61,10.09,6,60.54,61.56,120.0,-10.26
Refrigeración y climatización,4° medio,Puesta en marcha de equipos de refrigeración y climatización,51.3,61,10.09,3,30.27,30.78,60.0,20.52
Refrigeración y climatización,4° medio,Puesta en marcha de equipos de refrigeración y climatización,51.3,61,10.09,4,40.36,41.04,80.0,10.26
Refrigeración y climatización,4° medio,Puesta en marcha de equipos de refrigeración y climatización,51.3,61,10.09,5,50.45,51.3,100.0,-0.0
Refrigeración y climatización,4° medio,Puesta en marcha de equipos de refrigeración y climatización,51.3,61,10.09,6,60.54,61.56,120.0,-10.26
Refrigeración y climatización,4° medio,Diagnóstico en sistemas de refrigeración y climatización,42.75,61,8.41,3,25.23,25.65,60.0,17.1
Refrigeración y climatización,4° medio,Diagnóstico en sistemas de refrigeración y climatización,42.75,61,8.41,4,33.64,34.2,80.0,8.55
Refrigeración y climatización,4° medio,Diagnóstico en sistemas de refrigeración y climatización,42.75,61,8.41,5,42.05,42.75,100.0,0.0
Refrigeración y climatización,4° medio,Diagnóstico en sistemas de refrigeración y climatización,42.75,61,8.41,6,50.46,51.3,120.0,-8.55
Refrigeración y climatización,4° medio,Mantención de sistemas de refrigeración y climatización,42.75,55,9.33,3,27.99,25.65,60.0,17.1
Refrigeración y climatización,4° medio,Mantención de sistemas de refrigeración y climatización,42.75,55,9.33,4,37.32,34.2,80.0,8.55
Refrigeración y climatización,4° medio,Mantención de sistemas de refrigeración y climatización,42.75,55,9.33,5,46.65,42.75,100.0,0.0
Refrigeración y climatización,4° medio,Mantención de sistemas de refrigeración y climatización,42.75,55,9.33,6,55.98,51.3,120.0,-8.55
Refrigeración y climatización,4° medio,Reciclaje y almacenamiento de refrigerantes,34.2,61,6.73,3,20.19,20.52,60.0,13.68
Refrigeración y climatización,4° medio,Reciclaje y almacenamiento de refrigerantes,34.2,61,6.73,4,26.92,27.36,80.0,6.84
Refrigeración y climatización,4° medio,Reciclaje y almacenamiento de refrigerantes,34.2,61,6.73,5,33.65,34.2,100.0,0.0
Refrigeración y climatización,4° medio,Reciclaje y almacenamiento de refrigerantes,34.2,61,6.73,6,40.38,41.04,120.0,-6.84
Refrigeración y climatización,4° medio,Emprendimiento y empleabilidad,17.1,67,3.06,3,9.18,10.26,60.0,6.84
Refrigeración y climatización,4° medio,Emprendimiento y empleabilidad,17.1,67,3.06,4,12.24,13.68,80.0,3.42
Refrigeración y climatización,4° medio,Emprendimiento y empleabilidad,17.1,67,3.06,5,15.3,17.1,100.0,0.0
Refrigeración y climatización,4° medio,Emprendimiento y empleabilidad,17.1,67,3.06,6,18.36,20.52,120.0,-3.42
Electricidad,3° medio,Instalación de motores eléctricos y equipos de calefacción,34.2,55,7.46,3,22.38,20.52,60.0,13.68
Electricidad,3° medio,Instalación de motores eléctricos y equipos de calefacción,34.2,55,7.46,4,29.84,27.36,80.0,6.84
Electricidad,3° medio,Instalación de motores eléctricos y equipos de calefacción,34.2,55,7.46,5,37.3,34.2,100.0,0.0
Electricidad,3° medio,Instalación de motores eléctricos y equipos de calefacción,34.2,55,7.46,6,44.76,41.04,120.0,-6.84
Electricidad,3° medio,Instalaciones eléctricas domiciliarias,51.3,61,10.09,3,30.27,30.78,60.0,20.52
Electricidad,3° medio,Instalaciones eléctricas domiciliarias,51.3,61,10.09,4,40.36,41.04,80.0,10.26
Electricidad,3° medio,Instalaciones eléctricas domiciliarias,51.3,61,10.09,5,50.45,51.3,100.0,-0.0
Electricidad,3° medio,Instalaciones eléctricas domiciliarias,51.3,61,10.09,6,60.54,61.56,120.0,-10.26
Electricidad,3° medio,Elaboración de proyectos eléctricos,51.3,61,10.09,3,30.27,30.78,60.0,20.52
Electricidad,3° medio,Elaboración de proyectos eléctricos,51.3,61,10.09,4,40.36,41.04,80.0,10.26
Electricidad,3° medio,Elaboración de proyectos eléctricos,51.3,61,10.09,5,50.45,51.3,100.0,-0.0
Electricidad,3° medio,Elaboración de proyectos eléctricos,51.3,61,10.09,6,60.54,61.56,120.0,-10.26
Electricidad,3° medio,"Mantenimiento de máquinas, equipos y sistemas eléctricos",51.3,55,11.19,3,33.57,30.78,60.0,20.52
Electricidad,3° medio,"Mantenimiento de máquinas, equipos y sistemas eléctricos",51.3,55,11.19,4,44.76,41.04,80.0,10.26
Electricidad,3° medio,"Mantenimiento de máquinas, equipos y sistemas eléctricos",51.3,55,11.19,5,55.95,51.3,100.0,-0.0
Electricidad,3° medio,"Mantenimiento de máquinas, equipos y sistemas eléctricos",51.3,55,11.19,6,67.14,61.56,120.0,-10.26
Electricidad,4° medio,Instalación de sistemas de control eléctrico industrial,51.3,67,9.19,3,27.57,30.78,60.0,20.52
Electricidad,4° medio,Instalación de sistemas de control eléctrico industrial,51.3,67,9.19,4,36.76,41.04,80.0,10.26
Electricidad,4° medio,Instalación de sistemas de control eléctrico industrial,51.3,67,9.19,5,45.95,51.3,100.0,-0.0
Electricidad,4° medio,Instalación de sistemas de control eléctrico industrial,51.3,67,9.19,6,55.14,61.56,120.0,-10.26
Electricidad,4° medio,Instalaciones eléctricas industriales,51.3,61,10.09,3,30.27,30.78,60.0,20.52
Electricidad,4° medio,Instalaciones eléctricas industriales,51.3,61,10.09,4,40.36,41.04,80.0,10.26
Electricidad,4° medio,Instalaciones eléctricas industriales,51.3,61,10.09,5,50.45,51.3,100.0,-0.0
Electricidad,4° medio,Instalaciones eléctricas industriales,51.3,61,10.09,6,60.54,61.56,120.0,-10.26
Electricidad,4° medio,Instalación de equipos electrónicos de potencia,34.2,55,7.46,3,22.38,20.52,60.0,13.68
Electricidad,4° medio,Instalación de equipos electrónicos de potencia,34.2,55,7.46,4,29.84,27.36,80.0,6.84
Electricidad,4° medio,Instalación de equipos electrónicos de potencia,34.2,55,7.46,5,37.3,34.2,100.0,0.0
Electricidad,4° medio,Instalación de equipos electrónicos de potencia,34.2,55,7.46,6,44.76,41.04,120.0,-6.84
Electricidad,4° medio,Automatización de sistemas eléctricos industriales,34.2,55,7.46,3,22.38,20.52,60.0,13.68
Electricidad,4° medio,Automatización de sistemas eléctricos industriales,34.2,55,7.46,4,29.84,27.36,80.0,6.84
Electricidad,4° medio,Automatización de sistemas eléctricos industriales,34.2,55,7.46,5,37.3,34.2,100.0,0.0
Electricidad,4° medio,Automatización de sistemas eléctricos industriales,34.2,55,7.46,6,44.76,41.04,120.0,-6.84
Electricidad,4° medio,Emprendimiento y empleabilidad,17.1,67,3.06,3,9.18,10.26,60.0,6.84
Electricidad,4° medio,Emprendimiento y empleabilidad,17.1,67,3.06,4,12.24,13.68,80.0,3.42
Electricidad,4° medio,Emprendimiento y empleabilidad,17.1,67,3.06,5,15.3,17.1,100.0,0.0
Electricidad,4° medio,Emprendimiento y empleabilidad,17.1,67,3.06,6,18.36,20.52,120.0,-3.42
"Atención de Enfermería, mención Adulto Mayor",3° medio,Aplicación de cuidados básicos,51.3,61,10.09,3,30.27,30.78,60.0,20.52
"Atención de Enfermería, mención Adulto Mayor",3° medio,Aplicación de cuidados básicos,51.3,61,10.09,4,40.36,41.04,80.0,10.26
"Atención de Enfermería, mención Adulto Mayor",3° medio,Aplicación de cuidados básicos,51.3,61,10.09,5,50.45,51.3,100.0,-0.0
"Atención de Enfermería, mención Adulto Mayor",3° medio,Aplicación de cuidados básicos,51.3,61,10.09,6,60.54,61.56,120.0,-10.26
"Atención de Enfermería, mención Adulto Mayor",3° medio,Medición y control de parámetros básicos en salud,34.2,61,6.73,3,20.19,20.52,60.0,13.68
"Atención de Enfermería, mención Adulto Mayor",3° medio,Medición y control de parámetros básicos en salud,34.2,61,6.73,4,26.92,27.36,80.0,6.84
"Atención de Enfermería, mención Adulto Mayor",3° medio,Medición y control de parámetros básicos en salud,34.2,61,6.73,5,33.65,34.2,100.0,0.0
"Atención de Enfermería, mención Adulto Mayor",3° medio,Medición y control de parámetros básicos en salud,34.2,61,6.73,6,40.38,41.04,120.0,-6.84
"Atención de Enfermería, mención Adulto Mayor",3° medio,Promoción de la salud y prevención de la enfermedad,42.75,61,8.41,3,25.23,25.65,60.0,17.1
"Atención de Enfermería, mención Adulto Mayor",3° medio,Promoción de la salud y prevención de la enfermedad,42.75,61,8.41,4,33.64,34.2,80.0,8.55
"Atención de Enfermería, mención Adulto Mayor",3° medio,Promoción de la salud y prevención de la enfermedad,42.75,61,8.41,5,42.05,42.75,100.0,0.0
"Atención de Enfermería, mención Adulto Mayor",3° medio,Promoción de la salud y prevención de la enfermedad,42.75,61,8.41,6,50.46,51.3,120.0,-8.55
"Atención de Enfermería, mención Adulto Mayor",3° medio,Higiene y bioseguridad del ambiente,42.75,55,9.33,3,27.99,25.65,60.0,17.1
"Atención de Enfermería, mención Adulto Mayor",3° medio,Higiene y bioseguridad del ambiente,42.75,55,9.33,4,37.32,34.2,80.0,8.55
"Atención de Enfermería, mención Adulto Mayor",3° medio,Higiene y bioseguridad del ambiente,42.75,55,9.33,5,46.65,42.75,100.0,0.0
"Atención de Enfermería, mención Adulto Mayor",3° medio,Higiene y bioseguridad del ambiente,42.75,55,9.33,6,55.98,51.3,120.0,-8.55
"Atención de Enfermería, mención Adulto Mayor",4° medio,Sistemas de registro e información en salud,17.1,61,3.36,3,10.08,10.26,60.0,6.84
"Atención de Enfermería, mención Adulto Mayor",4° medio,Sistemas de registro e información en salud,17.1,61,3.36,4,13.44,13.68,80.0,3.42
"Atención de Enfermería, mención Adulto Mayor",4° medio,Sistemas de registro e información en salud,17.1,61,3.36,5,16.8,17.1,100.0,0.0
"Atención de Enfermería, mención Adulto Mayor",4° medio,Sistemas de registro e información en salud,17.1,61,3.36,6,20.16,20.52,120.0,-3.42
"Atención de Enfermería, mención Adulto Mayor",4° medio,Prevención y control de infecciones intrahospitalarias,51.3,61,10.09,3,30.27,30.78,60.0,20.52
"Atención de Enfermería, mención Adulto Mayor",4° medio,Prevención y control de infecciones intrahospitalarias,51.3,61,10.09,4,40.36,41.04,80.0,10.26
"Atención de Enfermería, mención Adulto Mayor",4° medio,Prevención y control de infecciones intrahospitalarias,51.3,61,10.09,5,50.45,51.3,100.0,-0.0
"Atención de Enfermería, mención Adulto Mayor",4° medio,Prevención y control de infecciones intrahospitalarias,51.3,61,10.09,6,60.54,61.56,120.0,-10.26
"Atención de Enfermería, mención Adulto Mayor",4° medio,Necesidades psicosociales del adulto mayor,17.1,55,3.73,3,11.19,10.26,60.0,6.84
"Atención de Enfermería, mención Adulto Mayor",4° medio,Necesidades psicosociales del adulto mayor,17.1,55,3.73,4,14.92,13.68,80.0,3.42
"Atención de Enfermería, mención Adulto Mayor",4° medio,Necesidades psicosociales del adulto mayor,17.1,55,3.73,5,18.65,17.1,100.0,0.0
"Atención de Enfermería, mención Adulto Mayor",4° medio,Necesidades psicosociales del adulto mayor,17.1,55,3.73,6,22.38,20.52,120.0,-3.42
"Atención de Enfermería, mención Adulto Mayor",4° medio,Orientación familiar para el cuidado del adulto mayor,17.1,55,3.73,3,11.19,10.26,60.0,6.84
"Atención de Enfermería, mención Adulto Mayor",4° medio,Orientación familiar para el cuidado del adulto mayor,17.1,55,3.73,4,14.92,13.68,80.0,3.42
"Atención de Enfermería, mención Adulto Mayor",4° medio,Orientación familiar para el cuidado del adulto mayor,17.1,55,3.73,5,18.65,17.1,100.0,0.0
"Atención de Enfermería, mención Adulto Mayor",4° medio,Orientación familiar para el cuidado del adulto mayor,17.1,55,3.73,6,22.38,20.52,120.0,-3.42
"Atención de Enfermería, mención Adulto Mayor",4° medio,Alimentación y nutrición del adulto mayor,25.65,67,4.59,3,13.77,15.39,60.0,10.26
"Atención de Enfermería, mención Adulto Mayor",4° medio,Alimentación y nutrición del adulto mayor,25.65,67,4.59,4,18.36,20.52,80.0,5.13
"Atención de Enfermería, mención Adulto Mayor",4° medio,Alimentación y nutrición del adulto mayor,25.65,67,4.59,5,22.95,25.65,100.0,-0.0
"Atención de Enfermería, mención Adulto Mayor",4° medio,Alimentación y nutrición del adulto mayor,25.65,67,4.59,6,27.54,30.78,120.0,-5.13
"Atención de Enfermería, mención Adulto Mayor",4° medio,Atención de primeros auxilios del adulto mayor,17.1,55,3.73,3,11.19,10.26,60.0,6.84
"Atención de Enfermería, mención Adulto Mayor",4° medio,Atención de primeros auxilios del adulto mayor,17.1,55,3.73,4,14.92,13.68,80.0,3.42
"Atención de Enfermería, mención Adulto Mayor",4° medio,Atención de primeros auxilios del adulto mayor,17.1,55,3.73,5,18.65,17.1,100.0,0.0
"Atención de Enfermería, mención Adulto Mayor",4° medio,Atención de primeros auxilios del adulto mayor,17.1,55,3.73,6,22.38,20.52,120.0,-3.42
"Atención de Enfermería, mención Adulto Mayor",4° medio,Administración de medicamentos,25.65,55,5.6,3,16.8,15.39,60.0,10.26
"Atención de Enfermería, mención Adulto Mayor",4° medio,Administración de medicamentos,25.65,55,5.6,4,22.4,20.52,80.0,5.13
"Atención de Enfermería, mención Adulto Mayor",4° medio,Administración de medicamentos,25.65,55,5.6,5,28.0,25.65,100.0,-0.0
"Atención de Enfermería, mención Adulto Mayor",4° medio,Administración de medicamentos,25.65,55,5.6,6,33.6,30.78,120.0,-5.13
"Atención de Enfermería, mención Adulto Mayor",4° medio,Higiene y confort del adulto mayor,17.1,55,3.73,3,11.19,10.26,60.0,6.84
"Atención de Enfermería, mención Adulto Mayor",4° medio,Higiene y confort del adulto mayor,17.1,55,3.73,4,14.92,13.68,80.0,3.42
"Atención de Enfermería, mención Adulto Mayor",4° medio,Higiene y confort del adulto mayor,17.1,55,3.73,5,18.65,17.1,100.0,0.0
"Atención de Enfermería, mención Adulto Mayor",4° medio,Higiene y confort del adulto mayor,17.1,55,3.73,6,22.38,20.52,120.0,-3.42
"Atención de Enfermería, mención Adulto Mayor",4° medio,Emprendimiento y empleabilidad,17.1,67,3.06,3,9.18,10.26,60.0,6.84
"Atención de Enfermería, mención Adulto Mayor",4° medio,Emprendimiento y empleabilidad,17.1,67,3.06,4,12.24,13.68,80.0,3.42
"Atención de Enfermería, mención Adulto Mayor",4° medio,Emprendimiento y empleabilidad,17.1,67,3.06,5,15.3,17.1,100.0,0.0
"Atención de Enfermería, mención Adulto Mayor",4° medio,Emprendimiento y empleabilidad,17.1,67,3.06,6,18.36,20.52,120.0,-3.42
"Atención de Enfermería, mención Enfermería",3° medio,Aplicación de cuidados básicos,51.3,61,10.09,3,30.27,30.78,60.0,20.52
"Atención de Enfermería, mención Enfermería",3° medio,Aplicación de cuidados básicos,51.3,61,10.09,4,40.36,41.04,80.0,10.26
"Atención de Enfermería, mención Enfermería",3° medio,Aplicación de cuidados básicos,51.3,61,10.09,5,50.45,51.3,100.0,-0.0
"Atención de Enfermería, mención Enfermería",3° medio,Aplicación de cuidados básicos,51.3,61,10.09,6,60.54,61.56,120.0,-10.26
"Atención de Enfermería, mención Enfermería",3° medio,Medición y control de parámetros básicos en salud,34.2,61,6.73,3,20.19,20.52,60.0,13.68
"Atención de Enfermería, mención Enfermería",3° medio,Medición y control de parámetros básicos en salud,34.2,61,6.73,4,26.92,27.36,80.0,6.84
"Atención de Enfermería, mención Enfermería",3° medio,Medición y control de parámetros básicos en salud,34.2,61,6.73,5,33.65,34.2,100.0,0.0
"Atención de Enfermería, mención Enfermería",3° medio,Medición y control de parámetros básicos en salud,34.2,61,6.73,6,40.38,41.04,120.0,-6.84
"Atención de Enfermería, mención Enfermería",3° medio,Promoción de la salud y prevención de la enfermedad,42.75,61,8.41,3,25.23,25.65,60.0,17.1
"Atención de Enfermería, mención Enfermería",3° medio,Promoción de la salud y prevención de la enfermedad,42.75,61,8.41,4,33.64,34.2,80.0,8.55
"Atención de Enfermería, mención Enfermería",3° medio,Promoción de la salud y prevención de la enfermedad,42.75,61,8.41,5,42.05,42.75,100.0,0.0
"Atención de Enfermería, mención Enfermería",3° medio,Promoción de la salud y prevención de la enfermedad,42.75,61,8.41,6,50.46,51.3,120.0,-8.55
"Atención de Enfermería, mención Enfermería",3° medio,Higiene y bioseguridad del ambiente,42.75,55,9.33,3,27.99,25.65,60.0,17.1
"Atención de Enfermería, mención Enfermería",3° medio,Higiene y bioseguridad del ambiente,42.75,55,9.33,4,37.32,34.2,80.0,8.55
"Atención de Enfermería, mención Enfermería",3° medio,Higiene y bioseguridad del ambiente,42.75,55,9.33,5,46.65,42.75,100.0,0.0
"Atención de Enfermería, mención Enfermería",3° medio,Higiene y bioseguridad del ambiente,42.75,55,9.33,6,55.98,51.3,120.0,-8.55
"Atención de Enfermería, mención Enfermería",4° medio,Sistemas de registro e información en salud,17.1,61,3.36,3,10.08,10.26,60.0,6.84
"Atención de Enfermería, mención Enfermería",4° medio,Sistemas de registro e información en salud,17.1,61,3.36,4,13.44,13.68,80.0,3.42
"Atención de Enfermería, mención Enfermería",4° medio,Sistemas de registro e información en salud,17.1,61,3.36,5,16.8,17.1,100.0,0.0
"Atención de Enfermería, mención Enfermería",4° medio,Sistemas de registro e información en salud,17.1,61,3.36,6,20.16,20.52,120.0,-3.42
"Atención de Enfermería, mención Enfermería",4° medio,Prevención y control de infecciones intrahospitalarias,51.3,61,10.09,3,30.27,30.78,60.0,20.52
"Atención de Enfermería, mención Enfermería",4° medio,Prevención y control de infecciones intrahospitalarias,51.3,61,10.09,4,40.36,41.04,80.0,10.26
"Atención de Enfermería, mención Enfermería",4° medio,Prevención y control de infecciones intrahospitalarias,51.3,61,10.09,5,50.45,51.3,100.0,-0.0
"Atención de Enfermería, mención Enfermería",4° medio,Prevención y control de infecciones intrahospitalarias,51.3,61,10.09,6,60.54,61.56,120.0,-10.26
"Atención de Enfermería, mención Enfermería",4° medio,Técnicas básicas de enfermería y del Programa Nacional de Inmunizaciones,51.3,67,9.19,3,27.57,30.78,60.0,20.52
"Atención de Enfermería, mención Enfermería",4° medio,Técnicas básicas de enfermería y del Programa Nacional de Inmunizaciones,51.3,67,9.19,4,36.76,41.04,80.0,10.26
"Atención de Enfermería, mención Enfermería",4° medio,Técnicas básicas de enfermería y del Programa Nacional de Inmunizaciones,51.3,67,9.19,5,45.95,51.3,100.0,-0.0
"Atención de Enfermería, mención Enfermería",4° medio,Técnicas básicas de enfermería y del Programa Nacional de Inmunizaciones,51.3,67,9.19,6,55.14,61.56,120.0,-10.26
"Atención de Enfermería, mención Enfermería",4° medio,Atención en servicios de urgencia y primeros auxilios,51.3,61,10.09,3,30.27,30.78,60.0,20.52
"Atención de Enfermería, mención Enfermería",4° medio,Atención en servicios de urgencia y primeros auxilios,51.3,61,10.09,4,40.36,41.04,80.0,10.26
"Atención de Enfermería, mención Enfermería",4° medio,Atención en servicios de urgencia y primeros auxilios,51.3,61,10.09,5,50.45,51.3,100.0,-0.0
"Atención de Enfermería, mención Enfermería",4° medio,Atención en servicios de urgencia y primeros auxilios,51.3,61,10.09,6,60.54,61.56,120.0,-10.26
"Atención de Enfermería, mención Enfermería",4° medio,Preparación del entorno clínico,17.1,55,3.73,3,11.19,10.26,60.0,6.84
"Atención de Enfermería, mención Enfermería",4° medio,Preparación del entorno clínico,17.1,55,3.73,4,14.92,13.68,80.0,3.42
"Atención de Enfermería, mención Enfermería",4° medio,Preparación del entorno clínico,17.1,55,3.73,5,18.65,17.1,100.0,0.0
"Atención de Enfermería, mención Enfermería",4° medio,Preparación del entorno clínico,17.1,55,3.73,6,22.38,20.52,120.0,-3.42
"Atención de Enfermería, mención Enfermería",4° medio,Emprendimiento y empleabilidad,17.1,67,3.06,3,9.18,10.26,60.0,6.84
"Atención de Enfermería, mención Enfermería",4° medio,Emprendimiento y empleabilidad,17.1,67,3.06,4,12.24,13.68,80.0,3.42
"Atención de Enfermería, mención Enfermería",4° medio,Emprendimiento y empleabilidad,17.1,67,3.06,5,15.3,17.1,100.0,0.0
"Atención de Enfermería, mención Enfermería",4° medio,Emprendimiento y empleabilidad,17.1,67,3.06,6,18.36,20.52,120.0,-3.42
"Gastronomía, mención Cocina",3° medio,Higiene para la elaboración de alimentos,51.3,67,9.19,3,27.57,30.78,60.0,20.52
"Gastronomía, mención Cocina",3° medio,Higiene para la elaboración de alimentos,51.3,67,9.19,4,36.76,41.04,80.0,10.26
"Gastronomía, mención Cocina",3° medio,Higiene para la elaboración de alimentos,51.3,67,9.19,5,45.95,51.3,100.0,-0.0
"Gastronomía, mención Cocina",3° medio,Higiene para la elaboración de alimentos,51.3,67,9.19,6,55.14,61.56,120.0,-10.26
"Gastronomía, mención Cocina",3° medio,Elaboración de alimentos de baja complejidad,51.3,79,7.79,3,23.37,30.78,60.0,20.52
"Gastronomía, mención Cocina",3° medio,Elaboración de alimentos de baja complejidad,51.3,79,7.79,4,31.16,41.04,80.0,10.26
"Gastronomía, mención Cocina",3° medio,Elaboración de alimentos de baja complejidad,51.3,79,7.79,5,38.95,51.3,100.0,-0.0
"Gastronomía, mención Cocina",3° medio,Elaboración de alimentos de baja complejidad,51.3,79,7.79,6,46.74,61.56,120.0,-10.26
"Gastronomía, mención Cocina",3° medio,Recepción y almacenamiento de insumos,17.1,61,3.36,3,10.08,10.26,60.0,6.84
"Gastronomía, mención Cocina",3° medio,Recepción y almacenamiento de insumos,17.1,61,3.36,4,13.44,13.68,80.0,3.42
"Gastronomía, mención Cocina",3° medio,Recepción y almacenamiento de insumos,17.1,61,3.36,5,16.8,17.1,100.0,0.0
"Gastronomía, mención Cocina",3° medio,Recepción y almacenamiento de insumos,17.1,61,3.36,6,20.16,20.52,120.0,-3.42
"Gastronomía, mención Cocina",3° medio,Planificación de la producción gastronómica,17.1,61,3.36,3,10.08,10.26,60.0,6.84
"Gastronomía, mención Cocina",3° medio,Planificación de la producción gastronómica,17.1,61,3.36,4,13.44,13.68,80.0,3.42
"Gastronomía, mención Cocina",3° medio,Planificación de la producción gastronómica,17.1,61,3.36,5,16.8,17.1,100.0,0.0
"Gastronomía, mención Cocina",3° medio,Planificación de la producción gastronómica,17.1,61,3.36,6,20.16,20.52,120.0,-3.42
"Gastronomía, mención Cocina",4° medio,"Preparación, diseño y montaje de buffet",34.2,61,6.73,3,20.19,20.52,60.0,13.68
"Gastronomía, mención Cocina",4° medio,"Preparación, diseño y montaje de buffet",34.2,61,6.73,4,26.92,27.36,80.0,6.84
"Gastronomía, mención Cocina",4° medio,"Preparación, diseño y montaje de buffet",34.2,61,6.73,5,33.65,34.2,100.0,0.0
"Gastronomía, mención Cocina",4° medio,"Preparación, diseño y montaje de buffet",34.2,61,6.73,6,40.38,41.04,120.0,-6.84
"Gastronomía, mención Cocina",4° medio,"Servicio de comedores, bares y salones",17.1,55,3.73,3,11.19,10.26,60.0,6.84
"Gastronomía, mención Cocina",4° medio,"Servicio de comedores, bares y salones",17.1,55,3.73,4,14.92,13.68,80.0,3.42
"Gastronomía, mención Cocina",4° medio,"Servicio de comedores, bares y salones",17.1,55,3.73,5,18.65,17.1,100.0,0.0
"Gastronomía, mención Cocina",4° medio,"Servicio de comedores, bares y salones",17.1,55,3.73,6,22.38,20.52,120.0,-3.42
"Gastronomía, mención Cocina",4° medio,Cocina chilena,51.3,61,10.09,3,30.27,30.78,60.0,20.52
"Gastronomía, mención Cocina",4° medio,Cocina chilena,51.3,61,10.09,4,40.36,41.04,80.0,10.26
"Gastronomía, mención Cocina",4° medio,Cocina chilena,51.3,61,10.09,5,50.45,51.3,100.0,-0.0
"Gastronomía, mención Cocina",4° medio,Cocina chilena,51.3,61,10.09,6,60.54,61.56,120.0,-10.26
"Gastronomía, mención Cocina",4° medio,Innovación y cocina internacional,51.3,67,9.19,3,27.57,30.78,60.0,20.52
"Gastronomía, mención Cocina",4° medio,Innovación y cocina internacional,51.3,67,9.19,4,36.76,41.04,80.0,10.26
"Gastronomía, mención Cocina",4° medio,Innovación y cocina internacional,51.3,67,9.19,5,45.95,51.3,100.0,-0.0
"Gastronomía, mención Cocina",4° medio,Innovación y cocina internacional,51.3,67,9.19,6,55.14,61.56,120.0,-10.26
"Gastronomía, mención Cocina",4° medio,Elaboración de bebidas alcohólicas y analcohólicas,34.2,55,7.46,3,22.38,20.52,60.0,13.68
"Gastronomía, mención Cocina",4° medio,Elaboración de bebidas alcohólicas y analcohólicas,34.2,55,7.46,4,29.84,27.36,80.0,6.84
"Gastronomía, mención Cocina",4° medio,Elaboración de bebidas alcohólicas y analcohólicas,34.2,55,7.46,5,37.3,34.2,100.0,0.0
"Gastronomía, mención Cocina",4° medio,Elaboración de bebidas alcohólicas y analcohólicas,34.2,55,7.46,6,44.76,41.04,120.0,-6.84
"Gastronomía, mención Cocina",4° medio,Elaboración de menús y carta,34.2,55,7.46,3,22.38,20.52,60.0,13.68
"Gastronomía, mención Cocina",4° medio,Elaboración de menús y carta,34.2,55,7.46,4,29.84,27.36,80.0,6.84
"Gastronomía, mención Cocina",4° medio,Elaboración de menús y carta,34.2,55,7.46,5,37.3,34.2,100.0,0.0
"Gastronomía, mención Cocina",4° medio,Elaboración de menús y carta,34.2,55,7.46,6,44.76,41.04,120.0,-6.84
"Gastronomía, mención Cocina",4° medio,Emprendimiento y empleabilidad,17.1,67,3.06,3,9.18,10.26,60.0,6.84
"Gastronomía, mención Cocina",4° medio,Emprendimiento y empleabilidad,17.1,67,3.06,4,12.24,13.68,80.0,3.42
"Gastronomía, mención Cocina",4° medio,Emprendimiento y empleabilidad,17.1,67,3.06,5,15.3,17.1,100.0,0.0
"Gastronomía, mención Cocina",4° medio,Emprendimiento y empleabilidad,17.1,67,3.06,6,18.36,20.52,120.0,-3.42
"Gastronomía, mención Pastelería y Repostería",3° medio,Higiene para la elaboración de alimentos,51.3,67,9.19,3,27.57,30.78,60.0,20.52
"Gastronomía, mención Pastelería y Repostería",3° medio,Higiene para la elaboración de alimentos,51.3,67,9.19,4,36.76,41.04,80.0,10.26
"Gastronomía, mención Pastelería y Repostería",3° medio,Higiene para la elaboración de alimentos,51.3,67,9.19,5,45.95,51.3,100.0,-0.0
"Gastronomía, mención Pastelería y Repostería",3° medio,Higiene para la elaboración de alimentos,51.3,67,9.19,6,55.14,61.56,120.0,-10.26
"Gastronomía, mención Pastelería y Repostería",3° medio,Elaboración de alimentos de baja complejidad,51.3,79,7.79,3,23.37,30.78,60.0,20.52
"Gastronomía, mención Pastelería y Repostería",3° medio,Elaboración de alimentos de baja complejidad,51.3,79,7.79,4,31.16,41.04,80.0,10.26
"Gastronomía, mención Pastelería y Repostería",3° medio,Elaboración de alimentos de baja complejidad,51.3,79,7.79,5,38.95,51.3,100.0,-0.0
"Gastronomía, mención Pastelería y Repostería",3° medio,Elaboración de alimentos de baja complejidad,51.3,79,7.79,6,46.74,61.56,120.0,-10.26
"Gastronomía, mención Pastelería y Repostería",3° medio,Recepción y almacenamiento de insumos,17.1,61,3.36,3,10.08,10.26,60.0,6.84
"Gastronomía, mención Pastelería y Repostería",3° medio,Recepción y almacenamiento de insumos,17.1,61,3.36,4,13.44,13.68,80.0,3.42
"Gastronomía, mención Pastelería y Repostería",3° medio,Recepción y almacenamiento de insumos,17.1,61,3.36,5,16.8,17.1,100.0,0.0
"Gastronomía, mención Pastelería y Repostería",3° medio,Recepción y almacenamiento de insumos,17.1,61,3.36,6,20.16,20.52,120.0,-3.42
"Gastronomía, mención Pastelería y Repostería",3° medio,Planificación de la producción gastronómica,17.1,61,3.36,3,10.08,10.26,60.0,6.84
"Gastronomía, mención Pastelería y Repostería",3° medio,Planificación de la producción gastronómica,17.1,61,3.36,4,13.44,13.68,80.0,3.42
"Gastronomía, mención Pastelería y Repostería",3° medio,Planificación de la producción gastronómica,17.1,61,3.36,5,16.8,17.1,100.0,0.0
"Gastronomía, mención Pastelería y Repostería",3° medio,Planificación de la producción gastronómica,17.1,61,3.36,6,20.16,20.52,120.0,-3.42
"Gastronomía, mención Pastelería y Repostería",4° medio,"Preparación, diseño y montaje de buffet",34.2,61,6.73,3,20.19,20.52,60.0,13.68
"Gastronomía, mención Pastelería y Repostería",4° medio,"Preparación, diseño y montaje de buffet",34.2,61,6.73,4,26.92,27.36,80.0,6.84
"Gastronomía, mención Pastelería y Repostería",4° medio,"Preparación, diseño y montaje de buffet",34.2,61,6.73,5,33.65,34.2,100.0,0.0
"Gastronomía, mención Pastelería y Repostería",4° medio,"Preparación, diseño y montaje de buffet",34.2,61,6.73,6,40.38,41.04,120.0,-6.84
"Gastronomía, mención Pastelería y Repostería",4° medio,"Servicio de comedores, bares y salones",17.1,55,3.73,3,11.19,10.26,60.0,6.84
"Gastronomía, mención Pastelería y Repostería",4° medio,"Servicio de comedores, bares y salones",17.1,55,3.73,4,14.92,13.68,80.0,3.42
"Gastronomía, mención Pastelería y Repostería",4° medio,"Servicio de comedores, bares y salones",17.1,55,3.73,5,18.65,17.1,100.0,0.0
"Gastronomía, mención Pastelería y Repostería",4° medio,"Servicio de comedores, bares y salones",17.1,55,3.73,6,22.38,20.52,120.0,-3.42
"Gastronomía, mención Pastelería y Repostería",4° medio,Elaboración de masas y pastas,51.3,55,11.19,3,33.57,30.78,60.0,20.52
"Gastronomía, mención Pastelería y Repostería",4° medio,Elaboración de masas y pastas,51.3,55,11.19,4,44.76,41.04,80.0,10.26
"Gastronomía, mención Pastelería y Repostería",4° medio,Elaboración de masas y pastas,51.3,55,11.19,5,55.95,51.3,100.0,-0.0
"Gastronomía, mención Pastelería y Repostería",4° medio,Elaboración de masas y pastas,51.3,55,11.19,6,67.14,61.56,120.0,-10.26
"Gastronomía, mención Pastelería y Repostería",4° medio,Elaboración de productos de repostería,25.65,55,5.6,3,16.8,15.39,60.0,10.26
"Gastronomía, mención Pastelería y Repostería",4° medio,Elaboración de productos de repostería,25.65,55,5.6,4,22.4,20.52,80.0,5.13
"Gastronomía, mención Pastelería y Repostería",4° medio,Elaboración de productos de repostería,25.65,55,5.6,5,28.0,25.65,100.0,-0.0
"Gastronomía, mención Pastelería y Repostería",4° medio,Elaboración de productos de repostería,25.65,55,5.6,6,33.6,30.78,120.0,-5.13
"Gastronomía, mención Pastelería y Repostería",4° medio,Elaboración de productos de pastelería,51.3,67,9.19,3,27.57,30.78,60.0,20.52
"Gastronomía, mención Pastelería y Repostería",4° medio,Elaboración de productos de pastelería,51.3,67,9.19,4,36.76,41.04,80.0,10.26
"Gastronomía, mención Pastelería y Repostería",4° medio,Elaboración de productos de pastelería,51.3,67,9.19,5,45.95,51.3,100.0,-0.0
"Gastronomía, mención Pastelería y Repostería",4° medio,Elaboración de productos de pastelería,51.3,67,9.19,6,55.14,61.56,120.0,-10.26
"Gastronomía, mención Pastelería y Repostería",4° medio,Innovación en la pastelería y repostería,42.75,55,9.33,3,27.99,25.65,60.0,17.1
"Gastronomía, mención Pastelería y Repostería",4° medio,Innovación en la pastelería y repostería,42.75,55,9.33,4,37.32,34.2,80.0,8.55
"Gastronomía, mención Pastelería y Repostería",4° medio,Innovación en la pastelería y repostería,42.75,55,9.33,5,46.65,42.75,100.0,0.0
"Gastronomía, mención Pastelería y Repostería",4° medio,Innovación en la pastelería y repostería,42.75,55,9.33,6,55.98,51.3,120.0,-8.55
"Gastronomía, mención Pastelería y Repostería",4° medio,Emprendimiento y empleabilidad,17.1,67,3.06,3,9.18,10.26,60.0,6.84
"Gastronomía, mención Pastelería y Repostería",4° medio,Emprendimiento y empleabilidad,17.1,67,3.06,4,12.24,13.68,80.0,3.42
"Gastronomía, mención Pastelería y Repostería",4° medio,Emprendimiento y empleabilidad,17.1,67,3.06,5,15.3,17.1,100.0,0.0
"Gastronomía, mención Pastelería y Repostería",4° medio,Emprendimiento y empleabilidad,17.1,67,3.06,6,18.36,20.52,120.0,-3.42
Servicios de Hotelería,3° medio,Atención al cliente en servicios de hotelería,25.65,67,4.59,3,13.77,15.39,60.0,10.26
Servicios de Hotelería,3° medio,Atención al cliente en servicios de hotelería,25.65,67,4.59,4,18.36,20.52,80.0,5.13
Servicios de Hotelería,3° medio,Atención al cliente en servicios de hotelería,25.65,67,4.59,5,22.95,25.65,100.0,-0.0
Servicios de Hotelería,3° medio,Atención al cliente en servicios de hotelería,25.65,67,4.59,6,27.54,30.78,120.0,-5.13
Servicios de Hotelería,3° medio,Servicio de habitaciones,51.3,67,9.19,3,27.57,30.78,60.0,20.52
Servicios de Hotelería,3° medio,Servicio de habitaciones,51.3,67,9.19,4,36.76,41.04,80.0,10.26
Servicios de Hotelería,3° medio,Servicio de habitaciones,51.3,67,9.19,5,45.95,51.3,100.0,-0.0
Servicios de Hotelería,3° medio,Servicio de habitaciones,51.3,67,9.19,6,55.14,61.56,120.0,-10.26
Servicios de Hotelería,3° medio,Actividades recreativas y de animación,17.1,55,3.73,3,11.19,10.26,60.0,6.84
Servicios de Hotelería,3° medio,Actividades recreativas y de animación,17.1,55,3.73,4,14.92,13.68,80.0,3.42
Servicios de Hotelería,3° medio,Actividades recreativas y de animación,17.1,55,3.73,5,18.65,17.1,100.0,0.0
Servicios de Hotelería,3° medio,Actividades recreativas y de animación,17.1,55,3.73,6,22.38,20.52,120.0,-3.42
Servicios de Hotelería,3° medio,Servicio de eventos,42.75,55,9.33,3,27.99,25.65,60.0,17.1
Servicios de Hotelería,3° medio,Servicio de eventos,42.75,55,9.33,4,37.32,34.2,80.0,8.55
Servicios de Hotelería,3° medio,Servicio de eventos,42.75,55,9.33,5,46.65,42.75,100.0,0.0
Servicios de Hotelería,3° medio,Servicio de eventos,42.75,55,9.33,6,55.98,51.3,120.0,-8.55
Servicios de Hotelería,4° medio,Inglés técnico para la industria de la hospitalidad,51.3,61,10.09,3,30.27,30.78,60.0,20.52
Servicios de Hotelería,4° medio,Inglés técnico para la industria de la hospitalidad,51.3,61,10.09,4,40.36,41.04,80.0,10.26
Servicios de Hotelería,4° medio,Inglés técnico para la industria de la hospitalidad,51.3,61,10.09,5,50.45,51.3,100.0,-0.0
Servicios de Hotelería,4° medio,Inglés técnico para la industria de la hospitalidad,51.3,61,10.09,6,60.54,61.56,120.0,-10.26
Servicios de Hotelería,4° medio,Información turística,34.2,61,6.73,3,20.19,20.52,60.0,13.68
Servicios de Hotelería,4° medio,Información turística,34.2,61,6.73,4,26.92,27.36,80.0,6.84
Servicios de Hotelería,4° medio,Información turística,34.2,61,6.73,5,33.65,34.2,100.0,0.0
Servicios de Hotelería,4° medio,Información turística,34.2,61,6.73,6,40.38,41.04,120.0,-6.84
Servicios de Hotelería,4° medio,Servicio de recepción y reservas,51.3,67,9.19,3,27.57,30.78,60.0,20.52
Servicios de Hotelería,4° medio,Servicio de recepción y reservas,51.3,67,9.19,4,36.76,41.04,80.0,10.26
Servicios de Hotelería,4° medio,Servicio de recepción y reservas,51.3,67,9.19,5,45.95,51.3,100.0,-0.0
Servicios de Hotelería,4° medio,Servicio de recepción y reservas,51.3,67,9.19,6,55.14,61.56,120.0,-10.26
Servicios de Hotelería,4° medio,Servicio de coctelería y vinos,34.2,55,7.46,3,22.38,20.52,60.0,13.68
Servicios de Hotelería,4° medio,Servicio de coctelería y vinos,34.2,55,7.46,4,29.84,27.36,80.0,6.84
Servicios de Hotelería,4° medio,Servicio de coctelería y vinos,34.2,55,7.46,5,37.3,34.2,100.0,0.0
Servicios de Hotelería,4° medio,Servicio de coctelería y vinos,34.2,55,7.46,6,44.76,41.04,120.0,-6.84
Servicios de Hotelería,4° medio,Servicio de información bilingüe,51.3,61,10.09,3,30.27,30.78,60.0,20.52
Servicios de Hotelería,4° medio,Servicio de información bilingüe,51.3,61,10.09,4,40.36,41.04,80.0,10.26
Servicios de Hotelería,4° medio,Servicio de información bilingüe,51.3,61,10.09,5,50.45,51.3,100.0,-0.0
Servicios de Hotelería,4° medio,Servicio de información bilingüe,51.3,61,10.09,6,60.54,61.56,120.0,-10.26
Servicios de Hotelería,4° medio,Emprendimiento y empleabilidad,17.1,67,3.06,3,9.18,10.26,60.0,6.84
Servicios de Hotelería,4° medio,Emprendimiento y empleabilidad,17.1,67,3.06,4,12.24,13.68,80.0,3.42
Servicios de Hotelería,4° medio,Emprendimiento y empleabilidad,17.1,67,3.06,5,15.3,17.1,100.0,0.0
Servicios de Hotelería,4° medio,Emprendimiento y empleabilidad,17.1,67,3.06,6,18.36,20.52,120.0,-3.42
Contabilidad,3° medio,Contabilización de operaciones comerciales,51.3,61,10.09,3,30.27,30.78,60.0,20.52
Contabilidad,3° medio,Contabilización de operaciones comerciales,51.3,61,10.09,4,40.36,41.04,80.0,10.26
Contabilidad,3° medio,Contabilización de operaciones comerciales,51.3,61,10.09,5,50.45,51.3,100.0,-0.0
Contabilidad,3° medio,Contabilización de operaciones comerciales,51.3,61,10.09,6,60.54,61.56,120.0,-10.26
Contabilidad,3° medio,Cálculo y registro de remuneraciones,51.3,55,11.19,3,33.57,30.78,60.0,20.52
Contabilidad,3° medio,Cálculo y registro de remuneraciones,51.3,55,11.19,4,44.76,41.04,80.0,10.26
Contabilidad,3° medio,Cálculo y registro de remuneraciones,51.3,55,11.19,5,55.95,51.3,100.0,-0.0
Contabilidad,3° medio,Cálculo y registro de remuneraciones,51.3,55,11.19,6,67.14,61.56,120.0,-10.26
Contabilidad,3° medio,Control y procesamiento de información contable,51.3,67,9.19,3,27.57,30.78,60.0,20.52
Contabilidad,3° medio,Control y procesamiento de información contable,51.3,67,9.19,4,36.76,41.04,80.0,10.26
Contabilidad,3° medio,Control y procesamiento de información contable,51.3,67,9.19,5,45.95,51.3,100.0,-0.0
Contabilidad,3° medio,Control y procesamiento de información contable,51.3,67,9.19,6,55.14,61.56,120.0,-10.26
Contabilidad,3° medio,Organización y métodos de trabajo en la oficina,17.1,61,3.36,3,10.08,10.26,60.0,6.84
Contabilidad,3° medio,Organización y métodos de trabajo en la oficina,17.1,61,3.36,4,13.44,13.68,80.0,3.42
Contabilidad,3° medio,Organización y métodos de trabajo en la oficina,17.1,61,3.36,5,16.8,17.1,100.0,0.0
Contabilidad,3° medio,Organización y métodos de trabajo en la oficina,17.1,61,3.36,6,20.16,20.52,120.0,-3.42
Contabilidad,4° medio,Atención de clientes,17.1,55,3.73,3,11.19,10.26,60.0,6.84
Contabilidad,4° medio,Atención de clientes,17.1,55,3.73,4,14.92,13.68,80.0,3.42
Contabilidad,4° medio,Atención de clientes,17.1,55,3.73,5,18.65,17.1,100.0,0.0
Contabilidad,4° medio,Atención de clientes,17.1,55,3.73,6,22.38,20.52,120.0,-3.42
Contabilidad,4° medio,Elaboración de informes contables,34.2,55,7.46,3,22.38,20.52,60.0,13.68
Contabilidad,4° medio,Elaboración de informes contables,34.2,55,7.46,4,29.84,27.36,80.0,6.84
Contabilidad,4° medio,Elaboración de informes contables,34.2,55,7.46,5,37.3,34.2,100.0,0.0
Contabilidad,4° medio,Elaboración de informes contables,34.2,55,7.46,6,44.76,41.04,120.0,-6.84
Contabilidad,4° medio,Cálculo y registro de impuestos,51.3,61,10.09,3,30.27,30.78,60.0,20.52
Contabilidad,4° medio,Cálculo y registro de impuestos,51.3,61,10.09,4,40.36,41.04,80.0,10.26
Contabilidad,4° medio,Cálculo y registro de impuestos,51.3,61,10.09,5,50.45,51.3,100.0,-0.0
Contabilidad,4° medio,Cálculo y registro de impuestos,51.3,61,10.09,6,60.54,61.56,120.0,-10.26
Contabilidad,4° medio,Registro de operaciones de comercio nacional e internacional,34.2,61,6.73,3,20.19,20.52,60.0,13.68
Contabilidad,4° medio,Registro de operaciones de comercio nacional e internacional,34.2,61,6.73,4,26.92,27.36,80.0,6.84
Contabilidad,4° medio,Registro de operaciones de comercio nacional e internacional,34.2,61,6.73,5,33.65,34.2,100.0,0.0
Contabilidad,4° medio,Registro de operaciones de comercio nacional e internacional,34.2,61,6.73,6,40.38,41.04,120.0,-6.84
Contabilidad,4° medio,Procesamiento de información contable-financiera,51.3,73,8.43,3,25.29,30.78,60.0,20.52
Contabilidad,4° medio,Procesamiento de información contable-financiera,51.3,73,8.43,4,33.72,41.04,80.0,10.26
Contabilidad,4° medio,Procesamiento de información contable-financiera,51.3,73,8.43,5,42.15,51.3,100.0,-0.0
Contabilidad,4° medio,Procesamiento de información contable-financiera,51.3,73,8.43,6,50.58,61.56,120.0,-10.26
Contabilidad,4° medio,Emprendimiento y empleabilidad,17.1,67,3.06,3,9.18,10.26,60.0,6.84
Contabilidad,4° medio,Emprendimiento y empleabilidad,17.1,67,3.06,4,12.24,13.68,80.0,3.42
Contabilidad,4° medio,Emprendimiento y empleabilidad,17.1,67,3.06,5,15.3,17.1,100.0,0.0
Contabilidad,4° medio,Emprendimiento y empleabilidad,17.1,67,3.06,6,18.36,20.52,120.0,-3.42
Elaboración Industrial de Alimentos,3° medio,Recepción de materias primas,42.75,55,9.33,3,27.99,25.65,60.0,17.1
Elaboración Industrial de Alimentos,3° medio,Recepción de materias primas,42.75,55,9.33,4,37.32,34.2,80.0,8.55
Elaboración Industrial de Alimentos,3° medio,Recepción de materias primas,42.75,55,9.33,5,46.65,42.75,100.0,0.0
Elaboración Industrial de Alimentos,3° medio,Recepción de materias primas,42.75,55,9.33,6,55.98,51.3,120.0,-8.55
Elaboración Industrial de Alimentos,3° medio,Almacenaje y bodega de alimentos e insumos alimentarios,42.75,55,9.33,3,27.99,25.65,60.0,17.1
Elaboración Industrial de Alimentos,3° medio,Almacenaje y bodega de alimentos e insumos alimentarios,42.75,55,9.33,4,37.32,34.2,80.0,8.55
Elaboración Industrial de Alimentos,3° medio,Almacenaje y bodega de alimentos e insumos alimentarios,42.75,55,9.33,5,46.65,42.75,100.0,0.0
Elaboración Industrial de Alimentos,3° medio,Almacenaje y bodega de alimentos e insumos alimentarios,42.75,55,9.33,6,55.98,51.3,120.0,-8.55
Elaboración Industrial de Alimentos,3° medio,Elaboración de alimentos e higiene,51.3,67,9.19,3,27.57,30.78,60.0,20.52
Elaboración Industrial de Alimentos,3° medio,Elaboración de alimentos e higiene,51.3,67,9.19,4,36.76,41.04,80.0,10.26
Elaboración Industrial de Alimentos,3° medio,Elaboración de alimentos e higiene,51.3,67,9.19,5,45.95,51.3,100.0,-0.0
Elaboración Industrial de Alimentos,3° medio,Elaboración de alimentos e higiene,51.3,67,9.19,6,55.14,61.56,120.0,-10.26
Elaboración Industrial de Alimentos,3° medio,Aseguramiento de la calidad de procesos y alimentos,51.3,55,11.19,3,33.57,30.78,60.0,20.52
Elaboración Industrial de Alimentos,3° medio,Aseguramiento de la calidad de procesos y alimentos,51.3,55,11.19,4,44.76,41.04,80.0,10.26
Elaboración Industrial de Alimentos,3° medio,Aseguramiento de la calidad de procesos y alimentos,51.3,55,11.19,5,55.95,51.3,100.0,-0.0
Elaboración Industrial de Alimentos,3° medio,Aseguramiento de la calidad de procesos y alimentos,51.3,55,11.19,6,67.14,61.56,120.0,-10.26
Elaboración Industrial de Alimentos,4° medio,Tratamientos de conservación de alimentos,51.3,61,10.09,3,30.27,30.78,60.0,20.52
Elaboración Industrial de Alimentos,4° medio,Tratamientos de conservación de alimentos,51.3,61,10.09,4,40.36,41.04,80.0,10.26
Elaboración Industrial de Alimentos,4° medio,Tratamientos de conservación de alimentos,51.3,61,10.09,5,50.45,51.3,100.0,-0.0
Elaboración Industrial de Alimentos,4° medio,Tratamientos de conservación de alimentos,51.3,61,10.09,6,60.54,61.56,120.0,-10.26
Elaboración Industrial de Alimentos,4° medio,Control y registro de procesos de la industria de alimentos,51.3,55,11.19,3,33.57,30.78,60.0,20.52
Elaboración Industrial de Alimentos,4° medio,Control y registro de procesos de la industria de alimentos,51.3,55,11.19,4,44.76,41.04,80.0,10.26
Elaboración Industrial de Alimentos,4° medio,Control y registro de procesos de la industria de alimentos,51.3,55,11.19,5,55.95,51.3,100.0,-0.0
Elaboración Industrial de Alimentos,4° medio,Control y registro de procesos de la industria de alimentos,51.3,55,11.19,6,67.14,61.56,120.0,-10.26
Elaboración Industrial de Alimentos,4° medio,Manejo de desechos de la industria de alimentos,25.65,55,5.6,3,16.8,15.39,60.0,10.26
Elaboración Industrial de Alimentos,4° medio,Manejo de desechos de la industria de alimentos,25.65,55,5.6,4,22.4,20.52,80.0,5.13
Elaboración Industrial de Alimentos,4° medio,Manejo de desechos de la industria de alimentos,25.65,55,5.6,5,28.0,25.65,100.0,-0.0
Elaboración Industrial de Alimentos,4° medio,Manejo de desechos de la industria de alimentos,25.65,55,5.6,6,33.6,30.78,120.0,-5.13
Elaboración Industrial de Alimentos,4° medio,Envasado y rotulación de alimentos,42.75,61,8.41,3,25.23,25.65,60.0,17.1
Elaboración Industrial de Alimentos,4° medio,Envasado y rotulación de alimentos,42.75,61,8.41,4,33.64,34.2,80.0,8.55
Elaboración Industrial de Alimentos,4° medio,Envasado y rotulación de alimentos,42.75,61,8.41,5,42.05,42.75,100.0,0.0
Elaboración Industrial de Alimentos,4° medio,Envasado y rotulación de alimentos,42.75,61,8.41,6,50.46,51.3,120.0,-8.55
Elaboración Industrial de Alimentos,4° medio,Emprendimiento y empleabilidad,17.1,67,3.06,3,9.18,10.26,60.0,6.84
Elaboración Industrial de Alimentos,4° medio,Emprendimiento y empleabilidad,17.1,67,3.06,4,12.24,13.68,80.0,3.42
Elaboración Industrial de Alimentos,4° medio,Emprendimiento y empleabilidad,17.1,67,3.06,5,15.3,17.1,100.0,0.0
Elaboración Industrial de Alimentos,4° medio,Emprendimiento y empleabilidad,17.1,67,3.06,6,18.36,20.52,120.0,-3.42
Vestuario y Confección Textil,3° medio,Patronaje computacional,51.3,67,9.19,3,27.57,30.78,60.0,20.52
Vestuario y Confección Textil,3° medio,Patronaje computacional,51.3,67,9.19,4,36.76,41.04,80.0,10.26
Vestuario y Confección Textil,3° medio,Patronaje computacional,51.3,67,9.19,5,45.95,51.3,100.0,-0.0
Vestuario y Confección Textil,3° medio,Patronaje computacional,51.3,67,9.19,6,55.14,61.56,120.0,-10.26
Vestuario y Confección Textil,3° medio,Elaboración de fichas técnicas,25.65,67,4.59,3,13.77,15.39,60.0,10.26
Vestuario y Confección Textil,3° medio,Elaboración de fichas técnicas,25.65,67,4.59,4,18.36,20.52,80.0,5.13
Vestuario y Confección Textil,3° medio,Elaboración de fichas técnicas,25.65,67,4.59,5,22.95,25.65,100.0,-0.0
Vestuario y Confección Textil,3° medio,Elaboración de fichas técnicas,25.65,67,4.59,6,27.54,30.78,120.0,-5.13
Vestuario y Confección Textil,3° medio,Mantenimiento de máquinas,17.1,55,3.73,3,11.19,10.26,60.0,6.84
Vestuario y Confección Textil,3° medio,Mantenimiento de máquinas,17.1,55,3.73,4,14.92,13.68,80.0,3.42
Vestuario y Confección Textil,3° medio,Mantenimiento de máquinas,17.1,55,3.73,5,18.65,17.1,100.0,0.0
Vestuario y Confección Textil,3° medio,Mantenimiento de máquinas,17.1,55,3.73,6,22.38,20.52,120.0,-3.42
Vestuario y Confección Textil,3° medio,"Tendido, trazado y corte de telas",42.75,79,6.49,3,19.47,25.65,60.0,17.1
Vestuario y Confección Textil,3° medio,"Tendido, trazado y corte de telas",42.75,79,6.49,4,25.96,34.2,80.0,8.55
Vestuario y Confección Textil,3° medio,"Tendido, trazado y corte de telas",42.75,79,6.49,5,32.45,42.75,100.0,0.0
Vestuario y Confección Textil,3° medio,"Tendido, trazado y corte de telas",42.75,79,6.49,6,38.94,51.3,120.0,-8.55
Vestuario y Confección Textil,4° medio,Confección y terminaciones,51.3,73,8.43,3,25.29,30.78,60.0,20.52
Vestuario y Confección Textil,4° medio,Confección y terminaciones,51.3,73,8.43,4,33.72,41.04,80.0,10.26
Vestuario y Confección Textil,4° medio,Confección y terminaciones,51.3,73,8.43,5,42.15,51.3,100.0,-0.0
Vestuario y Confección Textil,4° medio,Confección y terminaciones,51.3,73,8.43,6,50.58,61.56,120.0,-10.26
Vestuario y Confección Textil,4° medio,Diseño computacional de artículos y vestuario,42.75,55,9.33,3,27.99,25.65,60.0,17.1
Vestuario y Confección Textil,4° medio,Diseño computacional de artículos y vestuario,42.75,55,9.33,4,37.32,34.2,80.0,8.55
Vestuario y Confección Textil,4° medio,Diseño computacional de artículos y vestuario,42.75,55,9.33,5,46.65,42.75,100.0,0.0
Vestuario y Confección Textil,4° medio,Diseño computacional de artículos y vestuario,42.75,55,9.33,6,55.98,51.3,120.0,-8.55
Vestuario y Confección Textil,4° medio,Patronaje y escalado industrial,51.3,67,9.19,3,27.57,30.78,60.0,20.52
Vestuario y Confección Textil,4° medio,Patronaje y escalado industrial,51.3,67,9.19,4,36.76,41.04,80.0,10.26
Vestuario y Confección Textil,4° medio,Patronaje y escalado industrial,51.3,67,9.19,5,45.95,51.3,100.0,-0.0
Vestuario y Confección Textil,4° medio,Patronaje y escalado industrial,51.3,67,9.19,6,55.14,61.56,120.0,-10.26
Vestuario y Confección Textil,4° medio,Procesos de confección industrial,51.3,67,9.19,3,27.57,30.78,60.0,20.52
Vestuario y Confección Textil,4° medio,Procesos de confección industrial,51.3,67,9.19,4,36.76,41.04,80.0,10.26
Vestuario y Confección Textil,4° medio,Procesos de confección industrial,51.3,67,9.19,5,45.95,51.3,100.0,-0.0
Vestuario y Confección Textil,4° medio,Procesos de confección industrial,51.3,67,9.19,6,55.14,61.56,120.0,-10.26
Vestuario y Confección Textil,4° medio,Control de calidad,25.65,55,5.6,3,16.8,15.39,60.0,10.26
Vestuario y Confección Textil,4° medio,Control de calidad,25.65,55,5.6,4,22.4,20.52,80.0,5.13
Vestuario y Confección Textil,4° medio,Control de calidad,25.65,55,5.6,5,28.0,25.65,100.0,-0.0
Vestuario y Confección Textil,4° medio,Control de calidad,25.65,55,5.6,6,33.6,30.78,120.0,-5.13
Vestuario y Confección Textil,4° medio,Emprendimiento y empleabilidad,17.1,67,3.06,3,9.18,10.26,60.0,6.84
Vestuario y Confección Textil,4° medio,Emprendimiento y empleabilidad,17.1,67,3.06,4,12.24,13.68,80.0,3.42
Vestuario y Confección Textil,4° medio,Emprendimiento y empleabilidad,17.1,67,3.06,5,15.3,17.1,100.0,0.0
Vestuario y Confección Textil,4° medio,Emprendimiento y empleabilidad,17.1,67,3.06,6,18.36,20.52,120.0,-3.42
Instalaciones Sanitarias,3° medio,Lectura de planos de instalaciones sanitarias,17.1,61,3.36,3,10.08,10.26,60.0,6.84
Instalaciones Sanitarias,3° medio,Lectura de planos de instalaciones sanitarias,17.1,61,3.36,4,13.44,13.68,80.0,3.42
Instalaciones Sanitarias,3° medio,Lectura de planos de instalaciones sanitarias,17.1,61,3.36,5,16.8,17.1,100.0,0.0
Instalaciones Sanitarias,3° medio,Lectura de planos de instalaciones sanitarias,17.1,61,3.36,6,20.16,20.52,120.0,-3.42
Instalaciones Sanitarias,3° medio,Trazado de redes,51.3,61,10.09,3,30.27,30.78,60.0,20.52
Instalaciones Sanitarias,3° medio,Trazado de redes,51.3,61,10.09,4,40.36,41.04,80.0,10.26
Instalaciones Sanitarias,3° medio,Trazado de redes,51.3,61,10.09,5,50.45,51.3,100.0,-0.0
Instalaciones Sanitarias,3° medio,Trazado de redes,51.3,61,10.09,6,60.54,61.56,120.0,-10.26
Instalaciones Sanitarias,3° medio,Instalación de redes de agua potable,51.3,73,8.43,3,25.29,30.78,60.0,20.52
Instalaciones Sanitarias,3° medio,Instalación de redes de agua potable,51.3,73,8.43,4,33.72,41.04,80.0,10.26
Instalaciones Sanitarias,3° medio,Instalación de redes de agua potable,51.3,73,8.43,5,42.15,51.3,100.0,-0.0
Instalaciones Sanitarias,3° medio,Instalación de redes de agua potable,51.3,73,8.43,6,50.58,61.56,120.0,-10.26
Instalaciones Sanitarias,3° medio,Instalación de redes de alcantarillado,51.3,61,10.09,3,30.27,30.78,60.0,20.52
Instalaciones Sanitarias,3° medio,Instalación de redes de alcantarillado,51.3,61,10.09,4,40.36,41.04,80.0,10.26
Instalaciones Sanitarias,3° medio,Instalación de redes de alcantarillado,51.3,61,10.09,5,50.45,51.3,100.0,-0.0
Instalaciones Sanitarias,3° medio,Instalación de redes de alcantarillado,51.3,61,10.09,6,60.54,61.56,120.0,-10.26
Instalaciones Sanitarias,4° medio,Instalación de redes para riego agrícola,17.1,67,3.06,3,9.18,10.26,60.0,6.84
Instalaciones Sanitarias,4° medio,Instalación de redes para riego agrícola,17.1,67,3.06,4,12.24,13.68,80.0,3.42
Instalaciones Sanitarias,4° medio,Instalación de redes para riego agrícola,17.1,67,3.06,5,15.3,17.1,100.0,0.0
Instalaciones Sanitarias,4° medio,Instalación de redes para riego agrícola,17.1,67,3.06,6,18.36,20.52,120.0,-3.42
Instalaciones Sanitarias,4° medio,Cubicación en instalaciones sanitarias,51.3,73,8.43,3,25.29,30.78,60.0,20.52
Instalaciones Sanitarias,4° medio,Cubicación en instalaciones sanitarias,51.3,73,8.43,4,33.72,41.04,80.0,10.26
Instalaciones Sanitarias,4° medio,Cubicación en instalaciones sanitarias,51.3,73,8.43,5,42.15,51.3,100.0,-0.0
Instalaciones Sanitarias,4° medio,Cubicación en instalaciones sanitarias,51.3,73,8.43,6,50.58,61.56,120.0,-10.26
Instalaciones Sanitarias,4° medio,Instalación de artefactos sanitarios,51.3,55,11.19,3,33.57,30.78,60.0,20.52
Instalaciones Sanitarias,4° medio,Instalación de artefactos sanitarios,51.3,55,11.19,4,44.76,41.04,80.0,10.26
Instalaciones Sanitarias,4° medio,Instalación de artefactos sanitarios,51.3,55,11.19,5,55.95,51.3,100.0,-0.0
Instalaciones Sanitarias,4° medio,Instalación de artefactos sanitarios,51.3,55,11.19,6,67.14,61.56,120.0,-10.26
Instalaciones Sanitarias,4° medio,Instalación de gas,34.2,61,6.73,3,20.19,20.52,60.0,13.68
Instalaciones Sanitarias,4° medio,Instalación de gas,34.2,61,6.73,4,26.92,27.36,80.0,6.84
Instalaciones Sanitarias,4° medio,Instalación de gas,34.2,61,6.73,5,33.65,34.2,100.0,0.0
Instalaciones Sanitarias,4° medio,Instalación de gas,34.2,61,6.73,6,40.38,41.04,120.0,-6.84
Instalaciones Sanitarias,4° medio,Mantenimiento de redes y artefactos,34.2,61,6.73,3,20.19,20.52,60.0,13.68
Instalaciones Sanitarias,4° medio,Mantenimiento de redes y artefactos,34.2,61,6.73,4,26.92,27.36,80.0,6.84
Instalaciones Sanitarias,4° medio,Mantenimiento de redes y artefactos,34.2,61,6.73,5,33.65,34.2,100.0,0.0
Instalaciones Sanitarias,4° medio,Mantenimiento de redes y artefactos,34.2,61,6.73,6,40.38,41.04,120.0,-6.84
Instalaciones Sanitarias,4° medio,Emprendimiento y empleabilidad,17.1,67,3.06,3,9.18,10.26,60.0,6.84
Instalaciones Sanitarias,4° medio,Emprendimiento y empleabilidad,17.1,67,3.06,4,12.24,13.68,80.0,3.42
Instalaciones Sanitarias,4° medio,Emprendimiento y empleabilidad,17.1,67,3.06,5,15.3,17.1,100.0,0.0
Instalaciones Sanitarias,4° medio,Emprendimiento y empleabilidad,17.1,67,3.06,6,18.36,20.52,120.0,-3.42
Montaje Industrial,3° medio,Unión y reparación de elementos metálicos,51.3,61,10.09,3,30.27,30.78,60.0,20.52
Montaje Industrial,3° medio,Unión y reparación de elementos metálicos,51.3,61,10.09,4,40.36,41.04,80.0,10.26
Montaje Industrial,3° medio,Unión y reparación de elementos metálicos,51.3,61,10.09,5,50.45,51.3,100.0,-0.0
Montaje Industrial,3° medio,Unión y reparación de elementos metálicos,51.3,61,10.09,6,60.54,61.56,120.0,-10.26
Montaje Industrial,3° medio,Dibujo e interpretación de planos de montaje,51.3,67,9.19,3,27.57,30.78,60.0,20.52
Montaje Industrial,3° medio,Dibujo e interpretación de planos de montaje,51.3,67,9.19,4,36.76,41.04,80.0,10.26
Montaje Industrial,3° medio,Dibujo e interpretación de planos de montaje,51.3,67,9.19,5,45.95,51.3,100.0,-0.0
Montaje Industrial,3° medio,Dibujo e interpretación de planos de montaje,51.3,67,9.19,6,55.14,61.56,120.0,-10.26
Montaje Industrial,3° medio,"Mediciones, trazados y cálculos de montaje industrial",51.3,73,8.43,3,25.29,30.78,60.0,20.52
Montaje Industrial,3° medio,"Mediciones, trazados y cálculos de montaje industrial",51.3,73,8.43,4,33.72,41.04,80.0,10.26
Montaje Industrial,3° medio,"Mediciones, trazados y cálculos de montaje industrial",51.3,73,8.43,5,42.15,51.3,100.0,-0.0
Montaje Industrial,3° medio,"Mediciones, trazados y cálculos de montaje industrial",51.3,73,8.43,6,50.58,61.56,120.0,-10.26
Montaje Industrial,3° medio,Maniobras de levante de cargas,34.2,55,7.46,3,22.38,20.52,60.0,13.68
Montaje Industrial,3° medio,Maniobras de levante de cargas,34.2,55,7.46,4,29.84,27.36,80.0,6.84
Montaje Industrial,3° medio,Maniobras de levante de cargas,34.2,55,7.46,5,37.3,34.2,100.0,0.0
Montaje Industrial,3° medio,Maniobras de levante de cargas,34.2,55,7.46,6,44.76,41.04,120.0,-6.84
Montaje Industrial,4° medio,Tratamientos superficiales y manejo de residuos,51.3,61,10.09,3,30.27,30.78,60.0,20.52
Montaje Industrial,4° medio,Tratamientos superficiales y manejo de residuos,51.3,61,10.09,4,40.36,41.04,80.0,10.26
Montaje Industrial,4° medio,Tratamientos superficiales y manejo de residuos,51.3,61,10.09,5,50.45,51.3,100.0,-0.0
Montaje Industrial,4° medio,Tratamientos superficiales y manejo de residuos,51.3,61,10.09,6,60.54,61.56,120.0,-10.26
Montaje Industrial,4° medio,Fijación y montaje de elementos,34.2,73,5.62,3,16.86,20.52,60.0,13.68
Montaje Industrial,4° medio,Fijación y montaje de elementos,34.2,73,5.62,4,22.48,27.36,80.0,6.84
Montaje Industrial,4° medio,Fijación y montaje de elementos,34.2,73,5.62,5,28.1,34.2,100.0,0.0
Montaje Industrial,4° medio,Fijación y montaje de elementos,34.2,73,5.62,6,33.72,41.04,120.0,-6.84
Montaje Industrial,4° medio,Mantenimiento industrial,34.2,55,7.46,3,22.38,20.52,60.0,13.68
Montaje Industrial,4° medio,Mantenimiento industrial,34.2,55,7.46,4,29.84,27.36,80.0,6.84
Montaje Industrial,4° medio,Mantenimiento industrial,34.2,55,7.46,5,37.3,34.2,100.0,0.0
Montaje Industrial,4° medio,Mantenimiento industrial,34.2,55,7.46,6,44.76,41.04,120.0,-6.84
Montaje Industrial,4° medio,Cubicación de proyectos,51.3,55,11.19,3,33.57,30.78,60.0,20.52
Montaje Industrial,4° medio,Cubicación de proyectos,51.3,55,11.19,4,44.76,41.04,80.0,10.26
Montaje Industrial,4° medio,Cubicación de proyectos,51.3,55,11.19,5,55.95,51.3,100.0,-0.0
Montaje Industrial,4° medio,Cubicación de proyectos,51.3,55,11.19,6,67.14,61.56,120.0,-10.26
Montaje Industrial,4° medio,Emprendimiento y empleabilidad,17.1,67,3.06,3,9.18,10.26,60.0,6.84
Montaje Industrial,4° medio,Emprendimiento y empleabilidad,17.1,67,3.06,4,12.24,13.68,80.0,3.42
Montaje Industrial,4° medio,Emprendimiento y empleabilidad,17.1,67,3.06,5,15.3,17.1,100.0,0.0
Montaje Industrial,4° medio,Emprendimiento y empleabilidad,17.1,67,3.06,6,18.36,20.52,120.0,-3.42
Electrónica,3° medio,Proyectos electrónicos,42.75,73,7.03,3,21.09,25.65,60.0,17.1
Electrónica,3° medio,Proyectos electrónicos,42.75,73,7.03,4,28.12,34.2,80.0,8.55
Electrónica,3° medio,Proyectos electrónicos,42.75,73,7.03,5,35.15,42.75,100.0,0.0
Electrónica,3° medio,Proyectos electrónicos,42.75,73,7.03,6,42.18,51.3,120.0,-8.55
Electrónica,3° medio,Armado y reparación de circuitos electrónicos,51.3,67,9.19,3,27.57,30.78,60.0,20.52
Electrónica,3° medio,Armado y reparación de circuitos electrónicos,51.3,67,9.19,4,36.76,41.04,80.0,10.26
Electrónica,3° medio,Armado y reparación de circuitos electrónicos,51.3,67,9.19,5,45.95,51.3,100.0,-0.0
Electrónica,3° medio,Armado y reparación de circuitos electrónicos,51.3,67,9.19,6,55.14,61.56,120.0,-10.26
Electrónica,3° medio,Ensamblaje y mantención de sistemas y equipos digitales,51.3,67,9.19,3,27.57,30.78,60.0,20.52
Electrónica,3° medio,Ensamblaje y mantención de sistemas y equipos digitales,51.3,67,9.19,4,36.76,41.04,80.0,10.26
Electrónica,3° medio,Ensamblaje y mantención de sistemas y equipos digitales,51.3,67,9.19,5,45.95,51.3,100.0,-0.0
Electrónica,3° medio,Ensamblaje y mantención de sistemas y equipos digitales,51.3,67,9.19,6,55.14,61.56,120.0,-10.26
Electrónica,3° medio,Sistemas de control domótico,42.75,67,7.66,3,22.98,25.65,60.0,17.1
Electrónica,3° medio,Sistemas de control domótico,42.75,67,7.66,4,30.64,34.2,80.0,8.55
Electrónica,3° medio,Sistemas de control domótico,42.75,67,7.66,5,38.3,42.75,100.0,0.0
Electrónica,3° medio,Sistemas de control domótico,42.75,67,7.66,6,45.96,51.3,120.0,-8.55
Electrónica,4° medio,Mantención y operación de equipos de control electrónico de potencia,34.2,67,6.13,3,18.39,20.52,60.0,13.68
Electrónica,4° medio,Mantención y operación de equipos de control electrónico de potencia,34.2,67,6.13,4,24.52,27.36,80.0,6.84
Electrónica,4° medio,Mantención y operación de equipos de control electrónico de potencia,34.2,67,6.13,5,30.65,34.2,100.0,0.0
Electrónica,4° medio,Mantención y operación de equipos de control electrónico de potencia,34.2,67,6.13,6,36.78,41.04,120.0,-6.84
Electrónica,4° medio,Detección de fallas industriales,34.2,67,6.13,3,18.39,20.52,60.0,13.68
Electrónica,4° medio,Detección de fallas industriales,34.2,67,6.13,4,24.52,27.36,80.0,6.84
Electrónica,4° medio,Detección de fallas industriales,34.2,67,6.13,5,30.65,34.2,100.0,0.0
Electrónica,4° medio,Detección de fallas industriales,34.2,67,6.13,6,36.78,41.04,120.0,-6.84
Electrónica,4° medio,Operación y programación de equipos de control eléctrico industrial,34.2,67,6.13,3,18.39,20.52,60.0,13.68
Electrónica,4° medio,Operación y programación de equipos de control eléctrico industrial,34.2,67,6.13,4,24.52,27.36,80.0,6.84
Electrónica,4° medio,Operación y programación de equipos de control eléctrico industrial,34.2,67,6.13,5,30.65,34.2,100.0,0.0
Electrónica,4° medio,Operación y programación de equipos de control eléctrico industrial,34.2,67,6.13,6,36.78,41.04,120.0,-6.84
Electrónica,4° medio,Montaje de equipos industriales,34.2,67,6.13,3,18.39,20.52,60.0,13.68
Electrónica,4° medio,Montaje de equipos industriales,34.2,67,6.13,4,24.52,27.36,80.0,6.84
Electrónica,4° medio,Montaje de equipos industriales,34.2,67,6.13,5,30.65,34.2,100.0,0.0
Electrónica,4° medio,Montaje de equipos industriales,34.2,67,6.13,6,36.78,41.04,120.0,-6.84
Electrónica,4° medio,Automatización industrial,34.2,73,5.62,3,16.86,20.52,60.0,13.68
Electrónica,4° medio,Automatización industrial,34.2,73,5.62,4,22.48,27.36,80.0,6.84
Electrónica,4° medio,Automatización industrial,34.2,73,5.62,5,28.1,34.2,100.0,0.0
Electrónica,4° medio,Automatización industrial,34.2,73,5.62,6,33.72,41.04,120.0,-6.84
Electrónica,4° medio,Emprendimiento y empleabilidad,17.1,67,3.06,3,9.18,10.26,60.0,6.84
Electrónica,4° medio,Emprendimiento y empleabilidad,17.1,67,3.06,4,12.24,13.68,80.0,3.42
Electrónica,4° medio,Emprendimiento y empleabilidad,17.1,67,3.06,5,15.3,17.1,100.0,0.0
Electrónica,4° medio,Emprendimiento y empleabilidad,17.1,67,3.06,6,18.36,20.52,120.0,-3.42
Dibujo Técnico,3° medio,Lectura de planos y documentos técnicos,17.1,55,3.73,3,11.19,10.26,60.0,6.84
Dibujo Técnico,3° medio,Lectura de planos y documentos técnicos,17.1,55,3.73,4,14.92,13.68,80.0,3.42
Dibujo Técnico,3° medio,Lectura de planos y documentos técnicos,17.1,55,3.73,5,18.65,17.1,100.0,0.0
Dibujo Técnico,3° medio,Lectura de planos y documentos técnicos,17.1,55,3.73,6,22.38,20.52,120.0,-3.42
Dibujo Técnico,3° medio,Dibujo manual de levantamientos,34.2,55,7.46,3,22.38,20.52,60.0,13.68
Dibujo Técnico,3° medio,Dibujo manual de levantamientos,34.2,55,7.46,4,29.84,27.36,80.0,6.84
Dibujo Técnico,3° medio,Dibujo manual de levantamientos,34.2,55,7.46,5,37.3,34.2,100.0,0.0
Dibujo Técnico,3° medio,Dibujo manual de levantamientos,34.2,55,7.46,6,44.76,41.04,120.0,-6.84
Dibujo Técnico,3° medio,Dibujo digital de proyectos de arquitectura,51.3,67,9.19,3,27.57,30.78,60.0,20.52
Dibujo Técnico,3° medio,Dibujo digital de proyectos de arquitectura,51.3,67,9.19,4,36.76,41.04,80.0,10.26
Dibujo Técnico,3° medio,Dibujo digital de proyectos de arquitectura,51.3,67,9.19,5,45.95,51.3,100.0,-0.0
Dibujo Técnico,3° medio,Dibujo digital de proyectos de arquitectura,51.3,67,9.19,6,55.14,61.56,120.0,-10.26
Dibujo Técnico,3° medio,Dibujo digital de piezas y conjuntos mecánicos,42.75,67,7.66,3,22.98,25.65,60.0,17.1
Dibujo Técnico,3° medio,Dibujo digital de piezas y conjuntos mecánicos,42.75,67,7.66,4,30.64,34.2,80.0,8.55
Dibujo Técnico,3° medio,Dibujo digital de piezas y conjuntos mecánicos,42.75,67,7.66,5,38.3,42.75,100.0,0.0
Dibujo Técnico,3° medio,Dibujo digital de piezas y conjuntos mecánicos,42.75,67,7.66,6,45.96,51.3,120.0,-8.55
Dibujo Técnico,4° medio,Maquetas virtuales,42.75,61,8.41,3,25.23,25.65,60.0,17.1
Dibujo Técnico,4° medio,Maquetas virtuales,42.75,61,8.41,4,33.64,34.2,80.0,8.55
Dibujo Técnico,4° medio,Maquetas virtuales,42.75,61,8.41,5,42.05,42.75,100.0,0.0
Dibujo Técnico,4° medio,Maquetas virtuales,42.75,61,8.41,6,50.46,51.3,120.0,-8.55
Dibujo Técnico,4° medio,Dibujo digital de instalaciones domiciliarias,42.75,67,7.66,3,22.98,25.65,60.0,17.1
Dibujo Técnico,4° medio,Dibujo digital de instalaciones domiciliarias,42.75,67,7.66,4,30.64,34.2,80.0,8.55
Dibujo Técnico,4° medio,Dibujo digital de instalaciones domiciliarias,42.75,67,7.66,5,38.3,42.75,100.0,0.0
Dibujo Técnico,4° medio,Dibujo digital de instalaciones domiciliarias,42.75,67,7.66,6,45.96,51.3,120.0,-8.55
Dibujo Técnico,4° medio,Dibujo digital de sistemas constructivos,42.75,67,7.66,3,22.98,25.65,60.0,17.1
Dibujo Técnico,4° medio,Dibujo digital de sistemas constructivos,42.75,67,7.66,4,30.64,34.2,80.0,8.55
Dibujo Técnico,4° medio,Dibujo digital de sistemas constructivos,42.75,67,7.66,5,38.3,42.75,100.0,0.0
Dibujo Técnico,4° medio,Dibujo digital de sistemas constructivos,42.75,67,7.66,6,45.96,51.3,120.0,-8.55
Dibujo Técnico,4° medio,Dibujo digital de montaje industrial,34.2,67,6.13,3,18.39,20.52,60.0,13.68
Dibujo Técnico,4° medio,Dibujo digital de montaje industrial,34.2,67,6.13,4,24.52,27.36,80.0,6.84
Dibujo Técnico,4° medio,Dibujo digital de montaje industrial,34.2,67,6.13,5,30.65,34.2,100.0,0.0
Dibujo Técnico,4° medio,Dibujo digital de montaje industrial,34.2,67,6.13,6,36.78,41.04,120.0,-6.84
Dibujo Técnico,4° medio,Cubicación de proyectos,34.2,61,6.73,3,20.19,20.52,60.0,13.68
Dibujo Técnico,4° medio,Cubicación de proyectos,34.2,61,6.73,4,26.92,27.36,80.0,6.84
Dibujo Técnico,4° medio,Cubicación de proyectos,34.2,61,6.73,5,33.65,34.2,100.0,0.0
Dibujo Técnico,4° medio,Cubicación de proyectos,34.2,61,6.73,6,40.38,41.04,120.0,-6.84
Dibujo Técnico,4° medio,Impresión y reproducción de planos,17.1,61,3.36,3,10.08,10.26,60.0,6.84
Dibujo Técnico,4° medio,Impresión y reproducción de planos,17.1,61,3.36,4,13.44,13.68,80.0,3.42
Dibujo Técnico,4° medio,Impresión y reproducción de planos,17.1,61,3.36,5,16.8,17.1,100.0,0.0
Dibujo Técnico,4° medio,Impresión y reproducción de planos,17.1,61,3.36,6,20.16,20.52,120.0,-3.42
Dibujo Técnico,4° medio,Emprendimiento y empleabilidad,17.1,67,3.06,3,9.18,10.26,60.0,6.84
Dibujo Técnico,4° medio,Emprendimiento y empleabilidad,17.1,67,3.06,4,12.24,13.68,80.0,3.42
Dibujo Técnico,4° medio,Emprendimiento y empleabilidad,17.1,67,3.06,5,15.3,17.1,100.0,0.0
Dibujo Técnico,4° medio,Emprendimiento y empleabilidad,17.1,67,3.06,6,18.36,20.52,120.0,-3.42
Gráfica,3° medio,Verificación y preparación de archivos digitales,51.3,55,11.19,3,33.57,30.78,60.0,20.52
Gráfica,3° medio,Verificación y preparación de archivos digitales,51.3,55,11.19,4,44.76,41.04,80.0,10.26
Gráfica,3° medio,Verificación y preparación de archivos digitales,51.3,55,11.19,5,55.95,51.3,100.0,-0.0
Gráfica,3° medio,Verificación y preparación de archivos digitales,51.3,55,11.19,6,67.14,61.56,120.0,-10.26
Gráfica,3° medio,Preparación de la máquina impresora,51.3,61,10.09,3,30.27,30.78,60.0,20.52
Gráfica,3° medio,Preparación de la máquina impresora,51.3,61,10.09,4,40.36,41.04,80.0,10.26
Gráfica,3° medio,Preparación de la máquina impresora,51.3,61,10.09,5,50.45,51.3,100.0,-0.0
Gráfica,3° medio,Preparación de la máquina impresora,51.3,61,10.09,6,60.54,61.56,120.0,-10.26
Gráfica,3° medio,Impresión del producto gráfico,51.3,67,9.19,3,27.57,30.78,60.0,20.52
Gráfica,3° medio,Impresión del producto gráfico,51.3,67,9.19,4,36.76,41.04,80.0,10.26
Gráfica,3° medio,Impresión del producto gráfico,51.3,67,9.19,5,45.95,51.3,100.0,-0.0
Gráfica,3° medio,Impresión del producto gráfico,51.3,67,9.19,6,55.14,61.56,120.0,-10.26
Gráfica,3° medio,Materiales e insumos de la industria gráfica,34.2,61,6.73,3,20.19,20.52,60.0,13.68
Gráfica,3° medio,Materiales e insumos de la industria gráfica,34.2,61,6.73,4,26.92,27.36,80.0,6.84
Gráfica,3° medio,Materiales e insumos de la industria gráfica,34.2,61,6.73,5,33.65,34.2,100.0,0.0
Gráfica,3° medio,Materiales e insumos de la industria gráfica,34.2,61,6.73,6,40.38,41.04,120.0,-6.84
Gráfica,4° medio,Encuadernación del producto impreso,34.2,61,6.73,3,20.19,20.52,60.0,13.68
Gráfica,4° medio,Encuadernación del producto impreso,34.2,61,6.73,4,26.92,27.36,80.0,6.84
Gráfica,4° medio,Encuadernación del producto impreso,34.2,61,6.73,5,33.65,34.2,100.0,0.0
Gráfica,4° medio,Encuadernación del producto impreso,34.2,61,6.73,6,40.38,41.04,120.0,-6.84
Gráfica,4° medio,Imposición de archivos y obtención de prueba de color,51.3,55,11.19,3,33.57,30.78,60.0,20.52
Gráfica,4° medio,Imposición de archivos y obtención de prueba de color,51.3,55,11.19,4,44.76,41.04,80.0,10.26
Gráfica,4° medio,Imposición de archivos y obtención de prueba de color,51.3,55,11.19,5,55.95,51.3,100.0,-0.0
Gráfica,4° medio,Imposición de archivos y obtención de prueba de color,51.3,55,11.19,6,67.14,61.56,120.0,-10.26
Gráfica,4° medio,Salida del archivo a matriz impresora e impresión digital,51.3,55,11.19,3,33.57,30.78,60.0,20.52
Gráfica,4° medio,Salida del archivo a matriz impresora e impresión digital,51.3,55,11.19,4,44.76,41.04,80.0,10.26
Gráfica,4° medio,Salida del archivo a matriz impresora e impresión digital,51.3,55,11.19,5,55.95,51.3,100.0,-0.0
Gráfica,4° medio,Salida del archivo a matriz impresora e impresión digital,51.3,55,11.19,6,67.14,61.56,120.0,-10.26
Gráfica,4° medio,Postimpresión en embalajes y recubrimientos a impresos,34.2,55,7.46,3,22.38,20.52,60.0,13.68
Gráfica,4° medio,Postimpresión en embalajes y recubrimientos a impresos,34.2,55,7.46,4,29.84,27.36,80.0,6.84
Gráfica,4° medio,Postimpresión en embalajes y recubrimientos a impresos,34.2,55,7.46,5,37.3,34.2,100.0,0.0
Gráfica,4° medio,Postimpresión en embalajes y recubrimientos a impresos,34.2,55,7.46,6,44.76,41.04,120.0,-6.84
Gráfica,4° medio,Emprendimiento y empleabilidad,17.1,67,3.06,3,9.18,10.26,60.0,6.84
Gráfica,4° medio,Emprendimiento y empleabilidad,17.1,67,3.06,4,12.24,13.68,80.0,3.42
Gráfica,4° medio,Emprendimiento y empleabilidad,17.1,67,3.06,5,15.3,17.1,100.0,0.0
Gráfica,4° medio,Emprendimiento y empleabilidad,17.1,67,3.06,6,18.36,20.52,120.0,-3.42
Servicios de Turismo,3° medio,Sistemas de reservas,42.75,67,7.66,3,22.98,25.65,60.0,17.1
Servicios de Turismo,3° medio,Sistemas de reservas,42.75,67,7.66,4,30.64,34.2,80.0,8.55
Servicios de Turismo,3° medio,Sistemas de reservas,42.75,67,7.66,5,38.3,42.75,100.0,0.0
Servicios de Turismo,3° medio,Sistemas de reservas,42.75,67,7.66,6,45.96,51.3,120.0,-8.55
Servicios de Turismo,3° medio,Atención turística al cliente,17.1,55,3.73,3,11.19,10.26,60.0,6.84
Servicios de Turismo,3° medio,Atención turística al cliente,17.1,55,3.73,4,14.92,13.68,80.0,3.42
Servicios de Turismo,3° medio,Atención turística al cliente,17.1,55,3.73,5,18.65,17.1,100.0,0.0
Servicios de Turismo,3° medio,Atención turística al cliente,17.1,55,3.73,6,22.38,20.52,120.0,-3.42
Servicios de Turismo,3° medio,"Patrimonio, cultura y atractivos turísticos de Chile",51.3,67,9.19,3,27.57,30.78,60.0,20.52
Servicios de Turismo,3° medio,"Patrimonio, cultura y atractivos turísticos de Chile",51.3,67,9.19,4,36.76,41.04,80.0,10.26
Servicios de Turismo,3° medio,"Patrimonio, cultura y atractivos turísticos de Chile",51.3,67,9.19,5,45.95,51.3,100.0,-0.0
Servicios de Turismo,3° medio,"Patrimonio, cultura y atractivos turísticos de Chile",51.3,67,9.19,6,55.14,61.56,120.0,-10.26
Servicios de Turismo,3° medio,Prevención y seguridad en programas turísticos,42.75,67,7.66,3,22.98,25.65,60.0,17.1
Servicios de Turismo,3° medio,Prevención y seguridad en programas turísticos,42.75,67,7.66,4,30.64,34.2,80.0,8.55
Servicios de Turismo,3° medio,Prevención y seguridad en programas turísticos,42.75,67,7.66,5,38.3,42.75,100.0,0.0
Servicios de Turismo,3° medio,Prevención y seguridad en programas turísticos,42.75,67,7.66,6,45.96,51.3,120.0,-8.55
Servicios de Turismo,4° medio,Inglés para la comunicación oral en turismo,34.2,55,7.46,3,22.38,20.52,60.0,13.68
Servicios de Turismo,4° medio,Inglés para la comunicación oral en turismo,34.2,55,7.46,4,29.84,27.36,80.0,6.84
Servicios de Turismo,4° medio,Inglés para la comunicación oral en turismo,34.2,55,7.46,5,37.3,34.2,100.0,0.0
Servicios de Turismo,4° medio,Inglés para la comunicación oral en turismo,34.2,55,7.46,6,44.76,41.04,120.0,-6.84
Servicios de Turismo,4° medio,"Patrimonio, cultura y atractivos turísticos del mundo",34.2,61,6.73,3,20.19,20.52,60.0,13.68
Servicios de Turismo,4° medio,"Patrimonio, cultura y atractivos turísticos del mundo",34.2,61,6.73,4,26.92,27.36,80.0,6.84
Servicios de Turismo,4° medio,"Patrimonio, cultura y atractivos turísticos del mundo",34.2,61,6.73,5,33.65,34.2,100.0,0.0
Servicios de Turismo,4° medio,"Patrimonio, cultura y atractivos turísticos del mundo",34.2,61,6.73,6,40.38,41.04,120.0,-6.84
Servicios de Turismo,4° medio,Conducción de grupos turísticos,51.3,67,9.19,3,27.57,30.78,60.0,20.52
Servicios de Turismo,4° medio,Conducción de grupos turísticos,51.3,67,9.19,4,36.76,41.04,80.0,10.26
Servicios de Turismo,4° medio,Conducción de grupos turísticos,51.3,67,9.19,5,45.95,51.3,100.0,-0.0
Servicios de Turismo,4° medio,Conducción de grupos turísticos,51.3,67,9.19,6,55.14,61.56,120.0,-10.26
Servicios de Turismo,4° medio,Elaboración de programas turísticos,51.3,55,11.19,3,33.57,30.78,60.0,20.52
Servicios de Turismo,4° medio,Elaboración de programas turísticos,51.3,55,11.19,4,44.76,41.04,80.0,10.26
Servicios de Turismo,4° medio,Elaboración de programas turísticos,51.3,55,11.19,5,55.95,51.3,100.0,-0.0
Servicios de Turismo,4° medio,Elaboración de programas turísticos,51.3,55,11.19,6,67.14,61.56,120.0,-10.26
Servicios de Turismo,4° medio,Inglés para la comunicación escrita en turismo,34.2,61,6.73,3,20.19,20.52,60.0,13.68
Servicios de Turismo,4° medio,Inglés para la comunicación escrita en turismo,34.2,61,6.73,4,26.92,27.36,80.0,6.84
Servicios de Turismo,4° medio,Inglés para la comunicación escrita en turismo,34.2,61,6.73,5,33.65,34.2,100.0,0.0
Servicios de Turismo,4° medio,Inglés para la comunicación escrita en turismo,34.2,61,6.73,6,40.38,41.04,120.0,-6.84
Servicios de Turismo,4° medio,Emprendimiento y empleabilidad,17.1,67,3.06,3,9.18,10.26,60.0,6.84
Servicios de Turismo,4° medio,Emprendimiento y empleabilidad,17.1,67,3.06,4,12.24,13.68,80.0,3.42
Servicios de Turismo,4° medio,Emprendimiento y empleabilidad,17.1,67,3.06,5,15.3,17.1,100.0,0.0
Servicios de Turismo,4° medio,Emprendimiento y empleabilidad,17.1,67,3.06,6,18.36,20.52,120.0,-3.42
Forestal,3° medio,Producción de plantas y repoblación,51.3,61,10.09,3,30.27,30.78,60.0,20.52
Forestal,3° medio,Producción de plantas y repoblación,51.3,61,10.09,4,40.36,41.04,80.0,10.26
Forestal,3° medio,Producción de plantas y repoblación,51.3,61,10.09,5,50.45,51.3,100.0,-0.0
Forestal,3° medio,Producción de plantas y repoblación,51.3,61,10.09,6,60.54,61.56,120.0,-10.26
Forestal,3° medio,Mediciones forestales,51.3,61,10.09,3,30.27,30.78,60.0,20.52
Forestal,3° medio,Mediciones forestales,51.3,61,10.09,4,40.36,41.04,80.0,10.26
Forestal,3° medio,Mediciones forestales,51.3,61,10.09,5,50.45,51.3,100.0,-0.0
Forestal,3° medio,Mediciones forestales,51.3,61,10.09,6,60.54,61.56,120.0,-10.26
Forestal,3° medio,Control de plagas y enfermedades forestales,51.3,61,10.09,3,30.27,30.78,60.0,20.52
Forestal,3° medio,Control de plagas y enfermedades forestales,51.3,61,10.09,4,40.36,41.04,80.0,10.26
Forestal,3° medio,Control de plagas y enfermedades forestales,51.3,61,10.09,5,50.45,51.3,100.0,-0.0
Forestal,3° medio,Control de plagas y enfermedades forestales,51.3,61,10.09,6,60.54,61.56,120.0,-10.26
Forestal,3° medio,Uso y mantenimiento de herramientas y máquinas,34.2,73,5.62,3,16.86,20.52,60.0,13.68
Forestal,3° medio,Uso y mantenimiento de herramientas y máquinas,34.2,73,5.62,4,22.48,27.36,80.0,6.84
Forestal,3° medio,Uso y mantenimiento de herramientas y máquinas,34.2,73,5.62,5,28.1,34.2,100.0,0.0
Forestal,3° medio,Uso y mantenimiento de herramientas y máquinas,34.2,73,5.62,6,33.72,41.04,120.0,-6.84
Forestal,4° medio,Operaciones silvícolas,51.3,61,10.09,3,30.27,30.78,60.0,20.52
Forestal,4° medio,Operaciones silvícolas,51.3,61,10.09,4,40.36,41.04,80.0,10.26
Forestal,4° medio,Operaciones silvícolas,51.3,61,10.09,5,50.45,51.3,100.0,-0.0
Forestal,4° medio,Operaciones silvícolas,51.3,61,10.09,6,60.54,61.56,120.0,-10.26
Forestal,4° medio,Operaciones de cosecha forestal,34.2,55,7.46,3,22.38,20.52,60.0,13.68
Forestal,4° medio,Operaciones de cosecha forestal,34.2,55,7.46,4,29.84,27.36,80.0,6.84
Forestal,4° medio,Operaciones de cosecha forestal,34.2,55,7.46,5,37.3,34.2,100.0,0.0
Forestal,4° medio,Operaciones de cosecha forestal,34.2,55,7.46,6,44.76,41.04,120.0,-6.84
Forestal,4° medio,Control de la producción forestal,34.2,67,6.13,3,18.39,20.52,60.0,13.68
Forestal,4° medio,Control de la producción forestal,34.2,67,6.13,4,24.52,27.36,80.0,6.84
Forestal,4° medio,Control de la producción forestal,34.2,67,6.13,5,30.65,34.2,100.0,0.0
Forestal,4° medio,Control de la producción forestal,34.2,67,6.13,6,36.78,41.04,120.0,-6.84
Forestal,4° medio,Técnicas de prevención y combate de incendios forestales,51.3,61,10.09,3,30.27,30.78,60.0,20.52
Forestal,4° medio,Técnicas de prevención y combate de incendios forestales,51.3,61,10.09,4,40.36,41.04,80.0,10.26
Forestal,4° medio,Técnicas de prevención y combate de incendios forestales,51.3,61,10.09,5,50.45,51.3,100.0,-0.0
Forestal,4° medio,Técnicas de prevención y combate de incendios forestales,51.3,61,10.09,6,60.54,61.56,120.0,-10.26
Forestal,4° medio,Emprendimiento y empleabilidad,17.1,67,3.06,3,9.18,10.26,60.0,6.84
Forestal,4° medio,Emprendimiento y empleabilidad,17.1,67,3.06,4,12.24,13.68,80.0,3.42
Forestal,4° medio,Emprendimiento y empleabilidad,17.1,67,3.06,5,15.3,17.1,100.0,0.0
Forestal,4° medio,Emprendimiento y empleabilidad,17.1,67,3.06,6,18.36,20.52,120.0,-3.42
Muebles y Terminaciones en Madera,3° medio,Abastecimiento y despacho,51.3,85,7.24,3,21.72,30.78,60.0,20.52
Muebles y Terminaciones en Madera,3° medio,Abastecimiento y despacho,51.3,85,7.24,4,28.96,41.04,80.0,10.26
Muebles y Terminaciones en Madera,3° medio,Abastecimiento y despacho,51.3,85,7.24,5,36.2,51.3,100.0,-0.0
Muebles y Terminaciones en Madera,3° medio,Abastecimiento y despacho,51.3,85,7.24,6,43.44,61.56,120.0,-10.26
Muebles y Terminaciones en Madera,3° medio,Fabricación de componentes de carpintería y muebles,51.3,73,8.43,3,25.29,30.78,60.0,20.52
Muebles y Terminaciones en Madera,3° medio,Fabricación de componentes de carpintería y muebles,51.3,73,8.43,4,33.72,41.04,80.0,10.26
Muebles y Terminaciones en Madera,3° medio,Fabricación de componentes de carpintería y muebles,51.3,73,8.43,5,42.15,51.3,100.0,-0.0
Muebles y Terminaciones en Madera,3° medio,Fabricación de componentes de carpintería y muebles,51.3,73,8.43,6,50.58,61.56,120.0,-10.26
Muebles y Terminaciones en Madera,3° medio,Cubicaciones,34.2,61,6.73,3,20.19,20.52,60.0,13.68
Muebles y Terminaciones en Madera,3° medio,Cubicaciones,34.2,61,6.73,4,26.92,27.36,80.0,6.84
Muebles y Terminaciones en Madera,3° medio,Cubicaciones,34.2,61,6.73,5,33.65,34.2,100.0,0.0
Muebles y Terminaciones en Madera,3° medio,Cubicaciones,34.2,61,6.73,6,40.38,41.04,120.0,-6.84
Muebles y Terminaciones en Madera,3° medio,"Aseguramiento de la calidad, seguridad y cuidado del medio ambiente",17.1,61,3.36,3,10.08,10.26,60.0,6.84
Muebles y Terminaciones en Madera,3° medio,"Aseguramiento de la calidad, seguridad y cuidado del medio ambiente",17.1,61,3.36,4,13.44,13.68,80.0,3.42
Muebles y Terminaciones en Madera,3° medio,"Aseguramiento de la calidad, seguridad y cuidado del medio ambiente",17.1,61,3.36,5,16.8,17.1,100.0,0.0
Muebles y Terminaciones en Madera,3° medio,"Aseguramiento de la calidad, seguridad y cuidado del medio ambiente",17.1,61,3.36,6,20.16,20.52,120.0,-3.42
Muebles y Terminaciones en Madera,4° medio,Representación gráfica de muebles y elementos de carpintería,34.2,61,6.73,3,20.19,20.52,60.0,13.68
Muebles y Terminaciones en Madera,4° medio,Representación gráfica de muebles y elementos de carpintería,34.2,61,6.73,4,26.92,27.36,80.0,6.84
Muebles y Terminaciones en Madera,4° medio,Representación gráfica de muebles y elementos de carpintería,34.2,61,6.73,5,33.65,34.2,100.0,0.0
Muebles y Terminaciones en Madera,4° medio,Representación gráfica de muebles y elementos de carpintería,34.2,61,6.73,6,40.38,41.04,120.0,-6.84
Muebles y Terminaciones en Madera,4° medio,Armado de estructuras,51.3,67,9.19,3,27.57,30.78,60.0,20.52
Muebles y Terminaciones en Madera,4° medio,Armado de estructuras,51.3,67,9.19,4,36.76,41.04,80.0,10.26
Muebles y Terminaciones en Madera,4° medio,Armado de estructuras,51.3,67,9.19,5,45.95,51.3,100.0,-0.0
Muebles y Terminaciones en Madera,4° medio,Armado de estructuras,51.3,67,9.19,6,55.14,61.56,120.0,-10.26
Muebles y Terminaciones en Madera,4° medio,Terminaciones de muebles y elementos de carpintería,51.3,73,8.43,3,25.29,30.78,60.0,20.52
Muebles y Terminaciones en Madera,4° medio,Terminaciones de muebles y elementos de carpintería,51.3,73,8.43,4,33.72,41.04,80.0,10.26
Muebles y Terminaciones en Madera,4° medio,Terminaciones de muebles y elementos de carpintería,51.3,73,8.43,5,42.15,51.3,100.0,-0.0
Muebles y Terminaciones en Madera,4° medio,Terminaciones de muebles y elementos de carpintería,51.3,73,8.43,6,50.58,61.56,120.0,-10.26
Muebles y Terminaciones en Madera,4° medio,Instalación de muebles y elementos de carpintería,34.2,67,6.13,3,18.39,20.52,60.0,13.68
Muebles y Terminaciones en Madera,4° medio,Instalación de muebles y elementos de carpintería,34.2,67,6.13,4,24.52,27.36,80.0,6.84
Muebles y Terminaciones en Madera,4° medio,Instalación de muebles y elementos de carpintería,34.2,67,6.13,5,30.65,34.2,100.0,0.0
Muebles y Terminaciones en Madera,4° medio,Instalación de muebles y elementos de carpintería,34.2,67,6.13,6,36.78,41.04,120.0,-6.84
Muebles y Terminaciones en Madera,4° medio,"Mantenimiento de máquinas, equipos y herramientas",34.2,61,6.73,3,20.19,20.52,60.0,13.68
Muebles y Terminaciones en Madera,4° medio,"Mantenimiento de máquinas, equipos y herramientas",34.2,61,6.73,4,26.92,27.36,80.0,6.84
Muebles y Terminaciones en Madera,4° medio,"Mantenimiento de máquinas, equipos y herramientas",34.2,61,6.73,5,33.65,34.2,100.0,0.0
Muebles y Terminaciones en Madera,4° medio,"Mantenimiento de máquinas, equipos y herramientas",34.2,61,6.73,6,40.38,41.04,120.0,-6.84
Muebles y Terminaciones en Madera,4° medio,Emprendimiento y empleabilidad,17.1,67,3.06,3,9.18,10.26,60.0,6.84
Muebles y Terminaciones en Madera,4° medio,Emprendimiento y empleabilidad,17.1,67,3.06,4,12.24,13.68,80.0,3.42
Muebles y Terminaciones en Madera,4° medio,Emprendimiento y empleabilidad,17.1,67,3.06,5,15.3,17.1,100.0,0.0
Muebles y Terminaciones en Madera,4° medio,Emprendimiento y empleabilidad,17.1,67,3.06,6,18.36,20.52,120.0,-3.42
Acuicultura,3° medio,"Manejo de reproductores, desove y crías de larvas de especies hidrobiológicas",51.3,73,8.43,3,25.29,30.78,60.0,20.52
Acuicultura,3° medio,"Manejo de reproductores, desove y crías de larvas de especies hidrobiológicas",51.3,73,8.43,4,33.72,41.04,80.0,10.26
Acuicultura,3° medio,"Manejo de reproductores, desove y crías de larvas de especies hidrobiológicas",51.3,73,8.43,5,42.15,51.3,100.0,-0.0
Acuicultura,3° medio,"Manejo de reproductores, desove y crías de larvas de especies hidrobiológicas",51.3,73,8.43,6,50.58,61.56,120.0,-10.26
Acuicultura,3° medio,Engorde de especies acuícolas,51.3,73,8.43,3,25.29,30.78,60.0,20.52
Acuicultura,3° medio,Engorde de especies acuícolas,51.3,73,8.43,4,33.72,41.04,80.0,10.26
Acuicultura,3° medio,Engorde de especies acuícolas,51.3,73,8.43,5,42.15,51.3,100.0,-0.0
Acuicultura,3° medio,Engorde de especies acuícolas,51.3,73,8.43,6,50.58,61.56,120.0,-10.26
Acuicultura,3° medio,"Operación de sistemas, equipos y maquinarias",51.3,67,9.19,3,27.57,30.78,60.0,20.52
Acuicultura,3° medio,"Operación de sistemas, equipos y maquinarias",51.3,67,9.19,4,36.76,41.04,80.0,10.26
Acuicultura,3° medio,"Operación de sistemas, equipos y maquinarias",51.3,67,9.19,5,45.95,51.3,100.0,-0.0
Acuicultura,3° medio,"Operación de sistemas, equipos y maquinarias",51.3,67,9.19,6,55.14,61.56,120.0,-10.26
Acuicultura,3° medio,"Seguridad, prevención de riesgos y cuidado del medio ambiente",34.2,61,6.73,3,20.19,20.52,60.0,13.68
Acuicultura,3° medio,"Seguridad, prevención de riesgos y cuidado del medio ambiente",34.2,61,6.73,4,26.92,27.36,80.0,6.84
Acuicultura,3° medio,"Seguridad, prevención de riesgos y cuidado del medio ambiente",34.2,61,6.73,5,33.65,34.2,100.0,0.0
Acuicultura,3° medio,"Seguridad, prevención de riesgos y cuidado del medio ambiente",34.2,61,6.73,6,40.38,41.04,120.0,-6.84
Acuicultura,4° medio,Cosecha de especies acuícolas,51.3,61,10.09,3,30.27,30.78,60.0,20.52
Acuicultura,4° medio,Cosecha de especies acuícolas,51.3,61,10.09,4,40.36,41.04,80.0,10.26
Acuicultura,4° medio,Cosecha de especies acuícolas,51.3,61,10.09,5,50.45,51.3,100.0,-0.0
Acuicultura,4° medio,Cosecha de especies acuícolas,51.3,61,10.09,6,60.54,61.56,120.0,-10.26
Acuicultura,4° medio,Captación de semillas,34.2,61,6.73,3,20.19,20.52,60.0,13.68
Acuicultura,4° medio,Captación de semillas,34.2,61,6.73,4,26.92,27.36,80.0,6.84
Acuicultura,4° medio,Captación de semillas,34.2,61,6.73,5,33.65,34.2,100.0,0.0
Acuicultura,4° medio,Captación de semillas,34.2,61,6.73,6,40.38,41.04,120.0,-6.84
Acuicultura,4° medio,Trabajos subacuáticos en acuicultura,51.3,61,10.09,3,30.27,30.78,60.0,20.52
Acuicultura,4° medio,Trabajos subacuáticos en acuicultura,51.3,61,10.09,4,40.36,41.04,80.0,10.26
Acuicultura,4° medio,Trabajos subacuáticos en acuicultura,51.3,61,10.09,5,50.45,51.3,100.0,-0.0
Acuicultura,4° medio,Trabajos subacuáticos en acuicultura,51.3,61,10.09,6,60.54,61.56,120.0,-10.26
Acuicultura,4° medio,Manejo de información acuícola,34.2,61,6.73,3,20.19,20.52,60.0,13.68
Acuicultura,4° medio,Manejo de información acuícola,34.2,61,6.73,4,26.92,27.36,80.0,6.84
Acuicultura,4° medio,Manejo de información acuícola,34.2,61,6.73,5,33.65,34.2,100.0,0.0
Acuicultura,4° medio,Manejo de información acuícola,34.2,61,6.73,6,40.38,41.04,120.0,-6.84
Acuicultura,4° medio,Emprendimiento y empleabilidad,17.1,67,3.06,3,9.18,10.26,60.0,6.84
Acuicultura,4° medio,Emprendimiento y empleabilidad,17.1,67,3.06,4,12.24,13.68,80.0,3.42
Acuicultura,4° medio,Emprendimiento y empleabilidad,17.1,67,3.06,5,15.3,17.1,100.0,0.0
Acuicultura,4° medio,Emprendimiento y empleabilidad,17.1,67,3.06,6,18.36,20.52,120.0,-3.42
Operaciones Portuarias,3° medio,Documentación en la operación portuaria,59.85,61,11.77,3,35.31,35.91,60.0,23.94
Operaciones Portuarias,3° medio,Documentación en la operación portuaria,59.85,61,11.77,4,47.08,47.88,80.0,11.97
Operaciones Portuarias,3° medio,Documentación en la operación portuaria,59.85,61,11.77,5,58.85,59.85,100.0,0.0
Operaciones Portuarias,3° medio,Documentación en la operación portuaria,59.85,61,11.77,6,70.62,71.82,120.0,-11.97
Operaciones Portuarias,3° medio,Consolidación y desconsolidación de contenedores,51.3,67,9.19,3,27.57,30.78,60.0,20.52
Operaciones Portuarias,3° medio,Consolidación y desconsolidación de contenedores,51.3,67,9.19,4,36.76,41.04,80.0,10.26
Operaciones Portuarias,3° medio,Consolidación y desconsolidación de contenedores,51.3,67,9.19,5,45.95,51.3,100.0,-0.0
Operaciones Portuarias,3° medio,Consolidación y desconsolidación de contenedores,51.3,67,9.19,6,55.14,61.56,120.0,-10.26
Operaciones Portuarias,3° medio,Seguridad y prevención de riesgos en faenas portuarias,34.2,61,6.73,3,20.19,20.52,60.0,13.68
Operaciones Portuarias,3° medio,Seguridad y prevención de riesgos en faenas portuarias,34.2,61,6.73,4,26.92,27.36,80.0,6.84
Operaciones Portuarias,3° medio,Seguridad y prevención de riesgos en faenas portuarias,34.2,61,6.73,5,33.65,34.2,100.0,0.0
Operaciones Portuarias,3° medio,Seguridad y prevención de riesgos en faenas portuarias,34.2,61,6.73,6,40.38,41.04,120.0,-6.84
Operaciones Portuarias,3° medio,Operación de movilización y distribución de cargas,42.75,61,8.41,3,25.23,25.65,60.0,17.1
Operaciones Portuarias,3° medio,Operación de movilización y distribución de cargas,42.75,61,8.41,4,33.64,34.2,80.0,8.55
Operaciones Portuarias,3° medio,Operación de movilización y distribución de cargas,42.75,61,8.41,5,42.05,42.75,100.0,0.0
Operaciones Portuarias,3° medio,Operación de movilización y distribución de cargas,42.75,61,8.41,6,50.46,51.3,120.0,-8.55
Operaciones Portuarias,4° medio,Tramitación y documentación de recepción y despacho de carga,51.3,61,10.09,3,30.27,30.78,60.0,20.52
Operaciones Portuarias,4° medio,Tramitación y documentación de recepción y despacho de carga,51.3,61,10.09,4,40.36,41.04,80.0,10.26
Operaciones Portuarias,4° medio,Tramitación y documentación de recepción y despacho de carga,51.3,61,10.09,5,50.45,51.3,100.0,-0.0
Operaciones Portuarias,4° medio,Tramitación y documentación de recepción y despacho de carga,51.3,61,10.09,6,60.54,61.56,120.0,-10.26
Operaciones Portuarias,4° medio,Estiba y desestiba de naves mercantes,42.75,61,8.41,3,25.23,25.65,60.0,17.1
Operaciones Portuarias,4° medio,Estiba y desestiba de naves mercantes,42.75,61,8.41,4,33.64,34.2,80.0,8.55
Operaciones Portuarias,4° medio,Estiba y desestiba de naves mercantes,42.75,61,8.41,5,42.05,42.75,100.0,0.0
Operaciones Portuarias,4° medio,Estiba y desestiba de naves mercantes,42.75,61,8.41,6,50.46,51.3,120.0,-8.55
Operaciones Portuarias,4° medio,Tramitación de movilización y distribución de cargas,42.75,61,8.41,3,25.23,25.65,60.0,17.1
Operaciones Portuarias,4° medio,Tramitación de movilización y distribución de cargas,42.75,61,8.41,4,33.64,34.2,80.0,8.55
Operaciones Portuarias,4° medio,Tramitación de movilización y distribución de cargas,42.75,61,8.41,5,42.05,42.75,100.0,0.0
Operaciones Portuarias,4° medio,Tramitación de movilización y distribución de cargas,42.75,61,8.41,6,50.46,51.3,120.0,-8.55
Operaciones Portuarias,4° medio,Organización y almacenamiento de cargas en zonas de depósito,34.2,67,6.13,3,18.39,20.52,60.0,13.68
Operaciones Portuarias,4° medio,Organización y almacenamiento de cargas en zonas de depósito,34.2,67,6.13,4,24.52,27.36,80.0,6.84
Operaciones Portuarias,4° medio,Organización y almacenamiento de cargas en zonas de depósito,34.2,67,6.13,5,30.65,34.2,100.0,0.0
Operaciones Portuarias,4° medio,Organización y almacenamiento de cargas en zonas de depósito,34.2,67,6.13,6,36.78,41.04,120.0,-6.84
Operaciones Portuarias,4° medio,Emprendimiento y empleabilidad,17.1,67,3.06,3,9.18,10.26,60.0,6.84
Operaciones Portuarias,4° medio,Emprendimiento y empleabilidad,17.1,67,3.06,4,12.24,13.68,80.0,3.42
Operaciones Portuarias,4° medio,Emprendimiento y empleabilidad,17.1,67,3.06,5,15.3,17.1,100.0,0.0
Operaciones Portuarias,4° medio,Emprendimiento y empleabilidad,17.1,67,3.06,6,18.36,20.52,120.0,-3.42
Pesquería,3° medio,Navegación y meteorología,51.3,61,10.09,3,30.27,30.78,60.0,20.52
Pesquería,3° medio,Navegación y meteorología,51.3,61,10.09,4,40.36,41.04,80.0,10.26
Pesquería,3° medio,Navegación y meteorología,51.3,61,10.09,5,50.45,51.3,100.0,-0.0
Pesquería,3° medio,Navegación y meteorología,51.3,61,10.09,6,60.54,61.56,120.0,-10.26
Pesquería,3° medio,"Armado, mantenimiento y reparación de implementos de pesca",51.3,79,7.79,3,23.37,30.78,60.0,20.52
Pesquería,3° medio,"Armado, mantenimiento y reparación de implementos de pesca",51.3,79,7.79,4,31.16,41.04,80.0,10.26
Pesquería,3° medio,"Armado, mantenimiento y reparación de implementos de pesca",51.3,79,7.79,5,38.95,51.3,100.0,-0.0
Pesquería,3° medio,"Armado, mantenimiento y reparación de implementos de pesca",51.3,79,7.79,6,46.74,61.56,120.0,-10.26
Pesquería,3° medio,Tratamientos de conservación y manipulación de recursos hidrobiológicos,51.3,61,10.09,3,30.27,30.78,60.0,20.52
Pesquería,3° medio,Tratamientos de conservación y manipulación de recursos hidrobiológicos,51.3,61,10.09,4,40.36,41.04,80.0,10.26
Pesquería,3° medio,Tratamientos de conservación y manipulación de recursos hidrobiológicos,51.3,61,10.09,5,50.45,51.3,100.0,-0.0
Pesquería,3° medio,Tratamientos de conservación y manipulación de recursos hidrobiológicos,51.3,61,10.09,6,60.54,61.56,120.0,-10.26
Pesquería,3° medio,Prevención de riesgos en el mar,34.2,61,6.73,3,20.19,20.52,60.0,13.68
Pesquería,3° medio,Prevención de riesgos en el mar,34.2,61,6.73,4,26.92,27.36,80.0,6.84
Pesquería,3° medio,Prevención de riesgos en el mar,34.2,61,6.73,5,33.65,34.2,100.0,0.0
Pesquería,3° medio,Prevención de riesgos en el mar,34.2,61,6.73,6,40.38,41.04,120.0,-6.84
Pesquería,4° medio,Primeros auxilios,34.2,73,5.62,3,16.86,20.52,60.0,13.68
Pesquería,4° medio,Primeros auxilios,34.2,73,5.62,4,22.48,27.36,80.0,6.84
Pesquería,4° medio,Primeros auxilios,34.2,73,5.62,5,28.1,34.2,100.0,0.0
Pesquería,4° medio,Primeros auxilios,34.2,73,5.62,6,33.72,41.04,120.0,-6.84
Pesquería,4° medio,Maniobras y operación de artes de pesca,51.3,67,9.19,3,27.57,30.78,60.0,20.52
Pesquería,4° medio,Maniobras y operación de artes de pesca,51.3,67,9.19,4,36.76,41.04,80.0,10.26
Pesquería,4° medio,Maniobras y operación de artes de pesca,51.3,67,9.19,5,45.95,51.3,100.0,-0.0
Pesquería,4° medio,Maniobras y operación de artes de pesca,51.3,67,9.19,6,55.14,61.56,120.0,-10.26
Pesquería,4° medio,Gestión de planes y proyectos de manejo y emprendimiento pesquero,51.3,73,8.43,3,25.29,30.78,60.0,20.52
Pesquería,4° medio,Gestión de planes y proyectos de manejo y emprendimiento pesquero,51.3,73,8.43,4,33.72,41.04,80.0,10.26
Pesquería,4° medio,Gestión de planes y proyectos de manejo y emprendimiento pesquero,51.3,73,8.43,5,42.15,51.3,100.0,-0.0
Pesquería,4° medio,Gestión de planes y proyectos de manejo y emprendimiento pesquero,51.3,73,8.43,6,50.58,61.56,120.0,-10.26
Pesquería,4° medio,Comunicaciones marítimas,34.2,67,6.13,3,18.39,20.52,60.0,13.68
Pesquería,4° medio,Comunicaciones marítimas,34.2,67,6.13,4,24.52,27.36,80.0,6.84
Pesquería,4° medio,Comunicaciones marítimas,34.2,67,6.13,5,30.65,34.2,100.0,0.0
Pesquería,4° medio,Comunicaciones marítimas,34.2,67,6.13,6,36.78,41.04,120.0,-6.84
Pesquería,4° medio,Emprendimiento y empleabilidad,17.1,67,3.06,3,9.18,10.26,60.0,6.84
Pesquería,4° medio,Emprendimiento y empleabilidad,17.1,67,3.06,4,12.24,13.68,80.0,3.42
Pesquería,4° medio,Emprendimiento y empleabilidad,17.1,67,3.06,5,15.3,17.1,100.0,0.0
Pesquería,4° medio,Emprendimiento y empleabilidad,17.1,67,3.06,6,18.36,20.52,120.0,-3.42
Tripulación de Naves Mercantes y Especiales,3° medio,Operación de equipos de maniobras de cubierta,51.3,67,9.19,3,27.57,30.78,60.0,20.52
Tripulación de Naves Mercantes y Especiales,3° medio,Operación de equipos de maniobras de cubierta,51.3,67,9.19,4,36.76,41.04,80.0,10.26
Tripulación de Naves Mercantes y Especiales,3° medio,Operación de equipos de maniobras de cubierta,51.3,67,9.19,5,45.95,51.3,100.0,-0.0
Tripulación de Naves Mercantes y Especiales,3° medio,Operación de equipos de maniobras de cubierta,51.3,67,9.19,6,55.14,61.56,120.0,-10.26
Tripulación de Naves Mercantes y Especiales,3° medio,Mantenimiento de máquinas de cubierta,51.3,67,9.19,3,27.57,30.78,60.0,20.52
Tripulación de Naves Mercantes y Especiales,3° medio,Mantenimiento de máquinas de cubierta,51.3,67,9.19,4,36.76,41.04,80.0,10.26
Tripulación de Naves Mercantes y Especiales,3° medio,Mantenimiento de máquinas de cubierta,51.3,67,9.19,5,45.95,51.3,100.0,-0.0
Tripulación de Naves Mercantes y Especiales,3° medio,Mantenimiento de máquinas de cubierta,51.3,67,9.19,6,55.14,61.56,120.0,-10.26
Tripulación de Naves Mercantes y Especiales,3° medio,Prevención de riesgos en el mar,51.3,67,9.19,3,27.57,30.78,60.0,20.52
Tripulación de Naves Mercantes y Especiales,3° medio,Prevención de riesgos en el mar,51.3,67,9.19,4,36.76,41.04,80.0,10.26
Tripulación de Naves Mercantes y Especiales,3° medio,Prevención de riesgos en el mar,51.3,67,9.19,5,45.95,51.3,100.0,-0.0
Tripulación de Naves Mercantes y Especiales,3° medio,Prevención de riesgos en el mar,51.3,67,9.19,6,55.14,61.56,120.0,-10.26
Tripulación de Naves Mercantes y Especiales,3° medio,Operación puente de gobierno,34.2,67,6.13,3,18.39,20.52,60.0,13.68
Tripulación de Naves Mercantes y Especiales,3° medio,Operación puente de gobierno,34.2,67,6.13,4,24.52,27.36,80.0,6.84
Tripulación de Naves Mercantes y Especiales,3° medio,Operación puente de gobierno,34.2,67,6.13,5,30.65,34.2,100.0,0.0
Tripulación de Naves Mercantes y Especiales,3° medio,Operación puente de gobierno,34.2,67,6.13,6,36.78,41.04,120.0,-6.84
Tripulación de Naves Mercantes y Especiales,4° medio,Primeros auxilios,34.2,73,5.62,3,16.86,20.52,60.0,13.68
Tripulación de Naves Mercantes y Especiales,4° medio,Primeros auxilios,34.2,73,5.62,4,22.48,27.36,80.0,6.84
Tripulación de Naves Mercantes y Especiales,4° medio,Primeros auxilios,34.2,73,5.62,5,28.1,34.2,100.0,0.0
Tripulación de Naves Mercantes y Especiales,4° medio,Primeros auxilios,34.2,73,5.62,6,33.72,41.04,120.0,-6.84
Tripulación de Naves Mercantes y Especiales,4° medio,Operación de máquinas propulsoras y auxiliares,51.3,67,9.19,3,27.57,30.78,60.0,20.52
Tripulación de Naves Mercantes y Especiales,4° medio,Operación de máquinas propulsoras y auxiliares,51.3,67,9.19,4,36.76,41.04,80.0,10.26
Tripulación de Naves Mercantes y Especiales,4° medio,Operación de máquinas propulsoras y auxiliares,51.3,67,9.19,5,45.95,51.3,100.0,-0.0
Tripulación de Naves Mercantes y Especiales,4° medio,Operación de máquinas propulsoras y auxiliares,51.3,67,9.19,6,55.14,61.56,120.0,-10.26
Tripulación de Naves Mercantes y Especiales,4° medio,Mantenimiento de máquinas marinas,51.3,61,10.09,3,30.27,30.78,60.0,20.52
Tripulación de Naves Mercantes y Especiales,4° medio,Mantenimiento de máquinas marinas,51.3,61,10.09,4,40.36,41.04,80.0,10.26
Tripulación de Naves Mercantes y Especiales,4° medio,Mantenimiento de máquinas marinas,51.3,61,10.09,5,50.45,51.3,100.0,-0.0
Tripulación de Naves Mercantes y Especiales,4° medio,Mantenimiento de máquinas marinas,51.3,61,10.09,6,60.54,61.56,120.0,-10.26
Tripulación de Naves Mercantes y Especiales,4° medio,Comunicaciones,34.2,67,6.13,3,18.39,20.52,60.0,13.68
Tripulación de Naves Mercantes y Especiales,4° medio,Comunicaciones,34.2,67,6.13,4,24.52,27.36,80.0,6.84
Tripulación de Naves Mercantes y Especiales,4° medio,Comunicaciones,34.2,67,6.13,5,30.65,34.2,100.0,0.0
Tripulación de Naves Mercantes y Especiales,4° medio,Comunicaciones,34.2,67,6.13,6,36.78,41.04,120.0,-6.84
Tripulación de Naves Mercantes y Especiales,4° medio,Emprendimiento y empleabilidad,17.1,67,3.06,3,9.18,10.26,60.0,6.84
Tripulación de Naves Mercantes y Especiales,4° medio,Emprendimiento y empleabilidad,17.1,67,3.06,4,12.24,13.68,80.0,3.42
Tripulación de Naves Mercantes y Especiales,4° medio,Emprendimiento y empleabilidad,17.1,67,3.06,5,15.3,17.1,100.0,0.0
Tripulación de Naves Mercantes y Especiales,4° medio,Emprendimiento y empleabilidad,17.1,67,3.06,6,18.36,20.52,120.0,-3.42
Construcciones Metálicas,3° medio,Lectura y dibujo de planos en construcciones metálicas,42.75,67,7.66,3,22.98,25.65,60.0,17.1
Construcciones Metálicas,3° medio,Lectura y dibujo de planos en construcciones metálicas,42.75,67,7.66,4,30.64,34.2,80.0,8.55
Construcciones Metálicas,3° medio,Lectura y dibujo de planos en construcciones metálicas,42.75,67,7.66,5,38.3,42.75,100.0,0.0
Construcciones Metálicas,3° medio,Lectura y dibujo de planos en construcciones metálicas,42.75,67,7.66,6,45.96,51.3,120.0,-8.55
Construcciones Metálicas,3° medio,Trazado de partes y piezas en construcciones metálicas,51.3,55,11.19,3,33.57,30.78,60.0,20.52
Construcciones Metálicas,3° medio,Trazado de partes y piezas en construcciones metálicas,51.3,55,11.19,4,44.76,41.04,80.0,10.26
Construcciones Metálicas,3° medio,Trazado de partes y piezas en construcciones metálicas,51.3,55,11.19,5,55.95,51.3,100.0,-0.0
Construcciones Metálicas,3° medio,Trazado de partes y piezas en construcciones metálicas,51.3,55,11.19,6,67.14,61.56,120.0,-10.26
Construcciones Metálicas,3° medio,Mantenimiento de equipos y herramientas en construcciones metálicas,42.75,61,8.41,3,25.23,25.65,60.0,17.1
Construcciones Metálicas,3° medio,Mantenimiento de equipos y herramientas en construcciones metálicas,42.75,61,8.41,4,33.64,34.2,80.0,8.55
Construcciones Metálicas,3° medio,Mantenimiento de equipos y herramientas en construcciones metálicas,42.75,61,8.41,5,42.05,42.75,100.0,0.0
Construcciones Metálicas,3° medio,Mantenimiento de equipos y herramientas en construcciones metálicas,42.75,61,8.41,6,50.46,51.3,120.0,-8.55
Construcciones Metálicas,3° medio,Mecanizado de partes y piezas metálicas,51.3,55,11.19,3,33.57,30.78,60.0,20.52
Construcciones Metálicas,3° medio,Mecanizado de partes y piezas metálicas,51.3,55,11.19,4,44.76,41.04,80.0,10.26
Construcciones Metálicas,3° medio,Mecanizado de partes y piezas metálicas,51.3,55,11.19,5,55.95,51.3,100.0,-0.0
Construcciones Metálicas,3° medio,Mecanizado de partes y piezas metálicas,51.3,55,11.19,6,67.14,61.56,120.0,-10.26
Construcciones Metálicas,4° medio,Corte y soldadura en construcciones metálicas,51.3,79,7.79,3,23.37,30.78,60.0,20.52
Construcciones Metálicas,4° medio,Corte y soldadura en construcciones metálicas,51.3,79,7.79,4,31.16,41.04,80.0,10.26
Construcciones Metálicas,4° medio,Corte y soldadura en construcciones metálicas,51.3,79,7.79,5,38.95,51.3,100.0,-0.0
Construcciones Metálicas,4° medio,Corte y soldadura en construcciones metálicas,51.3,79,7.79,6,46.74,61.56,120.0,-10.26
Construcciones Metálicas,4° medio,Armado y montaje en construcciones metálicas,51.3,61,10.09,3,30.27,30.78,60.0,20.52
Construcciones Metálicas,4° medio,Armado y montaje en construcciones metálicas,51.3,61,10.09,4,40.36,41.04,80.0,10.26
Construcciones Metálicas,4° medio,Armado y montaje en construcciones metálicas,51.3,61,10.09,5,50.45,51.3,100.0,-0.0
Construcciones Metálicas,4° medio,Armado y montaje en construcciones metálicas,51.3,61,10.09,6,60.54,61.56,120.0,-10.26
Construcciones Metálicas,4° medio,Protección de estructuras y tratamientos de residuos,42.75,85,6.04,3,18.12,25.65,60.0,17.1
Construcciones Metálicas,4° medio,Protección de estructuras y tratamientos de residuos,42.75,85,6.04,4,24.16,34.2,80.0,8.55
Construcciones Metálicas,4° medio,Protección de estructuras y tratamientos de residuos,42.75,85,6.04,5,30.2,42.75,100.0,0.0
Construcciones Metálicas,4° medio,Protección de estructuras y tratamientos de residuos,42.75,85,6.04,6,36.24,51.3,120.0,-8.55
Construcciones Metálicas,4° medio,Cubicación de materiales e insumos en construcciones metálicas,25.65,61,5.05,3,15.15,15.39,60.0,10.26
Construcciones Metálicas,4° medio,Cubicación de materiales e insumos en construcciones metálicas,25.65,61,5.05,4,20.2,20.52,80.0,5.13
Construcciones Metálicas,4° medio,Cubicación de materiales e insumos en construcciones metálicas,25.65,61,5.05,5,25.25,25.65,100.0,-0.0
Construcciones Metálicas,4° medio,Cubicación de materiales e insumos en construcciones metálicas,25.65,61,5.05,6,30.3,30.78,120.0,-5.13
Construcciones Metálicas,4° medio,Emprendimiento y empleabilidad,17.1,67,3.06,3,9.18,10.26,60.0,6.84
Construcciones Metálicas,4° medio,Emprendimiento y empleabilidad,17.1,67,3.06,4,12.24,13.68,80.0,3.42
Construcciones Metálicas,4° medio,Emprendimiento y empleabilidad,17.1,67,3.06,5,15.3,17.1,100.0,0.0
Construcciones Metálicas,4° medio,Emprendimiento y empleabilidad,17.1,67,3.06,6,18.36,20.52,120.0,-3.42
Mecánica Automotriz,3° medio,Ajuste de motores,51.3,67,9.19,3,27.57,30.78,60.0,20.52
Mecánica Automotriz,3° medio,Ajuste de motores,51.3,67,9.19,4,36.76,41.04,80.0,10.26
Mecánica Automotriz,3° medio,Ajuste de motores,51.3,67,9.19,5,45.95,51.3,100.0,-0.0
Mecánica Automotriz,3° medio,Ajuste de motores,51.3,67,9.19,6,55.14,61.56,120.0,-10.26
Mecánica Automotriz,3° medio,Lectura de planos y manuales técnicos,34.2,61,6.73,3,20.19,20.52,60.0,13.68
Mecánica Automotriz,3° medio,Lectura de planos y manuales técnicos,34.2,61,6.73,4,26.92,27.36,80.0,6.84
Mecánica Automotriz,3° medio,Lectura de planos y manuales técnicos,34.2,61,6.73,5,33.65,34.2,100.0,0.0
Mecánica Automotriz,3° medio,Lectura de planos y manuales técnicos,34.2,61,6.73,6,40.38,41.04,120.0,-6.84
Mecánica Automotriz,3° medio,Manejo de residuos y desechos automotrices,17.1,55,3.73,3,11.19,10.26,60.0,6.84
Mecánica Automotriz,3° medio,Manejo de residuos y desechos automotrices,17.1,55,3.73,4,14.92,13.68,80.0,3.42
Mecánica Automotriz,3° medio,Manejo de residuos y desechos automotrices,17.1,55,3.73,5,18.65,17.1,100.0,0.0
Mecánica Automotriz,3° medio,Manejo de residuos y desechos automotrices,17.1,55,3.73,6,22.38,20.52,120.0,-3.42
Mecánica Automotriz,3° medio,Mantenimiento de sistemas de seguridad y confortabilidad,34.2,67,6.13,3,18.39,20.52,60.0,13.68
Mecánica Automotriz,3° medio,Mantenimiento de sistemas de seguridad y confortabilidad,34.2,67,6.13,4,24.52,27.36,80.0,6.84
Mecánica Automotriz,3° medio,Mantenimiento de sistemas de seguridad y confortabilidad,34.2,67,6.13,5,30.65,34.2,100.0,0.0
Mecánica Automotriz,3° medio,Mantenimiento de sistemas de seguridad y confortabilidad,34.2,67,6.13,6,36.78,41.04,120.0,-6.84
Mecánica Automotriz,4° medio,Mantenimiento de sistemas eléctricos y electrónicos,51.3,67,9.19,3,27.57,30.78,60.0,20.52
Mecánica Automotriz,4° medio,Mantenimiento de sistemas eléctricos y electrónicos,51.3,67,9.19,4,36.76,41.04,80.0,10.26
Mecánica Automotriz,4° medio,Mantenimiento de sistemas eléctricos y electrónicos,51.3,67,9.19,5,45.95,51.3,100.0,-0.0
Mecánica Automotriz,4° medio,Mantenimiento de sistemas eléctricos y electrónicos,51.3,67,9.19,6,55.14,61.56,120.0,-10.26
Mecánica Automotriz,4° medio,Mantenimiento de motores,42.75,61,8.41,3,25.23,25.65,60.0,17.1
Mecánica Automotriz,4° medio,Mantenimiento de motores,42.75,61,8.41,4,33.64,34.2,80.0,8.55
Mecánica Automotriz,4° medio,Mantenimiento de motores,42.75,61,8.41,5,42.05,42.75,100.0,0.0
Mecánica Automotriz,4° medio,Mantenimiento de motores,42.75,61,8.41,6,50.46,51.3,120.0,-8.55
Mecánica Automotriz,4° medio,Mantenimiento de sistemas hidráulicos y neumáticos,42.75,73,7.03,3,21.09,25.65,60.0,17.1
Mecánica Automotriz,4° medio,Mantenimiento de sistemas hidráulicos y neumáticos,42.75,73,7.03,4,28.12,34.2,80.0,8.55
Mecánica Automotriz,4° medio,Mantenimiento de sistemas hidráulicos y neumáticos,42.75,73,7.03,5,35.15,42.75,100.0,0.0
Mecánica Automotriz,4° medio,Mantenimiento de sistemas hidráulicos y neumáticos,42.75,73,7.03,6,42.18,51.3,120.0,-8.55
Mecánica Automotriz,4° medio,Mantenimiento de los sistemas de transmisión y frenos,42.75,61,8.41,3,25.23,25.65,60.0,17.1
Mecánica Automotriz,4° medio,Mantenimiento de los sistemas de transmisión y frenos,42.75,61,8.41,4,33.64,34.2,80.0,8.55
Mecánica Automotriz,4° medio,Mantenimiento de los sistemas de transmisión y frenos,42.75,61,8.41,5,42.05,42.75,100.0,0.0
Mecánica Automotriz,4° medio,Mantenimiento de los sistemas de transmisión y frenos,42.75,61,8.41,6,50.46,51.3,120.0,-8.55
Mecánica Automotriz,4° medio,Mantenimiento de sistemas de dirección y suspensión,42.75,73,7.03,3,21.09,25.65,60.0,17.1
Mecánica Automotriz,4° medio,Mantenimiento de sistemas de dirección y suspensión,42.75,73,7.03,4,28.12,34.2,80.0,8.55
Mecánica Automotriz,4° medio,Mantenimiento de sistemas de dirección y suspensión,42.75,73,7.03,5,35.15,42.75,100.0,0.0
Mecánica Automotriz,4° medio,Mantenimiento de sistemas de dirección y suspensión,42.75,73,7.03,6,42.18,51.3,120.0,-8.55
Mecánica Automotriz,4° medio,Emprendimiento y empleabilidad,17.1,67,3.06,3,9.18,10.26,60.0,6.84
Mecánica Automotriz,4° medio,Emprendimiento y empleabilidad,17.1,67,3.06,4,12.24,13.68,80.0,3.42
Mecánica Automotriz,4° medio,Emprendimiento y empleabilidad,17.1,67,3.06,5,15.3,17.1,100.0,0.0
Mecánica Automotriz,4° medio,Emprendimiento y empleabilidad,17.1,67,3.06,6,18.36,20.52,120.0,-3.42
Mecánica de Mantenimiento de Aeronaves,3° medio,Reparación y remplazo de elementos estructurales de la aeronave,51.3,61,10.09,3,30.27,30.78,60.0,20.52
Mecánica de Mantenimiento de Aeronaves,3° medio,Reparación y remplazo de elementos estructurales de la aeronave,51.3,61,10.09,4,40.36,41.04,80.0,10.26
Mecánica de Mantenimiento de Aeronaves,3° medio,Reparación y remplazo de elementos estructurales de la aeronave,51.3,61,10.09,5,50.45,51.3,100.0,-0.0
Mecánica de Mantenimiento de Aeronaves,3° medio,Reparación y remplazo de elementos estructurales de la aeronave,51.3,61,10.09,6,60.54,61.56,120.0,-10.26
Mecánica de Mantenimiento de Aeronaves,3° medio,Detección de fallas en instrumentos y sistemas de navegación y comunicación de la aeronave,51.3,67,9.19,3,27.57,30.78,60.0,20.52
Mecánica de Mantenimiento de Aeronaves,3° medio,Detección de fallas en instrumentos y sistemas de navegación y comunicación de la aeronave,51.3,67,9.19,4,36.76,41.04,80.0,10.26
Mecánica de Mantenimiento de Aeronaves,3° medio,Detección de fallas en instrumentos y sistemas de navegación y comunicación de la aeronave,51.3,67,9.19,5,45.95,51.3,100.0,-0.0
Mecánica de Mantenimiento de Aeronaves,3° medio,Detección de fallas en instrumentos y sistemas de navegación y comunicación de la aeronave,51.3,67,9.19,6,55.14,61.56,120.0,-10.26
Mecánica de Mantenimiento de Aeronaves,3° medio,Mantenimiento de los controles de vuelo de la aeronave,34.2,67,6.13,3,18.39,20.52,60.0,13.68
Mecánica de Mantenimiento de Aeronaves,3° medio,Mantenimiento de los controles de vuelo de la aeronave,34.2,67,6.13,4,24.52,27.36,80.0,6.84
Mecánica de Mantenimiento de Aeronaves,3° medio,Mantenimiento de los controles de vuelo de la aeronave,34.2,67,6.13,5,30.65,34.2,100.0,0.0
Mecánica de Mantenimiento de Aeronaves,3° medio,Mantenimiento de los controles de vuelo de la aeronave,34.2,67,6.13,6,36.78,41.04,120.0,-6.84
Mecánica de Mantenimiento de Aeronaves,3° medio,"Inglés técnico de estructura, controles de vuelo y sistemas de navegación y comunicación de la aeronave",17.1,61,3.36,3,10.08,10.26,60.0,6.84
Mecánica de Mantenimiento de Aeronaves,3° medio,"Inglés técnico de estructura, controles de vuelo y sistemas de navegación y comunicación de la aeronave",17.1,61,3.36,4,13.44,13.68,80.0,3.42
Mecánica de Mantenimiento de Aeronaves,3° medio,"Inglés técnico de estructura, controles de vuelo y sistemas de navegación y comunicación de la aeronave",17.1,61,3.36,5,16.8,17.1,100.0,0.0
Mecánica de Mantenimiento de Aeronaves,3° medio,"Inglés técnico de estructura, controles de vuelo y sistemas de navegación y comunicación de la aeronave",17.1,61,3.36,6,20.16,20.52,120.0,-3.42
Mecánica de Mantenimiento de Aeronaves,4° medio,Lectura e interpretación de manuales de mantenimiento de aeronaves,17.1,61,3.36,3,10.08,10.26,60.0,6.84
Mecánica de Mantenimiento de Aeronaves,4° medio,Lectura e interpretación de manuales de mantenimiento de aeronaves,17.1,61,3.36,4,13.44,13.68,80.0,3.42
Mecánica de Mantenimiento de Aeronaves,4° medio,Lectura e interpretación de manuales de mantenimiento de aeronaves,17.1,61,3.36,5,16.8,17.1,100.0,0.0
Mecánica de Mantenimiento de Aeronaves,4° medio,Lectura e interpretación de manuales de mantenimiento de aeronaves,17.1,61,3.36,6,20.16,20.52,120.0,-3.42
Mecánica de Mantenimiento de Aeronaves,4° medio,Normativa de mantenimiento aeronáutico,17.1,61,3.36,3,10.08,10.26,60.0,6.84
Mecánica de Mantenimiento de Aeronaves,4° medio,Normativa de mantenimiento aeronáutico,17.1,61,3.36,4,13.44,13.68,80.0,3.42
Mecánica de Mantenimiento de Aeronaves,4° medio,Normativa de mantenimiento aeronáutico,17.1,61,3.36,5,16.8,17.1,100.0,0.0
Mecánica de Mantenimiento de Aeronaves,4° medio,Normativa de mantenimiento aeronáutico,17.1,61,3.36,6,20.16,20.52,120.0,-3.42
Mecánica de Mantenimiento de Aeronaves,4° medio,Mantenimiento de las unidades y sistemas asociados al motor recíproco,51.3,67,9.19,3,27.57,30.78,60.0,20.52
Mecánica de Mantenimiento de Aeronaves,4° medio,Mantenimiento de las unidades y sistemas asociados al motor recíproco,51.3,67,9.19,4,36.76,41.04,80.0,10.26
Mecánica de Mantenimiento de Aeronaves,4° medio,Mantenimiento de las unidades y sistemas asociados al motor recíproco,51.3,67,9.19,5,45.95,51.3,100.0,-0.0
Mecánica de Mantenimiento de Aeronaves,4° medio,Mantenimiento de las unidades y sistemas asociados al motor recíproco,51.3,67,9.19,6,55.14,61.56,120.0,-10.26
Mecánica de Mantenimiento de Aeronaves,4° medio,Mantenimiento de las unidades y sistemas asociados al motor a reacción,51.3,67,9.19,3,27.57,30.78,60.0,20.52
Mecánica de Mantenimiento de Aeronaves,4° medio,Mantenimiento de las unidades y sistemas asociados al motor a reacción,51.3,67,9.19,4,36.76,41.04,80.0,10.26
Mecánica de Mantenimiento de Aeronaves,4° medio,Mantenimiento de las unidades y sistemas asociados al motor a reacción,51.3,67,9.19,5,45.95,51.3,100.0,-0.0
Mecánica de Mantenimiento de Aeronaves,4° medio,Mantenimiento de las unidades y sistemas asociados al motor a reacción,51.3,67,9.19,6,55.14,61.56,120.0,-10.26
Mecánica de Mantenimiento de Aeronaves,4° medio,Mantenimiento de los sistemas de la aeronave,51.3,67,9.19,3,27.57,30.78,60.0,20.52
Mecánica de Mantenimiento de Aeronaves,4° medio,Mantenimiento de los sistemas de la aeronave,51.3,67,9.19,4,36.76,41.04,80.0,10.26
Mecánica de Mantenimiento de Aeronaves,4° medio,Mantenimiento de los sistemas de la aeronave,51.3,67,9.19,5,45.95,51.3,100.0,-0.0
Mecánica de Mantenimiento de Aeronaves,4° medio,Mantenimiento de los sistemas de la aeronave,51.3,67,9.19,6,55.14,61.56,120.0,-10.26
Mecánica de Mantenimiento de Aeronaves,4° medio,Inglés técnico de mantenimiento de aeronaves,17.1,67,3.06,3,9.18,10.26,60.0,6.84
Mecánica de Mantenimiento de Aeronaves,4° medio,Inglés técnico de mantenimiento de aeronaves,17.1,67,3.06,4,12.24,13.68,80.0,3.42
Mecánica de Mantenimiento de Aeronaves,4° medio,Inglés técnico de mantenimiento de aeronaves,17.1,67,3.06,5,15.3,17.1,100.0,0.0
Mecánica de Mantenimiento de Aeronaves,4° medio,Inglés técnico de mantenimiento de aeronaves,17.1,67,3.06,6,18.36,20.52,120.0,-3.42
Mecánica de Mantenimiento de Aeronaves,4° medio,Emprendimiento y empleabilidad,17.1,67,3.06,3,9.18,10.26,60.0,6.84
Mecánica de Mantenimiento de Aeronaves,4° medio,Emprendimiento y empleabilidad,17.1,67,3.06,4,12.24,13.68,80.0,3.42
Mecánica de Mantenimiento de Aeronaves,4° medio,Emprendimiento y empleabilidad,17.1,67,3.06,5,15.3,17.1,100.0,0.0
Mecánica de Mantenimiento de Aeronaves,4° medio,Emprendimiento y empleabilidad,17.1,67,3.06,6,18.36,20.52,120.0,-3.42
Asistencia en Geología,3° medio,Preparación e instalación de campamentos,42.75,55,9.33,3,27.99,25.65,60.0,17.1
Asistencia en Geología,3° medio,Preparación e instalación de campamentos,42.75,55,9.33,4,37.32,34.2,80.0,8.55
Asistencia en Geología,3° medio,Preparación e instalación de campamentos,42.75,55,9.33,5,46.65,42.75,100.0,0.0
Asistencia en Geología,3° medio,Preparación e instalación de campamentos,42.75,55,9.33,6,55.98,51.3,120.0,-8.55
Asistencia en Geología,3° medio,Marco legal y seguridad en geología,42.75,61,8.41,3,25.23,25.65,60.0,17.1
Asistencia en Geología,3° medio,Marco legal y seguridad en geología,42.75,61,8.41,4,33.64,34.2,80.0,8.55
Asistencia en Geología,3° medio,Marco legal y seguridad en geología,42.75,61,8.41,5,42.05,42.75,100.0,0.0
Asistencia en Geología,3° medio,Marco legal y seguridad en geología,42.75,61,8.41,6,50.46,51.3,120.0,-8.55
Asistencia en Geología,3° medio,Clasificación de rocas y minerales,59.85,61,11.77,3,35.31,35.91,60.0,23.94
Asistencia en Geología,3° medio,Clasificación de rocas y minerales,59.85,61,11.77,4,47.08,47.88,80.0,11.97
Asistencia en Geología,3° medio,Clasificación de rocas y minerales,59.85,61,11.77,5,58.85,59.85,100.0,0.0
Asistencia en Geología,3° medio,Clasificación de rocas y minerales,59.85,61,11.77,6,70.62,71.82,120.0,-11.97
Asistencia en Geología,3° medio,Lectura y elaboración de mapas topográficos y geológicos,42.75,73,7.03,3,21.09,25.65,60.0,17.1
Asistencia en Geología,3° medio,Lectura y elaboración de mapas topográficos y geológicos,42.75,73,7.03,4,28.12,34.2,80.0,8.55
Asistencia en Geología,3° medio,Lectura y elaboración de mapas topográficos y geológicos,42.75,73,7.03,5,35.15,42.75,100.0,0.0
Asistencia en Geología,3° medio,Lectura y elaboración de mapas topográficos y geológicos,42.75,73,7.03,6,42.18,51.3,120.0,-8.55
Asistencia en Geología,4° medio,Prospección geológica con sondajes,51.3,61,10.09,3,30.27,30.78,60.0,20.52
Asistencia en Geología,4° medio,Prospección geológica con sondajes,51.3,61,10.09,4,40.36,41.04,80.0,10.26
Asistencia en Geología,4° medio,Prospección geológica con sondajes,51.3,61,10.09,5,50.45,51.3,100.0,-0.0
Asistencia en Geología,4° medio,Prospección geológica con sondajes,51.3,61,10.09,6,60.54,61.56,120.0,-10.26
Asistencia en Geología,4° medio,Técnicas de muestreo geológico,59.85,73,9.84,3,29.52,35.91,60.0,23.94
Asistencia en Geología,4° medio,Técnicas de muestreo geológico,59.85,73,9.84,4,39.36,47.88,80.0,11.97
Asistencia en Geología,4° medio,Técnicas de muestreo geológico,59.85,73,9.84,5,49.2,59.85,100.0,0.0
Asistencia en Geología,4° medio,Técnicas de muestreo geológico,59.85,73,9.84,6,59.04,71.82,120.0,-11.97
Asistencia en Geología,4° medio,Registro y transferencia de información geológica,34.2,61,6.73,3,20.19,20.52,60.0,13.68
Asistencia en Geología,4° medio,Registro y transferencia de información geológica,34.2,61,6.73,4,26.92,27.36,80.0,6.84
Asistencia en Geología,4° medio,Registro y transferencia de información geológica,34.2,61,6.73,5,33.65,34.2,100.0,0.0
Asistencia en Geología,4° medio,Registro y transferencia de información geológica,34.2,61,6.73,6,40.38,41.04,120.0,-6.84
Asistencia en Geología,4° medio,Transporte y mantenimiento de equipos e instrumentos geológicos,25.65,55,5.6,3,16.8,15.39,60.0,10.26
Asistencia en Geología,4° medio,Transporte y mantenimiento de equipos e instrumentos geológicos,25.65,55,5.6,4,22.4,20.52,80.0,5.13
Asistencia en Geología,4° medio,Transporte y mantenimiento de equipos e instrumentos geológicos,25.65,55,5.6,5,28.0,25.65,100.0,-0.0
Asistencia en Geología,4° medio,Transporte y mantenimiento de equipos e instrumentos geológicos,25.65,55,5.6,6,33.6,30.78,120.0,-5.13
Asistencia en Geología,4° medio,Emprendimiento y empleabilidad,17.1,67,3.06,3,9.18,10.26,60.0,6.84
Asistencia en Geología,4° medio,Emprendimiento y empleabilidad,17.1,67,3.06,4,12.24,13.68,80.0,3.42
Asistencia en Geología,4° medio,Emprendimiento y empleabilidad,17.1,67,3.06,5,15.3,17.1,100.0,0.0
Asistencia en Geología,4° medio,Emprendimiento y empleabilidad,17.1,67,3.06,6,18.36,20.52,120.0,-3.42
Explotación Minera,3° medio,Lectura de planos de ubicación y de tronadura,34.2,67,6.13,3,18.39,20.52,60.0,13.68
Explotación Minera,3° medio,Lectura de planos de ubicación y de tronadura,34.2,67,6.13,4,24.52,27.36,80.0,6.84
Explotación Minera,3° medio,Lectura de planos de ubicación y de tronadura,34.2,67,6.13,5,30.65,34.2,100.0,0.0
Explotación Minera,3° medio,Lectura de planos de ubicación y de tronadura,34.2,67,6.13,6,36.78,41.04,120.0,-6.84
Explotación Minera,3° medio,Fortificación de minas subterráneas y a cielo abierto,51.3,61,10.09,3,30.27,30.78,60.0,20.52
Explotación Minera,3° medio,Fortificación de minas subterráneas y a cielo abierto,51.3,61,10.09,4,40.36,41.04,80.0,10.26
Explotación Minera,3° medio,Fortificación de minas subterráneas y a cielo abierto,51.3,61,10.09,5,50.45,51.3,100.0,-0.0
Explotación Minera,3° medio,Fortificación de minas subterráneas y a cielo abierto,51.3,61,10.09,6,60.54,61.56,120.0,-10.26
Explotación Minera,3° medio,Perforación y tronadura en faenas mineras,51.3,79,7.79,3,23.37,30.78,60.0,20.52
Explotación Minera,3° medio,Perforación y tronadura en faenas mineras,51.3,79,7.79,4,31.16,41.04,80.0,10.26
Explotación Minera,3° medio,Perforación y tronadura en faenas mineras,51.3,79,7.79,5,38.95,51.3,100.0,-0.0
Explotación Minera,3° medio,Perforación y tronadura en faenas mineras,51.3,79,7.79,6,46.74,61.56,120.0,-10.26
Explotación Minera,3° medio,Marco legal y seguridad en plantas de explotación minera,51.3,61,10.09,3,30.27,30.78,60.0,20.52
Explotación Minera,3° medio,Marco legal y seguridad en plantas de explotación minera,51.3,61,10.09,4,40.36,41.04,80.0,10.26
Explotación Minera,3° medio,Marco legal y seguridad en plantas de explotación minera,51.3,61,10.09,5,50.45,51.3,100.0,-0.0
Explotación Minera,3° medio,Marco legal y seguridad en plantas de explotación minera,51.3,61,10.09,6,60.54,61.56,120.0,-10.26
Explotación Minera,4° medio,Ventilación secundaria y drenaje de minas,34.2,67,6.13,3,18.39,20.52,60.0,13.68
Explotación Minera,4° medio,Ventilación secundaria y drenaje de minas,34.2,67,6.13,4,24.52,27.36,80.0,6.84
Explotación Minera,4° medio,Ventilación secundaria y drenaje de minas,34.2,67,6.13,5,30.65,34.2,100.0,0.0
Explotación Minera,4° medio,Ventilación secundaria y drenaje de minas,34.2,67,6.13,6,36.78,41.04,120.0,-6.84
Explotación Minera,4° medio,Muestreo en explotaciones mineras,51.3,67,9.19,3,27.57,30.78,60.0,20.52
Explotación Minera,4° medio,Muestreo en explotaciones mineras,51.3,67,9.19,4,36.76,41.04,80.0,10.26
Explotación Minera,4° medio,Muestreo en explotaciones mineras,51.3,67,9.19,5,45.95,51.3,100.0,-0.0
Explotación Minera,4° medio,Muestreo en explotaciones mineras,51.3,67,9.19,6,55.14,61.56,120.0,-10.26
Explotación Minera,4° medio,"Cubicación, carguío y transporte",34.2,73,5.62,3,16.86,20.52,60.0,13.68
Explotación Minera,4° medio,"Cubicación, carguío y transporte",34.2,73,5.62,4,22.48,27.36,80.0,6.84
Explotación Minera,4° medio,"Cubicación, carguío y transporte",34.2,73,5.62,5,28.1,34.2,100.0,0.0
Explotación Minera,4° medio,"Cubicación, carguío y transporte",34.2,73,5.62,6,33.72,41.04,120.0,-6.84
Explotación Minera,4° medio,Chancado primario de minerales,51.3,67,9.19,3,27.57,30.78,60.0,20.52
Explotación Minera,4° medio,Chancado primario de minerales,51.3,67,9.19,4,36.76,41.04,80.0,10.26
Explotación Minera,4° medio,Chancado primario de minerales,51.3,67,9.19,5,45.95,51.3,100.0,-0.0
Explotación Minera,4° medio,Chancado primario de minerales,51.3,67,9.19,6,55.14,61.56,120.0,-10.26
Explotación Minera,4° medio,Emprendimiento y empleabilidad,17.1,67,3.06,3,9.18,10.26,60.0,6.84
Explotación Minera,4° medio,Emprendimiento y empleabilidad,17.1,67,3.06,4,12.24,13.68,80.0,3.42
Explotación Minera,4° medio,Emprendimiento y empleabilidad,17.1,67,3.06,5,15.3,17.1,100.0,0.0
Explotación Minera,4° medio,Emprendimiento y empleabilidad,17.1,67,3.06,6,18.36,20.52,120.0,-3.42
Metalurgia Extractiva,3° medio,Laboratorio y análisis químico,42.75,61,8.41,3,25.23,25.65,60.0,17.1
Metalurgia Extractiva,3° medio,Laboratorio y análisis químico,42.75,61,8.41,4,33.64,34.2,80.0,8.55
Metalurgia Extractiva,3° medio,Laboratorio y análisis químico,42.75,61,8.41,5,42.05,42.75,100.0,0.0
Metalurgia Extractiva,3° medio,Laboratorio y análisis químico,42.75,61,8.41,6,50.46,51.3,120.0,-8.55
Metalurgia Extractiva,3° medio,Muestreo y control de procesos,42.75,61,8.41,3,25.23,25.65,60.0,17.1
Metalurgia Extractiva,3° medio,Muestreo y control de procesos,42.75,61,8.41,4,33.64,34.2,80.0,8.55
Metalurgia Extractiva,3° medio,Muestreo y control de procesos,42.75,61,8.41,5,42.05,42.75,100.0,0.0
Metalurgia Extractiva,3° medio,Muestreo y control de procesos,42.75,61,8.41,6,50.46,51.3,120.0,-8.55
Metalurgia Extractiva,3° medio,Control de inventario,51.3,61,10.09,3,30.27,30.78,60.0,20.52
Metalurgia Extractiva,3° medio,Control de inventario,51.3,61,10.09,4,40.36,41.04,80.0,10.26
Metalurgia Extractiva,3° medio,Control de inventario,51.3,61,10.09,5,50.45,51.3,100.0,-0.0
Metalurgia Extractiva,3° medio,Control de inventario,51.3,61,10.09,6,60.54,61.56,120.0,-10.26
Metalurgia Extractiva,3° medio,Legislación y prevención de riesgos en la minería,51.3,55,11.19,3,33.57,30.78,60.0,20.52
Metalurgia Extractiva,3° medio,Legislación y prevención de riesgos en la minería,51.3,55,11.19,4,44.76,41.04,80.0,10.26
Metalurgia Extractiva,3° medio,Legislación y prevención de riesgos en la minería,51.3,55,11.19,5,55.95,51.3,100.0,-0.0
Metalurgia Extractiva,3° medio,Legislación y prevención de riesgos en la minería,51.3,55,11.19,6,67.14,61.56,120.0,-10.26
Metalurgia Extractiva,4° medio,Transformación mecánica de los minerales,34.2,61,6.73,3,20.19,20.52,60.0,13.68
Metalurgia Extractiva,4° medio,Transformación mecánica de los minerales,34.2,61,6.73,4,26.92,27.36,80.0,6.84
Metalurgia Extractiva,4° medio,Transformación mecánica de los minerales,34.2,61,6.73,5,33.65,34.2,100.0,0.0
Metalurgia Extractiva,4° medio,Transformación mecánica de los minerales,34.2,61,6.73,6,40.38,41.04,120.0,-6.84
Metalurgia Extractiva,4° medio,Acondicionamiento químico de los minerales,42.75,61,8.41,3,25.23,25.65,60.0,17.1
Metalurgia Extractiva,4° medio,Acondicionamiento químico de los minerales,42.75,61,8.41,4,33.64,34.2,80.0,8.55
Metalurgia Extractiva,4° medio,Acondicionamiento químico de los minerales,42.75,61,8.41,5,42.05,42.75,100.0,0.0
Metalurgia Extractiva,4° medio,Acondicionamiento químico de los minerales,42.75,61,8.41,6,50.46,51.3,120.0,-8.55
Metalurgia Extractiva,4° medio,Técnicas de hidrometalurgia,51.3,67,9.19,3,27.57,30.78,60.0,20.52
Metalurgia Extractiva,4° medio,Técnicas de hidrometalurgia,51.3,67,9.19,4,36.76,41.04,80.0,10.26
Metalurgia Extractiva,4° medio,Técnicas de hidrometalurgia,51.3,67,9.19,5,45.95,51.3,100.0,-0.0
Metalurgia Extractiva,4° medio,Técnicas de hidrometalurgia,51.3,67,9.19,6,55.14,61.56,120.0,-10.26
Metalurgia Extractiva,4° medio,Fundición y refinería,42.75,61,8.41,3,25.23,25.65,60.0,17.1
Metalurgia Extractiva,4° medio,Fundición y refinería,42.75,61,8.41,4,33.64,34.2,80.0,8.55
Metalurgia Extractiva,4° medio,Fundición y refinería,42.75,61,8.41,5,42.05,42.75,100.0,0.0
Metalurgia Extractiva,4° medio,Fundición y refinería,42.75,61,8.41,6,50.46,51.3,120.0,-8.55
Metalurgia Extractiva,4° medio,Emprendimiento y empleabilidad,17.1,67,3.06,3,9.18,10.26,60.0,6.84
Metalurgia Extractiva,4° medio,Emprendimiento y empleabilidad,17.1,67,3.06,4,12.24,13.68,80.0,3.42
Metalurgia Extractiva,4° medio,Emprendimiento y empleabilidad,17.1,67,3.06,5,15.3,17.1,100.0,0.0
Metalurgia Extractiva,4° medio,Emprendimiento y empleabilidad,17.1,67,3.06,6,18.36,20.52,120.0,-3.42
Atención de Párvulos,3° medio,Material didáctico y de ambientación,51.3,61,10.09,3,30.27,30.78,60.0,20.52
Atención de Párvulos,3° medio,Material didáctico y de ambientación,51.3,61,10.09,4,40.36,41.04,80.0,10.26
Atención de Párvulos,3° medio,Material didáctico y de ambientación,51.3,61,10.09,5,50.45,51.3,100.0,-0.0
Atención de Párvulos,3° medio,Material didáctico y de ambientación,51.3,61,10.09,6,60.54,61.56,120.0,-10.26
Atención de Párvulos,3° medio,Expresión musical para párvulos,34.2,61,6.73,3,20.19,20.52,60.0,13.68
Atención de Párvulos,3° medio,Expresión musical para párvulos,34.2,61,6.73,4,26.92,27.36,80.0,6.84
Atención de Párvulos,3° medio,Expresión musical para párvulos,34.2,61,6.73,5,33.65,34.2,100.0,0.0
Atención de Párvulos,3° medio,Expresión musical para párvulos,34.2,61,6.73,6,40.38,41.04,120.0,-6.84
Atención de Párvulos,3° medio,Relación con la familia,17.1,61,3.36,3,10.08,10.26,60.0,6.84
Atención de Párvulos,3° medio,Relación con la familia,17.1,61,3.36,4,13.44,13.68,80.0,3.42
Atención de Párvulos,3° medio,Relación con la familia,17.1,61,3.36,5,16.8,17.1,100.0,0.0
Atención de Párvulos,3° medio,Relación con la familia,17.1,61,3.36,6,20.16,20.52,120.0,-3.42
Atención de Párvulos,3° medio,Salud en párvulos,34.2,73,5.62,3,16.86,20.52,60.0,13.68
Atención de Párvulos,3° medio,Salud en párvulos,34.2,73,5.62,4,22.48,27.36,80.0,6.84
Atención de Párvulos,3° medio,Salud en párvulos,34.2,73,5.62,5,28.1,34.2,100.0,0.0
Atención de Párvulos,3° medio,Salud en párvulos,34.2,73,5.62,6,33.72,41.04,120.0,-6.84
Atención de Párvulos,4° medio,Recreación y bienestar de los párvulos,51.3,61,10.09,3,30.27,30.78,60.0,20.52
Atención de Párvulos,4° medio,Recreación y bienestar de los párvulos,51.3,61,10.09,4,40.36,41.04,80.0,10.26
Atención de Párvulos,4° medio,Recreación y bienestar de los párvulos,51.3,61,10.09,5,50.45,51.3,100.0,-0.0
Atención de Párvulos,4° medio,Recreación y bienestar de los párvulos,51.3,61,10.09,6,60.54,61.56,120.0,-10.26
Atención de Párvulos,4° medio,Actividades educativas para párvulos,59.85,73,9.84,3,29.52,35.91,60.0,23.94
Atención de Párvulos,4° medio,Actividades educativas para párvulos,59.85,73,9.84,4,39.36,47.88,80.0,11.97
Atención de Párvulos,4° medio,Actividades educativas para párvulos,59.85,73,9.84,5,49.2,59.85,100.0,0.0
Atención de Párvulos,4° medio,Actividades educativas para párvulos,59.85,73,9.84,6,59.04,71.82,120.0,-11.97
Atención de Párvulos,4° medio,Expresión literaria y teatral con párvulos,51.3,61,10.09,3,30.27,30.78,60.0,20.52
Atención de Párvulos,4° medio,Expresión literaria y teatral con párvulos,51.3,61,10.09,4,40.36,41.04,80.0,10.26
Atención de Párvulos,4° medio,Expresión literaria y teatral con párvulos,51.3,61,10.09,5,50.45,51.3,100.0,-0.0
Atención de Párvulos,4° medio,Expresión literaria y teatral con párvulos,51.3,61,10.09,6,60.54,61.56,120.0,-10.26
Atención de Párvulos,4° medio,Alimentación de los párvulos,25.65,55,5.6,3,16.8,15.39,60.0,10.26
Atención de Párvulos,4° medio,Alimentación de los párvulos,25.65,55,5.6,4,22.4,20.52,80.0,5.13
Atención de Párvulos,4° medio,Alimentación de los párvulos,25.65,55,5.6,5,28.0,25.65,100.0,-0.0
Atención de Párvulos,4° medio,Alimentación de los párvulos,25.65,55,5.6,6,33.6,30.78,120.0,-5.13
Atención de Párvulos,4° medio,Higiene y seguridad de los párvulos,34.2,73,5.62,3,16.86,20.52,60.0,13.68
Atención de Párvulos,4° medio,Higiene y seguridad de los párvulos,34.2,73,5.62,4,22.48,27.36,80.0,6.84
Atención de Párvulos,4° medio,Higiene y seguridad de los párvulos,34.2,73,5.62,5,28.1,34.2,100.0,0.0
Atención de Párvulos,4° medio,Higiene y seguridad de los párvulos,34.2,73,5.62,6,33.72,41.04,120.0,-6.84
Atención de Párvulos,4° medio,Emprendimiento y empleabilidad,17.1,67,3.06,3,9.18,10.26,60.0,6.84
Atención de Párvulos,4° medio,Emprendimiento y empleabilidad,17.1,67,3.06,4,12.24,13.68,80.0,3.42
Atención de Párvulos,4° medio,Emprendimiento y empleabilidad,17.1,67,3.06,5,15.3,17.1,100.0,0.0
Atención de Párvulos,4° medio,Emprendimiento y empleabilidad,17.1,67,3.06,6,18.36,20.52,120.0,-3.42
Conectividad y Redes,3° medio,Instalación de redes de área local cableadas e inalámbricas,51.3,79,7.79,3,23.37,30.78,60.0,20.52
Conectividad y Redes,3° medio,Instalación de redes de área local cableadas e inalámbricas,51.3,79,7.79,4,31.16,41.04,80.0,10.26
Conectividad y Redes,3° medio,Instalación de redes de área local cableadas e inalámbricas,51.3,79,7.79,5,38.95,51.3,100.0,-0.0
Conectividad y Redes,3° medio,Instalación de redes de área local cableadas e inalámbricas,51.3,79,7.79,6,46.74,61.56,120.0,-10.26
Conectividad y Redes,3° medio,Ensamblado y configuración de computadores y equipos terminales portátiles,51.3,73,8.43,3,25.29,30.78,60.0,20.52
Conectividad y Redes,3° medio,Ensamblado y configuración de computadores y equipos terminales portátiles,51.3,73,8.43,4,33.72,41.04,80.0,10.26
Conectividad y Redes,3° medio,Ensamblado y configuración de computadores y equipos terminales portátiles,51.3,73,8.43,5,42.15,51.3,100.0,-0.0
Conectividad y Redes,3° medio,Ensamblado y configuración de computadores y equipos terminales portátiles,51.3,73,8.43,6,50.58,61.56,120.0,-10.26
Conectividad y Redes,3° medio,Instalación y explotación de software de aplicaciones productivas,34.2,55,7.46,3,22.38,20.52,60.0,13.68
Conectividad y Redes,3° medio,Instalación y explotación de software de aplicaciones productivas,34.2,55,7.46,4,29.84,27.36,80.0,6.84
Conectividad y Redes,3° medio,Instalación y explotación de software de aplicaciones productivas,34.2,55,7.46,5,37.3,34.2,100.0,0.0
Conectividad y Redes,3° medio,Instalación y explotación de software de aplicaciones productivas,34.2,55,7.46,6,44.76,41.04,120.0,-6.84
Conectividad y Redes,3° medio,Configuración y puesta en servicio de aplicaciones en redes de área local,51.3,61,10.09,3,30.27,30.78,60.0,20.52
Conectividad y Redes,3° medio,Configuración y puesta en servicio de aplicaciones en redes de área local,51.3,61,10.09,4,40.36,41.04,80.0,10.26
Conectividad y Redes,3° medio,Configuración y puesta en servicio de aplicaciones en redes de área local,51.3,61,10.09,5,50.45,51.3,100.0,-0.0
Conectividad y Redes,3° medio,Configuración y puesta en servicio de aplicaciones en redes de área local,51.3,61,10.09,6,60.54,61.56,120.0,-10.26
Conectividad y Redes,4° medio,Configuración de la seguridad en redes de área local,34.2,61,6.73,3,20.19,20.52,60.0,13.68
Conectividad y Redes,4° medio,Configuración de la seguridad en redes de área local,34.2,61,6.73,4,26.92,27.36,80.0,6.84
Conectividad y Redes,4° medio,Configuración de la seguridad en redes de área local,34.2,61,6.73,5,33.65,34.2,100.0,0.0
Conectividad y Redes,4° medio,Configuración de la seguridad en redes de área local,34.2,61,6.73,6,40.38,41.04,120.0,-6.84
Conectividad y Redes,4° medio,Mantenimiento y actualización de hardware en redes de área local,51.3,61,10.09,3,30.27,30.78,60.0,20.52
Conectividad y Redes,4° medio,Mantenimiento y actualización de hardware en redes de área local,51.3,61,10.09,4,40.36,41.04,80.0,10.26
Conectividad y Redes,4° medio,Mantenimiento y actualización de hardware en redes de área local,51.3,61,10.09,5,50.45,51.3,100.0,-0.0
Conectividad y Redes,4° medio,Mantenimiento y actualización de hardware en redes de área local,51.3,61,10.09,6,60.54,61.56,120.0,-10.26
Conectividad y Redes,4° medio,Mantenimiento y actualización de software en redes de área local,51.3,55,11.19,3,33.57,30.78,60.0,20.52
Conectividad y Redes,4° medio,Mantenimiento y actualización de software en redes de área local,51.3,55,11.19,4,44.76,41.04,80.0,10.26
Conectividad y Redes,4° medio,Mantenimiento y actualización de software en redes de área local,51.3,55,11.19,5,55.95,51.3,100.0,-0.0
Conectividad y Redes,4° medio,Mantenimiento y actualización de software en redes de área local,51.3,55,11.19,6,67.14,61.56,120.0,-10.26
Conectividad y Redes,4° medio,Recuperación y respaldo de información en redes de área local,34.2,61,6.73,3,20.19,20.52,60.0,13.68
Conectividad y Redes,4° medio,Recuperación y respaldo de información en redes de área local,34.2,61,6.73,4,26.92,27.36,80.0,6.84
Conectividad y Redes,4° medio,Recuperación y respaldo de información en redes de área local,34.2,61,6.73,5,33.65,34.2,100.0,0.0
Conectividad y Redes,4° medio,Recuperación y respaldo de información en redes de área local,34.2,61,6.73,6,40.38,41.04,120.0,-6.84
Conectividad y Redes,4° medio,Emprendimiento y empleabilidad,17.1,67,3.06,3,9.18,10.26,60.0,6.84
Conectividad y Redes,4° medio,Emprendimiento y empleabilidad,17.1,67,3.06,4,12.24,13.68,80.0,3.42
Conectividad y Redes,4° medio,Emprendimiento y empleabilidad,17.1,67,3.06,5,15.3,17.1,100.0,0.0
Conectividad y Redes,4° medio,Emprendimiento y empleabilidad,17.1,67,3.06,6,18.36,20.52,120.0,-3.42
Programación,3° medio,Programación y bases de datos,51.3,61,10.09,3,30.27,30.78,60.0,20.52
Programación,3° medio,Programación y bases de datos,51.3,61,10.09,4,40.36,41.04,80.0,10.26
Programación,3° medio,Programación y bases de datos,51.3,61,10.09,5,50.45,51.3,100.0,-0.0
Programación,3° medio,Programación y bases de datos,51.3,61,10.09,6,60.54,61.56,120.0,-10.26
Programación,3° medio,Instalación y configuración de equipos informáticos,42.75,61,8.41,3,25.23,25.65,60.0,17.1
Programación,3° medio,Instalación y configuración de equipos informáticos,42.75,61,8.41,4,33.64,34.2,80.0,8.55
Programación,3° medio,Instalación y configuración de equipos informáticos,42.75,61,8.41,5,42.05,42.75,100.0,0.0
Programación,3° medio,Instalación y configuración de equipos informáticos,42.75,61,8.41,6,50.46,51.3,120.0,-8.55
Programación,3° medio,Soporte a usuarios y productividad,51.3,73,8.43,3,25.29,30.78,60.0,20.52
Programación,3° medio,Soporte a usuarios y productividad,51.3,73,8.43,4,33.72,41.04,80.0,10.26
Programación,3° medio,Soporte a usuarios y productividad,51.3,73,8.43,5,42.15,51.3,100.0,-0.0
Programación,3° medio,Soporte a usuarios y productividad,51.3,73,8.43,6,50.58,61.56,120.0,-10.26
Programación,3° medio,Sistemas operativos,42.75,55,9.33,3,27.99,25.65,60.0,17.1
Programación,3° medio,Sistemas operativos,42.75,55,9.33,4,37.32,34.2,80.0,8.55
Programación,3° medio,Sistemas operativos,42.75,55,9.33,5,46.65,42.75,100.0,0.0
Programación,3° medio,Sistemas operativos,42.75,55,9.33,6,55.98,51.3,120.0,-8.55
Programación,4° medio,Diseño de bases de datos relacionales,34.2,67,6.13,3,18.39,20.52,60.0,13.68
Programación,4° medio,Diseño de bases de datos relacionales,34.2,67,6.13,4,24.52,27.36,80.0,6.84
Programación,4° medio,Diseño de bases de datos relacionales,34.2,67,6.13,5,30.65,34.2,100.0,0.0
Programación,4° medio,Diseño de bases de datos relacionales,34.2,67,6.13,6,36.78,41.04,120.0,-6.84
Programación,4° medio,Programación orientada a objetos,51.3,67,9.19,3,27.57,30.78,60.0,20.52
Programación,4° medio,Programación orientada a objetos,51.3,67,9.19,4,36.76,41.04,80.0,10.26
Programación,4° medio,Programación orientada a objetos,51.3,67,9.19,5,45.95,51.3,100.0,-0.0
Programación,4° medio,Programación orientada a objetos,51.3,67,9.19,6,55.14,61.56,120.0,-10.26
Programación,4° medio,Administración de bases de datos,34.2,55,7.46,3,22.38,20.52,60.0,13.68
Programación,4° medio,Administración de bases de datos,34.2,55,7.46,4,29.84,27.36,80.0,6.84
Programación,4° medio,Administración de bases de datos,34.2,55,7.46,5,37.3,34.2,100.0,0.0
Programación,4° medio,Administración de bases de datos,34.2,55,7.46,6,44.76,41.04,120.0,-6.84
Programación,4° medio,Desarrollo de aplicaciones web,51.3,61,10.09,3,30.27,30.78,60.0,20.52
Programación,4° medio,Desarrollo de aplicaciones web,51.3,61,10.09,4,40.36,41.04,80.0,10.26
Programación,4° medio,Desarrollo de aplicaciones web,51.3,61,10.09,5,50.45,51.3,100.0,-0.0
Programación,4° medio,Desarrollo de aplicaciones web,51.3,61,10.09,6,60.54,61.56,120.0,-10.26
Programación,4° medio,Emprendimiento y empleabilidad,17.1,67,3.06,3,9.18,10.26,60.0,6.84
Programación,4° medio,Emprendimiento y empleabilidad,17.1,67,3.06,4,12.24,13.68,80.0,3.42
Programación,4° medio,Emprendimiento y empleabilidad,17.1,67,3.06,5,15.3,17.1,100.0,0.0
Programación,4° medio,Emprendimiento y empleabilidad,17.1,67,3.06,6,18.36,20.52,120.0,-3.42
Telecomunicaciones,3° medio,Operaciones y fundamentos de las telecomunicaciones,25.65,61,5.05,3,15.15,15.39,60.0,10.26
Telecomunicaciones,3° medio,Operaciones y fundamentos de las telecomunicaciones,25.65,61,5.05,4,20.2,20.52,80.0,5.13
Telecomunicaciones,3° medio,Operaciones y fundamentos de las telecomunicaciones,25.65,61,5.05,5,25.25,25.65,100.0,-0.0
Telecomunicaciones,3° medio,Operaciones y fundamentos de las telecomunicaciones,25.65,61,5.05,6,30.3,30.78,120.0,-5.13
Telecomunicaciones,3° medio,Instalación y mantenimiento básico de un terminal informático,34.2,67,6.13,3,18.39,20.52,60.0,13.68
Telecomunicaciones,3° medio,Instalación y mantenimiento básico de un terminal informático,34.2,67,6.13,4,24.52,27.36,80.0,6.84
Telecomunicaciones,3° medio,Instalación y mantenimiento básico de un terminal informático,34.2,67,6.13,5,30.65,34.2,100.0,0.0
Telecomunicaciones,3° medio,Instalación y mantenimiento básico de un terminal informático,34.2,67,6.13,6,36.78,41.04,120.0,-6.84
Telecomunicaciones,3° medio,Instalación y configuración de redes,51.3,67,9.19,3,27.57,30.78,60.0,20.52
Telecomunicaciones,3° medio,Instalación y configuración de redes,51.3,67,9.19,4,36.76,41.04,80.0,10.26
Telecomunicaciones,3° medio,Instalación y configuración de redes,51.3,67,9.19,5,45.95,51.3,100.0,-0.0
Telecomunicaciones,3° medio,Instalación y configuración de redes,51.3,67,9.19,6,55.14,61.56,120.0,-10.26
Telecomunicaciones,3° medio,Mantenimiento de circuitos electrónicos básicos,42.75,55,9.33,3,27.99,25.65,60.0,17.1
Telecomunicaciones,3° medio,Mantenimiento de circuitos electrónicos básicos,42.75,55,9.33,4,37.32,34.2,80.0,8.55
Telecomunicaciones,3° medio,Mantenimiento de circuitos electrónicos básicos,42.75,55,9.33,5,46.65,42.75,100.0,0.0
Telecomunicaciones,3° medio,Mantenimiento de circuitos electrónicos básicos,42.75,55,9.33,6,55.98,51.3,120.0,-8.55
Telecomunicaciones,4° medio,Instalación de servicios básicos de telecomunicaciones,34.2,61,6.73,3,20.19,20.52,60.0,13.68
Telecomunicaciones,4° medio,Instalación de servicios básicos de telecomunicaciones,34.2,61,6.73,4,26.92,27.36,80.0,6.84
Telecomunicaciones,4° medio,Instalación de servicios básicos de telecomunicaciones,34.2,61,6.73,5,33.65,34.2,100.0,0.0
Telecomunicaciones,4° medio,Instalación de servicios básicos de telecomunicaciones,34.2,61,6.73,6,40.38,41.04,120.0,-6.84
Telecomunicaciones,4° medio,Comunicaciones inalámbricas,51.3,67,9.19,3,27.57,30.78,60.0,20.52
Telecomunicaciones,4° medio,Comunicaciones inalámbricas,51.3,67,9.19,4,36.76,41.04,80.0,10.26
Telecomunicaciones,4° medio,Comunicaciones inalámbricas,51.3,67,9.19,5,45.95,51.3,100.0,-0.0
Telecomunicaciones,4° medio,Comunicaciones inalámbricas,51.3,67,9.19,6,55.14,61.56,120.0,-10.26
Telecomunicaciones,4° medio,Instalación de redes telefónicas convergentes,42.75,67,7.66,3,22.98,25.65,60.0,17.1
Telecomunicaciones,4° medio,Instalación de redes telefónicas convergentes,42.75,67,7.66,4,30.64,34.2,80.0,8.55
Telecomunicaciones,4° medio,Instalación de redes telefónicas convergentes,42.75,67,7.66,5,38.3,42.75,100.0,0.0
Telecomunicaciones,4° medio,Instalación de redes telefónicas convergentes,42.75,67,7.66,6,45.96,51.3,120.0,-8.55
Telecomunicaciones,4° medio,Sistemas operativos de redes,34.2,67,6.13,3,18.39,20.52,60.0,13.68
Telecomunicaciones,4° medio,Sistemas operativos de redes,34.2,67,6.13,4,24.52,27.36,80.0,6.84
Telecomunicaciones,4° medio,Sistemas operativos de redes,34.2,67,6.13,5,30.65,34.2,100.0,0.0
Telecomunicaciones,4° medio,Sistemas operativos de redes,34.2,67,6.13,6,36.78,41.04,120.0,-6.84
Telecomunicaciones,4° medio,Mantenimiento de redes de acceso y banda ancha,42.75,61,8.41,3,25.23,25.65,60.0,17.1
Telecomunicaciones,4° medio,Mantenimiento de redes de acceso y banda ancha,42.75,61,8.41,4,33.64,34.2,80.0,8.55
Telecomunicaciones,4° medio,Mantenimiento de redes de acceso y banda ancha,42.75,61,8.41,5,42.05,42.75,100.0,0.0
Telecomunicaciones,4° medio,Mantenimiento de redes de acceso y banda ancha,42.75,61,8.41,6,50.46,51.3,120.0,-8.55
Telecomunicaciones,4° medio,Emprendimiento y empleabilidad,17.1,67,3.06,3,9.18,10.26,60.0,6.84
Telecomunicaciones,4° medio,Emprendimiento y empleabilidad,17.1,67,3.06,4,12.24,13.68,80.0,3.42
Telecomunicaciones,4° medio,Emprendimiento y empleabilidad,17.1,67,3.06,5,15.3,17.1,100.0,0.0
Telecomunicaciones,4° medio,Emprendimiento y empleabilidad,17.1,67,3.06,6,18.36,20.52,120.0,-3.42
"Administración, mención Logística",3° medio,Utilización de información contable,34.2,55,7.46,3,22.38,20.52,60.0,13.68
"Administración, mención Logística",3° medio,Utilización de información contable,34.2,55,7.46,4,29.84,27.36,80.0,6.84
"Administración, mención Logística",3° medio,Utilización de información contable,34.2,55,7.46,5,37.3,34.2,100.0,0.0
"Administración, mención Logística",3° medio,Utilización de información contable,34.2,55,7.46,6,44.76,41.04,120.0,-6.84
"Administración, mención Logística",3° medio,Gestión comercial y tributaria,34.2,55,7.46,3,22.38,20.52,60.0,13.68
"Administración, mención Logística",3° medio,Gestión comercial y tributaria,34.2,55,7.46,4,29.84,27.36,80.0,6.84
"Administración, mención Logística",3° medio,Gestión comercial y tributaria,34.2,55,7.46,5,37.3,34.2,100.0,0.0
"Administración, mención Logística",3° medio,Gestión comercial y tributaria,34.2,55,7.46,6,44.76,41.04,120.0,-6.84
"Administración, mención Logística",3° medio,Procesos administrativos,42.75,67,7.66,3,22.98,25.65,60.0,17.1
"Administración, mención Logística",3° medio,Procesos administrativos,42.75,67,7.66,4,30.64,34.2,80.0,8.55
"Administración, mención Logística",3° medio,Procesos administrativos,42.75,67,7.66,5,38.3,42.75,100.0,0.0
"Administración, mención Logística",3° medio,Procesos administrativos,42.75,67,7.66,6,45.96,51.3,120.0,-8.55
"Administración, mención Logística",3° medio,Atención de clientes,34.2,55,7.46,3,22.38,20.52,60.0,13.68
"Administración, mención Logística",3° medio,Atención de clientes,34.2,55,7.46,4,29.84,27.36,80.0,6.84
"Administración, mención Logística",3° medio,Atención de clientes,34.2,55,7.46,5,37.3,34.2,100.0,0.0
"Administración, mención Logística",3° medio,Atención de clientes,34.2,55,7.46,6,44.76,41.04,120.0,-6.84
"Administración, mención Logística",4° medio,Organización de oficinas,17.1,55,3.73,3,11.19,10.26,60.0,6.84
"Administración, mención Logística",4° medio,Organización de oficinas,17.1,55,3.73,4,14.92,13.68,80.0,3.42
"Administración, mención Logística",4° medio,Organización de oficinas,17.1,55,3.73,5,18.65,17.1,100.0,0.0
"Administración, mención Logística",4° medio,Organización de oficinas,17.1,55,3.73,6,22.38,20.52,120.0,-3.42
"Administración, mención Logística",4° medio,Aplicaciones informáticas para la gestión administrativa,25.65,61,5.05,3,15.15,15.39,60.0,10.26
"Administración, mención Logística",4° medio,Aplicaciones informáticas para la gestión administrativa,25.65,61,5.05,4,20.2,20.52,80.0,5.13
"Administración, mención Logística",4° medio,Aplicaciones informáticas para la gestión administrativa,25.65,61,5.05,5,25.25,25.65,100.0,-0.0
"Administración, mención Logística",4° medio,Aplicaciones informáticas para la gestión administrativa,25.65,61,5.05,6,30.3,30.78,120.0,-5.13
"Administración, mención Logística",4° medio,Operaciones de almacenamiento,51.3,79,7.79,3,23.37,30.78,60.0,20.52
"Administración, mención Logística",4° medio,Operaciones de almacenamiento,51.3,79,7.79,4,31.16,41.04,80.0,10.26
"Administración, mención Logística",4° medio,Operaciones de almacenamiento,51.3,79,7.79,5,38.95,51.3,100.0,-0.0
"Administración, mención Logística",4° medio,Operaciones de almacenamiento,51.3,79,7.79,6,46.74,61.56,120.0,-10.26
"Administración, mención Logística",4° medio,Operaciones de bodega,51.3,55,11.19,3,33.57,30.78,60.0,20.52
"Administración, mención Logística",4° medio,Operaciones de bodega,51.3,55,11.19,4,44.76,41.04,80.0,10.26
"Administración, mención Logística",4° medio,Operaciones de bodega,51.3,55,11.19,5,55.95,51.3,100.0,-0.0
"Administración, mención Logística",4° medio,Operaciones de bodega,51.3,55,11.19,6,67.14,61.56,120.0,-10.26
"Administración, mención Logística",4° medio,Logística y distribución,51.3,73,8.43,3,25.29,30.78,60.0,20.52
"Administración, mención Logística",4° medio,Logística y distribución,51.3,73,8.43,4,33.72,41.04,80.0,10.26
"Administración, mención Logística",4° medio,Logística y distribución,51.3,73,8.43,5,42.15,51.3,100.0,-0.0
"Administración, mención Logística",4° medio,Logística y distribución,51.3,73,8.43,6,50.58,61.56,120.0,-10.26
"Administración, mención Logística",4° medio,Seguridad en bodegas,17.1,55,3.73,3,11.19,10.26,60.0,6.84
"Administración, mención Logística",4° medio,Seguridad en bodegas,17.1,55,3.73,4,14.92,13.68,80.0,3.42
"Administración, mención Logística",4° medio,Seguridad en bodegas,17.1,55,3.73,5,18.65,17.1,100.0,0.0
"Administración, mención Logística",4° medio,Seguridad en bodegas,17.1,55,3.73,6,22.38,20.52,120.0,-3.42
"Administración, mención Logística",4° medio,Emprendimiento y empleabilidad,17.1,67,3.06,3,9.18,10.26,60.0,6.84
"Administración, mención Logística",4° medio,Emprendimiento y empleabilidad,17.1,67,3.06,4,12.24,13.68,80.0,3.42
"Administración, mención Logística",4° medio,Emprendimiento y empleabilidad,17.1,67,3.06,5,15.3,17.1,100.0,0.0
"Administración, mención Logística",4° medio,Emprendimiento y empleabilidad,17.1,67,3.06,6,18.36,20.52,120.0,-3.42
"Administración, mención Recursos Humanos",3° medio,Utilización de información contable,34.2,55,7.46,3,22.38,20.52,60.0,13.68
"Administración, mención Recursos Humanos",3° medio,Utilización de información contable,34.2,55,7.46,4,29.84,27.36,80.0,6.84
"Administración, mención Recursos Humanos",3° medio,Utilización de información contable,34.2,55,7.46,5,37.3,34.2,100.0,0.0
"Administración, mención Recursos Humanos",3° medio,Utilización de información contable,34.2,55,7.46,6,44.76,41.04,120.0,-6.84
"Administración, mención Recursos Humanos",3° medio,Gestión comercial y tributaria,34.2,55,7.46,3,22.38,20.52,60.0,13.68
"Administración, mención Recursos Humanos",3° medio,Gestión comercial y tributaria,34.2,55,7.46,4,29.84,27.36,80.0,6.84
"Administración, mención Recursos Humanos",3° medio,Gestión comercial y tributaria,34.2,55,7.46,5,37.3,34.2,100.0,0.0
"Administración, mención Recursos Humanos",3° medio,Gestión comercial y tributaria,34.2,55,7.46,6,44.76,41.04,120.0,-6.84
"Administración, mención Recursos Humanos",3° medio,Procesos administrativos,42.75,67,7.66,3,22.98,25.65,60.0,17.1
"Administración, mención Recursos Humanos",3° medio,Procesos administrativos,42.75,67,7.66,4,30.64,34.2,80.0,8.55
"Administración, mención Recursos Humanos",3° medio,Procesos administrativos,42.75,67,7.66,5,38.3,42.75,100.0,0.0
"Administración, mención Recursos Humanos",3° medio,Procesos administrativos,42.75,67,7.66,6,45.96,51.3,120.0,-8.55
"Administración, mención Recursos Humanos",3° medio,Atención de clientes,34.2,55,7.46,3,22.38,20.52,60.0,13.68
"Administración, mención Recursos Humanos",3° medio,Atención de clientes,34.2,55,7.46,4,29.84,27.36,80.0,6.84
"Administración, mención Recursos Humanos",3° medio,Atención de clientes,34.2,55,7.46,5,37.3,34.2,100.0,0.0
"Administración, mención Recursos Humanos",3° medio,Atención de clientes,34.2,55,7.46,6,44.76,41.04,120.0,-6.84
"Administración, mención Recursos Humanos",4° medio,Organización de oficinas,17.1,55,3.73,3,11.19,10.26,60.0,6.84
"Administración, mención Recursos Humanos",4° medio,Organización de oficinas,17.1,55,3.73,4,14.92,13.68,80.0,3.42
"Administración, mención Recursos Humanos",4° medio,Organización de oficinas,17.1,55,3.73,5,18.65,17.1,100.0,0.0
"Administración, mención Recursos Humanos",4° medio,Organización de oficinas,17.1,55,3.73,6,22.38,20.52,120.0,-3.42
"Administración, mención Recursos Humanos",4° medio,Aplicaciones informáticas para la gestión administrativa,25.65,61,5.05,3,15.15,15.39,60.0,10.26
"Administración, mención Recursos Humanos",4° medio,Aplicaciones informáticas para la gestión administrativa,25.65,61,5.05,4,20.2,20.52,80.0,5.13
"Administración, mención Recursos Humanos",4° medio,Aplicaciones informáticas para la gestión administrativa,25.65,61,5.05,5,25.25,25.65,100.0,-0.0
"Administración, mención Recursos Humanos",4° medio,Aplicaciones informáticas para la gestión administrativa,25.65,61,5.05,6,30.3,30.78,120.0,-5.13
"Administración, mención Recursos Humanos",4° medio,Legislación laboral,34.2,61,6.73,3,20.19,20.52,60.0,13.68
"Administración, mención Recursos Humanos",4° medio,Legislación laboral,34.2,61,6.73,4,26.92,27.36,80.0,6.84
"Administración, mención Recursos Humanos",4° medio,Legislación laboral,34.2,61,6.73,5,33.65,34.2,100.0,0.0
"Administración, mención Recursos Humanos",4° medio,Legislación laboral,34.2,61,6.73,6,40.38,41.04,120.0,-6.84
"Administración, mención Recursos Humanos",4° medio,"Cálculo de remuneración, finiquitos y obligaciones laborales",51.3,61,10.09,3,30.27,30.78,60.0,20.52
"Administración, mención Recursos Humanos",4° medio,"Cálculo de remuneración, finiquitos y obligaciones laborales",51.3,61,10.09,4,40.36,41.04,80.0,10.26
"Administración, mención Recursos Humanos",4° medio,"Cálculo de remuneración, finiquitos y obligaciones laborales",51.3,61,10.09,5,50.45,51.3,100.0,-0.0
"Administración, mención Recursos Humanos",4° medio,"Cálculo de remuneración, finiquitos y obligaciones laborales",51.3,61,10.09,6,60.54,61.56,120.0,-10.26
"Administración, mención Recursos Humanos",4° medio,Desarrollo y bienestar del personal,51.3,61,10.09,3,30.27,30.78,60.0,20.52
"Administración, mención Recursos Humanos",4° medio,Desarrollo y bienestar del personal,51.3,61,10.09,4,40.36,41.04,80.0,10.26
"Administración, mención Recursos Humanos",4° medio,Desarrollo y bienestar del personal,51.3,61,10.09,5,50.45,51.3,100.0,-0.0
"Administración, mención Recursos Humanos",4° medio,Desarrollo y bienestar del personal,51.3,61,10.09,6,60.54,61.56,120.0,-10.26
"Administración, mención Recursos Humanos",4° medio,Dotación de personal,34.2,61,6.73,3,20.19,20.52,60.0,13.68
"Administración, mención Recursos Humanos",4° medio,Dotación de personal,34.2,61,6.73,4,26.92,27.36,80.0,6.84
"Administración, mención Recursos Humanos",4° medio,Dotación de personal,34.2,61,6.73,5,33.65,34.2,100.0,0.0
"Administración, mención Recursos Humanos",4° medio,Dotación de personal,34.2,61,6.73,6,40.38,41.04,120.0,-6.84
"Administración, mención Recursos Humanos",4° medio,Emprendimiento y empleabilidad,17.1,67,3.06,3,9.18,10.26,60.0,6.84
"Administración, mención Recursos Humanos",4° medio,Emprendimiento y empleabilidad,17.1,67,3.06,4,12.24,13.68,80.0,3.42
"Administración, mención Recursos Humanos",4° medio,Emprendimiento y empleabilidad,17.1,67,3.06,5,15.3,17.1,100.0,0.0
"Administración, mención Recursos Humanos",4° medio,Emprendimiento y empleabilidad,17.1,67,3.06,6,18.36,20.52,120.0,-3.42
"Agropecuaria, mención Agricultura",3° medio,Manejo de suelo y residuos,42.75,79,6.49,3,19.47,25.65,60.0,17.1
"Agropecuaria, mención Agricultura",3° medio,Manejo de suelo y residuos,42.75,79,6.49,4,25.96,34.2,80.0,8.55
"Agropecuaria, mención Agricultura",3° medio,Manejo de suelo y residuos,42.75,79,6.49,5,32.45,42.75,100.0,0.0
"Agropecuaria, mención Agricultura",3° medio,Manejo de suelo y residuos,42.75,79,6.49,6,38.94,51.3,120.0,-8.55
"Agropecuaria, mención Agricultura",3° medio,Manejo de técnicas de riego,34.2,73,5.62,3,16.86,20.52,60.0,13.68
"Agropecuaria, mención Agricultura",3° medio,Manejo de técnicas de riego,34.2,73,5.62,4,22.48,27.36,80.0,6.84
"Agropecuaria, mención Agricultura",3° medio,Manejo de técnicas de riego,34.2,73,5.62,5,28.1,34.2,100.0,0.0
"Agropecuaria, mención Agricultura",3° medio,Manejo de técnicas de riego,34.2,73,5.62,6,33.72,41.04,120.0,-6.84
"Agropecuaria, mención Agricultura",3° medio,Técnicas de reproducción vegetal,42.75,55,9.33,3,27.99,25.65,60.0,17.1
"Agropecuaria, mención Agricultura",3° medio,Técnicas de reproducción vegetal,42.75,55,9.33,4,37.32,34.2,80.0,8.55
"Agropecuaria, mención Agricultura",3° medio,Técnicas de reproducción vegetal,42.75,55,9.33,5,46.65,42.75,100.0,0.0
"Agropecuaria, mención Agricultura",3° medio,Técnicas de reproducción vegetal,42.75,55,9.33,6,55.98,51.3,120.0,-8.55
"Agropecuaria, mención Agricultura",3° medio,Alimentación y pesaje pecuario,34.2,67,6.13,3,18.39,20.52,60.0,13.68
"Agropecuaria, mención Agricultura",3° medio,Alimentación y pesaje pecuario,34.2,67,6.13,4,24.52,27.36,80.0,6.84
"Agropecuaria, mención Agricultura",3° medio,Alimentación y pesaje pecuario,34.2,67,6.13,5,30.65,34.2,100.0,0.0
"Agropecuaria, mención Agricultura",3° medio,Alimentación y pesaje pecuario,34.2,67,6.13,6,36.78,41.04,120.0,-6.84
"Agropecuaria, mención Agricultura",4° medio,Control de plagas y enfermedades,34.2,61,6.73,3,20.19,20.52,60.0,13.68
"Agropecuaria, mención Agricultura",4° medio,Control de plagas y enfermedades,34.2,61,6.73,4,26.92,27.36,80.0,6.84
"Agropecuaria, mención Agricultura",4° medio,Control de plagas y enfermedades,34.2,61,6.73,5,33.65,34.2,100.0,0.0
"Agropecuaria, mención Agricultura",4° medio,Control de plagas y enfermedades,34.2,61,6.73,6,40.38,41.04,120.0,-6.84
"Agropecuaria, mención Agricultura",4° medio,Técnicas de cultivo de especies vegetales,42.75,61,8.41,3,25.23,25.65,60.0,17.1
"Agropecuaria, mención Agricultura",4° medio,Técnicas de cultivo de especies vegetales,42.75,61,8.41,4,33.64,34.2,80.0,8.55
"Agropecuaria, mención Agricultura",4° medio,Técnicas de cultivo de especies vegetales,42.75,61,8.41,5,42.05,42.75,100.0,0.0
"Agropecuaria, mención Agricultura",4° medio,Técnicas de cultivo de especies vegetales,42.75,61,8.41,6,50.46,51.3,120.0,-8.55
"Agropecuaria, mención Agricultura",4° medio,Manejos para optimización productiva de frutales,51.3,61,10.09,3,30.27,30.78,60.0,20.52
"Agropecuaria, mención Agricultura",4° medio,Manejos para optimización productiva de frutales,51.3,61,10.09,4,40.36,41.04,80.0,10.26
"Agropecuaria, mención Agricultura",4° medio,Manejos para optimización productiva de frutales,51.3,61,10.09,5,50.45,51.3,100.0,-0.0
"Agropecuaria, mención Agricultura",4° medio,Manejos para optimización productiva de frutales,51.3,61,10.09,6,60.54,61.56,120.0,-10.26
"Agropecuaria, mención Agricultura",4° medio,Postcosecha y guarda de productos agrícolas,51.3,67,9.19,3,27.57,30.78,60.0,20.52
"Agropecuaria, mención Agricultura",4° medio,Postcosecha y guarda de productos agrícolas,51.3,67,9.19,4,36.76,41.04,80.0,10.26
"Agropecuaria, mención Agricultura",4° medio,Postcosecha y guarda de productos agrícolas,51.3,67,9.19,5,45.95,51.3,100.0,-0.0
"Agropecuaria, mención Agricultura",4° medio,Postcosecha y guarda de productos agrícolas,51.3,67,9.19,6,55.14,61.56,120.0,-10.26
"Agropecuaria, mención Agricultura",4° medio,Mantenimiento de maquinarias y equipos agrícolas,25.65,61,5.05,3,15.15,15.39,60.0,10.26
"Agropecuaria, mención Agricultura",4° medio,Mantenimiento de maquinarias y equipos agrícolas,25.65,61,5.05,4,20.2,20.52,80.0,5.13
"Agropecuaria, mención Agricultura",4° medio,Mantenimiento de maquinarias y equipos agrícolas,25.65,61,5.05,5,25.25,25.65,100.0,-0.0
"Agropecuaria, mención Agricultura",4° medio,Mantenimiento de maquinarias y equipos agrícolas,25.65,61,5.05,6,30.3,30.78,120.0,-5.13
"Agropecuaria, mención Agricultura",4° medio,Emprendimiento y empleabilidad,17.1,67,3.06,3,9.18,10.26,60.0,6.84
"Agropecuaria, mención Agricultura",4° medio,Emprendimiento y empleabilidad,17.1,67,3.06,4,12.24,13.68,80.0,3.42
"Agropecuaria, mención Agricultura",4° medio,Emprendimiento y empleabilidad,17.1,67,3.06,5,15.3,17.1,100.0,0.0
"Agropecuaria, mención Agricultura",4° medio,Emprendimiento y empleabilidad,17.1,67,3.06,6,18.36,20.52,120.0,-3.42
"Agropecuaria, mención Pecuaria",3° medio,Manejo de suelo y residuos,42.75,79,6.49,3,19.47,25.65,60.0,17.1
"Agropecuaria, mención Pecuaria",3° medio,Manejo de suelo y residuos,42.75,79,6.49,4,25.96,34.2,80.0,8.55
"Agropecuaria, mención Pecuaria",3° medio,Manejo de suelo y residuos,42.75,79,6.49,5,32.45,42.75,100.0,0.0
"Agropecuaria, mención Pecuaria",3° medio,Manejo de suelo y residuos,42.75,79,6.49,6,38.94,51.3,120.0,-8.55
"Agropecuaria, mención Pecuaria",3° medio,Manejo de técnicas de riego,34.2,73,5.62,3,16.86,20.52,60.0,13.68
"Agropecuaria, mención Pecuaria",3° medio,Manejo de técnicas de riego,34.2,73,5.62,4,22.48,27.36,80.0,6.84
"Agropecuaria, mención Pecuaria",3° medio,Manejo de técnicas de riego,34.2,73,5.62,5,28.1,34.2,100.0,0.0
"Agropecuaria, mención Pecuaria",3° medio,Manejo de técnicas de riego,34.2,73,5.62,6,33.72,41.04,120.0,-6.84
"Agropecuaria, mención Pecuaria",3° medio,Técnicas de reproducción vegetal,42.75,55,9.33,3,27.99,25.65,60.0,17.1
"Agropecuaria, mención Pecuaria",3° medio,Técnicas de reproducción vegetal,42.75,55,9.33,4,37.32,34.2,80.0,8.55
"Agropecuaria, mención Pecuaria",3° medio,Técnicas de reproducción vegetal,42.75,55,9.33,5,46.65,42.75,100.0,0.0
"Agropecuaria, mención Pecuaria",3° medio,Técnicas de reproducción vegetal,42.75,55,9.33,6,55.98,51.3,120.0,-8.55
"Agropecuaria, mención Pecuaria",3° medio,Alimentación y pesaje pecuario,34.2,67,6.13,3,18.39,20.52,60.0,13.68
"Agropecuaria, mención Pecuaria",3° medio,Alimentación y pesaje pecuario,34.2,67,6.13,4,24.52,27.36,80.0,6.84
"Agropecuaria, mención Pecuaria",3° medio,Alimentación y pesaje pecuario,34.2,67,6.13,5,30.65,34.2,100.0,0.0
"Agropecuaria, mención Pecuaria",3° medio,Alimentación y pesaje pecuario,34.2,67,6.13,6,36.78,41.04,120.0,-6.84
"Agropecuaria, mención Pecuaria",4° medio,Control de plagas y enfermedades,34.2,61,6.73,3,20.19,20.52,60.0,13.68
"Agropecuaria, mención Pecuaria",4° medio,Control de plagas y enfermedades,34.2,61,6.73,4,26.92,27.36,80.0,6.84
"Agropecuaria, mención Pecuaria",4° medio,Control de plagas y enfermedades,34.2,61,6.73,5,33.65,34.2,100.0,0.0
"Agropecuaria, mención Pecuaria",4° medio,Control de plagas y enfermedades,34.2,61,6.73,6,40.38,41.04,120.0,-6.84
"Agropecuaria, mención Pecuaria",4° medio,Manejos pecuarios,42.75,79,6.49,3,19.47,25.65,60.0,17.1
"Agropecuaria, mención Pecuaria",4° medio,Manejos pecuarios,42.75,79,6.49,4,25.96,34.2,80.0,8.55
"Agropecuaria, mención Pecuaria",4° medio,Manejos pecuarios,42.75,79,6.49,5,32.45,42.75,100.0,0.0
"Agropecuaria, mención Pecuaria",4° medio,Manejos pecuarios,42.75,79,6.49,6,38.94,51.3,120.0,-8.55
"Agropecuaria, mención Pecuaria",4° medio,Reproducción animal,34.2,61,6.73,3,20.19,20.52,60.0,13.68
"Agropecuaria, mención Pecuaria",4° medio,Reproducción animal,34.2,61,6.73,4,26.92,27.36,80.0,6.84
"Agropecuaria, mención Pecuaria",4° medio,Reproducción animal,34.2,61,6.73,5,33.65,34.2,100.0,0.0
"Agropecuaria, mención Pecuaria",4° medio,Reproducción animal,34.2,61,6.73,6,40.38,41.04,120.0,-6.84
"Agropecuaria, mención Pecuaria",4° medio,Producción lechera,34.2,61,6.73,3,20.19,20.52,60.0,13.68
"Agropecuaria, mención Pecuaria",4° medio,Producción lechera,34.2,61,6.73,4,26.92,27.36,80.0,6.84
"Agropecuaria, mención Pecuaria",4° medio,Producción lechera,34.2,61,6.73,5,33.65,34.2,100.0,0.0
"Agropecuaria, mención Pecuaria",4° medio,Producción lechera,34.2,61,6.73,6,40.38,41.04,120.0,-6.84
"Agropecuaria, mención Pecuaria",4° medio,Sanidad y bienestar animal,34.2,61,6.73,3,20.19,20.52,60.0,13.68
"Agropecuaria, mención Pecuaria",4° medio,Sanidad y bienestar animal,34.2,61,6.73,4,26.92,27.36,80.0,6.84
"Agropecuaria, mención Pecuaria",4° medio,Sanidad y bienestar animal,34.2,61,6.73,5,33.65,34.2,100.0,0.0
"Agropecuaria, mención Pecuaria",4° medio,Sanidad y bienestar animal,34.2,61,6.73,6,40.38,41.04,120.0,-6.84
"Agropecuaria, mención Pecuaria",4° medio,Cultivo de praderas y forrajes,25.65,61,5.05,3,15.15,15.39,60.0,10.26
"Agropecuaria, mención Pecuaria",4° medio,Cultivo de praderas y forrajes,25.65,61,5.05,4,20.2,20.52,80.0,5.13
"Agropecuaria, mención Pecuaria",4° medio,Cultivo de praderas y forrajes,25.65,61,5.05,5,25.25,25.65,100.0,-0.0
"Agropecuaria, mención Pecuaria",4° medio,Cultivo de praderas y forrajes,25.65,61,5.05,6,30.3,30.78,120.0,-5.13
"Agropecuaria, mención Pecuaria",4° medio,Emprendimiento y empleabilidad,17.1,67,3.06,3,9.18,10.26,60.0,6.84
"Agropecuaria, mención Pecuaria",4° medio,Emprendimiento y empleabilidad,17.1,67,3.06,4,12.24,13.68,80.0,3.42
"Agropecuaria, mención Pecuaria",4° medio,Emprendimiento y empleabilidad,17.1,67,3.06,5,15.3,17.1,100.0,0.0
"Agropecuaria, mención Pecuaria",4° medio,Emprendimiento y empleabilidad,17.1,67,3.06,6,18.36,20.52,120.0,-3.42
"Agropecuaria, mención Vitivinícola",3° medio,Manejo de suelo y residuos,42.75,79,6.49,3,19.47,25.65,60.0,17.1
"Agropecuaria, mención Vitivinícola",3° medio,Manejo de suelo y residuos,42.75,79,6.49,4,25.96,34.2,80.0,8.55
"Agropecuaria, mención Vitivinícola",3° medio,Manejo de suelo y residuos,42.75,79,6.49,5,32.45,42.75,100.0,0.0
"Agropecuaria, mención Vitivinícola",3° medio,Manejo de suelo y residuos,42.75,79,6.49,6,38.94,51.3,120.0,-8.55
"Agropecuaria, mención Vitivinícola",3° medio,Manejo de técnicas de riego,34.2,73,5.62,3,16.86,20.52,60.0,13.68
"Agropecuaria, mención Vitivinícola",3° medio,Manejo de técnicas de riego,34.2,73,5.62,4,22.48,27.36,80.0,6.84
"Agropecuaria, mención Vitivinícola",3° medio,Manejo de técnicas de riego,34.2,73,5.62,5,28.1,34.2,100.0,0.0
"Agropecuaria, mención Vitivinícola",3° medio,Manejo de técnicas de riego,34.2,73,5.62,6,33.72,41.04,120.0,-6.84
"Agropecuaria, mención Vitivinícola",3° medio,Técnicas de reproducción vegetal,42.75,55,9.33,3,27.99,25.65,60.0,17.1
"Agropecuaria, mención Vitivinícola",3° medio,Técnicas de reproducción vegetal,42.75,55,9.33,4,37.32,34.2,80.0,8.55
"Agropecuaria, mención Vitivinícola",3° medio,Técnicas de reproducción vegetal,42.75,55,9.33,5,46.65,42.75,100.0,0.0
"Agropecuaria, mención Vitivinícola",3° medio,Técnicas de reproducción vegetal,42.75,55,9.33,6,55.98,51.3,120.0,-8.55
"Agropecuaria, mención Vitivinícola",3° medio,Alimentación y pesaje pecuario,34.2,67,6.13,3,18.39,20.52,60.0,13.68
"Agropecuaria, mención Vitivinícola",3° medio,Alimentación y pesaje pecuario,34.2,67,6.13,4,24.52,27.36,80.0,6.84
"Agropecuaria, mención Vitivinícola",3° medio,Alimentación y pesaje pecuario,34.2,67,6.13,5,30.65,34.2,100.0,0.0
"Agropecuaria, mención Vitivinícola",3° medio,Alimentación y pesaje pecuario,34.2,67,6.13,6,36.78,41.04,120.0,-6.84
"Agropecuaria, mención Vitivinícola",4° medio,Control de plagas y enfermedades,34.2,61,6.73,3,20.19,20.52,60.0,13.68
"Agropecuaria, mención Vitivinícola",4° medio,Control de plagas y enfermedades,34.2,61,6.73,4,26.92,27.36,80.0,6.84
"Agropecuaria, mención Vitivinícola",4° medio,Control de plagas y enfermedades,34.2,61,6.73,5,33.65,34.2,100.0,0.0
"Agropecuaria, mención Vitivinícola",4° medio,Control de plagas y enfermedades,34.2,61,6.73,6,40.38,41.04,120.0,-6.84
"Agropecuaria, mención Vitivinícola",4° medio,Viticultura,42.75,67,7.66,3,22.98,25.65,60.0,17.1
"Agropecuaria, mención Vitivinícola",4° medio,Viticultura,42.75,67,7.66,4,30.64,34.2,80.0,8.55
"Agropecuaria, mención Vitivinícola",4° medio,Viticultura,42.75,67,7.66,5,38.3,42.75,100.0,0.0
"Agropecuaria, mención Vitivinícola",4° medio,Viticultura,42.75,67,7.66,6,45.96,51.3,120.0,-8.55
"Agropecuaria, mención Vitivinícola",4° medio,Cosecha y transporte de vides,34.2,61,6.73,3,20.19,20.52,60.0,13.68
"Agropecuaria, mención Vitivinícola",4° medio,Cosecha y transporte de vides,34.2,61,6.73,4,26.92,27.36,80.0,6.84
"Agropecuaria, mención Vitivinícola",4° medio,Cosecha y transporte de vides,34.2,61,6.73,5,33.65,34.2,100.0,0.0
"Agropecuaria, mención Vitivinícola",4° medio,Cosecha y transporte de vides,34.2,61,6.73,6,40.38,41.04,120.0,-6.84
"Agropecuaria, mención Vitivinícola",4° medio,Elaboración de vinos,34.2,55,7.46,3,22.38,20.52,60.0,13.68
"Agropecuaria, mención Vitivinícola",4° medio,Elaboración de vinos,34.2,55,7.46,4,29.84,27.36,80.0,6.84
"Agropecuaria, mención Vitivinícola",4° medio,Elaboración de vinos,34.2,55,7.46,5,37.3,34.2,100.0,0.0
"Agropecuaria, mención Vitivinícola",4° medio,Elaboración de vinos,34.2,55,7.46,6,44.76,41.04,120.0,-6.84
"Agropecuaria, mención Vitivinícola",4° medio,Envasado y maquinaria vitivinícola,34.2,73,5.62,3,16.86,20.52,60.0,13.68
"Agropecuaria, mención Vitivinícola",4° medio,Envasado y maquinaria vitivinícola,34.2,73,5.62,4,22.48,27.36,80.0,6.84
"Agropecuaria, mención Vitivinícola",4° medio,Envasado y maquinaria vitivinícola,34.2,73,5.62,5,28.1,34.2,100.0,0.0
"Agropecuaria, mención Vitivinícola",4° medio,Envasado y maquinaria vitivinícola,34.2,73,5.62,6,33.72,41.04,120.0,-6.84
"Agropecuaria, mención Vitivinícola",4° medio,Manejo de bodegas vitivinícolas,25.65,55,5.6,3,16.8,15.39,60.0,10.26
"Agropecuaria, mención Vitivinícola",4° medio,Manejo de bodegas vitivinícolas,25.65,55,5.6,4,22.4,20.52,80.0,5.13
"Agropecuaria, mención Vitivinícola",4° medio,Manejo de bodegas vitivinícolas,25.65,55,5.6,5,28.0,25.65,100.0,-0.0
"Agropecuaria, mención Vitivinícola",4° medio,Manejo de bodegas vitivinícolas,25.65,55,5.6,6,33.6,30.78,120.0,-5.13
"Agropecuaria, mención Vitivinícola",4° medio,Emprendimiento y empleabilidad,17.1,67,3.06,3,9.18,10.26,60.0,6.84
"Agropecuaria, mención Vitivinícola",4° medio,Emprendimiento y empleabilidad,17.1,67,3.06,4,12.24,13.68,80.0,3.42
"Agropecuaria, mención Vitivinícola",4° medio,Emprendimiento y empleabilidad,17.1,67,3.06,5,15.3,17.1,100.0,0.0
"Agropecuaria, mención Vitivinícola",4° medio,Emprendimiento y empleabilidad,17.1,67,3.06,6,18.36,20.52,120.0,-3.42
"Construcción, mención Edificación",3° medio,"Análisis de muestras de hormigón, suelos y materiales",34.2,61,6.73,3,20.19,20.52,60.0,13.68
"Construcción, mención Edificación",3° medio,"Análisis de muestras de hormigón, suelos y materiales",34.2,61,6.73,4,26.92,27.36,80.0,6.84
"Construcción, mención Edificación",3° medio,"Análisis de muestras de hormigón, suelos y materiales",34.2,61,6.73,5,33.65,34.2,100.0,0.0
"Construcción, mención Edificación",3° medio,"Análisis de muestras de hormigón, suelos y materiales",34.2,61,6.73,6,40.38,41.04,120.0,-6.84
"Construcción, mención Edificación",3° medio,Carpintería de instalación de faenas,34.2,55,7.46,3,22.38,20.52,60.0,13.68
"Construcción, mención Edificación",3° medio,Carpintería de instalación de faenas,34.2,55,7.46,4,29.84,27.36,80.0,6.84
"Construcción, mención Edificación",3° medio,Carpintería de instalación de faenas,34.2,55,7.46,5,37.3,34.2,100.0,0.0
"Construcción, mención Edificación",3° medio,Carpintería de instalación de faenas,34.2,55,7.46,6,44.76,41.04,120.0,-6.84
"Construcción, mención Edificación",3° medio,Control y mantenimiento de bodegas y pañoles,17.1,67,3.06,3,9.18,10.26,60.0,6.84
"Construcción, mención Edificación",3° medio,Control y mantenimiento de bodegas y pañoles,17.1,67,3.06,4,12.24,13.68,80.0,3.42
"Construcción, mención Edificación",3° medio,Control y mantenimiento de bodegas y pañoles,17.1,67,3.06,5,15.3,17.1,100.0,0.0
"Construcción, mención Edificación",3° medio,Control y mantenimiento de bodegas y pañoles,17.1,67,3.06,6,18.36,20.52,120.0,-3.42
"Construcción, mención Edificación",3° medio,Cubicación de materiales e insumos,17.1,55,3.73,3,11.19,10.26,60.0,6.84
"Construcción, mención Edificación",3° medio,Cubicación de materiales e insumos,17.1,55,3.73,4,14.92,13.68,80.0,3.42
"Construcción, mención Edificación",3° medio,Cubicación de materiales e insumos,17.1,55,3.73,5,18.65,17.1,100.0,0.0
"Construcción, mención Edificación",3° medio,Cubicación de materiales e insumos,17.1,55,3.73,6,22.38,20.52,120.0,-3.42
"Construcción, mención Edificación",4° medio,Interpretación de planos de construcción,34.2,55,7.46,3,22.38,20.52,60.0,13.68
"Construcción, mención Edificación",4° medio,Interpretación de planos de construcción,34.2,55,7.46,4,29.84,27.36,80.0,6.84
"Construcción, mención Edificación",4° medio,Interpretación de planos de construcción,34.2,55,7.46,5,37.3,34.2,100.0,0.0
"Construcción, mención Edificación",4° medio,Interpretación de planos de construcción,34.2,55,7.46,6,44.76,41.04,120.0,-6.84
"Construcción, mención Edificación",4° medio,Prevención de riesgos en la construcción,17.1,55,3.73,3,11.19,10.26,60.0,6.84
"Construcción, mención Edificación",4° medio,Prevención de riesgos en la construcción,17.1,55,3.73,4,14.92,13.68,80.0,3.42
"Construcción, mención Edificación",4° medio,Prevención de riesgos en la construcción,17.1,55,3.73,5,18.65,17.1,100.0,0.0
"Construcción, mención Edificación",4° medio,Prevención de riesgos en la construcción,17.1,55,3.73,6,22.38,20.52,120.0,-3.42
"Construcción, mención Edificación",4° medio,Trazado de obras de construcción,34.2,67,6.13,3,18.39,20.52,60.0,13.68
"Construcción, mención Edificación",4° medio,Trazado de obras de construcción,34.2,67,6.13,4,24.52,27.36,80.0,6.84
"Construcción, mención Edificación",4° medio,Trazado de obras de construcción,34.2,67,6.13,5,30.65,34.2,100.0,0.0
"Construcción, mención Edificación",4° medio,Trazado de obras de construcción,34.2,67,6.13,6,36.78,41.04,120.0,-6.84
"Construcción, mención Edificación",4° medio,Albañilerías estructurales y no estructurales,34.2,55,7.46,3,22.38,20.52,60.0,13.68
"Construcción, mención Edificación",4° medio,Albañilerías estructurales y no estructurales,34.2,55,7.46,4,29.84,27.36,80.0,6.84
"Construcción, mención Edificación",4° medio,Albañilerías estructurales y no estructurales,34.2,55,7.46,5,37.3,34.2,100.0,0.0
"Construcción, mención Edificación",4° medio,Albañilerías estructurales y no estructurales,34.2,55,7.46,6,44.76,41.04,120.0,-6.84
"Construcción, mención Edificación",4° medio,Carpintería estructural,51.3,61,10.09,3,30.27,30.78,60.0,20.52
"Construcción, mención Edificación",4° medio,Carpintería estructural,51.3,61,10.09,4,40.36,41.04,80.0,10.26
"Construcción, mención Edificación",4° medio,Carpintería estructural,51.3,61,10.09,5,50.45,51.3,100.0,-0.0
"Construcción, mención Edificación",4° medio,Carpintería estructural,51.3,61,10.09,6,60.54,61.56,120.0,-10.26
"Construcción, mención Edificación",4° medio,Enfierradura para elementos estructurales,34.2,55,7.46,3,22.38,20.52,60.0,13.68
"Construcción, mención Edificación",4° medio,Enfierradura para elementos estructurales,34.2,55,7.46,4,29.84,27.36,80.0,6.84
"Construcción, mención Edificación",4° medio,Enfierradura para elementos estructurales,34.2,55,7.46,5,37.3,34.2,100.0,0.0
"Construcción, mención Edificación",4° medio,Enfierradura para elementos estructurales,34.2,55,7.46,6,44.76,41.04,120.0,-6.84
"Construcción, mención Edificación",4° medio,Estructuras de hormigón,51.3,67,9.19,3,27.57,30.78,60.0,20.52
"Construcción, mención Edificación",4° medio,Estructuras de hormigón,51.3,67,9.19,4,36.76,41.04,80.0,10.26
"Construcción, mención Edificación",4° medio,Estructuras de hormigón,51.3,67,9.19,5,45.95,51.3,100.0,-0.0
"Construcción, mención Edificación",4° medio,Estructuras de hormigón,51.3,67,9.19,6,55.14,61.56,120.0,-10.26
"Construcción, mención Edificación",4° medio,Emprendimiento y empleabilidad,17.1,67,3.06,3,9.18,10.26,60.0,6.84
"Construcción, mención Edificación",4° medio,Emprendimiento y empleabilidad,17.1,67,3.06,4,12.24,13.68,80.0,3.42
"Construcción, mención Edificación",4° medio,Emprendimiento y empleabilidad,17.1,67,3.06,5,15.3,17.1,100.0,0.0
"Construcción, mención Edificación",4° medio,Emprendimiento y empleabilidad,17.1,67,3.06,6,18.36,20.52,120.0,-3.42
"Construcción, mención Terminaciones de la Construcción",3° medio,"Análisis de muestras de hormigón, suelos y materiales",34.2,61,6.73,3,20.19,20.52,60.0,13.68
"Construcción, mención Terminaciones de la Construcción",3° medio,"Análisis de muestras de hormigón, suelos y materiales",34.2,61,6.73,4,26.92,27.36,80.0,6.84
"Construcción, mención Terminaciones de la Construcción",3° medio,"Análisis de muestras de hormigón, suelos y materiales",34.2,61,6.73,5,33.65,34.2,100.0,0.0
"Construcción, mención Terminaciones de la Construcción",3° medio,"Análisis de muestras de hormigón, suelos y materiales",34.2,61,6.73,6,40.38,41.04,120.0,-6.84
"Construcción, mención Terminaciones de la Construcción",3° medio,Carpintería de instalación de faenas,34.2,55,7.46,3,22.38,20.52,60.0,13.68
"Construcción, mención Terminaciones de la Construcción",3° medio,Carpintería de instalación de faenas,34.2,55,7.46,4,29.84,27.36,80.0,6.84
"Construcción, mención Terminaciones de la Construcción",3° medio,Carpintería de instalación de faenas,34.2,55,7.46,5,37.3,34.2,100.0,0.0
"Construcción, mención Terminaciones de la Construcción",3° medio,Carpintería de instalación de faenas,34.2,55,7.46,6,44.76,41.04,120.0,-6.84
"Construcción, mención Terminaciones de la Construcción",3° medio,Control y mantenimiento de bodegas y pañoles,17.1,67,3.06,3,9.18,10.26,60.0,6.84
"Construcción, mención Terminaciones de la Construcción",3° medio,Control y mantenimiento de bodegas y pañoles,17.1,67,3.06,4,12.24,13.68,80.0,3.42
"Construcción, mención Terminaciones de la Construcción",3° medio,Control y mantenimiento de bodegas y pañoles,17.1,67,3.06,5,15.3,17.1,100.0,0.0
"Construcción, mención Terminaciones de la Construcción",3° medio,Control y mantenimiento de bodegas y pañoles,17.1,67,3.06,6,18.36,20.52,120.0,-3.42
"Construcción, mención Terminaciones de la Construcción",3° medio,Cubicación de materiales e insumos,17.1,55,3.73,3,11.19,10.26,60.0,6.84
"Construcción, mención Terminaciones de la Construcción",3° medio,Cubicación de materiales e insumos,17.1,55,3.73,4,14.92,13.68,80.0,3.42
"Construcción, mención Terminaciones de la Construcción",3° medio,Cubicación de materiales e insumos,17.1,55,3.73,5,18.65,17.1,100.0,0.0
"Construcción, mención Terminaciones de la Construcción",3° medio,Cubicación de materiales e insumos,17.1,55,3.73,6,22.38,20.52,120.0,-3.42
"Construcción, mención Terminaciones de la Construcción",4° medio,Interpretación de planos de construcción,34.2,55,7.46,3,22.38,20.52,60.0,13.68
"Construcción, mención Terminaciones de la Construcción",4° medio,Interpretación de planos de construcción,34.2,55,7.46,4,29.84,27.36,80.0,6.84
"Construcción, mención Terminaciones de la Construcción",4° medio,Interpretación de planos de construcción,34.2,55,7.46,5,37.3,34.2,100.0,0.0
"Construcción, mención Terminaciones de la Construcción",4° medio,Interpretación de planos de construcción,34.2,55,7.46,6,44.76,41.04,120.0,-6.84
"Construcción, mención Terminaciones de la Construcción",4° medio,Prevención de riesgos en la construcción,17.1,55,3.73,3,11.19,10.26,60.0,6.84
"Construcción, mención Terminaciones de la Construcción",4° medio,Prevención de riesgos en la construcción,17.1,55,3.73,4,14.92,13.68,80.0,3.42
"Construcción, mención Terminaciones de la Construcción",4° medio,Prevención de riesgos en la construcción,17.1,55,3.73,5,18.65,17.1,100.0,0.0
"Construcción, mención Terminaciones de la Construcción",4° medio,Prevención de riesgos en la construcción,17.1,55,3.73,6,22.38,20.52,120.0,-3.42
"Construcción, mención Terminaciones de la Construcción",4° medio,Trazado de obras de construcción,34.2,67,6.13,3,18.39,20.52,60.0,13.68
"Construcción, mención Terminaciones de la Construcción",4° medio,Trazado de obras de construcción,34.2,67,6.13,4,24.52,27.36,80.0,6.84
"Construcción, mención Terminaciones de la Construcción",4° medio,Trazado de obras de construcción,34.2,67,6.13,5,30.65,34.2,100.0,0.0
"Construcción, mención Terminaciones de la Construcción",4° medio,Trazado de obras de construcción,34.2,67,6.13,6,36.78,41.04,120.0,-6.84
"Construcción, mención Terminaciones de la Construcción",4° medio,Impermeabilización y aislación de elementos,34.2,55,7.46,3,22.38,20.52,60.0,13.68
"Construcción, mención Terminaciones de la Construcción",4° medio,Impermeabilización y aislación de elementos,34.2,55,7.46,4,29.84,27.36,80.0,6.84
"Construcción, mención Terminaciones de la Construcción",4° medio,Impermeabilización y aislación de elementos,34.2,55,7.46,5,37.3,34.2,100.0,0.0
"Construcción, mención Terminaciones de la Construcción",4° medio,Impermeabilización y aislación de elementos,34.2,55,7.46,6,44.76,41.04,120.0,-6.84
"Construcción, mención Terminaciones de la Construcción",4° medio,Instalación de cubiertas y elementos de evacuación de aguas lluvias,34.2,55,7.46,3,22.38,20.52,60.0,13.68
"Construcción, mención Terminaciones de la Construcción",4° medio,Instalación de cubiertas y elementos de evacuación de aguas lluvias,34.2,55,7.46,4,29.84,27.36,80.0,6.84
"Construcción, mención Terminaciones de la Construcción",4° medio,Instalación de cubiertas y elementos de evacuación de aguas lluvias,34.2,55,7.46,5,37.3,34.2,100.0,0.0
"Construcción, mención Terminaciones de la Construcción",4° medio,Instalación de cubiertas y elementos de evacuación de aguas lluvias,34.2,55,7.46,6,44.76,41.04,120.0,-6.84
"Construcción, mención Terminaciones de la Construcción",4° medio,"Instalación de muebles, puertas y ventanas",51.3,61,10.09,3,30.27,30.78,60.0,20.52
"Construcción, mención Terminaciones de la Construcción",4° medio,"Instalación de muebles, puertas y ventanas",51.3,61,10.09,4,40.36,41.04,80.0,10.26
"Construcción, mención Terminaciones de la Construcción",4° medio,"Instalación de muebles, puertas y ventanas",51.3,61,10.09,5,50.45,51.3,100.0,-0.0
"Construcción, mención Terminaciones de la Construcción",4° medio,"Instalación de muebles, puertas y ventanas",51.3,61,10.09,6,60.54,61.56,120.0,-10.26
"Construcción, mención Terminaciones de la Construcción",4° medio,"Revestimientos para pisos, muros y cielos",51.3,61,10.09,3,30.27,30.78,60.0,20.52
"Construcción, mención Terminaciones de la Construcción",4° medio,"Revestimientos para pisos, muros y cielos",51.3,61,10.09,4,40.36,41.04,80.0,10.26
"Construcción, mención Terminaciones de la Construcción",4° medio,"Revestimientos para pisos, muros y cielos",51.3,61,10.09,5,50.45,51.3,100.0,-0.0
"Construcción, mención Terminaciones de la Construcción",4° medio,"Revestimientos para pisos, muros y cielos",51.3,61,10.09,6,60.54,61.56,120.0,-10.26
"Construcción, mención Terminaciones de la Construcción",4° medio,Emprendimiento y empleabilidad,17.1,67,3.06,3,9.18,10.26,60.0,6.84
"Construcción, mención Terminaciones de la Construcción",4° medio,Emprendimiento y empleabilidad,17.1,67,3.06,4,12.24,13.68,80.0,3.42
"Construcción, mención Terminaciones de la Construcción",4° medio,Emprendimiento y empleabilidad,17.1,67,3.06,5,15.3,17.1,100.0,0.0
"Construcción, mención Terminaciones de la Construcción",4° medio,Emprendimiento y empleabilidad,17.1,67,3.06,6,18.36,20.52,120.0,-3.42
"Construcción, mención Obras Viales e Infraestructura",3° medio,"Análisis de muestras de hormigón, suelos y materiales",34.2,61,6.73,3,20.19,20.52,60.0,13.68
"Construcción, mención Obras Viales e Infraestructura",3° medio,"Análisis de muestras de hormigón, suelos y materiales",34.2,61,6.73,4,26.92,27.36,80.0,6.84
"Construcción, mención Obras Viales e Infraestructura",3° medio,"Análisis de muestras de hormigón, suelos y materiales",34.2,61,6.73,5,33.65,34.2,100.0,0.0
"Construcción, mención Obras Viales e Infraestructura",3° medio,"Análisis de muestras de hormigón, suelos y materiales",34.2,61,6.73,6,40.38,41.04,120.0,-6.84
"Construcción, mención Obras Viales e Infraestructura",3° medio,Carpintería de instalación de faenas,34.2,55,7.46,3,22.38,20.52,60.0,13.68
"Construcción, mención Obras Viales e Infraestructura",3° medio,Carpintería de instalación de faenas,34.2,55,7.46,4,29.84,27.36,80.0,6.84
"Construcción, mención Obras Viales e Infraestructura",3° medio,Carpintería de instalación de faenas,34.2,55,7.46,5,37.3,34.2,100.0,0.0
"Construcción, mención Obras Viales e Infraestructura",3° medio,Carpintería de instalación de faenas,34.2,55,7.46,6,44.76,41.04,120.0,-6.84
"Construcción, mención Obras Viales e Infraestructura",3° medio,Control y mantenimiento de bodegas y pañoles,17.1,67,3.06,3,9.18,10.26,60.0,6.84
"Construcción, mención Obras Viales e Infraestructura",3° medio,Control y mantenimiento de bodegas y pañoles,17.1,67,3.06,4,12.24,13.68,80.0,3.42
"Construcción, mención Obras Viales e Infraestructura",3° medio,Control y mantenimiento de bodegas y pañoles,17.1,67,3.06,5,15.3,17.1,100.0,0.0
"Construcción, mención Obras Viales e Infraestructura",3° medio,Control y mantenimiento de bodegas y pañoles,17.1,67,3.06,6,18.36,20.52,120.0,-3.42
"Construcción, mención Obras Viales e Infraestructura",3° medio,Cubicación de materiales e insumos,17.1,55,3.73,3,11.19,10.26,60.0,6.84
"Construcción, mención Obras Viales e Infraestructura",3° medio,Cubicación de materiales e insumos,17.1,55,3.73,4,14.92,13.68,80.0,3.42
"Construcción, mención Obras Viales e Infraestructura",3° medio,Cubicación de materiales e insumos,17.1,55,3.73,5,18.65,17.1,100.0,0.0
"Construcción, mención Obras Viales e Infraestructura",3° medio,Cubicación de materiales e insumos,17.1,55,3.73,6,22.38,20.52,120.0,-3.42
"Construcción, mención Obras Viales e Infraestructura",4° medio,Interpretación de planos de construcción,34.2,55,7.46,3,22.38,20.52,60.0,13.68
"Construcción, mención Obras Viales e Infraestructura",4° medio,Interpretación de planos de construcción,34.2,55,7.46,4,29.84,27.36,80.0,6.84
"Construcción, mención Obras Viales e Infraestructura",4° medio,Interpretación de planos de construcción,34.2,55,7.46,5,37.3,34.2,100.0,0.0
"Construcción, mención Obras Viales e Infraestructura",4° medio,Interpretación de planos de construcción,34.2,55,7.46,6,44.76,41.04,120.0,-6.84
"Construcción, mención Obras Viales e Infraestructura",4° medio,Prevención de riesgos en la construcción,17.1,55,3.73,3,11.19,10.26,60.0,6.84
"Construcción, mención Obras Viales e Infraestructura",4° medio,Prevención de riesgos en la construcción,17.1,55,3.73,4,14.92,13.68,80.0,3.42
"Construcción, mención Obras Viales e Infraestructura",4° medio,Prevención de riesgos en la construcción,17.1,55,3.73,5,18.65,17.1,100.0,0.0
"Construcción, mención Obras Viales e Infraestructura",4° medio,Prevención de riesgos en la construcción,17.1,55,3.73,6,22.38,20.52,120.0,-3.42
"Construcción, mención Obras Viales e Infraestructura",4° medio,Trazado de obras de construcción,34.2,67,6.13,3,18.39,20.52,60.0,13.68
"Construcción, mención Obras Viales e Infraestructura",4° medio,Trazado de obras de construcción,34.2,67,6.13,4,24.52,27.36,80.0,6.84
"Construcción, mención Obras Viales e Infraestructura",4° medio,Trazado de obras de construcción,34.2,67,6.13,5,30.65,34.2,100.0,0.0
"Construcción, mención Obras Viales e Infraestructura",4° medio,Trazado de obras de construcción,34.2,67,6.13,6,36.78,41.04,120.0,-6.84
"Construcción, mención Obras Viales e Infraestructura",4° medio,Calidad en obras viales e infraestructura,42.75,55,9.33,3,27.99,25.65,60.0,17.1
"Construcción, mención Obras Viales e Infraestructura",4° medio,Calidad en obras viales e infraestructura,42.75,55,9.33,4,37.32,34.2,80.0,8.55
"Construcción, mención Obras Viales e Infraestructura",4° medio,Calidad en obras viales e infraestructura,42.75,55,9.33,5,46.65,42.75,100.0,0.0
"Construcción, mención Obras Viales e Infraestructura",4° medio,Calidad en obras viales e infraestructura,42.75,55,9.33,6,55.98,51.3,120.0,-8.55
"Construcción, mención Obras Viales e Infraestructura",4° medio,Seguridad vial,34.2,55,7.46,3,22.38,20.52,60.0,13.68
"Construcción, mención Obras Viales e Infraestructura",4° medio,Seguridad vial,34.2,55,7.46,4,29.84,27.36,80.0,6.84
"Construcción, mención Obras Viales e Infraestructura",4° medio,Seguridad vial,34.2,55,7.46,5,37.3,34.2,100.0,0.0
"Construcción, mención Obras Viales e Infraestructura",4° medio,Seguridad vial,34.2,55,7.46,6,44.76,41.04,120.0,-6.84
"Construcción, mención Obras Viales e Infraestructura",4° medio,Mantenimiento de obras viales,34.2,61,6.73,3,20.19,20.52,60.0,13.68
"Construcción, mención Obras Viales e Infraestructura",4° medio,Mantenimiento de obras viales,34.2,61,6.73,4,26.92,27.36,80.0,6.84
"Construcción, mención Obras Viales e Infraestructura",4° medio,Mantenimiento de obras viales,34.2,61,6.73,5,33.65,34.2,100.0,0.0
"Construcción, mención Obras Viales e Infraestructura",4° medio,Mantenimiento de obras viales,34.2,61,6.73,6,40.38,41.04,120.0,-6.84
"Construcción, mención Obras Viales e Infraestructura",4° medio,Conformación de la calzada,34.2,61,6.73,3,20.19,20.52,60.0,13.68
"Construcción, mención Obras Viales e Infraestructura",4° medio,Conformación de la calzada,34.2,61,6.73,4,26.92,27.36,80.0,6.84
"Construcción, mención Obras Viales e Infraestructura",4° medio,Conformación de la calzada,34.2,61,6.73,5,33.65,34.2,100.0,0.0
"Construcción, mención Obras Viales e Infraestructura",4° medio,Conformación de la calzada,34.2,61,6.73,6,40.38,41.04,120.0,-6.84
"Construcción, mención Obras Viales e Infraestructura",4° medio,Infraestructura para la protección de la calzada,25.65,61,5.05,3,15.15,15.39,60.0,10.26
"Construcción, mención Obras Viales e Infraestructura",4° medio,Infraestructura para la protección de la calzada,25.65,61,5.05,4,20.2,20.52,80.0,5.13
"Construcción, mención Obras Viales e Infraestructura",4° medio,Infraestructura para la protección de la calzada,25.65,61,5.05,5,25.25,25.65,100.0,-0.0
"Construcción, mención Obras Viales e Infraestructura",4° medio,Infraestructura para la protección de la calzada,25.65,61,5.05,6,30.3,30.78,120.0,-5.13
"Construcción, mención Obras Viales e Infraestructura",4° medio,Empleabilidad y emprendimiento,17.1,67,3.06,3,9.18,10.26,60.0,6.84
"Construcción, mención Obras Viales e Infraestructura",4° medio,Empleabilidad y emprendimiento,17.1,67,3.06,4,12.24,13.68,80.0,3.42
"Construcción, mención Obras Viales e Infraestructura",4° medio,Empleabilidad y emprendimiento,17.1,67,3.06,5,15.3,17.1,100.0,0.0
"Construcción, mención Obras Viales e Infraestructura",4° medio,Empleabilidad y emprendimiento,17.1,67,3.06,6,18.36,20.52,120.0,-3.42
"Química Industrial, mención Laboratorio Químico",3° medio,Manejo y almacenamiento seguro de materiales,34.2,73,5.62,3,16.86,20.52,60.0,13.68
"Química Industrial, mención Laboratorio Químico",3° medio,Manejo y almacenamiento seguro de materiales,34.2,73,5.62,4,22.48,27.36,80.0,6.84
"Química Industrial, mención Laboratorio Químico",3° medio,Manejo y almacenamiento seguro de materiales,34.2,73,5.62,5,28.1,34.2,100.0,0.0
"Química Industrial, mención Laboratorio Químico",3° medio,Manejo y almacenamiento seguro de materiales,34.2,73,5.62,6,33.72,41.04,120.0,-6.84
"Química Industrial, mención Laboratorio Químico",3° medio,"Técnicas, procesos y equipos de laboratorio",51.3,73,8.43,3,25.29,30.78,60.0,20.52
"Química Industrial, mención Laboratorio Químico",3° medio,"Técnicas, procesos y equipos de laboratorio",51.3,73,8.43,4,33.72,41.04,80.0,10.26
"Química Industrial, mención Laboratorio Químico",3° medio,"Técnicas, procesos y equipos de laboratorio",51.3,73,8.43,5,42.15,51.3,100.0,-0.0
"Química Industrial, mención Laboratorio Químico",3° medio,"Técnicas, procesos y equipos de laboratorio",51.3,73,8.43,6,50.58,61.56,120.0,-10.26
"Química Industrial, mención Laboratorio Químico",3° medio,Fabricación de productos industriales,51.3,67,9.19,3,27.57,30.78,60.0,20.52
"Química Industrial, mención Laboratorio Químico",3° medio,Fabricación de productos industriales,51.3,67,9.19,4,36.76,41.04,80.0,10.26
"Química Industrial, mención Laboratorio Químico",3° medio,Fabricación de productos industriales,51.3,67,9.19,5,45.95,51.3,100.0,-0.0
"Química Industrial, mención Laboratorio Químico",3° medio,Fabricación de productos industriales,51.3,67,9.19,6,55.14,61.56,120.0,-10.26
"Química Industrial, mención Laboratorio Químico",3° medio,Cuidado del medioambiente y tratamiento de residuos,51.3,61,10.09,3,30.27,30.78,60.0,20.52
"Química Industrial, mención Laboratorio Químico",3° medio,Cuidado del medioambiente y tratamiento de residuos,51.3,61,10.09,4,40.36,41.04,80.0,10.26
"Química Industrial, mención Laboratorio Químico",3° medio,Cuidado del medioambiente y tratamiento de residuos,51.3,61,10.09,5,50.45,51.3,100.0,-0.0
"Química Industrial, mención Laboratorio Químico",3° medio,Cuidado del medioambiente y tratamiento de residuos,51.3,61,10.09,6,60.54,61.56,120.0,-10.26
"Química Industrial, mención Laboratorio Químico",4° medio,Toma de muestra,25.65,67,4.59,3,13.77,15.39,60.0,10.26
"Química Industrial, mención Laboratorio Químico",4° medio,Toma de muestra,25.65,67,4.59,4,18.36,20.52,80.0,5.13
"Química Industrial, mención Laboratorio Químico",4° medio,Toma de muestra,25.65,67,4.59,5,22.95,25.65,100.0,-0.0
"Química Industrial, mención Laboratorio Químico",4° medio,Toma de muestra,25.65,67,4.59,6,27.54,30.78,120.0,-5.13
"Química Industrial, mención Laboratorio Químico",4° medio,Preparación de muestras para análisis orgánico,42.75,73,7.03,3,21.09,25.65,60.0,17.1
"Química Industrial, mención Laboratorio Químico",4° medio,Preparación de muestras para análisis orgánico,42.75,73,7.03,4,28.12,34.2,80.0,8.55
"Química Industrial, mención Laboratorio Químico",4° medio,Preparación de muestras para análisis orgánico,42.75,73,7.03,5,35.15,42.75,100.0,0.0
"Química Industrial, mención Laboratorio Químico",4° medio,Preparación de muestras para análisis orgánico,42.75,73,7.03,6,42.18,51.3,120.0,-8.55
"Química Industrial, mención Laboratorio Químico",4° medio,Técnicas de análisis físico-químico,42.75,61,8.41,3,25.23,25.65,60.0,17.1
"Química Industrial, mención Laboratorio Químico",4° medio,Técnicas de análisis físico-químico,42.75,61,8.41,4,33.64,34.2,80.0,8.55
"Química Industrial, mención Laboratorio Químico",4° medio,Técnicas de análisis físico-químico,42.75,61,8.41,5,42.05,42.75,100.0,0.0
"Química Industrial, mención Laboratorio Químico",4° medio,Técnicas de análisis físico-químico,42.75,61,8.41,6,50.46,51.3,120.0,-8.55
"Química Industrial, mención Laboratorio Químico",4° medio,Técnicas de análisis instrumental,34.2,61,6.73,3,20.19,20.52,60.0,13.68
"Química Industrial, mención Laboratorio Químico",4° medio,Técnicas de análisis instrumental,34.2,61,6.73,4,26.92,27.36,80.0,6.84
"Química Industrial, mención Laboratorio Químico",4° medio,Técnicas de análisis instrumental,34.2,61,6.73,5,33.65,34.2,100.0,0.0
"Química Industrial, mención Laboratorio Químico",4° medio,Técnicas de análisis instrumental,34.2,61,6.73,6,40.38,41.04,120.0,-6.84
"Química Industrial, mención Laboratorio Químico",4° medio,Mantenimiento de equipos e instrumentos de laboratorio,25.65,55,5.6,3,16.8,15.39,60.0,10.26
"Química Industrial, mención Laboratorio Químico",4° medio,Mantenimiento de equipos e instrumentos de laboratorio,25.65,55,5.6,4,22.4,20.52,80.0,5.13
"Química Industrial, mención Laboratorio Químico",4° medio,Mantenimiento de equipos e instrumentos de laboratorio,25.65,55,5.6,5,28.0,25.65,100.0,-0.0
"Química Industrial, mención Laboratorio Químico",4° medio,Mantenimiento de equipos e instrumentos de laboratorio,25.65,55,5.6,6,33.6,30.78,120.0,-5.13
"Química Industrial, mención Laboratorio Químico",4° medio,Emprendimiento y empleabilidad,17.1,67,3.06,3,9.18,10.26,60.0,6.84
"Química Industrial, mención Laboratorio Químico",4° medio,Emprendimiento y empleabilidad,17.1,67,3.06,4,12.24,13.68,80.0,3.42
"Química Industrial, mención Laboratorio Químico",4° medio,Emprendimiento y empleabilidad,17.1,67,3.06,5,15.3,17.1,100.0,0.0
"Química Industrial, mención Laboratorio Químico",4° medio,Emprendimiento y empleabilidad,17.1,67,3.06,6,18.36,20.52,120.0,-3.42
"Química Industrial, mención Planta Química",3° medio,Manejo y almacenamiento seguro de materiales,34.2,73,5.62,3,16.86,20.52,60.0,13.68
"Química Industrial, mención Planta Química",3° medio,Manejo y almacenamiento seguro de materiales,34.2,73,5.62,4,22.48,27.36,80.0,6.84
"Química Industrial, mención Planta Química",3° medio,Manejo y almacenamiento seguro de materiales,34.2,73,5.62,5,28.1,34.2,100.0,0.0
"Química Industrial, mención Planta Química",3° medio,Manejo y almacenamiento seguro de materiales,34.2,73,5.62,6,33.72,41.04,120.0,-6.84
"Química Industrial, mención Planta Química",3° medio,"Técnicas, procesos y equipos de laboratorio",51.3,73,8.43,3,25.29,30.78,60.0,20.52
"Química Industrial, mención Planta Química",3° medio,"Técnicas, procesos y equipos de laboratorio",51.3,73,8.43,4,33.72,41.04,80.0,10.26
"Química Industrial, mención Planta Química",3° medio,"Técnicas, procesos y equipos de laboratorio",51.3,73,8.43,5,42.15,51.3,100.0,-0.0
"Química Industrial, mención Planta Química",3° medio,"Técnicas, procesos y equipos de laboratorio",51.3,73,8.43,6,50.58,61.56,120.0,-10.26
"Química Industrial, mención Planta Química",3° medio,Fabricación de productos industriales,51.3,67,9.19,3,27.57,30.78,60.0,20.52
"Química Industrial, mención Planta Química",3° medio,Fabricación de productos industriales,51.3,67,9.19,4,36.76,41.04,80.0,10.26
"Química Industrial, mención Planta Química",3° medio,Fabricación de productos industriales,51.3,67,9.19,5,45.95,51.3,100.0,-0.0
"Química Industrial, mención Planta Química",3° medio,Fabricación de productos industriales,51.3,67,9.19,6,55.14,61.56,120.0,-10.26
"Química Industrial, mención Planta Química",3° medio,Cuidado del medioambiente y tratamiento de residuos,51.3,61,10.09,3,30.27,30.78,60.0,20.52
"Química Industrial, mención Planta Química",3° medio,Cuidado del medioambiente y tratamiento de residuos,51.3,61,10.09,4,40.36,41.04,80.0,10.26
"Química Industrial, mención Planta Química",3° medio,Cuidado del medioambiente y tratamiento de residuos,51.3,61,10.09,5,50.45,51.3,100.0,-0.0
"Química Industrial, mención Planta Química",3° medio,Cuidado del medioambiente y tratamiento de residuos,51.3,61,10.09,6,60.54,61.56,120.0,-10.26
"Química Industrial, mención Planta Química",4° medio,Transferencia de calor y operaciones unitarias,51.3,61,10.09,3,30.27,30.78,60.0,20.52
"Química Industrial, mención Planta Química",4° medio,Transferencia de calor y operaciones unitarias,51.3,61,10.09,4,40.36,41.04,80.0,10.26
"Química Industrial, mención Planta Química",4° medio,Transferencia de calor y operaciones unitarias,51.3,61,10.09,5,50.45,51.3,100.0,-0.0
"Química Industrial, mención Planta Química",4° medio,Transferencia de calor y operaciones unitarias,51.3,61,10.09,6,60.54,61.56,120.0,-10.26
"Química Industrial, mención Planta Química",4° medio,Acondicionamiento de sólidos y control automático,25.65,55,5.6,3,16.8,15.39,60.0,10.26
"Química Industrial, mención Planta Química",4° medio,Acondicionamiento de sólidos y control automático,25.65,55,5.6,4,22.4,20.52,80.0,5.13
"Química Industrial, mención Planta Química",4° medio,Acondicionamiento de sólidos y control automático,25.65,55,5.6,5,28.0,25.65,100.0,-0.0
"Química Industrial, mención Planta Química",4° medio,Acondicionamiento de sólidos y control automático,25.65,55,5.6,6,33.6,30.78,120.0,-5.13
"Química Industrial, mención Planta Química",4° medio,Muestreo de productos industriales,51.3,61,10.09,3,30.27,30.78,60.0,20.52
"Química Industrial, mención Planta Química",4° medio,Muestreo de productos industriales,51.3,61,10.09,4,40.36,41.04,80.0,10.26
"Química Industrial, mención Planta Química",4° medio,Muestreo de productos industriales,51.3,61,10.09,5,50.45,51.3,100.0,-0.0
"Química Industrial, mención Planta Química",4° medio,Muestreo de productos industriales,51.3,61,10.09,6,60.54,61.56,120.0,-10.26
"Química Industrial, mención Planta Química",4° medio,Mantenimiento de sistemas auxiliares,42.75,61,8.41,3,25.23,25.65,60.0,17.1
"Química Industrial, mención Planta Química",4° medio,Mantenimiento de sistemas auxiliares,42.75,61,8.41,4,33.64,34.2,80.0,8.55
"Química Industrial, mención Planta Química",4° medio,Mantenimiento de sistemas auxiliares,42.75,61,8.41,5,42.05,42.75,100.0,0.0
"Química Industrial, mención Planta Química",4° medio,Mantenimiento de sistemas auxiliares,42.75,61,8.41,6,50.46,51.3,120.0,-8.55
"Química Industrial, mención Planta Química",4° medio,Emprendimiento y empleabilidad,17.1,67,3.06,3,9.18,10.26,60.0,6.84
"Química Industrial, mención Planta Química",4° medio,Emprendimiento y empleabilidad,17.1,67,3.06,4,12.24,13.68,80.0,3.42
"Química Industrial, mención Planta Química",4° medio,Emprendimiento y empleabilidad,17.1,67,3.06,5,15.3,17.1,100.0,0.0
"Química Industrial, mención Planta Química",4° medio,Emprendimiento y empleabilidad,17.1,67,3.06,6,18.36,20.52,120.0,-3.42
"Mecánica Industrial, mención Máquinas-Herramientas",3° medio,Soldadura,42.75,67,7.66,3,22.98,25.65,60.0,17.1
"Mecánica Industrial, mención Máquinas-Herramientas",3° medio,Soldadura,42.75,67,7.66,4,30.64,34.2,80.0,8.55
"Mecánica Industrial, mención Máquinas-Herramientas",3° medio,Soldadura,42.75,67,7.66,5,38.3,42.75,100.0,0.0
"Mecánica Industrial, mención Máquinas-Herramientas",3° medio,Soldadura,42.75,67,7.66,6,45.96,51.3,120.0,-8.55
"Mecánica Industrial, mención Máquinas-Herramientas",3° medio,Mantenimiento de herramientas,42.75,61,8.41,3,25.23,25.65,60.0,17.1
"Mecánica Industrial, mención Máquinas-Herramientas",3° medio,Mantenimiento de herramientas,42.75,61,8.41,4,33.64,34.2,80.0,8.55
"Mecánica Industrial, mención Máquinas-Herramientas",3° medio,Mantenimiento de herramientas,42.75,61,8.41,5,42.05,42.75,100.0,0.0
"Mecánica Industrial, mención Máquinas-Herramientas",3° medio,Mantenimiento de herramientas,42.75,61,8.41,6,50.46,51.3,120.0,-8.55
"Mecánica Industrial, mención Máquinas-Herramientas",3° medio,Medición y verificación,42.75,61,8.41,3,25.23,25.65,60.0,17.1
"Mecánica Industrial, mención Máquinas-Herramientas",3° medio,Medición y verificación,42.75,61,8.41,4,33.64,34.2,80.0,8.55
"Mecánica Industrial, mención Máquinas-Herramientas",3° medio,Medición y verificación,42.75,61,8.41,5,42.05,42.75,100.0,0.0
"Mecánica Industrial, mención Máquinas-Herramientas",3° medio,Medición y verificación,42.75,61,8.41,6,50.46,51.3,120.0,-8.55
"Mecánica Industrial, mención Máquinas-Herramientas",3° medio,Mecánica de banco,34.2,67,6.13,3,18.39,20.52,60.0,13.68
"Mecánica Industrial, mención Máquinas-Herramientas",3° medio,Mecánica de banco,34.2,67,6.13,4,24.52,27.36,80.0,6.84
"Mecánica Industrial, mención Máquinas-Herramientas",3° medio,Mecánica de banco,34.2,67,6.13,5,30.65,34.2,100.0,0.0
"Mecánica Industrial, mención Máquinas-Herramientas",3° medio,Mecánica de banco,34.2,67,6.13,6,36.78,41.04,120.0,-6.84
"Mecánica Industrial, mención Máquinas-Herramientas",4° medio,Lectura de manuales y planos,25.65,61,5.05,3,15.15,15.39,60.0,10.26
"Mecánica Industrial, mención Máquinas-Herramientas",4° medio,Lectura de manuales y planos,25.65,61,5.05,4,20.2,20.52,80.0,5.13
"Mecánica Industrial, mención Máquinas-Herramientas",4° medio,Lectura de manuales y planos,25.65,61,5.05,5,25.25,25.65,100.0,-0.0
"Mecánica Industrial, mención Máquinas-Herramientas",4° medio,Lectura de manuales y planos,25.65,61,5.05,6,30.3,30.78,120.0,-5.13
"Mecánica Industrial, mención Máquinas-Herramientas",4° medio,Torneado de piezas y conjuntos mecánicos,51.3,61,10.09,3,30.27,30.78,60.0,20.52
"Mecánica Industrial, mención Máquinas-Herramientas",4° medio,Torneado de piezas y conjuntos mecánicos,51.3,61,10.09,4,40.36,41.04,80.0,10.26
"Mecánica Industrial, mención Máquinas-Herramientas",4° medio,Torneado de piezas y conjuntos mecánicos,51.3,61,10.09,5,50.45,51.3,100.0,-0.0
"Mecánica Industrial, mención Máquinas-Herramientas",4° medio,Torneado de piezas y conjuntos mecánicos,51.3,61,10.09,6,60.54,61.56,120.0,-10.26
"Mecánica Industrial, mención Máquinas-Herramientas",4° medio,Fresado de piezas y conjuntos mecánicos,51.3,61,10.09,3,30.27,30.78,60.0,20.52
"Mecánica Industrial, mención Máquinas-Herramientas",4° medio,Fresado de piezas y conjuntos mecánicos,51.3,61,10.09,4,40.36,41.04,80.0,10.26
"Mecánica Industrial, mención Máquinas-Herramientas",4° medio,Fresado de piezas y conjuntos mecánicos,51.3,61,10.09,5,50.45,51.3,100.0,-0.0
"Mecánica Industrial, mención Máquinas-Herramientas",4° medio,Fresado de piezas y conjuntos mecánicos,51.3,61,10.09,6,60.54,61.56,120.0,-10.26
"Mecánica Industrial, mención Máquinas-Herramientas",4° medio,Taladrado y rectificado de piezas mecánicas,17.1,61,3.36,3,10.08,10.26,60.0,6.84
"Mecánica Industrial, mención Máquinas-Herramientas",4° medio,Taladrado y rectificado de piezas mecánicas,17.1,61,3.36,4,13.44,13.68,80.0,3.42
"Mecánica Industrial, mención Máquinas-Herramientas",4° medio,Taladrado y rectificado de piezas mecánicas,17.1,61,3.36,5,16.8,17.1,100.0,0.0
"Mecánica Industrial, mención Máquinas-Herramientas",4° medio,Taladrado y rectificado de piezas mecánicas,17.1,61,3.36,6,20.16,20.52,120.0,-3.42
"Mecánica Industrial, mención Máquinas-Herramientas",4° medio,Mecanizado con máquinas de control numérico computacional,51.3,73,8.43,3,25.29,30.78,60.0,20.52
"Mecánica Industrial, mención Máquinas-Herramientas",4° medio,Mecanizado con máquinas de control numérico computacional,51.3,73,8.43,4,33.72,41.04,80.0,10.26
"Mecánica Industrial, mención Máquinas-Herramientas",4° medio,Mecanizado con máquinas de control numérico computacional,51.3,73,8.43,5,42.15,51.3,100.0,-0.0
"Mecánica Industrial, mención Máquinas-Herramientas",4° medio,Mecanizado con máquinas de control numérico computacional,51.3,73,8.43,6,50.58,61.56,120.0,-10.26
"Mecánica Industrial, mención Máquinas-Herramientas",4° medio,Emprendimiento y empleabilidad,17.1,67,3.06,3,9.18,10.26,60.0,6.84
"Mecánica Industrial, mención Máquinas-Herramientas",4° medio,Emprendimiento y empleabilidad,17.1,67,3.06,4,12.24,13.68,80.0,3.42
"Mecánica Industrial, mención Máquinas-Herramientas",4° medio,Emprendimiento y empleabilidad,17.1,67,3.06,5,15.3,17.1,100.0,0.0
"Mecánica Industrial, mención Máquinas-Herramientas",4° medio,Emprendimiento y empleabilidad,17.1,67,3.06,6,18.36,20.52,120.0,-3.42
"Mecánica Industrial, mención Matricería",3° medio,Soldadura,42.75,67,7.66,3,22.98,25.65,60.0,17.1
"Mecánica Industrial, mención Matricería",3° medio,Soldadura,42.75,67,7.66,4,30.64,34.2,80.0,8.55
"Mecánica Industrial, mención Matricería",3° medio,Soldadura,42.75,67,7.66,5,38.3,42.75,100.0,0.0
"Mecánica Industrial, mención Matricería",3° medio,Soldadura,42.75,67,7.66,6,45.96,51.3,120.0,-8.55
"Mecánica Industrial, mención Matricería",3° medio,Mantenimiento de herramientas,42.75,61,8.41,3,25.23,25.65,60.0,17.1
"Mecánica Industrial, mención Matricería",3° medio,Mantenimiento de herramientas,42.75,61,8.41,4,33.64,34.2,80.0,8.55
"Mecánica Industrial, mención Matricería",3° medio,Mantenimiento de herramientas,42.75,61,8.41,5,42.05,42.75,100.0,0.0
"Mecánica Industrial, mención Matricería",3° medio,Mantenimiento de herramientas,42.75,61,8.41,6,50.46,51.3,120.0,-8.55
"Mecánica Industrial, mención Matricería",3° medio,Medición y verificación,42.75,61,8.41,3,25.23,25.65,60.0,17.1
"Mecánica Industrial, mención Matricería",3° medio,Medición y verificación,42.75,61,8.41,4,33.64,34.2,80.0,8.55
"Mecánica Industrial, mención Matricería",3° medio,Medición y verificación,42.75,61,8.41,5,42.05,42.75,100.0,0.0
"Mecánica Industrial, mención Matricería",3° medio,Medición y verificación,42.75,61,8.41,6,50.46,51.3,120.0,-8.55
"Mecánica Industrial, mención Matricería",3° medio,Mecánica de banco,34.2,67,6.13,3,18.39,20.52,60.0,13.68
"Mecánica Industrial, mención Matricería",3° medio,Mecánica de banco,34.2,67,6.13,4,24.52,27.36,80.0,6.84
"Mecánica Industrial, mención Matricería",3° medio,Mecánica de banco,34.2,67,6.13,5,30.65,34.2,100.0,0.0
"Mecánica Industrial, mención Matricería",3° medio,Mecánica de banco,34.2,67,6.13,6,36.78,41.04,120.0,-6.84
"Mecánica Industrial, mención Matricería",4° medio,Lectura de manuales y planos,25.65,61,5.05,3,15.15,15.39,60.0,10.26
"Mecánica Industrial, mención Matricería",4° medio,Lectura de manuales y planos,25.65,61,5.05,4,20.2,20.52,80.0,5.13
"Mecánica Industrial, mención Matricería",4° medio,Lectura de manuales y planos,25.65,61,5.05,5,25.25,25.65,100.0,-0.0
"Mecánica Industrial, mención Matricería",4° medio,Lectura de manuales y planos,25.65,61,5.05,6,30.3,30.78,120.0,-5.13
"Mecánica Industrial, mención Matricería",4° medio,Fabricación de matrices,42.75,61,8.41,3,25.23,25.65,60.0,17.1
"Mecánica Industrial, mención Matricería",4° medio,Fabricación de matrices,42.75,61,8.41,4,33.64,34.2,80.0,8.55
"Mecánica Industrial, mención Matricería",4° medio,Fabricación de matrices,42.75,61,8.41,5,42.05,42.75,100.0,0.0
"Mecánica Industrial, mención Matricería",4° medio,Fabricación de matrices,42.75,61,8.41,6,50.46,51.3,120.0,-8.55
"Mecánica Industrial, mención Matricería",4° medio,Fabricación de moldes,42.75,61,8.41,3,25.23,25.65,60.0,17.1
"Mecánica Industrial, mención Matricería",4° medio,Fabricación de moldes,42.75,61,8.41,4,33.64,34.2,80.0,8.55
"Mecánica Industrial, mención Matricería",4° medio,Fabricación de moldes,42.75,61,8.41,5,42.05,42.75,100.0,0.0
"Mecánica Industrial, mención Matricería",4° medio,Fabricación de moldes,42.75,61,8.41,6,50.46,51.3,120.0,-8.55
"Mecánica Industrial, mención Matricería",4° medio,Mantención de matrices y moldes,42.75,79,6.49,3,19.47,25.65,60.0,17.1
"Mecánica Industrial, mención Matricería",4° medio,Mantención de matrices y moldes,42.75,79,6.49,4,25.96,34.2,80.0,8.55
"Mecánica Industrial, mención Matricería",4° medio,Mantención de matrices y moldes,42.75,79,6.49,5,32.45,42.75,100.0,0.0
"Mecánica Industrial, mención Matricería",4° medio,Mantención de matrices y moldes,42.75,79,6.49,6,38.94,51.3,120.0,-8.55
"Mecánica Industrial, mención Matricería",4° medio,Diseño y dibujo de moldes y matrices,42.75,61,8.41,3,25.23,25.65,60.0,17.1
"Mecánica Industrial, mención Matricería",4° medio,Diseño y dibujo de moldes y matrices,42.75,61,8.41,4,33.64,34.2,80.0,8.55
"Mecánica Industrial, mención Matricería",4° medio,Diseño y dibujo de moldes y matrices,42.75,61,8.41,5,42.05,42.75,100.0,0.0
"Mecánica Industrial, mención Matricería",4° medio,Diseño y dibujo de moldes y matrices,42.75,61,8.41,6,50.46,51.3,120.0,-8.55
"Mecánica Industrial, mención Matricería",4° medio,Emprendimiento y empleabilidad,17.1,67,3.06,3,9.18,10.26,60.0,6.84
"Mecánica Industrial, mención Matricería",4° medio,Emprendimiento y empleabilidad,17.1,67,3.06,4,12.24,13.68,80.0,3.42
"Mecánica Industrial, mención Matricería",4° medio,Emprendimiento y empleabilidad,17.1,67,3.06,5,15.3,17.1,100.0,0.0
"Mecánica Industrial, mención Matricería",4° medio,Emprendimiento y empleabilidad,17.1,67,3.06,6,18.36,20.52,120.0,-3.42
"Mecánica Industrial, mención Mantenimiento Electromecánico",3° medio,Soldadura,42.75,67,7.66,3,22.98,25.65,60.0,17.1
"Mecánica Industrial, mención Mantenimiento Electromecánico",3° medio,Soldadura,42.75,67,7.66,4,30.64,34.2,80.0,8.55
"Mecánica Industrial, mención Mantenimiento Electromecánico",3° medio,Soldadura,42.75,67,7.66,5,38.3,42.75,100.0,0.0
"Mecánica Industrial, mención Mantenimiento Electromecánico",3° medio,Soldadura,42.75,67,7.66,6,45.96,51.3,120.0,-8.55
"Mecánica Industrial, mención Mantenimiento Electromecánico",3° medio,Mantenimiento de herramientas,42.75,61,8.41,3,25.23,25.65,60.0,17.1
"Mecánica Industrial, mención Mantenimiento Electromecánico",3° medio,Mantenimiento de herramientas,42.75,61,8.41,4,33.64,34.2,80.0,8.55
"Mecánica Industrial, mención Mantenimiento Electromecánico",3° medio,Mantenimiento de herramientas,42.75,61,8.41,5,42.05,42.75,100.0,0.0
"Mecánica Industrial, mención Mantenimiento Electromecánico",3° medio,Mantenimiento de herramientas,42.75,61,8.41,6,50.46,51.3,120.0,-8.55
"Mecánica Industrial, mención Mantenimiento Electromecánico",3° medio,Medición y verificación,42.75,61,8.41,3,25.23,25.65,60.0,17.1
"Mecánica Industrial, mención Mantenimiento Electromecánico",3° medio,Medición y verificación,42.75,61,8.41,4,33.64,34.2,80.0,8.55
"Mecánica Industrial, mención Mantenimiento Electromecánico",3° medio,Medición y verificación,42.75,61,8.41,5,42.05,42.75,100.0,0.0
"Mecánica Industrial, mención Mantenimiento Electromecánico",3° medio,Medición y verificación,42.75,61,8.41,6,50.46,51.3,120.0,-8.55
"Mecánica Industrial, mención Mantenimiento Electromecánico",3° medio,Mecánica de banco,34.2,67,6.13,3,18.39,20.52,60.0,13.68
"Mecánica Industrial, mención Mantenimiento Electromecánico",3° medio,Mecánica de banco,34.2,67,6.13,4,24.52,27.36,80.0,6.84
"Mecánica Industrial, mención Mantenimiento Electromecánico",3° medio,Mecánica de banco,34.2,67,6.13,5,30.65,34.2,100.0,0.0
"Mecánica Industrial, mención Mantenimiento Electromecánico",3° medio,Mecánica de banco,34.2,67,6.13,6,36.78,41.04,120.0,-6.84
"Mecánica Industrial, mención Mantenimiento Electromecánico",4° medio,Lectura de manuales y planos,25.65,61,5.05,3,15.15,15.39,60.0,10.26
"Mecánica Industrial, mención Mantenimiento Electromecánico",4° medio,Lectura de manuales y planos,25.65,61,5.05,4,20.2,20.52,80.0,5.13
"Mecánica Industrial, mención Mantenimiento Electromecánico",4° medio,Lectura de manuales y planos,25.65,61,5.05,5,25.25,25.65,100.0,-0.0
"Mecánica Industrial, mención Mantenimiento Electromecánico",4° medio,Lectura de manuales y planos,25.65,61,5.05,6,30.3,30.78,120.0,-5.13
"Mecánica Industrial, mención Mantenimiento Electromecánico",4° medio,Mantenimiento y reparación industrial,51.3,67,9.19,3,27.57,30.78,60.0,20.52
"Mecánica Industrial, mención Mantenimiento Electromecánico",4° medio,Mantenimiento y reparación industrial,51.3,67,9.19,4,36.76,41.04,80.0,10.26
"Mecánica Industrial, mención Mantenimiento Electromecánico",4° medio,Mantenimiento y reparación industrial,51.3,67,9.19,5,45.95,51.3,100.0,-0.0
"Mecánica Industrial, mención Mantenimiento Electromecánico",4° medio,Mantenimiento y reparación industrial,51.3,67,9.19,6,55.14,61.56,120.0,-10.26
"Mecánica Industrial, mención Mantenimiento Electromecánico",4° medio,Detección de fallas en sistemas industriales,34.2,61,6.73,3,20.19,20.52,60.0,13.68
"Mecánica Industrial, mención Mantenimiento Electromecánico",4° medio,Detección de fallas en sistemas industriales,34.2,61,6.73,4,26.92,27.36,80.0,6.84
"Mecánica Industrial, mención Mantenimiento Electromecánico",4° medio,Detección de fallas en sistemas industriales,34.2,61,6.73,5,33.65,34.2,100.0,0.0
"Mecánica Industrial, mención Mantenimiento Electromecánico",4° medio,Detección de fallas en sistemas industriales,34.2,61,6.73,6,40.38,41.04,120.0,-6.84
"Mecánica Industrial, mención Mantenimiento Electromecánico",4° medio,Control de procesos industriales,51.3,61,10.09,3,30.27,30.78,60.0,20.52
"Mecánica Industrial, mención Mantenimiento Electromecánico",4° medio,Control de procesos industriales,51.3,61,10.09,4,40.36,41.04,80.0,10.26
"Mecánica Industrial, mención Mantenimiento Electromecánico",4° medio,Control de procesos industriales,51.3,61,10.09,5,50.45,51.3,100.0,-0.0
"Mecánica Industrial, mención Mantenimiento Electromecánico",4° medio,Control de procesos industriales,51.3,61,10.09,6,60.54,61.56,120.0,-10.26
"Mecánica Industrial, mención Mantenimiento Electromecánico",4° medio,Montaje de equipos y sistemas industriales,34.2,61,6.73,3,20.19,20.52,60.0,13.68
"Mecánica Industrial, mención Mantenimiento Electromecánico",4° medio,Montaje de equipos y sistemas industriales,34.2,61,6.73,4,26.92,27.36,80.0,6.84
"Mecánica Industrial, mención Mantenimiento Electromecánico",4° medio,Montaje de equipos y sistemas industriales,34.2,61,6.73,5,33.65,34.2,100.0,0.0
"Mecánica Industrial, mención Mantenimiento Electromecánico",4° medio,Montaje de equipos y sistemas industriales,34.2,61,6.73,6,40.38,41.04,120.0,-6.84
"Mecánica Industrial, mención Mantenimiento Electromecánico",4° medio,Emprendimiento y empleabilidad,17.1,67,3.06,3,9.18,10.26,60.0,6.84
"Mecánica Industrial, mención Mantenimiento Electromecánico",4° medio,Emprendimiento y empleabilidad,17.1,67,3.06,4,12.24,13.68,80.0,3.42
"Mecánica Industrial, mención Mantenimiento Electromecánico",4° medio,Emprendimiento y empleabilidad,17.1,67,3.06,5,15.3,17.1,100.0,0.0
"Mecánica Industrial, mención Mantenimiento Electromecánico",4° medio,Emprendimiento y empleabilidad,17.1,67,3.06,6,18.36,20.52,120.0,-3.42
