Curso_ID,Curso,Modulo_ID,Modulo,Actividad,Criterio,Estado_actual,Porcentaje_cumplimiento,Evidencia,Hallazgo,Cambio_requerido,Cambio_propuesto,Justificacion,Prioridad,Autorizacion,ID,Cumplen,Revisados,Evidencia_archivo
2,Electricidad,5,Instalación de motores eléctricos y equipos de calefacción,development_pack,Antecedentes del desarrollo y problema del modulo,REUTILIZACIÓN DOCUMENTAL; EVALUACIÓN ENTREGADA,,"Contexto del bloque: 'Sala de un liceo · climatización de aula'; antecedentes: 'UI-01, UI-02 y UE-01 aparecen en planta. El listado solo declara una unidad interior.'; desarrollo solicitado: 'Analiza un caso simulado de Instalación de motores eléctricos y equipos de calefacción. Identifica la evidencia disponible, relaciónala con los aprendizajes esperados oficiales del módulo, explica una decisión segura dentro del rol técnico, señala qué antecedente falta y describe cómo debería verificarse bajo supervisión antes de cerrar el registro.'. Registro: desarrollos-ui.jsonl, módulo 5.","Contexto del bloque: 'Sala de un liceo · climatización de aula'; antecedentes: 'UI-01, UI-02 y UE-01 aparecen en planta. El listado solo declara una unidad interior.'; desarrollo solicitado: 'Analiza un caso simulado de Instalación de motores eléctricos y equipos de calefacción. Identifica la evidencia disponible, relaciónala con los aprendizajes esperados oficiales del módulo, explica una decisión segura dentro del rol técnico, señala qué antecedente falta y describe cómo debería verificarse bajo supervisión antes de cerrar el registro.'.",Confirmar la versión visible y su pertinencia antes de autorizar el cambio,"Revisar exclusivamente development_pack.context, role, objective, problem, background, evidence y constraints: vincularlos con el caso real del modulo, conservando el AE, la actividad y la rubrica. Confirmar primero su presentacion visible.","La observacion se relaciona con la comprension y la evidencia, no con preferencias esteticas.",Alta,PENDIENTE / NO EJECUTADO EN ESTA AUDITORÍA,CAM-0001,,,
2,Electricidad,22,Instalación de sistemas de control eléctrico industrial,development_pack,Antecedentes del desarrollo y problema del modulo,REUTILIZACIÓN DEL BLOQUE HVAC CONFIRMADA EN PANTALLA; PERTINENCIA POR CONTRASTAR,,"Contexto del bloque: 'Sala de un liceo · climatización de aula'; antecedentes: 'UI-01, UI-02 y UE-01 aparecen en planta. El listado solo declara una unidad interior.'; desarrollo solicitado: 'Analiza un caso simulado de Instalación de sistemas de control eléctrico industrial. Identifica la evidencia disponible, relaciónala con los aprendizajes esperados oficiales del módulo, explica una decisión segura dentro del rol técnico, señala qué antecedente falta y describe cómo debería verificarse bajo supervisión antes de cerrar el registro.'. Registro: desarrollos-ui.jsonl, módulo 22.","Contexto del bloque: 'Sala de un liceo · climatización de aula'; antecedentes: 'UI-01, UI-02 y UE-01 aparecen en planta. El listado solo declara una unidad interior.'; desarrollo solicitado: 'Analiza un caso simulado de Instalación de sistemas de control eléctrico industrial. Identifica la evidencia disponible, relaciónala con los aprendizajes esperados oficiales del módulo, explica una decisión segura dentro del rol técnico, señala qué antecedente falta y describe cómo debería verificarse bajo supervisión antes de cerrar el registro.'.",Revisión localizada necesaria. Modificar solo si no se demuestra la relación del bloque con la tarea y el criterio; confirmar primero su pertinencia técnico-profesional.,"Revisar exclusivamente development_pack.context, role, objective, problem, background, evidence y constraints: vincularlos con el caso real del modulo, conservando el AE, la actividad y la rubrica. Confirmar primero su presentacion visible.","La observacion se relaciona con la comprension y la evidencia, no con preferencias esteticas.",Alta,PENDIENTE / NO EJECUTADO EN ESTA AUDITORÍA,CAM-0002,,,
2,Electricidad,23,Instalaciones eléctricas industriales,development_pack,Antecedentes del desarrollo y problema del modulo,REUTILIZACIÓN DEL BLOQUE HVAC CONFIRMADA EN PANTALLA; PERTINENCIA POR CONTRASTAR,,"Contexto del bloque: 'Sala de un liceo · climatización de aula'; antecedentes: 'UI-01, UI-02 y UE-01 aparecen en planta. El listado solo declara una unidad interior.'; desarrollo solicitado: 'Analiza un caso simulado de Instalaciones eléctricas industriales. Identifica la evidencia disponible, relaciónala con los aprendizajes esperados oficiales del módulo, explica una decisión segura dentro del rol técnico, señala qué antecedente falta y describe cómo debería verificarse bajo supervisión antes de cerrar el registro.'. Registro: desarrollos-ui.jsonl, módulo 23.","Contexto del bloque: 'Sala de un liceo · climatización de aula'; antecedentes: 'UI-01, UI-02 y UE-01 aparecen en planta. El listado solo declara una unidad interior.'; desarrollo solicitado: 'Analiza un caso simulado de Instalaciones eléctricas industriales. Identifica la evidencia disponible, relaciónala con los aprendizajes esperados oficiales del módulo, explica una decisión segura dentro del rol técnico, señala qué antecedente falta y describe cómo debería verificarse bajo supervisión antes de cerrar el registro.'.",Revisión localizada necesaria. Modificar solo si no se demuestra la relación del bloque con la tarea y el criterio; confirmar primero su pertinencia técnico-profesional.,"Revisar exclusivamente development_pack.context, role, objective, problem, background, evidence y constraints: vincularlos con el caso real del modulo, conservando el AE, la actividad y la rubrica. Confirmar primero su presentacion visible.","La observacion se relaciona con la comprension y la evidencia, no con preferencias esteticas.",Alta,PENDIENTE / NO EJECUTADO EN ESTA AUDITORÍA,CAM-0003,,,
2,Electricidad,24,Instalación de equipos electrónicos de potencia,development_pack,Antecedentes del desarrollo y problema del modulo,REUTILIZACIÓN DEL BLOQUE HVAC CONFIRMADA EN PANTALLA; PERTINENCIA POR CONTRASTAR,,"Contexto del bloque: 'Sala de un liceo · climatización de aula'; antecedentes: 'UI-01, UI-02 y UE-01 aparecen en planta. El listado solo declara una unidad interior.'; desarrollo solicitado: 'Analiza un caso simulado de Instalación de equipos electrónicos de potencia. Identifica la evidencia disponible, relaciónala con los aprendizajes esperados oficiales del módulo, explica una decisión segura dentro del rol técnico, señala qué antecedente falta y describe cómo debería verificarse bajo supervisión antes de cerrar el registro.'. Registro: desarrollos-ui.jsonl, módulo 24.","Contexto del bloque: 'Sala de un liceo · climatización de aula'; antecedentes: 'UI-01, UI-02 y UE-01 aparecen en planta. El listado solo declara una unidad interior.'; desarrollo solicitado: 'Analiza un caso simulado de Instalación de equipos electrónicos de potencia. Identifica la evidencia disponible, relaciónala con los aprendizajes esperados oficiales del módulo, explica una decisión segura dentro del rol técnico, señala qué antecedente falta y describe cómo debería verificarse bajo supervisión antes de cerrar el registro.'.",Revisión localizada necesaria. Modificar solo si no se demuestra la relación del bloque con la tarea y el criterio; confirmar primero su pertinencia técnico-profesional.,"Revisar exclusivamente development_pack.context, role, objective, problem, background, evidence y constraints: vincularlos con el caso real del modulo, conservando el AE, la actividad y la rubrica. Confirmar primero su presentacion visible.","La observacion se relaciona con la comprension y la evidencia, no con preferencias esteticas.",Alta,PENDIENTE / NO EJECUTADO EN ESTA AUDITORÍA,CAM-0004,,,
2,Electricidad,25,Automatización de sistemas eléctricos industriales,development_pack,Antecedentes del desarrollo y problema del modulo,REUTILIZACIÓN DEL BLOQUE HVAC CONFIRMADA EN PANTALLA; PERTINENCIA POR CONTRASTAR,,"Contexto del bloque: 'Sala de un liceo · climatización de aula'; antecedentes: 'UI-01, UI-02 y UE-01 aparecen en planta. El listado solo declara una unidad interior.'; desarrollo solicitado: 'Analiza un caso simulado de Automatización de sistemas eléctricos industriales. Identifica la evidencia disponible, relaciónala con los aprendizajes esperados oficiales del módulo, explica una decisión segura dentro del rol técnico, señala qué antecedente falta y describe cómo debería verificarse bajo supervisión antes de cerrar el registro.'. Registro: desarrollos-ui.jsonl, módulo 25.","Contexto del bloque: 'Sala de un liceo · climatización de aula'; antecedentes: 'UI-01, UI-02 y UE-01 aparecen en planta. El listado solo declara una unidad interior.'; desarrollo solicitado: 'Analiza un caso simulado de Automatización de sistemas eléctricos industriales. Identifica la evidencia disponible, relaciónala con los aprendizajes esperados oficiales del módulo, explica una decisión segura dentro del rol técnico, señala qué antecedente falta y describe cómo debería verificarse bajo supervisión antes de cerrar el registro.'.",Revisión localizada necesaria. Modificar solo si no se demuestra la relación del bloque con la tarea y el criterio; confirmar primero su pertinencia técnico-profesional.,"Revisar exclusivamente development_pack.context, role, objective, problem, background, evidence y constraints: vincularlos con el caso real del modulo, conservando el AE, la actividad y la rubrica. Confirmar primero su presentacion visible.","La observacion se relaciona con la comprension y la evidencia, no con preferencias esteticas.",Alta,PENDIENTE / NO EJECUTADO EN ESTA AUDITORÍA,CAM-0005,,,
2,Electricidad,26,Emprendimiento y empleabilidad,development_pack,Antecedentes del desarrollo y problema del modulo,REUTILIZACIÓN DEL BLOQUE HVAC CONFIRMADA EN PANTALLA; PERTINENCIA POR CONTRASTAR,,"Contexto del bloque: 'Sala de un liceo · climatización de aula'; antecedentes: 'UI-01, UI-02 y UE-01 aparecen en planta. El listado solo declara una unidad interior.'; desarrollo solicitado: 'Analiza un caso simulado de Emprendimiento y empleabilidad. Identifica la evidencia disponible, relaciónala con los aprendizajes esperados oficiales del módulo, explica una decisión segura dentro del rol técnico, señala qué antecedente falta y describe cómo debería verificarse bajo supervisión antes de cerrar el registro.'. Registro: desarrollos-ui.jsonl, módulo 26.","Contexto del bloque: 'Sala de un liceo · climatización de aula'; antecedentes: 'UI-01, UI-02 y UE-01 aparecen en planta. El listado solo declara una unidad interior.'; desarrollo solicitado: 'Analiza un caso simulado de Emprendimiento y empleabilidad. Identifica la evidencia disponible, relaciónala con los aprendizajes esperados oficiales del módulo, explica una decisión segura dentro del rol técnico, señala qué antecedente falta y describe cómo debería verificarse bajo supervisión antes de cerrar el registro.'.",Revisión localizada necesaria. Modificar solo si no se demuestra la relación del bloque con la tarea y el criterio; confirmar primero su pertinencia técnico-profesional.,"Revisar exclusivamente development_pack.context, role, objective, problem, background, evidence y constraints: vincularlos con el caso real del modulo, conservando el AE, la actividad y la rubrica. Confirmar primero su presentacion visible.","La observacion se relaciona con la comprension y la evidencia, no con preferencias esteticas.",Alta,PENDIENTE / NO EJECUTADO EN ESTA AUDITORÍA,CAM-0006,,,
3,"Atención de Enfermería, mención Adulto Mayor",9,Aplicación de cuidados básicos,development_pack,Antecedentes del desarrollo y problema del modulo,REUTILIZACIÓN DEL BLOQUE HVAC CONFIRMADA EN PANTALLA; PERTINENCIA POR CONTRASTAR,,"Contexto del bloque: 'Sala de un liceo · climatización de aula'; antecedentes: 'UI-01, UI-02 y UE-01 aparecen en planta. El listado solo declara una unidad interior.'; desarrollo solicitado: 'Analiza un caso simulado de Aplicación de cuidados básicos. Identifica la evidencia disponible, relaciónala con los aprendizajes esperados oficiales del módulo, explica una decisión segura dentro del rol técnico, señala qué antecedente falta y describe cómo debería verificarse bajo supervisión antes de cerrar el registro.'. Registro: desarrollos-ui.jsonl, módulo 9.","Contexto del bloque: 'Sala de un liceo · climatización de aula'; antecedentes: 'UI-01, UI-02 y UE-01 aparecen en planta. El listado solo declara una unidad interior.'; desarrollo solicitado: 'Analiza un caso simulado de Aplicación de cuidados básicos. Identifica la evidencia disponible, relaciónala con los aprendizajes esperados oficiales del módulo, explica una decisión segura dentro del rol técnico, señala qué antecedente falta y describe cómo debería verificarse bajo supervisión antes de cerrar el registro.'.",Revisión localizada necesaria. Modificar solo si no se demuestra la relación del bloque con la tarea y el criterio; confirmar primero su pertinencia técnico-profesional.,"Revisar exclusivamente development_pack.context, role, objective, problem, background, evidence y constraints: vincularlos con el caso real del modulo, conservando el AE, la actividad y la rubrica. Confirmar primero su presentacion visible.","La observacion se relaciona con la comprension y la evidencia, no con preferencias esteticas.",Alta,PENDIENTE / NO EJECUTADO EN ESTA AUDITORÍA,CAM-0007,,,
3,"Atención de Enfermería, mención Adulto Mayor",27,Sistemas de registro e información en salud,development_pack,Antecedentes del desarrollo y problema del modulo,REUTILIZACIÓN DEL BLOQUE HVAC CONFIRMADA EN PANTALLA; PERTINENCIA POR CONTRASTAR,,"Contexto del bloque: 'Sala de un liceo · climatización de aula'; antecedentes: 'UI-01, UI-02 y UE-01 aparecen en planta. El listado solo declara una unidad interior.'; desarrollo solicitado: 'Analiza un caso simulado de Sistemas de registro e información en salud. Identifica la evidencia disponible, relaciónala con los aprendizajes esperados oficiales del módulo, explica una decisión segura dentro del rol técnico, señala qué antecedente falta y describe cómo debería verificarse bajo supervisión antes de cerrar el registro.'. Registro: desarrollos-ui.jsonl, módulo 27.","Contexto del bloque: 'Sala de un liceo · climatización de aula'; antecedentes: 'UI-01, UI-02 y UE-01 aparecen en planta. El listado solo declara una unidad interior.'; desarrollo solicitado: 'Analiza un caso simulado de Sistemas de registro e información en salud. Identifica la evidencia disponible, relaciónala con los aprendizajes esperados oficiales del módulo, explica una decisión segura dentro del rol técnico, señala qué antecedente falta y describe cómo debería verificarse bajo supervisión antes de cerrar el registro.'.",Revisión localizada necesaria. Modificar solo si no se demuestra la relación del bloque con la tarea y el criterio; confirmar primero su pertinencia técnico-profesional.,"Revisar exclusivamente development_pack.context, role, objective, problem, background, evidence y constraints: vincularlos con el caso real del modulo, conservando el AE, la actividad y la rubrica. Confirmar primero su presentacion visible.","La observacion se relaciona con la comprension y la evidencia, no con preferencias esteticas.",Alta,PENDIENTE / NO EJECUTADO EN ESTA AUDITORÍA,CAM-0008,,,
3,"Atención de Enfermería, mención Adulto Mayor",28,Prevención y control de infecciones intrahospitalarias,development_pack,Antecedentes del desarrollo y problema del modulo,REUTILIZACIÓN DEL BLOQUE HVAC CONFIRMADA EN PANTALLA; PERTINENCIA POR CONTRASTAR,,"Contexto del bloque: 'Sala de un liceo · climatización de aula'; antecedentes: 'UI-01, UI-02 y UE-01 aparecen en planta. El listado solo declara una unidad interior.'; desarrollo solicitado: 'Analiza un caso simulado de Prevención y control de infecciones intrahospitalarias. Identifica la evidencia disponible, relaciónala con los aprendizajes esperados oficiales del módulo, explica una decisión segura dentro del rol técnico, señala qué antecedente falta y describe cómo debería verificarse bajo supervisión antes de cerrar el registro.'. Registro: desarrollos-ui.jsonl, módulo 28.","Contexto del bloque: 'Sala de un liceo · climatización de aula'; antecedentes: 'UI-01, UI-02 y UE-01 aparecen en planta. El listado solo declara una unidad interior.'; desarrollo solicitado: 'Analiza un caso simulado de Prevención y control de infecciones intrahospitalarias. Identifica la evidencia disponible, relaciónala con los aprendizajes esperados oficiales del módulo, explica una decisión segura dentro del rol técnico, señala qué antecedente falta y describe cómo debería verificarse bajo supervisión antes de cerrar el registro.'.",Revisión localizada necesaria. Modificar solo si no se demuestra la relación del bloque con la tarea y el criterio; confirmar primero su pertinencia técnico-profesional.,"Revisar exclusivamente development_pack.context, role, objective, problem, background, evidence y constraints: vincularlos con el caso real del modulo, conservando el AE, la actividad y la rubrica. Confirmar primero su presentacion visible.","La observacion se relaciona con la comprension y la evidencia, no con preferencias esteticas.",Alta,PENDIENTE / NO EJECUTADO EN ESTA AUDITORÍA,CAM-0009,,,
3,"Atención de Enfermería, mención Adulto Mayor",29,Necesidades psicosociales del adulto mayor,development_pack,Antecedentes del desarrollo y problema del modulo,REUTILIZACIÓN DEL BLOQUE HVAC CONFIRMADA EN PANTALLA; PERTINENCIA POR CONTRASTAR,,"Contexto del bloque: 'Sala de un liceo · climatización de aula'; antecedentes: 'UI-01, UI-02 y UE-01 aparecen en planta. El listado solo declara una unidad interior.'; desarrollo solicitado: 'Analiza un caso simulado de Necesidades psicosociales del adulto mayor. Identifica la evidencia disponible, relaciónala con los aprendizajes esperados oficiales del módulo, explica una decisión segura dentro del rol técnico, señala qué antecedente falta y describe cómo debería verificarse bajo supervisión antes de cerrar el registro.'. Registro: desarrollos-ui.jsonl, módulo 29.","Contexto del bloque: 'Sala de un liceo · climatización de aula'; antecedentes: 'UI-01, UI-02 y UE-01 aparecen en planta. El listado solo declara una unidad interior.'; desarrollo solicitado: 'Analiza un caso simulado de Necesidades psicosociales del adulto mayor. Identifica la evidencia disponible, relaciónala con los aprendizajes esperados oficiales del módulo, explica una decisión segura dentro del rol técnico, señala qué antecedente falta y describe cómo debería verificarse bajo supervisión antes de cerrar el registro.'.",Revisión localizada necesaria. Modificar solo si no se demuestra la relación del bloque con la tarea y el criterio; confirmar primero su pertinencia técnico-profesional.,"Revisar exclusivamente development_pack.context, role, objective, problem, background, evidence y constraints: vincularlos con el caso real del modulo, conservando el AE, la actividad y la rubrica. Confirmar primero su presentacion visible.","La observacion se relaciona con la comprension y la evidencia, no con preferencias esteticas.",Alta,PENDIENTE / NO EJECUTADO EN ESTA AUDITORÍA,CAM-0010,,,
3,"Atención de Enfermería, mención Adulto Mayor",30,Orientación familiar para el cuidado del adulto mayor,development_pack,Antecedentes del desarrollo y problema del modulo,REUTILIZACIÓN DEL BLOQUE HVAC CONFIRMADA EN PANTALLA; PERTINENCIA POR CONTRASTAR,,"Contexto del bloque: 'Sala de un liceo · climatización de aula'; antecedentes: 'UI-01, UI-02 y UE-01 aparecen en planta. El listado solo declara una unidad interior.'; desarrollo solicitado: 'Analiza un caso simulado de Orientación familiar para el cuidado del adulto mayor. Identifica la evidencia disponible, relaciónala con los aprendizajes esperados oficiales del módulo, explica una decisión segura dentro del rol técnico, señala qué antecedente falta y describe cómo debería verificarse bajo supervisión antes de cerrar el registro.'. Registro: desarrollos-ui.jsonl, módulo 30.","Contexto del bloque: 'Sala de un liceo · climatización de aula'; antecedentes: 'UI-01, UI-02 y UE-01 aparecen en planta. El listado solo declara una unidad interior.'; desarrollo solicitado: 'Analiza un caso simulado de Orientación familiar para el cuidado del adulto mayor. Identifica la evidencia disponible, relaciónala con los aprendizajes esperados oficiales del módulo, explica una decisión segura dentro del rol técnico, señala qué antecedente falta y describe cómo debería verificarse bajo supervisión antes de cerrar el registro.'.",Revisión localizada necesaria. Modificar solo si no se demuestra la relación del bloque con la tarea y el criterio; confirmar primero su pertinencia técnico-profesional.,"Revisar exclusivamente development_pack.context, role, objective, problem, background, evidence y constraints: vincularlos con el caso real del modulo, conservando el AE, la actividad y la rubrica. Confirmar primero su presentacion visible.","La observacion se relaciona con la comprension y la evidencia, no con preferencias esteticas.",Alta,PENDIENTE / NO EJECUTADO EN ESTA AUDITORÍA,CAM-0011,,,
3,"Atención de Enfermería, mención Adulto Mayor",31,Alimentación y nutrición del adulto mayor,development_pack,Antecedentes del desarrollo y problema del modulo,REUTILIZACIÓN DEL BLOQUE HVAC CONFIRMADA EN PANTALLA; PERTINENCIA POR CONTRASTAR,,"Contexto del bloque: 'Sala de un liceo · climatización de aula'; antecedentes: 'UI-01, UI-02 y UE-01 aparecen en planta. El listado solo declara una unidad interior.'; desarrollo solicitado: 'Analiza un caso simulado de Alimentación y nutrición del adulto mayor. Identifica la evidencia disponible, relaciónala con los aprendizajes esperados oficiales del módulo, explica una decisión segura dentro del rol técnico, señala qué antecedente falta y describe cómo debería verificarse bajo supervisión antes de cerrar el registro.'. Registro: desarrollos-ui.jsonl, módulo 31.","Contexto del bloque: 'Sala de un liceo · climatización de aula'; antecedentes: 'UI-01, UI-02 y UE-01 aparecen en planta. El listado solo declara una unidad interior.'; desarrollo solicitado: 'Analiza un caso simulado de Alimentación y nutrición del adulto mayor. Identifica la evidencia disponible, relaciónala con los aprendizajes esperados oficiales del módulo, explica una decisión segura dentro del rol técnico, señala qué antecedente falta y describe cómo debería verificarse bajo supervisión antes de cerrar el registro.'.",Revisión localizada necesaria. Modificar solo si no se demuestra la relación del bloque con la tarea y el criterio; confirmar primero su pertinencia técnico-profesional.,"Revisar exclusivamente development_pack.context, role, objective, problem, background, evidence y constraints: vincularlos con el caso real del modulo, conservando el AE, la actividad y la rubrica. Confirmar primero su presentacion visible.","La observacion se relaciona con la comprension y la evidencia, no con preferencias esteticas.",Alta,PENDIENTE / NO EJECUTADO EN ESTA AUDITORÍA,CAM-0012,,,
3,"Atención de Enfermería, mención Adulto Mayor",32,Atención de primeros auxilios del adulto mayor,development_pack,Antecedentes del desarrollo y problema del modulo,REUTILIZACIÓN DEL BLOQUE HVAC CONFIRMADA EN PANTALLA; PERTINENCIA POR CONTRASTAR,,"Contexto del bloque: 'Sala de un liceo · climatización de aula'; antecedentes: 'UI-01, UI-02 y UE-01 aparecen en planta. El listado solo declara una unidad interior.'; desarrollo solicitado: 'Analiza un caso simulado de Atención de primeros auxilios del adulto mayor. Identifica la evidencia disponible, relaciónala con los aprendizajes esperados oficiales del módulo, explica una decisión segura dentro del rol técnico, señala qué antecedente falta y describe cómo debería verificarse bajo supervisión antes de cerrar el registro.'. Registro: desarrollos-ui.jsonl, módulo 32.","Contexto del bloque: 'Sala de un liceo · climatización de aula'; antecedentes: 'UI-01, UI-02 y UE-01 aparecen en planta. El listado solo declara una unidad interior.'; desarrollo solicitado: 'Analiza un caso simulado de Atención de primeros auxilios del adulto mayor. Identifica la evidencia disponible, relaciónala con los aprendizajes esperados oficiales del módulo, explica una decisión segura dentro del rol técnico, señala qué antecedente falta y describe cómo debería verificarse bajo supervisión antes de cerrar el registro.'.",Revisión localizada necesaria. Modificar solo si no se demuestra la relación del bloque con la tarea y el criterio; confirmar primero su pertinencia técnico-profesional.,"Revisar exclusivamente development_pack.context, role, objective, problem, background, evidence y constraints: vincularlos con el caso real del modulo, conservando el AE, la actividad y la rubrica. Confirmar primero su presentacion visible.","La observacion se relaciona con la comprension y la evidencia, no con preferencias esteticas.",Alta,PENDIENTE / NO EJECUTADO EN ESTA AUDITORÍA,CAM-0013,,,
3,"Atención de Enfermería, mención Adulto Mayor",33,Administración de medicamentos,development_pack,Antecedentes del desarrollo y problema del modulo,REUTILIZACIÓN DEL BLOQUE HVAC CONFIRMADA EN PANTALLA; PERTINENCIA POR CONTRASTAR,,"Contexto del bloque: 'Sala de un liceo · climatización de aula'; antecedentes: 'UI-01, UI-02 y UE-01 aparecen en planta. El listado solo declara una unidad interior.'; desarrollo solicitado: 'Analiza un caso simulado de Administración de medicamentos. Identifica la evidencia disponible, relaciónala con los aprendizajes esperados oficiales del módulo, explica una decisión segura dentro del rol técnico, señala qué antecedente falta y describe cómo debería verificarse bajo supervisión antes de cerrar el registro.'. Registro: desarrollos-ui.jsonl, módulo 33.","Contexto del bloque: 'Sala de un liceo · climatización de aula'; antecedentes: 'UI-01, UI-02 y UE-01 aparecen en planta. El listado solo declara una unidad interior.'; desarrollo solicitado: 'Analiza un caso simulado de Administración de medicamentos. Identifica la evidencia disponible, relaciónala con los aprendizajes esperados oficiales del módulo, explica una decisión segura dentro del rol técnico, señala qué antecedente falta y describe cómo debería verificarse bajo supervisión antes de cerrar el registro.'.",Revisión localizada necesaria. Modificar solo si no se demuestra la relación del bloque con la tarea y el criterio; confirmar primero su pertinencia técnico-profesional.,"Revisar exclusivamente development_pack.context, role, objective, problem, background, evidence y constraints: vincularlos con el caso real del modulo, conservando el AE, la actividad y la rubrica. Confirmar primero su presentacion visible.","La observacion se relaciona con la comprension y la evidencia, no con preferencias esteticas.",Alta,PENDIENTE / NO EJECUTADO EN ESTA AUDITORÍA,CAM-0014,,,
3,"Atención de Enfermería, mención Adulto Mayor",34,Higiene y confort del adulto mayor,development_pack,Antecedentes del desarrollo y problema del modulo,REUTILIZACIÓN DEL BLOQUE HVAC CONFIRMADA EN PANTALLA; PERTINENCIA POR CONTRASTAR,,"Contexto del bloque: 'Sala de un liceo · climatización de aula'; antecedentes: 'UI-01, UI-02 y UE-01 aparecen en planta. El listado solo declara una unidad interior.'; desarrollo solicitado: 'Analiza un caso simulado de Higiene y confort del adulto mayor. Identifica la evidencia disponible, relaciónala con los aprendizajes esperados oficiales del módulo, explica una decisión segura dentro del rol técnico, señala qué antecedente falta y describe cómo debería verificarse bajo supervisión antes de cerrar el registro.'. Registro: desarrollos-ui.jsonl, módulo 34.","Contexto del bloque: 'Sala de un liceo · climatización de aula'; antecedentes: 'UI-01, UI-02 y UE-01 aparecen en planta. El listado solo declara una unidad interior.'; desarrollo solicitado: 'Analiza un caso simulado de Higiene y confort del adulto mayor. Identifica la evidencia disponible, relaciónala con los aprendizajes esperados oficiales del módulo, explica una decisión segura dentro del rol técnico, señala qué antecedente falta y describe cómo debería verificarse bajo supervisión antes de cerrar el registro.'.",Revisión localizada necesaria. Modificar solo si no se demuestra la relación del bloque con la tarea y el criterio; confirmar primero su pertinencia técnico-profesional.,"Revisar exclusivamente development_pack.context, role, objective, problem, background, evidence y constraints: vincularlos con el caso real del modulo, conservando el AE, la actividad y la rubrica. Confirmar primero su presentacion visible.","La observacion se relaciona con la comprension y la evidencia, no con preferencias esteticas.",Alta,PENDIENTE / NO EJECUTADO EN ESTA AUDITORÍA,CAM-0015,,,
3,"Atención de Enfermería, mención Adulto Mayor",35,Emprendimiento y empleabilidad,development_pack,Antecedentes del desarrollo y problema del modulo,REUTILIZACIÓN DEL BLOQUE HVAC CONFIRMADA EN PANTALLA; PERTINENCIA POR CONTRASTAR,,"Contexto del bloque: 'Sala de un liceo · climatización de aula'; antecedentes: 'UI-01, UI-02 y UE-01 aparecen en planta. El listado solo declara una unidad interior.'; desarrollo solicitado: 'Analiza un caso simulado de Emprendimiento y empleabilidad. Identifica la evidencia disponible, relaciónala con los aprendizajes esperados oficiales del módulo, explica una decisión segura dentro del rol técnico, señala qué antecedente falta y describe cómo debería verificarse bajo supervisión antes de cerrar el registro.'. Registro: desarrollos-ui.jsonl, módulo 35.","Contexto del bloque: 'Sala de un liceo · climatización de aula'; antecedentes: 'UI-01, UI-02 y UE-01 aparecen en planta. El listado solo declara una unidad interior.'; desarrollo solicitado: 'Analiza un caso simulado de Emprendimiento y empleabilidad. Identifica la evidencia disponible, relaciónala con los aprendizajes esperados oficiales del módulo, explica una decisión segura dentro del rol técnico, señala qué antecedente falta y describe cómo debería verificarse bajo supervisión antes de cerrar el registro.'.",Revisión localizada necesaria. Modificar solo si no se demuestra la relación del bloque con la tarea y el criterio; confirmar primero su pertinencia técnico-profesional.,"Revisar exclusivamente development_pack.context, role, objective, problem, background, evidence y constraints: vincularlos con el caso real del modulo, conservando el AE, la actividad y la rubrica. Confirmar primero su presentacion visible.","La observacion se relaciona con la comprension y la evidencia, no con preferencias esteticas.",Alta,PENDIENTE / NO EJECUTADO EN ESTA AUDITORÍA,CAM-0016,,,
4,"Atención de Enfermería, mención Enfermería",13,Aplicación de cuidados básicos,development_pack,Antecedentes del desarrollo y problema del modulo,REUTILIZACIÓN DEL BLOQUE HVAC CONFIRMADA EN PANTALLA; PERTINENCIA POR CONTRASTAR,,"Contexto del bloque: 'Sala de un liceo · climatización de aula'; antecedentes: 'UI-01, UI-02 y UE-01 aparecen en planta. El listado solo declara una unidad interior.'; desarrollo solicitado: 'Analiza un caso simulado de Aplicación de cuidados básicos. Identifica la evidencia disponible, relaciónala con los aprendizajes esperados oficiales del módulo, explica una decisión segura dentro del rol técnico, señala qué antecedente falta y describe cómo debería verificarse bajo supervisión antes de cerrar el registro.'. Registro: desarrollos-ui.jsonl, módulo 13.","Contexto del bloque: 'Sala de un liceo · climatización de aula'; antecedentes: 'UI-01, UI-02 y UE-01 aparecen en planta. El listado solo declara una unidad interior.'; desarrollo solicitado: 'Analiza un caso simulado de Aplicación de cuidados básicos. Identifica la evidencia disponible, relaciónala con los aprendizajes esperados oficiales del módulo, explica una decisión segura dentro del rol técnico, señala qué antecedente falta y describe cómo debería verificarse bajo supervisión antes de cerrar el registro.'.",Revisión localizada necesaria. Modificar solo si no se demuestra la relación del bloque con la tarea y el criterio; confirmar primero su pertinencia técnico-profesional.,"Revisar exclusivamente development_pack.context, role, objective, problem, background, evidence y constraints: vincularlos con el caso real del modulo, conservando el AE, la actividad y la rubrica. Confirmar primero su presentacion visible.","La observacion se relaciona con la comprension y la evidencia, no con preferencias esteticas.",Alta,PENDIENTE / NO EJECUTADO EN ESTA AUDITORÍA,CAM-0017,,,
4,"Atención de Enfermería, mención Enfermería",36,Sistemas de registro e información en salud,development_pack,Antecedentes del desarrollo y problema del modulo,REUTILIZACIÓN DEL BLOQUE HVAC CONFIRMADA EN PANTALLA; PERTINENCIA POR CONTRASTAR,,"Contexto del bloque: 'Sala de un liceo · climatización de aula'; antecedentes: 'UI-01, UI-02 y UE-01 aparecen en planta. El listado solo declara una unidad interior.'; desarrollo solicitado: 'Analiza un caso simulado de Sistemas de registro e información en salud. Identifica la evidencia disponible, relaciónala con los aprendizajes esperados oficiales del módulo, explica una decisión segura dentro del rol técnico, señala qué antecedente falta y describe cómo debería verificarse bajo supervisión antes de cerrar el registro.'. Registro: desarrollos-ui.jsonl, módulo 36.","Contexto del bloque: 'Sala de un liceo · climatización de aula'; antecedentes: 'UI-01, UI-02 y UE-01 aparecen en planta. El listado solo declara una unidad interior.'; desarrollo solicitado: 'Analiza un caso simulado de Sistemas de registro e información en salud. Identifica la evidencia disponible, relaciónala con los aprendizajes esperados oficiales del módulo, explica una decisión segura dentro del rol técnico, señala qué antecedente falta y describe cómo debería verificarse bajo supervisión antes de cerrar el registro.'.",Revisión localizada necesaria. Modificar solo si no se demuestra la relación del bloque con la tarea y el criterio; confirmar primero su pertinencia técnico-profesional.,"Revisar exclusivamente development_pack.context, role, objective, problem, background, evidence y constraints: vincularlos con el caso real del modulo, conservando el AE, la actividad y la rubrica. Confirmar primero su presentacion visible.","La observacion se relaciona con la comprension y la evidencia, no con preferencias esteticas.",Alta,PENDIENTE / NO EJECUTADO EN ESTA AUDITORÍA,CAM-0018,,,
4,"Atención de Enfermería, mención Enfermería",37,Prevención y control de infecciones intrahospitalarias,development_pack,Antecedentes del desarrollo y problema del modulo,REUTILIZACIÓN DEL BLOQUE HVAC CONFIRMADA EN PANTALLA; PERTINENCIA POR CONTRASTAR,,"Contexto del bloque: 'Sala de un liceo · climatización de aula'; antecedentes: 'UI-01, UI-02 y UE-01 aparecen en planta. El listado solo declara una unidad interior.'; desarrollo solicitado: 'Analiza un caso simulado de Prevención y control de infecciones intrahospitalarias. Identifica la evidencia disponible, relaciónala con los aprendizajes esperados oficiales del módulo, explica una decisión segura dentro del rol técnico, señala qué antecedente falta y describe cómo debería verificarse bajo supervisión antes de cerrar el registro.'. Registro: desarrollos-ui.jsonl, módulo 37.","Contexto del bloque: 'Sala de un liceo · climatización de aula'; antecedentes: 'UI-01, UI-02 y UE-01 aparecen en planta. El listado solo declara una unidad interior.'; desarrollo solicitado: 'Analiza un caso simulado de Prevención y control de infecciones intrahospitalarias. Identifica la evidencia disponible, relaciónala con los aprendizajes esperados oficiales del módulo, explica una decisión segura dentro del rol técnico, señala qué antecedente falta y describe cómo debería verificarse bajo supervisión antes de cerrar el registro.'.",Revisión localizada necesaria. Modificar solo si no se demuestra la relación del bloque con la tarea y el criterio; confirmar primero su pertinencia técnico-profesional.,"Revisar exclusivamente development_pack.context, role, objective, problem, background, evidence y constraints: vincularlos con el caso real del modulo, conservando el AE, la actividad y la rubrica. Confirmar primero su presentacion visible.","La observacion se relaciona con la comprension y la evidencia, no con preferencias esteticas.",Alta,PENDIENTE / NO EJECUTADO EN ESTA AUDITORÍA,CAM-0019,,,
4,"Atención de Enfermería, mención Enfermería",38,Técnicas básicas de enfermería y del Programa Nacional de Inmunizaciones,development_pack,Antecedentes del desarrollo y problema del modulo,REUTILIZACIÓN DEL BLOQUE HVAC CONFIRMADA EN PANTALLA; PERTINENCIA POR CONTRASTAR,,"Contexto del bloque: 'Sala de un liceo · climatización de aula'; antecedentes: 'UI-01, UI-02 y UE-01 aparecen en planta. El listado solo declara una unidad interior.'; desarrollo solicitado: 'Analiza un caso simulado de Técnicas básicas de enfermería y del Programa Nacional de Inmunizaciones. Identifica la evidencia disponible, relaciónala con los aprendizajes esperados oficiales del módulo, explica una decisión segura dentro del rol técnico, señala qué antecedente falta y describe cómo debería verificarse bajo supervisión antes de cerrar el registro.'. Registro: desarrollos-ui.jsonl, módulo 38.","Contexto del bloque: 'Sala de un liceo · climatización de aula'; antecedentes: 'UI-01, UI-02 y UE-01 aparecen en planta. El listado solo declara una unidad interior.'; desarrollo solicitado: 'Analiza un caso simulado de Técnicas básicas de enfermería y del Programa Nacional de Inmunizaciones. Identifica la evidencia disponible, relaciónala con los aprendizajes esperados oficiales del módulo, explica una decisión segura dentro del rol técnico, señala qué antecedente falta y describe cómo debería verificarse bajo supervisión antes de cerrar el registro.'.",Revisión localizada necesaria. Modificar solo si no se demuestra la relación del bloque con la tarea y el criterio; confirmar primero su pertinencia técnico-profesional.,"Revisar exclusivamente development_pack.context, role, objective, problem, background, evidence y constraints: vincularlos con el caso real del modulo, conservando el AE, la actividad y la rubrica. Confirmar primero su presentacion visible.","La observacion se relaciona con la comprension y la evidencia, no con preferencias esteticas.",Alta,PENDIENTE / NO EJECUTADO EN ESTA AUDITORÍA,CAM-0020,,,
4,"Atención de Enfermería, mención Enfermería",39,Atención en servicios de urgencia y primeros auxilios,development_pack,Antecedentes del desarrollo y problema del modulo,REUTILIZACIÓN DEL BLOQUE HVAC CONFIRMADA EN PANTALLA; PERTINENCIA POR CONTRASTAR,,"Contexto del bloque: 'Sala de un liceo · climatización de aula'; antecedentes: 'UI-01, UI-02 y UE-01 aparecen en planta. El listado solo declara una unidad interior.'; desarrollo solicitado: 'Analiza un caso simulado de Atención en servicios de urgencia y primeros auxilios. Identifica la evidencia disponible, relaciónala con los aprendizajes esperados oficiales del módulo, explica una decisión segura dentro del rol técnico, señala qué antecedente falta y describe cómo debería verificarse bajo supervisión antes de cerrar el registro.'. Registro: desarrollos-ui.jsonl, módulo 39.","Contexto del bloque: 'Sala de un liceo · climatización de aula'; antecedentes: 'UI-01, UI-02 y UE-01 aparecen en planta. El listado solo declara una unidad interior.'; desarrollo solicitado: 'Analiza un caso simulado de Atención en servicios de urgencia y primeros auxilios. Identifica la evidencia disponible, relaciónala con los aprendizajes esperados oficiales del módulo, explica una decisión segura dentro del rol técnico, señala qué antecedente falta y describe cómo debería verificarse bajo supervisión antes de cerrar el registro.'.",Revisión localizada necesaria. Modificar solo si no se demuestra la relación del bloque con la tarea y el criterio; confirmar primero su pertinencia técnico-profesional.,"Revisar exclusivamente development_pack.context, role, objective, problem, background, evidence y constraints: vincularlos con el caso real del modulo, conservando el AE, la actividad y la rubrica. Confirmar primero su presentacion visible.","La observacion se relaciona con la comprension y la evidencia, no con preferencias esteticas.",Alta,PENDIENTE / NO EJECUTADO EN ESTA AUDITORÍA,CAM-0021,,,
4,"Atención de Enfermería, mención Enfermería",40,Preparación del entorno clínico,development_pack,Antecedentes del desarrollo y problema del modulo,REUTILIZACIÓN DEL BLOQUE HVAC CONFIRMADA EN PANTALLA; PERTINENCIA POR CONTRASTAR,,"Contexto del bloque: 'Sala de un liceo · climatización de aula'; antecedentes: 'UI-01, UI-02 y UE-01 aparecen en planta. El listado solo declara una unidad interior.'; desarrollo solicitado: 'Analiza un caso simulado de Preparación del entorno clínico. Identifica la evidencia disponible, relaciónala con los aprendizajes esperados oficiales del módulo, explica una decisión segura dentro del rol técnico, señala qué antecedente falta y describe cómo debería verificarse bajo supervisión antes de cerrar el registro.'. Registro: desarrollos-ui.jsonl, módulo 40.","Contexto del bloque: 'Sala de un liceo · climatización de aula'; antecedentes: 'UI-01, UI-02 y UE-01 aparecen en planta. El listado solo declara una unidad interior.'; desarrollo solicitado: 'Analiza un caso simulado de Preparación del entorno clínico. Identifica la evidencia disponible, relaciónala con los aprendizajes esperados oficiales del módulo, explica una decisión segura dentro del rol técnico, señala qué antecedente falta y describe cómo debería verificarse bajo supervisión antes de cerrar el registro.'.",Revisión localizada necesaria. Modificar solo si no se demuestra la relación del bloque con la tarea y el criterio; confirmar primero su pertinencia técnico-profesional.,"Revisar exclusivamente development_pack.context, role, objective, problem, background, evidence y constraints: vincularlos con el caso real del modulo, conservando el AE, la actividad y la rubrica. Confirmar primero su presentacion visible.","La observacion se relaciona con la comprension y la evidencia, no con preferencias esteticas.",Alta,PENDIENTE / NO EJECUTADO EN ESTA AUDITORÍA,CAM-0022,,,
4,"Atención de Enfermería, mención Enfermería",41,Emprendimiento y empleabilidad,development_pack,Antecedentes del desarrollo y problema del modulo,REUTILIZACIÓN DEL BLOQUE HVAC CONFIRMADA EN PANTALLA; PERTINENCIA POR CONTRASTAR,,"Contexto del bloque: 'Sala de un liceo · climatización de aula'; antecedentes: 'UI-01, UI-02 y UE-01 aparecen en planta. El listado solo declara una unidad interior.'; desarrollo solicitado: 'Analiza un caso simulado de Emprendimiento y empleabilidad. Identifica la evidencia disponible, relaciónala con los aprendizajes esperados oficiales del módulo, explica una decisión segura dentro del rol técnico, señala qué antecedente falta y describe cómo debería verificarse bajo supervisión antes de cerrar el registro.'. Registro: desarrollos-ui.jsonl, módulo 41.","Contexto del bloque: 'Sala de un liceo · climatización de aula'; antecedentes: 'UI-01, UI-02 y UE-01 aparecen en planta. El listado solo declara una unidad interior.'; desarrollo solicitado: 'Analiza un caso simulado de Emprendimiento y empleabilidad. Identifica la evidencia disponible, relaciónala con los aprendizajes esperados oficiales del módulo, explica una decisión segura dentro del rol técnico, señala qué antecedente falta y describe cómo debería verificarse bajo supervisión antes de cerrar el registro.'.",Revisión localizada necesaria. Modificar solo si no se demuestra la relación del bloque con la tarea y el criterio; confirmar primero su pertinencia técnico-profesional.,"Revisar exclusivamente development_pack.context, role, objective, problem, background, evidence y constraints: vincularlos con el caso real del modulo, conservando el AE, la actividad y la rubrica. Confirmar primero su presentacion visible.","La observacion se relaciona con la comprension y la evidencia, no con preferencias esteticas.",Alta,PENDIENTE / NO EJECUTADO EN ESTA AUDITORÍA,CAM-0023,,,
5,"Gastronomía, mención Cocina",42,Higiene para la elaboración de alimentos,development_pack,Antecedentes del desarrollo y problema del modulo,REUTILIZACIÓN DEL BLOQUE HVAC CONFIRMADA EN PANTALLA; PERTINENCIA POR CONTRASTAR,,"Contexto del bloque: 'Sala de un liceo · climatización de aula'; antecedentes: 'UI-01, UI-02 y UE-01 aparecen en planta. El listado solo declara una unidad interior.'; desarrollo solicitado: 'Analiza el caso de cocina de un casino escolar: Un utensilio vuelve a la mesa de preparación sin constancia de higienización. Usa planilla de higiene y ficha de limpieza, identifica el AE y el criterio que respaldan tu respuesta y entrega un registro de control de higiene. Explica cómo comprobarías el resultado.'. Registro: desarrollos-ui.jsonl, módulo 42.","Contexto del bloque: 'Sala de un liceo · climatización de aula'; antecedentes: 'UI-01, UI-02 y UE-01 aparecen en planta. El listado solo declara una unidad interior.'; desarrollo solicitado: 'Analiza el caso de cocina de un casino escolar: Un utensilio vuelve a la mesa de preparación sin constancia de higienización. Usa planilla de higiene y ficha de limpieza, identifica el AE y el criterio que respaldan tu respuesta y entrega un registro de control de higiene. Explica cómo comprobarías el resultado.'.",Revisión localizada necesaria. Modificar solo si no se demuestra la relación del bloque con la tarea y el criterio; confirmar primero su pertinencia técnico-profesional.,"Revisar exclusivamente development_pack.context, role, objective, problem, background, evidence y constraints: vincularlos con el caso real del modulo, conservando el AE, la actividad y la rubrica. Confirmar primero su presentacion visible.","La observacion se relaciona con la comprension y la evidencia, no con preferencias esteticas.",Alta,PENDIENTE / NO EJECUTADO EN ESTA AUDITORÍA,CAM-0024,,,
5,"Gastronomía, mención Cocina",46,"Preparación, diseño y montaje de buffet",development_pack,Antecedentes del desarrollo y problema del modulo,REUTILIZACIÓN DEL BLOQUE HVAC CONFIRMADA EN PANTALLA; PERTINENCIA POR CONTRASTAR,,"Contexto del bloque: 'Sala de un liceo · climatización de aula'; antecedentes: 'UI-01, UI-02 y UE-01 aparecen en planta. El listado solo declara una unidad interior.'; desarrollo solicitado: 'Analiza el caso de servicio de buffet: Cambió el número de comensales después de definir el montaje. Usa solicitud del cliente y plano de montaje, identifica el AE y el criterio que respaldan tu respuesta y entrega un propuesta de presentación y montaje. Explica cómo comprobarías el resultado.'. Registro: desarrollos-ui.jsonl, módulo 46.","Contexto del bloque: 'Sala de un liceo · climatización de aula'; antecedentes: 'UI-01, UI-02 y UE-01 aparecen en planta. El listado solo declara una unidad interior.'; desarrollo solicitado: 'Analiza el caso de servicio de buffet: Cambió el número de comensales después de definir el montaje. Usa solicitud del cliente y plano de montaje, identifica el AE y el criterio que respaldan tu respuesta y entrega un propuesta de presentación y montaje. Explica cómo comprobarías el resultado.'.",Revisión localizada necesaria. Modificar solo si no se demuestra la relación del bloque con la tarea y el criterio; confirmar primero su pertinencia técnico-profesional.,"Revisar exclusivamente development_pack.context, role, objective, problem, background, evidence y constraints: vincularlos con el caso real del modulo, conservando el AE, la actividad y la rubrica. Confirmar primero su presentacion visible.","La observacion se relaciona con la comprension y la evidencia, no con preferencias esteticas.",Alta,PENDIENTE / NO EJECUTADO EN ESTA AUDITORÍA,CAM-0025,,,
5,"Gastronomía, mención Cocina",47,"Servicio de comedores, bares y salones",development_pack,Antecedentes del desarrollo y problema del modulo,REUTILIZACIÓN DEL BLOQUE HVAC CONFIRMADA EN PANTALLA; PERTINENCIA POR CONTRASTAR,,"Contexto del bloque: 'Sala de un liceo · climatización de aula'; antecedentes: 'UI-01, UI-02 y UE-01 aparecen en planta. El listado solo declara una unidad interior.'; desarrollo solicitado: 'Analiza el caso de salón de comedor: La disposición preparada no corresponde al tipo de servicio confirmado. Usa orden de servicio e inventario de implementos, identifica el AE y el criterio que respaldan tu respuesta y entrega un montaje documentado del salón. Explica cómo comprobarías el resultado.'. Registro: desarrollos-ui.jsonl, módulo 47.","Contexto del bloque: 'Sala de un liceo · climatización de aula'; antecedentes: 'UI-01, UI-02 y UE-01 aparecen en planta. El listado solo declara una unidad interior.'; desarrollo solicitado: 'Analiza el caso de salón de comedor: La disposición preparada no corresponde al tipo de servicio confirmado. Usa orden de servicio e inventario de implementos, identifica el AE y el criterio que respaldan tu respuesta y entrega un montaje documentado del salón. Explica cómo comprobarías el resultado.'.",Revisión localizada necesaria. Modificar solo si no se demuestra la relación del bloque con la tarea y el criterio; confirmar primero su pertinencia técnico-profesional.,"Revisar exclusivamente development_pack.context, role, objective, problem, background, evidence y constraints: vincularlos con el caso real del modulo, conservando el AE, la actividad y la rubrica. Confirmar primero su presentacion visible.","La observacion se relaciona con la comprension y la evidencia, no con preferencias esteticas.",Alta,PENDIENTE / NO EJECUTADO EN ESTA AUDITORÍA,CAM-0026,,,
5,"Gastronomía, mención Cocina",48,Cocina chilena,development_pack,Antecedentes del desarrollo y problema del modulo,REUTILIZACIÓN DEL BLOQUE HVAC CONFIRMADA EN PANTALLA; PERTINENCIA POR CONTRASTAR,,"Contexto del bloque: 'Sala de un liceo · climatización de aula'; antecedentes: 'UI-01, UI-02 y UE-01 aparecen en planta. El listado solo declara una unidad interior.'; desarrollo solicitado: 'Analiza el caso de cocina regional: Un insumo regional previsto no está disponible en la estación. Usa ficha de preparación y registro de productos de temporada, identifica el AE y el criterio que respaldan tu respuesta y entrega un propuesta de plato chileno ajustada. Explica cómo comprobarías el resultado.'. Registro: desarrollos-ui.jsonl, módulo 48.","Contexto del bloque: 'Sala de un liceo · climatización de aula'; antecedentes: 'UI-01, UI-02 y UE-01 aparecen en planta. El listado solo declara una unidad interior.'; desarrollo solicitado: 'Analiza el caso de cocina regional: Un insumo regional previsto no está disponible en la estación. Usa ficha de preparación y registro de productos de temporada, identifica el AE y el criterio que respaldan tu respuesta y entrega un propuesta de plato chileno ajustada. Explica cómo comprobarías el resultado.'.",Revisión localizada necesaria. Modificar solo si no se demuestra la relación del bloque con la tarea y el criterio; confirmar primero su pertinencia técnico-profesional.,"Revisar exclusivamente development_pack.context, role, objective, problem, background, evidence y constraints: vincularlos con el caso real del modulo, conservando el AE, la actividad y la rubrica. Confirmar primero su presentacion visible.","La observacion se relaciona con la comprension y la evidencia, no con preferencias esteticas.",Alta,PENDIENTE / NO EJECUTADO EN ESTA AUDITORÍA,CAM-0027,,,
5,"Gastronomía, mención Cocina",49,Innovación y cocina internacional,development_pack,Antecedentes del desarrollo y problema del modulo,REUTILIZACIÓN DEL BLOQUE HVAC CONFIRMADA EN PANTALLA; PERTINENCIA POR CONTRASTAR,,"Contexto del bloque: 'Sala de un liceo · climatización de aula'; antecedentes: 'UI-01, UI-02 y UE-01 aparecen en planta. El listado solo declara una unidad interior.'; desarrollo solicitado: 'Analiza el caso de cocina internacional: La propuesta cambia un ingrediente sin explicar su efecto en la preparación. Usa receta de referencia y ficha de variación, identifica el AE y el criterio que respaldan tu respuesta y entrega un ficha de elaboración y justificación. Explica cómo comprobarías el resultado.'. Registro: desarrollos-ui.jsonl, módulo 49.","Contexto del bloque: 'Sala de un liceo · climatización de aula'; antecedentes: 'UI-01, UI-02 y UE-01 aparecen en planta. El listado solo declara una unidad interior.'; desarrollo solicitado: 'Analiza el caso de cocina internacional: La propuesta cambia un ingrediente sin explicar su efecto en la preparación. Usa receta de referencia y ficha de variación, identifica el AE y el criterio que respaldan tu respuesta y entrega un ficha de elaboración y justificación. Explica cómo comprobarías el resultado.'.",Revisión localizada necesaria. Modificar solo si no se demuestra la relación del bloque con la tarea y el criterio; confirmar primero su pertinencia técnico-profesional.,"Revisar exclusivamente development_pack.context, role, objective, problem, background, evidence y constraints: vincularlos con el caso real del modulo, conservando el AE, la actividad y la rubrica. Confirmar primero su presentacion visible.","La observacion se relaciona con la comprension y la evidencia, no con preferencias esteticas.",Alta,PENDIENTE / NO EJECUTADO EN ESTA AUDITORÍA,CAM-0028,,,
5,"Gastronomía, mención Cocina",50,Elaboración de bebidas alcohólicas y analcohólicas,development_pack,Antecedentes del desarrollo y problema del modulo,REUTILIZACIÓN DEL BLOQUE HVAC CONFIRMADA EN PANTALLA; PERTINENCIA POR CONTRASTAR,,"Contexto del bloque: 'Sala de un liceo · climatización de aula'; antecedentes: 'UI-01, UI-02 y UE-01 aparecen en planta. El listado solo declara una unidad interior.'; desarrollo solicitado: 'Analiza el caso de bar de práctica supervisada: La comanda no distingue una bebida sin alcohol de otra solicitada. Usa recetario y comanda de bebidas, identifica el AE y el criterio que respaldan tu respuesta y entrega un comanda verificada y preparación simulada. Explica cómo comprobarías el resultado.'. Registro: desarrollos-ui.jsonl, módulo 50.","Contexto del bloque: 'Sala de un liceo · climatización de aula'; antecedentes: 'UI-01, UI-02 y UE-01 aparecen en planta. El listado solo declara una unidad interior.'; desarrollo solicitado: 'Analiza el caso de bar de práctica supervisada: La comanda no distingue una bebida sin alcohol de otra solicitada. Usa recetario y comanda de bebidas, identifica el AE y el criterio que respaldan tu respuesta y entrega un comanda verificada y preparación simulada. Explica cómo comprobarías el resultado.'.",Revisión localizada necesaria. Modificar solo si no se demuestra la relación del bloque con la tarea y el criterio; confirmar primero su pertinencia técnico-profesional.,"Revisar exclusivamente development_pack.context, role, objective, problem, background, evidence y constraints: vincularlos con el caso real del modulo, conservando el AE, la actividad y la rubrica. Confirmar primero su presentacion visible.","La observacion se relaciona con la comprension y la evidencia, no con preferencias esteticas.",Alta,PENDIENTE / NO EJECUTADO EN ESTA AUDITORÍA,CAM-0029,,,
5,"Gastronomía, mención Cocina",51,Elaboración de menús y carta,development_pack,Antecedentes del desarrollo y problema del modulo,REUTILIZACIÓN DEL BLOQUE HVAC CONFIRMADA EN PANTALLA; PERTINENCIA POR CONTRASTAR,,"Contexto del bloque: 'Sala de un liceo · climatización de aula'; antecedentes: 'UI-01, UI-02 y UE-01 aparecen en planta. El listado solo declara una unidad interior.'; desarrollo solicitado: 'Analiza el caso de restaurante de menú diario: La carta ofrecida incluye una preparación cuyo insumo no está disponible. Usa disponibilidad de insumos y perfil del cliente, identifica el AE y el criterio que respaldan tu respuesta y entrega un menú y carta fundamentados. Explica cómo comprobarías el resultado.'. Registro: desarrollos-ui.jsonl, módulo 51.","Contexto del bloque: 'Sala de un liceo · climatización de aula'; antecedentes: 'UI-01, UI-02 y UE-01 aparecen en planta. El listado solo declara una unidad interior.'; desarrollo solicitado: 'Analiza el caso de restaurante de menú diario: La carta ofrecida incluye una preparación cuyo insumo no está disponible. Usa disponibilidad de insumos y perfil del cliente, identifica el AE y el criterio que respaldan tu respuesta y entrega un menú y carta fundamentados. Explica cómo comprobarías el resultado.'.",Revisión localizada necesaria. Modificar solo si no se demuestra la relación del bloque con la tarea y el criterio; confirmar primero su pertinencia técnico-profesional.,"Revisar exclusivamente development_pack.context, role, objective, problem, background, evidence y constraints: vincularlos con el caso real del modulo, conservando el AE, la actividad y la rubrica. Confirmar primero su presentacion visible.","La observacion se relaciona con la comprension y la evidencia, no con preferencias esteticas.",Alta,PENDIENTE / NO EJECUTADO EN ESTA AUDITORÍA,CAM-0030,,,
5,"Gastronomía, mención Cocina",52,Emprendimiento y empleabilidad,development_pack,Antecedentes del desarrollo y problema del modulo,REUTILIZACIÓN DEL BLOQUE HVAC CONFIRMADA EN PANTALLA; PERTINENCIA POR CONTRASTAR,,"Contexto del bloque: 'Sala de un liceo · climatización de aula'; antecedentes: 'UI-01, UI-02 y UE-01 aparecen en planta. El listado solo declara una unidad interior.'; desarrollo solicitado: 'Analiza el caso de emprendimiento gastronómico: El costo de un insumo no aparece en el presupuesto del proyecto. Usa presupuesto, cronograma y ficha de postulación, identifica el AE y el criterio que respaldan tu respuesta y entrega un plan de emprendimiento verificable. Explica cómo comprobarías el resultado.'. Registro: desarrollos-ui.jsonl, módulo 52.","Contexto del bloque: 'Sala de un liceo · climatización de aula'; antecedentes: 'UI-01, UI-02 y UE-01 aparecen en planta. El listado solo declara una unidad interior.'; desarrollo solicitado: 'Analiza el caso de emprendimiento gastronómico: El costo de un insumo no aparece en el presupuesto del proyecto. Usa presupuesto, cronograma y ficha de postulación, identifica el AE y el criterio que respaldan tu respuesta y entrega un plan de emprendimiento verificable. Explica cómo comprobarías el resultado.'.",Revisión localizada necesaria. Modificar solo si no se demuestra la relación del bloque con la tarea y el criterio; confirmar primero su pertinencia técnico-profesional.,"Revisar exclusivamente development_pack.context, role, objective, problem, background, evidence y constraints: vincularlos con el caso real del modulo, conservando el AE, la actividad y la rubrica. Confirmar primero su presentacion visible.","La observacion se relaciona con la comprension y la evidencia, no con preferencias esteticas.",Alta,PENDIENTE / NO EJECUTADO EN ESTA AUDITORÍA,CAM-0031,,,
6,"Gastronomía, mención Pastelería y Repostería",53,Higiene para la elaboración de alimentos,development_pack,Antecedentes del desarrollo y problema del modulo,REUTILIZACIÓN DEL BLOQUE HVAC CONFIRMADA EN PANTALLA; PERTINENCIA POR CONTRASTAR,,"Contexto del bloque: 'Sala de un liceo · climatización de aula'; antecedentes: 'UI-01, UI-02 y UE-01 aparecen en planta. El listado solo declara una unidad interior.'; desarrollo solicitado: 'Analiza el caso de cocina de un casino escolar: Un utensilio vuelve a la mesa de preparación sin constancia de higienización. Usa planilla de higiene y ficha de limpieza, identifica el AE y el criterio que respaldan tu respuesta y entrega un registro de control de higiene. Explica cómo comprobarías el resultado.'. Registro: desarrollos-ui.jsonl, módulo 53.","Contexto del bloque: 'Sala de un liceo · climatización de aula'; antecedentes: 'UI-01, UI-02 y UE-01 aparecen en planta. El listado solo declara una unidad interior.'; desarrollo solicitado: 'Analiza el caso de cocina de un casino escolar: Un utensilio vuelve a la mesa de preparación sin constancia de higienización. Usa planilla de higiene y ficha de limpieza, identifica el AE y el criterio que respaldan tu respuesta y entrega un registro de control de higiene. Explica cómo comprobarías el resultado.'.",Revisión localizada necesaria. Modificar solo si no se demuestra la relación del bloque con la tarea y el criterio; confirmar primero su pertinencia técnico-profesional.,"Revisar exclusivamente development_pack.context, role, objective, problem, background, evidence y constraints: vincularlos con el caso real del modulo, conservando el AE, la actividad y la rubrica. Confirmar primero su presentacion visible.","La observacion se relaciona con la comprension y la evidencia, no con preferencias esteticas.",Alta,PENDIENTE / NO EJECUTADO EN ESTA AUDITORÍA,CAM-0032,,,
6,"Gastronomía, mención Pastelería y Repostería",57,"Preparación, diseño y montaje de buffet",development_pack,Antecedentes del desarrollo y problema del modulo,REUTILIZACIÓN DEL BLOQUE HVAC CONFIRMADA EN PANTALLA; PERTINENCIA POR CONTRASTAR,,"Contexto del bloque: 'Sala de un liceo · climatización de aula'; antecedentes: 'UI-01, UI-02 y UE-01 aparecen en planta. El listado solo declara una unidad interior.'; desarrollo solicitado: 'Analiza el caso de servicio de buffet: Cambió el número de comensales después de definir el montaje. Usa solicitud del cliente y plano de montaje, identifica el AE y el criterio que respaldan tu respuesta y entrega un propuesta de presentación y montaje. Explica cómo comprobarías el resultado.'. Registro: desarrollos-ui.jsonl, módulo 57.","Contexto del bloque: 'Sala de un liceo · climatización de aula'; antecedentes: 'UI-01, UI-02 y UE-01 aparecen en planta. El listado solo declara una unidad interior.'; desarrollo solicitado: 'Analiza el caso de servicio de buffet: Cambió el número de comensales después de definir el montaje. Usa solicitud del cliente y plano de montaje, identifica el AE y el criterio que respaldan tu respuesta y entrega un propuesta de presentación y montaje. Explica cómo comprobarías el resultado.'.",Revisión localizada necesaria. Modificar solo si no se demuestra la relación del bloque con la tarea y el criterio; confirmar primero su pertinencia técnico-profesional.,"Revisar exclusivamente development_pack.context, role, objective, problem, background, evidence y constraints: vincularlos con el caso real del modulo, conservando el AE, la actividad y la rubrica. Confirmar primero su presentacion visible.","La observacion se relaciona con la comprension y la evidencia, no con preferencias esteticas.",Alta,PENDIENTE / NO EJECUTADO EN ESTA AUDITORÍA,CAM-0033,,,
6,"Gastronomía, mención Pastelería y Repostería",58,"Servicio de comedores, bares y salones",development_pack,Antecedentes del desarrollo y problema del modulo,REUTILIZACIÓN DEL BLOQUE HVAC CONFIRMADA EN PANTALLA; PERTINENCIA POR CONTRASTAR,,"Contexto del bloque: 'Sala de un liceo · climatización de aula'; antecedentes: 'UI-01, UI-02 y UE-01 aparecen en planta. El listado solo declara una unidad interior.'; desarrollo solicitado: 'Analiza el caso de salón de comedor: La disposición preparada no corresponde al tipo de servicio confirmado. Usa orden de servicio e inventario de implementos, identifica el AE y el criterio que respaldan tu respuesta y entrega un montaje documentado del salón. Explica cómo comprobarías el resultado.'. Registro: desarrollos-ui.jsonl, módulo 58.","Contexto del bloque: 'Sala de un liceo · climatización de aula'; antecedentes: 'UI-01, UI-02 y UE-01 aparecen en planta. El listado solo declara una unidad interior.'; desarrollo solicitado: 'Analiza el caso de salón de comedor: La disposición preparada no corresponde al tipo de servicio confirmado. Usa orden de servicio e inventario de implementos, identifica el AE y el criterio que respaldan tu respuesta y entrega un montaje documentado del salón. Explica cómo comprobarías el resultado.'.",Revisión localizada necesaria. Modificar solo si no se demuestra la relación del bloque con la tarea y el criterio; confirmar primero su pertinencia técnico-profesional.,"Revisar exclusivamente development_pack.context, role, objective, problem, background, evidence y constraints: vincularlos con el caso real del modulo, conservando el AE, la actividad y la rubrica. Confirmar primero su presentacion visible.","La observacion se relaciona con la comprension y la evidencia, no con preferencias esteticas.",Alta,PENDIENTE / NO EJECUTADO EN ESTA AUDITORÍA,CAM-0034,,,
6,"Gastronomía, mención Pastelería y Repostería",59,Elaboración de masas y pastas,development_pack,Antecedentes del desarrollo y problema del modulo,REUTILIZACIÓN DEL BLOQUE HVAC CONFIRMADA EN PANTALLA; PERTINENCIA POR CONTRASTAR,,"Contexto del bloque: 'Sala de un liceo · climatización de aula'; antecedentes: 'UI-01, UI-02 y UE-01 aparecen en planta. El listado solo declara una unidad interior.'; desarrollo solicitado: 'Analiza el caso de panadería de práctica: La cantidad planificada no coincide con el rendimiento indicado en la receta. Usa receta de masa y hoja de producción, identifica el AE y el criterio que respaldan tu respuesta y entrega un hoja de producción corregida. Explica cómo comprobarías el resultado.'. Registro: desarrollos-ui.jsonl, módulo 59.","Contexto del bloque: 'Sala de un liceo · climatización de aula'; antecedentes: 'UI-01, UI-02 y UE-01 aparecen en planta. El listado solo declara una unidad interior.'; desarrollo solicitado: 'Analiza el caso de panadería de práctica: La cantidad planificada no coincide con el rendimiento indicado en la receta. Usa receta de masa y hoja de producción, identifica el AE y el criterio que respaldan tu respuesta y entrega un hoja de producción corregida. Explica cómo comprobarías el resultado.'.",Revisión localizada necesaria. Modificar solo si no se demuestra la relación del bloque con la tarea y el criterio; confirmar primero su pertinencia técnico-profesional.,"Revisar exclusivamente development_pack.context, role, objective, problem, background, evidence y constraints: vincularlos con el caso real del modulo, conservando el AE, la actividad y la rubrica. Confirmar primero su presentacion visible.","La observacion se relaciona con la comprension y la evidencia, no con preferencias esteticas.",Alta,PENDIENTE / NO EJECUTADO EN ESTA AUDITORÍA,CAM-0035,,,
6,"Gastronomía, mención Pastelería y Repostería",60,Elaboración de productos de repostería,development_pack,Antecedentes del desarrollo y problema del modulo,REUTILIZACIÓN DEL BLOQUE HVAC CONFIRMADA EN PANTALLA; PERTINENCIA POR CONTRASTAR,,"Contexto del bloque: 'Sala de un liceo · climatización de aula'; antecedentes: 'UI-01, UI-02 y UE-01 aparecen en planta. El listado solo declara una unidad interior.'; desarrollo solicitado: 'Analiza el caso de taller de repostería: El equipo reservado está ocupado durante la franja prevista. Usa ficha de postre y registro de equipos, identifica el AE y el criterio que respaldan tu respuesta y entrega un secuencia de producción del postre. Explica cómo comprobarías el resultado.'. Registro: desarrollos-ui.jsonl, módulo 60.","Contexto del bloque: 'Sala de un liceo · climatización de aula'; antecedentes: 'UI-01, UI-02 y UE-01 aparecen en planta. El listado solo declara una unidad interior.'; desarrollo solicitado: 'Analiza el caso de taller de repostería: El equipo reservado está ocupado durante la franja prevista. Usa ficha de postre y registro de equipos, identifica el AE y el criterio que respaldan tu respuesta y entrega un secuencia de producción del postre. Explica cómo comprobarías el resultado.'.",Revisión localizada necesaria. Modificar solo si no se demuestra la relación del bloque con la tarea y el criterio; confirmar primero su pertinencia técnico-profesional.,"Revisar exclusivamente development_pack.context, role, objective, problem, background, evidence y constraints: vincularlos con el caso real del modulo, conservando el AE, la actividad y la rubrica. Confirmar primero su presentacion visible.","La observacion se relaciona con la comprension y la evidencia, no con preferencias esteticas.",Alta,PENDIENTE / NO EJECUTADO EN ESTA AUDITORÍA,CAM-0036,,,
6,"Gastronomía, mención Pastelería y Repostería",61,Elaboración de productos de pastelería,development_pack,Antecedentes del desarrollo y problema del modulo,REUTILIZACIÓN DEL BLOQUE HVAC CONFIRMADA EN PANTALLA; PERTINENCIA POR CONTRASTAR,,"Contexto del bloque: 'Sala de un liceo · climatización de aula'; antecedentes: 'UI-01, UI-02 y UE-01 aparecen en planta. El listado solo declara una unidad interior.'; desarrollo solicitado: 'Analiza el caso de taller de pastelería: La terminación solicitada no quedó registrada en la ficha de montaje. Usa ficha de torta y solicitud del cliente, identifica el AE y el criterio que respaldan tu respuesta y entrega un ficha de armado y decoración. Explica cómo comprobarías el resultado.'. Registro: desarrollos-ui.jsonl, módulo 61.","Contexto del bloque: 'Sala de un liceo · climatización de aula'; antecedentes: 'UI-01, UI-02 y UE-01 aparecen en planta. El listado solo declara una unidad interior.'; desarrollo solicitado: 'Analiza el caso de taller de pastelería: La terminación solicitada no quedó registrada en la ficha de montaje. Usa ficha de torta y solicitud del cliente, identifica el AE y el criterio que respaldan tu respuesta y entrega un ficha de armado y decoración. Explica cómo comprobarías el resultado.'.",Revisión localizada necesaria. Modificar solo si no se demuestra la relación del bloque con la tarea y el criterio; confirmar primero su pertinencia técnico-profesional.,"Revisar exclusivamente development_pack.context, role, objective, problem, background, evidence y constraints: vincularlos con el caso real del modulo, conservando el AE, la actividad y la rubrica. Confirmar primero su presentacion visible.","La observacion se relaciona con la comprension y la evidencia, no con preferencias esteticas.",Alta,PENDIENTE / NO EJECUTADO EN ESTA AUDITORÍA,CAM-0037,,,
6,"Gastronomía, mención Pastelería y Repostería",62,Innovación en la pastelería y repostería,development_pack,Antecedentes del desarrollo y problema del modulo,REUTILIZACIÓN DEL BLOQUE HVAC CONFIRMADA EN PANTALLA; PERTINENCIA POR CONTRASTAR,,"Contexto del bloque: 'Sala de un liceo · climatización de aula'; antecedentes: 'UI-01, UI-02 y UE-01 aparecen en planta. El listado solo declara una unidad interior.'; desarrollo solicitado: 'Analiza el caso de taller de innovación: La variación propuesta no documenta el resultado de la prueba. Usa receta base, prueba y pauta sensorial, identifica el AE y el criterio que respaldan tu respuesta y entrega un propuesta de innovación con evidencia. Explica cómo comprobarías el resultado.'. Registro: desarrollos-ui.jsonl, módulo 62.","Contexto del bloque: 'Sala de un liceo · climatización de aula'; antecedentes: 'UI-01, UI-02 y UE-01 aparecen en planta. El listado solo declara una unidad interior.'; desarrollo solicitado: 'Analiza el caso de taller de innovación: La variación propuesta no documenta el resultado de la prueba. Usa receta base, prueba y pauta sensorial, identifica el AE y el criterio que respaldan tu respuesta y entrega un propuesta de innovación con evidencia. Explica cómo comprobarías el resultado.'.",Revisión localizada necesaria. Modificar solo si no se demuestra la relación del bloque con la tarea y el criterio; confirmar primero su pertinencia técnico-profesional.,"Revisar exclusivamente development_pack.context, role, objective, problem, background, evidence y constraints: vincularlos con el caso real del modulo, conservando el AE, la actividad y la rubrica. Confirmar primero su presentacion visible.","La observacion se relaciona con la comprension y la evidencia, no con preferencias esteticas.",Alta,PENDIENTE / NO EJECUTADO EN ESTA AUDITORÍA,CAM-0038,,,
6,"Gastronomía, mención Pastelería y Repostería",63,Emprendimiento y empleabilidad,development_pack,Antecedentes del desarrollo y problema del modulo,REUTILIZACIÓN DEL BLOQUE HVAC CONFIRMADA EN PANTALLA; PERTINENCIA POR CONTRASTAR,,"Contexto del bloque: 'Sala de un liceo · climatización de aula'; antecedentes: 'UI-01, UI-02 y UE-01 aparecen en planta. El listado solo declara una unidad interior.'; desarrollo solicitado: 'Analiza el caso de emprendimiento gastronómico: El costo de un insumo no aparece en el presupuesto del proyecto. Usa presupuesto, cronograma y ficha de postulación, identifica el AE y el criterio que respaldan tu respuesta y entrega un plan de emprendimiento verificable. Explica cómo comprobarías el resultado.'. Registro: desarrollos-ui.jsonl, módulo 63.","Contexto del bloque: 'Sala de un liceo · climatización de aula'; antecedentes: 'UI-01, UI-02 y UE-01 aparecen en planta. El listado solo declara una unidad interior.'; desarrollo solicitado: 'Analiza el caso de emprendimiento gastronómico: El costo de un insumo no aparece en el presupuesto del proyecto. Usa presupuesto, cronograma y ficha de postulación, identifica el AE y el criterio que respaldan tu respuesta y entrega un plan de emprendimiento verificable. Explica cómo comprobarías el resultado.'.",Revisión localizada necesaria. Modificar solo si no se demuestra la relación del bloque con la tarea y el criterio; confirmar primero su pertinencia técnico-profesional.,"Revisar exclusivamente development_pack.context, role, objective, problem, background, evidence y constraints: vincularlos con el caso real del modulo, conservando el AE, la actividad y la rubrica. Confirmar primero su presentacion visible.","La observacion se relaciona con la comprension y la evidencia, no con preferencias esteticas.",Alta,PENDIENTE / NO EJECUTADO EN ESTA AUDITORÍA,CAM-0039,,,
7,Servicios de Hotelería,64,Atención al cliente en servicios de hotelería,development_pack,Antecedentes del desarrollo y problema del modulo,REUTILIZACIÓN DEL BLOQUE HVAC CONFIRMADA EN PANTALLA; PERTINENCIA POR CONTRASTAR,,"Contexto del bloque: 'Sala de un liceo · climatización de aula'; antecedentes: 'UI-01, UI-02 y UE-01 aparecen en planta. El listado solo declara una unidad interior.'; desarrollo solicitado: 'Analiza el caso de recepción de un hotel: La solicitud del huésped no coincide con el servicio anotado en la respuesta. Usa solicitud del huésped y catálogo de servicios, identifica el AE y el criterio que respaldan tu respuesta y entrega un respuesta de atención documentada. Explica cómo comprobarías el resultado.'. Registro: desarrollos-ui.jsonl, módulo 64.","Contexto del bloque: 'Sala de un liceo · climatización de aula'; antecedentes: 'UI-01, UI-02 y UE-01 aparecen en planta. El listado solo declara una unidad interior.'; desarrollo solicitado: 'Analiza el caso de recepción de un hotel: La solicitud del huésped no coincide con el servicio anotado en la respuesta. Usa solicitud del huésped y catálogo de servicios, identifica el AE y el criterio que respaldan tu respuesta y entrega un respuesta de atención documentada. Explica cómo comprobarías el resultado.'.",Revisión localizada necesaria. Modificar solo si no se demuestra la relación del bloque con la tarea y el criterio; confirmar primero su pertinencia técnico-profesional.,"Revisar exclusivamente development_pack.context, role, objective, problem, background, evidence y constraints: vincularlos con el caso real del modulo, conservando el AE, la actividad y la rubrica. Confirmar primero su presentacion visible.","La observacion se relaciona con la comprension y la evidencia, no con preferencias esteticas.",Alta,PENDIENTE / NO EJECUTADO EN ESTA AUDITORÍA,CAM-0040,,,
7,Servicios de Hotelería,68,Inglés técnico para la industria de la hospitalidad,development_pack,Antecedentes del desarrollo y problema del modulo,REUTILIZACIÓN DEL BLOQUE HVAC CONFIRMADA EN PANTALLA; PERTINENCIA POR CONTRASTAR,,"Contexto del bloque: 'Sala de un liceo · climatización de aula'; antecedentes: 'UI-01, UI-02 y UE-01 aparecen en planta. El listado solo declara una unidad interior.'; desarrollo solicitado: 'Analiza el caso de atención inicial en un hotel: La respuesta en inglés omite una condición del servicio contratado. Usa guion bilingüe y descripción de servicios, identifica el AE y el criterio que respaldan tu respuesta y entrega un mensaje de atención bilingüe. Explica cómo comprobarías el resultado.'. Registro: desarrollos-ui.jsonl, módulo 68.","Contexto del bloque: 'Sala de un liceo · climatización de aula'; antecedentes: 'UI-01, UI-02 y UE-01 aparecen en planta. El listado solo declara una unidad interior.'; desarrollo solicitado: 'Analiza el caso de atención inicial en un hotel: La respuesta en inglés omite una condición del servicio contratado. Usa guion bilingüe y descripción de servicios, identifica el AE y el criterio que respaldan tu respuesta y entrega un mensaje de atención bilingüe. Explica cómo comprobarías el resultado.'.",Revisión localizada necesaria. Modificar solo si no se demuestra la relación del bloque con la tarea y el criterio; confirmar primero su pertinencia técnico-profesional.,"Revisar exclusivamente development_pack.context, role, objective, problem, background, evidence y constraints: vincularlos con el caso real del modulo, conservando el AE, la actividad y la rubrica. Confirmar primero su presentacion visible.","La observacion se relaciona con la comprension y la evidencia, no con preferencias esteticas.",Alta,PENDIENTE / NO EJECUTADO EN ESTA AUDITORÍA,CAM-0041,,,
7,Servicios de Hotelería,69,Información turística,development_pack,Antecedentes del desarrollo y problema del modulo,REUTILIZACIÓN DEL BLOQUE HVAC CONFIRMADA EN PANTALLA; PERTINENCIA POR CONTRASTAR,,"Contexto del bloque: 'Sala de un liceo · climatización de aula'; antecedentes: 'UI-01, UI-02 y UE-01 aparecen en planta. El listado solo declara una unidad interior.'; desarrollo solicitado: 'Analiza el caso de mostrador de información turística: El folleto disponible no confirma el horario solicitado. Usa folleto, mapa y requerimiento del visitante, identifica el AE y el criterio que respaldan tu respuesta y entrega un orientación turística con fuente. Explica cómo comprobarías el resultado.'. Registro: desarrollos-ui.jsonl, módulo 69.","Contexto del bloque: 'Sala de un liceo · climatización de aula'; antecedentes: 'UI-01, UI-02 y UE-01 aparecen en planta. El listado solo declara una unidad interior.'; desarrollo solicitado: 'Analiza el caso de mostrador de información turística: El folleto disponible no confirma el horario solicitado. Usa folleto, mapa y requerimiento del visitante, identifica el AE y el criterio que respaldan tu respuesta y entrega un orientación turística con fuente. Explica cómo comprobarías el resultado.'.",Revisión localizada necesaria. Modificar solo si no se demuestra la relación del bloque con la tarea y el criterio; confirmar primero su pertinencia técnico-profesional.,"Revisar exclusivamente development_pack.context, role, objective, problem, background, evidence y constraints: vincularlos con el caso real del modulo, conservando el AE, la actividad y la rubrica. Confirmar primero su presentacion visible.","La observacion se relaciona con la comprension y la evidencia, no con preferencias esteticas.",Alta,PENDIENTE / NO EJECUTADO EN ESTA AUDITORÍA,CAM-0042,,,
7,Servicios de Hotelería,70,Servicio de recepción y reservas,development_pack,Antecedentes del desarrollo y problema del modulo,REUTILIZACIÓN DEL BLOQUE HVAC CONFIRMADA EN PANTALLA; PERTINENCIA POR CONTRASTAR,,"Contexto del bloque: 'Sala de un liceo · climatización de aula'; antecedentes: 'UI-01, UI-02 y UE-01 aparecen en planta. El listado solo declara una unidad interior.'; desarrollo solicitado: 'Analiza el caso de recepción y reservas: El valor informado al huésped difiere del detalle de la reserva. Usa reserva, tarifa y estado de cuenta, identifica el AE y el criterio que respaldan tu respuesta y entrega un registro de reserva y cierre de cuenta. Explica cómo comprobarías el resultado.'. Registro: desarrollos-ui.jsonl, módulo 70.","Contexto del bloque: 'Sala de un liceo · climatización de aula'; antecedentes: 'UI-01, UI-02 y UE-01 aparecen en planta. El listado solo declara una unidad interior.'; desarrollo solicitado: 'Analiza el caso de recepción y reservas: El valor informado al huésped difiere del detalle de la reserva. Usa reserva, tarifa y estado de cuenta, identifica el AE y el criterio que respaldan tu respuesta y entrega un registro de reserva y cierre de cuenta. Explica cómo comprobarías el resultado.'.",Revisión localizada necesaria. Modificar solo si no se demuestra la relación del bloque con la tarea y el criterio; confirmar primero su pertinencia técnico-profesional.,"Revisar exclusivamente development_pack.context, role, objective, problem, background, evidence y constraints: vincularlos con el caso real del modulo, conservando el AE, la actividad y la rubrica. Confirmar primero su presentacion visible.","La observacion se relaciona con la comprension y la evidencia, no con preferencias esteticas.",Alta,PENDIENTE / NO EJECUTADO EN ESTA AUDITORÍA,CAM-0043,,,
7,Servicios de Hotelería,71,Servicio de coctelería y vinos,development_pack,Antecedentes del desarrollo y problema del modulo,REUTILIZACIÓN DEL BLOQUE HVAC CONFIRMADA EN PANTALLA; PERTINENCIA POR CONTRASTAR,,"Contexto del bloque: 'Sala de un liceo · climatización de aula'; antecedentes: 'UI-01, UI-02 y UE-01 aparecen en planta. El listado solo declara una unidad interior.'; desarrollo solicitado: 'Analiza el caso de servicio de evento: La comanda no confirma la preferencia de bebida del cliente. Usa comanda de cócteles y ficha de vinos, identifica el AE y el criterio que respaldan tu respuesta y entrega un plan de servicio de bebidas simulado. Explica cómo comprobarías el resultado.'. Registro: desarrollos-ui.jsonl, módulo 71.","Contexto del bloque: 'Sala de un liceo · climatización de aula'; antecedentes: 'UI-01, UI-02 y UE-01 aparecen en planta. El listado solo declara una unidad interior.'; desarrollo solicitado: 'Analiza el caso de servicio de evento: La comanda no confirma la preferencia de bebida del cliente. Usa comanda de cócteles y ficha de vinos, identifica el AE y el criterio que respaldan tu respuesta y entrega un plan de servicio de bebidas simulado. Explica cómo comprobarías el resultado.'.",Revisión localizada necesaria. Modificar solo si no se demuestra la relación del bloque con la tarea y el criterio; confirmar primero su pertinencia técnico-profesional.,"Revisar exclusivamente development_pack.context, role, objective, problem, background, evidence y constraints: vincularlos con el caso real del modulo, conservando el AE, la actividad y la rubrica. Confirmar primero su presentacion visible.","La observacion se relaciona con la comprension y la evidencia, no con preferencias esteticas.",Alta,PENDIENTE / NO EJECUTADO EN ESTA AUDITORÍA,CAM-0044,,,
7,Servicios de Hotelería,72,Servicio de información bilingüe,development_pack,Antecedentes del desarrollo y problema del modulo,DISCREPANCIA CONTRASTADA: TAREA HOTELERA EN INGLÉS Y ANTECEDENTES HVAC,,"Contexto del bloque: 'Sala de un liceo · climatización de aula'; antecedentes: 'UI-01, UI-02 y UE-01 aparecen en planta. El listado solo declara una unidad interior.'; desarrollo solicitado: 'Analiza el caso de información bilingüe: El correo de respuesta omite la fecha solicitada por el huésped. Usa correo de reserva y folleto turístico en inglés, identifica el AE y el criterio que respaldan tu respuesta y entrega un respuesta escrita bilingüe. Explica cómo comprobarías el resultado.'. Registro: desarrollos-ui.jsonl, módulo 72.",La respuesta al huésped basada en reserva y folleto bilingüe no puede fundamentarse en una planta con UI-01/UI-02 y un drenaje sin destino.,"Sí, corregir el bloque de antecedentes de este desarrollo tras autorización","Revisar exclusivamente development_pack.context, role, objective, problem, background, evidence y constraints: vincularlos con el caso real del modulo, conservando el AE, la actividad y la rubrica. Confirmar primero su presentacion visible.","La observacion se relaciona con la comprension y la evidencia, no con preferencias esteticas.",Alta,PENDIENTE / NO EJECUTADO EN ESTA AUDITORÍA,CAM-0045,,,evidencias/modulo-72-desarrollo.png
7,Servicios de Hotelería,73,Emprendimiento y empleabilidad,development_pack,Antecedentes del desarrollo y problema del modulo,REUTILIZACIÓN DEL BLOQUE HVAC CONFIRMADA EN PANTALLA; PERTINENCIA POR CONTRASTAR,,"Contexto del bloque: 'Sala de un liceo · climatización de aula'; antecedentes: 'UI-01, UI-02 y UE-01 aparecen en planta. El listado solo declara una unidad interior.'; desarrollo solicitado: 'Analiza el caso de emprendimiento de alojamiento: La proyección de costos no incluye un servicio anunciado. Usa presupuesto, cronograma y perfil de servicio, identifica el AE y el criterio que respaldan tu respuesta y entrega un plan de emprendimiento verificable. Explica cómo comprobarías el resultado.'. Registro: desarrollos-ui.jsonl, módulo 73.","Contexto del bloque: 'Sala de un liceo · climatización de aula'; antecedentes: 'UI-01, UI-02 y UE-01 aparecen en planta. El listado solo declara una unidad interior.'; desarrollo solicitado: 'Analiza el caso de emprendimiento de alojamiento: La proyección de costos no incluye un servicio anunciado. Usa presupuesto, cronograma y perfil de servicio, identifica el AE y el criterio que respaldan tu respuesta y entrega un plan de emprendimiento verificable. Explica cómo comprobarías el resultado.'.",Revisión localizada necesaria. Modificar solo si no se demuestra la relación del bloque con la tarea y el criterio; confirmar primero su pertinencia técnico-profesional.,"Revisar exclusivamente development_pack.context, role, objective, problem, background, evidence y constraints: vincularlos con el caso real del modulo, conservando el AE, la actividad y la rubrica. Confirmar primero su presentacion visible.","La observacion se relaciona con la comprension y la evidencia, no con preferencias esteticas.",Alta,PENDIENTE / NO EJECUTADO EN ESTA AUDITORÍA,CAM-0046,,,
8,Contabilidad,83,Contabilización de operaciones comerciales,development_pack,Antecedentes del desarrollo y problema del modulo,REUTILIZACIÓN DEL BLOQUE HVAC CONFIRMADA EN PANTALLA; PERTINENCIA POR CONTRASTAR,,"Contexto del bloque: 'Sala de un liceo · climatización de aula'; antecedentes: 'UI-01, UI-02 y UE-01 aparecen en planta. El listado solo declara una unidad interior.'; desarrollo solicitado: 'La factura usa una cuenta distinta a la registrada en el asiento. Usando plan de cuentas, factura ficticia y libro diario, identifica la diferencia y relaciona tu decisión con el AE y criterio oficial. Entrega el asiento corregido con respaldo documental con evidencia de verificación.'. Registro: desarrollos-ui.jsonl, módulo 83.","Contexto del bloque: 'Sala de un liceo · climatización de aula'; antecedentes: 'UI-01, UI-02 y UE-01 aparecen en planta. El listado solo declara una unidad interior.'; desarrollo solicitado: 'La factura usa una cuenta distinta a la registrada en el asiento. Usando plan de cuentas, factura ficticia y libro diario, identifica la diferencia y relaciona tu decisión con el AE y criterio oficial. Entrega el asiento corregido con respaldo documental con evidencia de verificación.'.",Revisión localizada necesaria. Modificar solo si no se demuestra la relación del bloque con la tarea y el criterio; confirmar primero su pertinencia técnico-profesional.,"Revisar exclusivamente development_pack.context, role, objective, problem, background, evidence y constraints: vincularlos con el caso real del modulo, conservando el AE, la actividad y la rubrica. Confirmar primero su presentacion visible.","La observacion se relaciona con la comprension y la evidencia, no con preferencias esteticas.",Alta,PENDIENTE / NO EJECUTADO EN ESTA AUDITORÍA,CAM-0047,,,
8,Contabilidad,87,Atención de clientes,development_pack,Antecedentes del desarrollo y problema del modulo,REUTILIZACIÓN DEL BLOQUE HVAC CONFIRMADA EN PANTALLA; PERTINENCIA POR CONTRASTAR,,"Contexto del bloque: 'Sala de un liceo · climatización de aula'; antecedentes: 'UI-01, UI-02 y UE-01 aparecen en planta. El listado solo declara una unidad interior.'; desarrollo solicitado: 'El identificador del documento no corresponde al indicado por el cliente. Usando solicitud del cliente, ficha de atención y documento entregado, identifica la diferencia y relaciona tu decisión con el AE y criterio oficial. Entrega el respuesta de atención verificada con evidencia de verificación.'. Registro: desarrollos-ui.jsonl, módulo 87.","Contexto del bloque: 'Sala de un liceo · climatización de aula'; antecedentes: 'UI-01, UI-02 y UE-01 aparecen en planta. El listado solo declara una unidad interior.'; desarrollo solicitado: 'El identificador del documento no corresponde al indicado por el cliente. Usando solicitud del cliente, ficha de atención y documento entregado, identifica la diferencia y relaciona tu decisión con el AE y criterio oficial. Entrega el respuesta de atención verificada con evidencia de verificación.'.",Revisión localizada necesaria. Modificar solo si no se demuestra la relación del bloque con la tarea y el criterio; confirmar primero su pertinencia técnico-profesional.,"Revisar exclusivamente development_pack.context, role, objective, problem, background, evidence y constraints: vincularlos con el caso real del modulo, conservando el AE, la actividad y la rubrica. Confirmar primero su presentacion visible.","La observacion se relaciona con la comprension y la evidencia, no con preferencias esteticas.",Alta,PENDIENTE / NO EJECUTADO EN ESTA AUDITORÍA,CAM-0048,,,
8,Contabilidad,88,Elaboración de informes contables,development_pack,Antecedentes del desarrollo y problema del modulo,REUTILIZACIÓN DEL BLOQUE HVAC CONFIRMADA EN PANTALLA; PERTINENCIA POR CONTRASTAR,,"Contexto del bloque: 'Sala de un liceo · climatización de aula'; antecedentes: 'UI-01, UI-02 y UE-01 aparecen en planta. El listado solo declara una unidad interior.'; desarrollo solicitado: 'Un subtotal del informe no se puede reconstruir desde los anexos. Usando balance simulado, anexos y requerimiento de jefatura, identifica la diferencia y relaciona tu decisión con el AE y criterio oficial. Entrega el informe contable con conciliación de cifras con evidencia de verificación.'. Registro: desarrollos-ui.jsonl, módulo 88.","Contexto del bloque: 'Sala de un liceo · climatización de aula'; antecedentes: 'UI-01, UI-02 y UE-01 aparecen en planta. El listado solo declara una unidad interior.'; desarrollo solicitado: 'Un subtotal del informe no se puede reconstruir desde los anexos. Usando balance simulado, anexos y requerimiento de jefatura, identifica la diferencia y relaciona tu decisión con el AE y criterio oficial. Entrega el informe contable con conciliación de cifras con evidencia de verificación.'.",Revisión localizada necesaria. Modificar solo si no se demuestra la relación del bloque con la tarea y el criterio; confirmar primero su pertinencia técnico-profesional.,"Revisar exclusivamente development_pack.context, role, objective, problem, background, evidence y constraints: vincularlos con el caso real del modulo, conservando el AE, la actividad y la rubrica. Confirmar primero su presentacion visible.","La observacion se relaciona con la comprension y la evidencia, no con preferencias esteticas.",Alta,PENDIENTE / NO EJECUTADO EN ESTA AUDITORÍA,CAM-0049,,,
8,Contabilidad,89,Cálculo y registro de impuestos,development_pack,Antecedentes del desarrollo y problema del modulo,REUTILIZACIÓN DEL BLOQUE HVAC CONFIRMADA EN PANTALLA; PERTINENCIA POR CONTRASTAR,,"Contexto del bloque: 'Sala de un liceo · climatización de aula'; antecedentes: 'UI-01, UI-02 y UE-01 aparecen en planta. El listado solo declara una unidad interior.'; desarrollo solicitado: 'El monto registrado en el formulario no coincide con el comprobante fuente. Usando registros y documentos tributarios ficticios, identifica la diferencia y relaciona tu decisión con el AE y criterio oficial. Entrega el revisión documentada del cálculo y registro con evidencia de verificación.'. Registro: desarrollos-ui.jsonl, módulo 89.","Contexto del bloque: 'Sala de un liceo · climatización de aula'; antecedentes: 'UI-01, UI-02 y UE-01 aparecen en planta. El listado solo declara una unidad interior.'; desarrollo solicitado: 'El monto registrado en el formulario no coincide con el comprobante fuente. Usando registros y documentos tributarios ficticios, identifica la diferencia y relaciona tu decisión con el AE y criterio oficial. Entrega el revisión documentada del cálculo y registro con evidencia de verificación.'.",Revisión localizada necesaria. Modificar solo si no se demuestra la relación del bloque con la tarea y el criterio; confirmar primero su pertinencia técnico-profesional.,"Revisar exclusivamente development_pack.context, role, objective, problem, background, evidence y constraints: vincularlos con el caso real del modulo, conservando el AE, la actividad y la rubrica. Confirmar primero su presentacion visible.","La observacion se relaciona con la comprension y la evidencia, no con preferencias esteticas.",Alta,PENDIENTE / NO EJECUTADO EN ESTA AUDITORÍA,CAM-0050,,,
8,Contabilidad,90,Registro de operaciones de comercio nacional e internacional,development_pack,Antecedentes del desarrollo y problema del modulo,REUTILIZACIÓN DEL BLOQUE HVAC CONFIRMADA EN PANTALLA; PERTINENCIA POR CONTRASTAR,,"Contexto del bloque: 'Sala de un liceo · climatización de aula'; antecedentes: 'UI-01, UI-02 y UE-01 aparecen en planta. El listado solo declara una unidad interior.'; desarrollo solicitado: 'La fecha de la operación difiere entre el documento y el registro. Usando orden de compra, documento de transporte y registro contable simulados, identifica la diferencia y relaciona tu decisión con el AE y criterio oficial. Entrega el expediente de operación conciliado con evidencia de verificación.'. Registro: desarrollos-ui.jsonl, módulo 90.","Contexto del bloque: 'Sala de un liceo · climatización de aula'; antecedentes: 'UI-01, UI-02 y UE-01 aparecen en planta. El listado solo declara una unidad interior.'; desarrollo solicitado: 'La fecha de la operación difiere entre el documento y el registro. Usando orden de compra, documento de transporte y registro contable simulados, identifica la diferencia y relaciona tu decisión con el AE y criterio oficial. Entrega el expediente de operación conciliado con evidencia de verificación.'.",Revisión localizada necesaria. Modificar solo si no se demuestra la relación del bloque con la tarea y el criterio; confirmar primero su pertinencia técnico-profesional.,"Revisar exclusivamente development_pack.context, role, objective, problem, background, evidence y constraints: vincularlos con el caso real del modulo, conservando el AE, la actividad y la rubrica. Confirmar primero su presentacion visible.","La observacion se relaciona con la comprension y la evidencia, no con preferencias esteticas.",Alta,PENDIENTE / NO EJECUTADO EN ESTA AUDITORÍA,CAM-0051,,,
8,Contabilidad,91,Procesamiento de información contable-financiera,development_pack,Antecedentes del desarrollo y problema del modulo,REUTILIZACIÓN DEL BLOQUE HVAC CONFIRMADA EN PANTALLA; PERTINENCIA POR CONTRASTAR,,"Contexto del bloque: 'Sala de un liceo · climatización de aula'; antecedentes: 'UI-01, UI-02 y UE-01 aparecen en planta. El listado solo declara una unidad interior.'; desarrollo solicitado: 'La clasificación de una cuenta cambia entre el detalle y el estado. Usando estado de situación simulado, detalle de cuentas y hoja de análisis, identifica la diferencia y relaciona tu decisión con el AE y criterio oficial. Entrega el análisis contable-financiero trazable con evidencia de verificación.'. Registro: desarrollos-ui.jsonl, módulo 91.","Contexto del bloque: 'Sala de un liceo · climatización de aula'; antecedentes: 'UI-01, UI-02 y UE-01 aparecen en planta. El listado solo declara una unidad interior.'; desarrollo solicitado: 'La clasificación de una cuenta cambia entre el detalle y el estado. Usando estado de situación simulado, detalle de cuentas y hoja de análisis, identifica la diferencia y relaciona tu decisión con el AE y criterio oficial. Entrega el análisis contable-financiero trazable con evidencia de verificación.'.",Revisión localizada necesaria. Modificar solo si no se demuestra la relación del bloque con la tarea y el criterio; confirmar primero su pertinencia técnico-profesional.,"Revisar exclusivamente development_pack.context, role, objective, problem, background, evidence y constraints: vincularlos con el caso real del modulo, conservando el AE, la actividad y la rubrica. Confirmar primero su presentacion visible.","La observacion se relaciona con la comprension y la evidencia, no con preferencias esteticas.",Alta,PENDIENTE / NO EJECUTADO EN ESTA AUDITORÍA,CAM-0052,,,
8,Contabilidad,92,Emprendimiento y empleabilidad,development_pack,Antecedentes del desarrollo y problema del modulo,REUTILIZACIÓN DEL BLOQUE HVAC CONFIRMADA EN PANTALLA; PERTINENCIA POR CONTRASTAR,,"Contexto del bloque: 'Sala de un liceo · climatización de aula'; antecedentes: 'UI-01, UI-02 y UE-01 aparecen en planta. El listado solo declara una unidad interior.'; desarrollo solicitado: 'El presupuesto omite un recurso previsto en la propuesta. Usando propuesta de servicio, presupuesto y cronograma ficticios, identifica la diferencia y relaciona tu decisión con el AE y criterio oficial. Entrega el plan de emprendimiento con control de avance con evidencia de verificación.'. Registro: desarrollos-ui.jsonl, módulo 92.","Contexto del bloque: 'Sala de un liceo · climatización de aula'; antecedentes: 'UI-01, UI-02 y UE-01 aparecen en planta. El listado solo declara una unidad interior.'; desarrollo solicitado: 'El presupuesto omite un recurso previsto en la propuesta. Usando propuesta de servicio, presupuesto y cronograma ficticios, identifica la diferencia y relaciona tu decisión con el AE y criterio oficial. Entrega el plan de emprendimiento con control de avance con evidencia de verificación.'.",Revisión localizada necesaria. Modificar solo si no se demuestra la relación del bloque con la tarea y el criterio; confirmar primero su pertinencia técnico-profesional.,"Revisar exclusivamente development_pack.context, role, objective, problem, background, evidence y constraints: vincularlos con el caso real del modulo, conservando el AE, la actividad y la rubrica. Confirmar primero su presentacion visible.","La observacion se relaciona con la comprension y la evidencia, no con preferencias esteticas.",Alta,PENDIENTE / NO EJECUTADO EN ESTA AUDITORÍA,CAM-0053,,,
9,Elaboración Industrial de Alimentos,180,Recepción de materias primas,development_pack,Antecedentes del desarrollo y problema del modulo,REUTILIZACIÓN DEL BLOQUE HVAC CONFIRMADA EN PANTALLA; PERTINENCIA POR CONTRASTAR,,"Contexto del bloque: 'Sala de un liceo · climatización de aula'; antecedentes: 'UI-01, UI-02 y UE-01 aparecen en planta. El listado solo declara una unidad interior.'; desarrollo solicitado: 'El lote recibido no coincide con el consignado en la orden. Usa orden de compra, ficha de recepción y registro de lote, identifica el AE y criterio oficial correspondiente y prepara el producto «registro de recepción y consulta por discrepancia» con evidencia de verificación.'. Registro: desarrollos-ui.jsonl, módulo 180.","Contexto del bloque: 'Sala de un liceo · climatización de aula'; antecedentes: 'UI-01, UI-02 y UE-01 aparecen en planta. El listado solo declara una unidad interior.'; desarrollo solicitado: 'El lote recibido no coincide con el consignado en la orden. Usa orden de compra, ficha de recepción y registro de lote, identifica el AE y criterio oficial correspondiente y prepara el producto «registro de recepción y consulta por discrepancia» con evidencia de verificación.'.",Revisión localizada necesaria. Modificar solo si no se demuestra la relación del bloque con la tarea y el criterio; confirmar primero su pertinencia técnico-profesional.,"Revisar exclusivamente development_pack.context, role, objective, problem, background, evidence y constraints: vincularlos con el caso real del modulo, conservando el AE, la actividad y la rubrica. Confirmar primero su presentacion visible.","La observacion se relaciona con la comprension y la evidencia, no con preferencias esteticas.",Alta,PENDIENTE / NO EJECUTADO EN ESTA AUDITORÍA,CAM-0054,,,
9,Elaboración Industrial de Alimentos,184,Tratamientos de conservación de alimentos,development_pack,Antecedentes del desarrollo y problema del modulo,REUTILIZACIÓN DEL BLOQUE HVAC CONFIRMADA EN PANTALLA; PERTINENCIA POR CONTRASTAR,,"Contexto del bloque: 'Sala de un liceo · climatización de aula'; antecedentes: 'UI-01, UI-02 y UE-01 aparecen en planta. El listado solo declara una unidad interior.'; desarrollo solicitado: 'El tratamiento consignado no corresponde al definido para ese producto. Usa ficha de producto, parámetros de referencia y registro de lote, identifica el AE y criterio oficial correspondiente y prepara el producto «comparación de tratamientos y consulta técnica» con evidencia de verificación.'. Registro: desarrollos-ui.jsonl, módulo 184.","Contexto del bloque: 'Sala de un liceo · climatización de aula'; antecedentes: 'UI-01, UI-02 y UE-01 aparecen en planta. El listado solo declara una unidad interior.'; desarrollo solicitado: 'El tratamiento consignado no corresponde al definido para ese producto. Usa ficha de producto, parámetros de referencia y registro de lote, identifica el AE y criterio oficial correspondiente y prepara el producto «comparación de tratamientos y consulta técnica» con evidencia de verificación.'.",Revisión localizada necesaria. Modificar solo si no se demuestra la relación del bloque con la tarea y el criterio; confirmar primero su pertinencia técnico-profesional.,"Revisar exclusivamente development_pack.context, role, objective, problem, background, evidence y constraints: vincularlos con el caso real del modulo, conservando el AE, la actividad y la rubrica. Confirmar primero su presentacion visible.","La observacion se relaciona con la comprension y la evidencia, no con preferencias esteticas.",Alta,PENDIENTE / NO EJECUTADO EN ESTA AUDITORÍA,CAM-0055,,,
9,Elaboración Industrial de Alimentos,185,Control y registro de procesos de la industria de alimentos,development_pack,Antecedentes del desarrollo y problema del modulo,REUTILIZACIÓN DEL BLOQUE HVAC CONFIRMADA EN PANTALLA; PERTINENCIA POR CONTRASTAR,,"Contexto del bloque: 'Sala de un liceo · climatización de aula'; antecedentes: 'UI-01, UI-02 y UE-01 aparecen en planta. El listado solo declara una unidad interior.'; desarrollo solicitado: 'Una lectura de la bitácora no aparece en la planilla consolidada. Usa planilla de producción, bitácora y pauta de control, identifica el AE y criterio oficial correspondiente y prepara el producto «conciliación de registros y observación de trazabilidad» con evidencia de verificación.'. Registro: desarrollos-ui.jsonl, módulo 185.","Contexto del bloque: 'Sala de un liceo · climatización de aula'; antecedentes: 'UI-01, UI-02 y UE-01 aparecen en planta. El listado solo declara una unidad interior.'; desarrollo solicitado: 'Una lectura de la bitácora no aparece en la planilla consolidada. Usa planilla de producción, bitácora y pauta de control, identifica el AE y criterio oficial correspondiente y prepara el producto «conciliación de registros y observación de trazabilidad» con evidencia de verificación.'.",Revisión localizada necesaria. Modificar solo si no se demuestra la relación del bloque con la tarea y el criterio; confirmar primero su pertinencia técnico-profesional.,"Revisar exclusivamente development_pack.context, role, objective, problem, background, evidence y constraints: vincularlos con el caso real del modulo, conservando el AE, la actividad y la rubrica. Confirmar primero su presentacion visible.","La observacion se relaciona con la comprension y la evidencia, no con preferencias esteticas.",Alta,PENDIENTE / NO EJECUTADO EN ESTA AUDITORÍA,CAM-0056,,,
9,Elaboración Industrial de Alimentos,186,Manejo de desechos de la industria de alimentos,development_pack,Antecedentes del desarrollo y problema del modulo,REUTILIZACIÓN DEL BLOQUE HVAC CONFIRMADA EN PANTALLA; PERTINENCIA POR CONTRASTAR,,"Contexto del bloque: 'Sala de un liceo · climatización de aula'; antecedentes: 'UI-01, UI-02 y UE-01 aparecen en planta. El listado solo declara una unidad interior.'; desarrollo solicitado: 'La categoría de un residuo difiere entre dos documentos. Usa registro de residuos, clasificación y pauta ambiental, identifica el AE y criterio oficial correspondiente y prepara el producto «clasificación razonada y derivación al responsable» con evidencia de verificación.'. Registro: desarrollos-ui.jsonl, módulo 186.","Contexto del bloque: 'Sala de un liceo · climatización de aula'; antecedentes: 'UI-01, UI-02 y UE-01 aparecen en planta. El listado solo declara una unidad interior.'; desarrollo solicitado: 'La categoría de un residuo difiere entre dos documentos. Usa registro de residuos, clasificación y pauta ambiental, identifica el AE y criterio oficial correspondiente y prepara el producto «clasificación razonada y derivación al responsable» con evidencia de verificación.'.",Revisión localizada necesaria. Modificar solo si no se demuestra la relación del bloque con la tarea y el criterio; confirmar primero su pertinencia técnico-profesional.,"Revisar exclusivamente development_pack.context, role, objective, problem, background, evidence y constraints: vincularlos con el caso real del modulo, conservando el AE, la actividad y la rubrica. Confirmar primero su presentacion visible.","La observacion se relaciona con la comprension y la evidencia, no con preferencias esteticas.",Alta,PENDIENTE / NO EJECUTADO EN ESTA AUDITORÍA,CAM-0057,,,
9,Elaboración Industrial de Alimentos,187,Envasado y rotulación de alimentos,development_pack,Antecedentes del desarrollo y problema del modulo,REUTILIZACIÓN DEL BLOQUE HVAC CONFIRMADA EN PANTALLA; PERTINENCIA POR CONTRASTAR,,"Contexto del bloque: 'Sala de un liceo · climatización de aula'; antecedentes: 'UI-01, UI-02 y UE-01 aparecen en planta. El listado solo declara una unidad interior.'; desarrollo solicitado: 'La etiqueta muestra un lote distinto del registrado para el producto. Usa arte de etiqueta, ficha de producto y registro de lote, identifica el AE y criterio oficial correspondiente y prepara el producto «control de rotulación y corrección documentada» con evidencia de verificación.'. Registro: desarrollos-ui.jsonl, módulo 187.","Contexto del bloque: 'Sala de un liceo · climatización de aula'; antecedentes: 'UI-01, UI-02 y UE-01 aparecen en planta. El listado solo declara una unidad interior.'; desarrollo solicitado: 'La etiqueta muestra un lote distinto del registrado para el producto. Usa arte de etiqueta, ficha de producto y registro de lote, identifica el AE y criterio oficial correspondiente y prepara el producto «control de rotulación y corrección documentada» con evidencia de verificación.'.",Revisión localizada necesaria. Modificar solo si no se demuestra la relación del bloque con la tarea y el criterio; confirmar primero su pertinencia técnico-profesional.,"Revisar exclusivamente development_pack.context, role, objective, problem, background, evidence y constraints: vincularlos con el caso real del modulo, conservando el AE, la actividad y la rubrica. Confirmar primero su presentacion visible.","La observacion se relaciona con la comprension y la evidencia, no con preferencias esteticas.",Alta,PENDIENTE / NO EJECUTADO EN ESTA AUDITORÍA,CAM-0058,,,
9,Elaboración Industrial de Alimentos,188,Emprendimiento y empleabilidad,development_pack,Antecedentes del desarrollo y problema del modulo,REUTILIZACIÓN DEL BLOQUE HVAC CONFIRMADA EN PANTALLA; PERTINENCIA POR CONTRASTAR,,"Contexto del bloque: 'Sala de un liceo · climatización de aula'; antecedentes: 'UI-01, UI-02 y UE-01 aparecen en planta. El listado solo declara una unidad interior.'; desarrollo solicitado: 'El presupuesto omite una etapa de control de calidad propuesta. Usa propuesta, presupuesto y cronograma ficticios, identifica el AE y criterio oficial correspondiente y prepara el producto «plan de emprendimiento con costos revisados» con evidencia de verificación.'. Registro: desarrollos-ui.jsonl, módulo 188.","Contexto del bloque: 'Sala de un liceo · climatización de aula'; antecedentes: 'UI-01, UI-02 y UE-01 aparecen en planta. El listado solo declara una unidad interior.'; desarrollo solicitado: 'El presupuesto omite una etapa de control de calidad propuesta. Usa propuesta, presupuesto y cronograma ficticios, identifica el AE y criterio oficial correspondiente y prepara el producto «plan de emprendimiento con costos revisados» con evidencia de verificación.'.",Revisión localizada necesaria. Modificar solo si no se demuestra la relación del bloque con la tarea y el criterio; confirmar primero su pertinencia técnico-profesional.,"Revisar exclusivamente development_pack.context, role, objective, problem, background, evidence y constraints: vincularlos con el caso real del modulo, conservando el AE, la actividad y la rubrica. Confirmar primero su presentacion visible.","La observacion se relaciona con la comprension y la evidencia, no con preferencias esteticas.",Alta,PENDIENTE / NO EJECUTADO EN ESTA AUDITORÍA,CAM-0059,,,
10,Vestuario y Confección Textil,189,Patronaje computacional,development_pack,Antecedentes del desarrollo y problema del modulo,REUTILIZACIÓN DEL BLOQUE HVAC CONFIRMADA EN PANTALLA; PERTINENCIA POR CONTRASTAR,,"Contexto del bloque: 'Sala de un liceo · climatización de aula'; antecedentes: 'UI-01, UI-02 y UE-01 aparecen en planta. El listado solo declara una unidad interior.'; desarrollo solicitado: 'El patrón guardado no refleja una medida aprobada en la orden. Usa orden de diseño, medidas y patrón digital, identifica el AE y criterio oficial correspondiente y prepara el producto «comparación de patrón y ajuste documentado» con evidencia de verificación.'. Registro: desarrollos-ui.jsonl, módulo 189.","Contexto del bloque: 'Sala de un liceo · climatización de aula'; antecedentes: 'UI-01, UI-02 y UE-01 aparecen en planta. El listado solo declara una unidad interior.'; desarrollo solicitado: 'El patrón guardado no refleja una medida aprobada en la orden. Usa orden de diseño, medidas y patrón digital, identifica el AE y criterio oficial correspondiente y prepara el producto «comparación de patrón y ajuste documentado» con evidencia de verificación.'.",Revisión localizada necesaria. Modificar solo si no se demuestra la relación del bloque con la tarea y el criterio; confirmar primero su pertinencia técnico-profesional.,"Revisar exclusivamente development_pack.context, role, objective, problem, background, evidence y constraints: vincularlos con el caso real del modulo, conservando el AE, la actividad y la rubrica. Confirmar primero su presentacion visible.","La observacion se relaciona con la comprension y la evidencia, no con preferencias esteticas.",Alta,PENDIENTE / NO EJECUTADO EN ESTA AUDITORÍA,CAM-0060,,,
10,Vestuario y Confección Textil,193,Confección y terminaciones,development_pack,Antecedentes del desarrollo y problema del modulo,REUTILIZACIÓN DEL BLOQUE HVAC CONFIRMADA EN PANTALLA; PERTINENCIA POR CONTRASTAR,,"Contexto del bloque: 'Sala de un liceo · climatización de aula'; antecedentes: 'UI-01, UI-02 y UE-01 aparecen en planta. El listado solo declara una unidad interior.'; desarrollo solicitado: 'La terminación de la muestra difiere de la definida en la ficha. Usa ficha técnica, muestra y pauta de terminación, identifica el AE y criterio oficial correspondiente y prepara el producto «control de terminaciones y propuesta de corrección» con evidencia de verificación.'. Registro: desarrollos-ui.jsonl, módulo 193.","Contexto del bloque: 'Sala de un liceo · climatización de aula'; antecedentes: 'UI-01, UI-02 y UE-01 aparecen en planta. El listado solo declara una unidad interior.'; desarrollo solicitado: 'La terminación de la muestra difiere de la definida en la ficha. Usa ficha técnica, muestra y pauta de terminación, identifica el AE y criterio oficial correspondiente y prepara el producto «control de terminaciones y propuesta de corrección» con evidencia de verificación.'.",Revisión localizada necesaria. Modificar solo si no se demuestra la relación del bloque con la tarea y el criterio; confirmar primero su pertinencia técnico-profesional.,"Revisar exclusivamente development_pack.context, role, objective, problem, background, evidence y constraints: vincularlos con el caso real del modulo, conservando el AE, la actividad y la rubrica. Confirmar primero su presentacion visible.","La observacion se relaciona con la comprension y la evidencia, no con preferencias esteticas.",Alta,PENDIENTE / NO EJECUTADO EN ESTA AUDITORÍA,CAM-0061,,,
10,Vestuario y Confección Textil,194,Diseño computacional de artículos y vestuario,development_pack,Antecedentes del desarrollo y problema del modulo,REUTILIZACIÓN DEL BLOQUE HVAC CONFIRMADA EN PANTALLA; PERTINENCIA POR CONTRASTAR,,"Contexto del bloque: 'Sala de un liceo · climatización de aula'; antecedentes: 'UI-01, UI-02 y UE-01 aparecen en planta. El listado solo declara una unidad interior.'; desarrollo solicitado: 'La propuesta usa una tela no contemplada en el brief aprobado. Usa brief, paleta y propuesta digital, identifica el AE y criterio oficial correspondiente y prepara el producto «diseño digital revisado y justificación de cambios» con evidencia de verificación.'. Registro: desarrollos-ui.jsonl, módulo 194.","Contexto del bloque: 'Sala de un liceo · climatización de aula'; antecedentes: 'UI-01, UI-02 y UE-01 aparecen en planta. El listado solo declara una unidad interior.'; desarrollo solicitado: 'La propuesta usa una tela no contemplada en el brief aprobado. Usa brief, paleta y propuesta digital, identifica el AE y criterio oficial correspondiente y prepara el producto «diseño digital revisado y justificación de cambios» con evidencia de verificación.'.",Revisión localizada necesaria. Modificar solo si no se demuestra la relación del bloque con la tarea y el criterio; confirmar primero su pertinencia técnico-profesional.,"Revisar exclusivamente development_pack.context, role, objective, problem, background, evidence y constraints: vincularlos con el caso real del modulo, conservando el AE, la actividad y la rubrica. Confirmar primero su presentacion visible.","La observacion se relaciona con la comprension y la evidencia, no con preferencias esteticas.",Alta,PENDIENTE / NO EJECUTADO EN ESTA AUDITORÍA,CAM-0062,,,
10,Vestuario y Confección Textil,195,Patronaje y escalado industrial,development_pack,Antecedentes del desarrollo y problema del modulo,REUTILIZACIÓN DEL BLOQUE HVAC CONFIRMADA EN PANTALLA; PERTINENCIA POR CONTRASTAR,,"Contexto del bloque: 'Sala de un liceo · climatización de aula'; antecedentes: 'UI-01, UI-02 y UE-01 aparecen en planta. El listado solo declara una unidad interior.'; desarrollo solicitado: 'Una talla escalada no coincide con la tabla de medidas. Usa patrón base, tabla de tallas y registro de escalado, identifica el AE y criterio oficial correspondiente y prepara el producto «comparación de tallas y registro de discrepancia» con evidencia de verificación.'. Registro: desarrollos-ui.jsonl, módulo 195.","Contexto del bloque: 'Sala de un liceo · climatización de aula'; antecedentes: 'UI-01, UI-02 y UE-01 aparecen en planta. El listado solo declara una unidad interior.'; desarrollo solicitado: 'Una talla escalada no coincide con la tabla de medidas. Usa patrón base, tabla de tallas y registro de escalado, identifica el AE y criterio oficial correspondiente y prepara el producto «comparación de tallas y registro de discrepancia» con evidencia de verificación.'.",Revisión localizada necesaria. Modificar solo si no se demuestra la relación del bloque con la tarea y el criterio; confirmar primero su pertinencia técnico-profesional.,"Revisar exclusivamente development_pack.context, role, objective, problem, background, evidence y constraints: vincularlos con el caso real del modulo, conservando el AE, la actividad y la rubrica. Confirmar primero su presentacion visible.","La observacion se relaciona con la comprension y la evidencia, no con preferencias esteticas.",Alta,PENDIENTE / NO EJECUTADO EN ESTA AUDITORÍA,CAM-0063,,,
10,Vestuario y Confección Textil,196,Procesos de confección industrial,development_pack,Antecedentes del desarrollo y problema del modulo,REUTILIZACIÓN DEL BLOQUE HVAC CONFIRMADA EN PANTALLA; PERTINENCIA POR CONTRASTAR,,"Contexto del bloque: 'Sala de un liceo · climatización de aula'; antecedentes: 'UI-01, UI-02 y UE-01 aparecen en planta. El listado solo declara una unidad interior.'; desarrollo solicitado: 'La secuencia omite una operación indicada en la ficha. Usa secuencia de operaciones, ficha y control de lote, identifica el AE y criterio oficial correspondiente y prepara el producto «flujo de producción corregido en simulación» con evidencia de verificación.'. Registro: desarrollos-ui.jsonl, módulo 196.","Contexto del bloque: 'Sala de un liceo · climatización de aula'; antecedentes: 'UI-01, UI-02 y UE-01 aparecen en planta. El listado solo declara una unidad interior.'; desarrollo solicitado: 'La secuencia omite una operación indicada en la ficha. Usa secuencia de operaciones, ficha y control de lote, identifica el AE y criterio oficial correspondiente y prepara el producto «flujo de producción corregido en simulación» con evidencia de verificación.'.",Revisión localizada necesaria. Modificar solo si no se demuestra la relación del bloque con la tarea y el criterio; confirmar primero su pertinencia técnico-profesional.,"Revisar exclusivamente development_pack.context, role, objective, problem, background, evidence y constraints: vincularlos con el caso real del modulo, conservando el AE, la actividad y la rubrica. Confirmar primero su presentacion visible.","La observacion se relaciona con la comprension y la evidencia, no con preferencias esteticas.",Alta,PENDIENTE / NO EJECUTADO EN ESTA AUDITORÍA,CAM-0064,,,
10,Vestuario y Confección Textil,197,Control de calidad,development_pack,Antecedentes del desarrollo y problema del modulo,REUTILIZACIÓN DEL BLOQUE HVAC CONFIRMADA EN PANTALLA; PERTINENCIA POR CONTRASTAR,,"Contexto del bloque: 'Sala de un liceo · climatización de aula'; antecedentes: 'UI-01, UI-02 y UE-01 aparecen en planta. El listado solo declara una unidad interior.'; desarrollo solicitado: 'El defecto detectado no aparece en el registro de inspección. Usa pauta de calidad, muestra y registro de defectos, identifica el AE y criterio oficial correspondiente y prepara el producto «informe de calidad y decisión simulada de retención» con evidencia de verificación.'. Registro: desarrollos-ui.jsonl, módulo 197.","Contexto del bloque: 'Sala de un liceo · climatización de aula'; antecedentes: 'UI-01, UI-02 y UE-01 aparecen en planta. El listado solo declara una unidad interior.'; desarrollo solicitado: 'El defecto detectado no aparece en el registro de inspección. Usa pauta de calidad, muestra y registro de defectos, identifica el AE y criterio oficial correspondiente y prepara el producto «informe de calidad y decisión simulada de retención» con evidencia de verificación.'.",Revisión localizada necesaria. Modificar solo si no se demuestra la relación del bloque con la tarea y el criterio; confirmar primero su pertinencia técnico-profesional.,"Revisar exclusivamente development_pack.context, role, objective, problem, background, evidence y constraints: vincularlos con el caso real del modulo, conservando el AE, la actividad y la rubrica. Confirmar primero su presentacion visible.","La observacion se relaciona con la comprension y la evidencia, no con preferencias esteticas.",Alta,PENDIENTE / NO EJECUTADO EN ESTA AUDITORÍA,CAM-0065,,,
10,Vestuario y Confección Textil,198,Emprendimiento y empleabilidad,development_pack,Antecedentes del desarrollo y problema del modulo,REUTILIZACIÓN DEL BLOQUE HVAC CONFIRMADA EN PANTALLA; PERTINENCIA POR CONTRASTAR,,"Contexto del bloque: 'Sala de un liceo · climatización de aula'; antecedentes: 'UI-01, UI-02 y UE-01 aparecen en planta. El listado solo declara una unidad interior.'; desarrollo solicitado: 'El presupuesto omite una terminación incluida en la oferta. Usa propuesta, presupuesto y cronograma ficticios, identifica el AE y criterio oficial correspondiente y prepara el producto «plan de emprendimiento con costos revisados» con evidencia de verificación.'. Registro: desarrollos-ui.jsonl, módulo 198.","Contexto del bloque: 'Sala de un liceo · climatización de aula'; antecedentes: 'UI-01, UI-02 y UE-01 aparecen en planta. El listado solo declara una unidad interior.'; desarrollo solicitado: 'El presupuesto omite una terminación incluida en la oferta. Usa propuesta, presupuesto y cronograma ficticios, identifica el AE y criterio oficial correspondiente y prepara el producto «plan de emprendimiento con costos revisados» con evidencia de verificación.'.",Revisión localizada necesaria. Modificar solo si no se demuestra la relación del bloque con la tarea y el criterio; confirmar primero su pertinencia técnico-profesional.,"Revisar exclusivamente development_pack.context, role, objective, problem, background, evidence y constraints: vincularlos con el caso real del modulo, conservando el AE, la actividad y la rubrica. Confirmar primero su presentacion visible.","La observacion se relaciona con la comprension y la evidencia, no con preferencias esteticas.",Alta,PENDIENTE / NO EJECUTADO EN ESTA AUDITORÍA,CAM-0066,,,
11,Instalaciones Sanitarias,152,Lectura de planos de instalaciones sanitarias,development_pack,Antecedentes del desarrollo y problema del modulo,REUTILIZACIÓN DEL BLOQUE HVAC CONFIRMADA EN PANTALLA; PERTINENCIA POR CONTRASTAR,,"Contexto del bloque: 'Sala de un liceo · climatización de aula'; antecedentes: 'UI-01, UI-02 y UE-01 aparecen en planta. El listado solo declara una unidad interior.'; desarrollo solicitado: 'Un símbolo de la red no coincide con el indicado en la leyenda. Usa plano de redes, leyenda y especificación del proyecto, identifica el AE y criterio oficial correspondiente y prepara el producto «lectura documentada y consulta sobre el plano» con evidencia de verificación.'. Registro: desarrollos-ui.jsonl, módulo 152.","Contexto del bloque: 'Sala de un liceo · climatización de aula'; antecedentes: 'UI-01, UI-02 y UE-01 aparecen en planta. El listado solo declara una unidad interior.'; desarrollo solicitado: 'Un símbolo de la red no coincide con el indicado en la leyenda. Usa plano de redes, leyenda y especificación del proyecto, identifica el AE y criterio oficial correspondiente y prepara el producto «lectura documentada y consulta sobre el plano» con evidencia de verificación.'.",Revisión localizada necesaria. Modificar solo si no se demuestra la relación del bloque con la tarea y el criterio; confirmar primero su pertinencia técnico-profesional.,"Revisar exclusivamente development_pack.context, role, objective, problem, background, evidence y constraints: vincularlos con el caso real del modulo, conservando el AE, la actividad y la rubrica. Confirmar primero su presentacion visible.","La observacion se relaciona con la comprension y la evidencia, no con preferencias esteticas.",Alta,PENDIENTE / NO EJECUTADO EN ESTA AUDITORÍA,CAM-0067,,,
11,Instalaciones Sanitarias,156,Instalación de redes para riego agrícola,development_pack,Antecedentes del desarrollo y problema del modulo,REUTILIZACIÓN DEL BLOQUE HVAC CONFIRMADA EN PANTALLA; PERTINENCIA POR CONTRASTAR,,"Contexto del bloque: 'Sala de un liceo · climatización de aula'; antecedentes: 'UI-01, UI-02 y UE-01 aparecen en planta. El listado solo declara una unidad interior.'; desarrollo solicitado: 'Una zona prevista en el plano no aparece en el listado de ramales. Usa plano de riego, sectores de cultivo y listado de tuberías, identifica el AE y criterio oficial correspondiente y prepara el producto «propuesta de red de riego revisada» con evidencia de verificación.'. Registro: desarrollos-ui.jsonl, módulo 156.","Contexto del bloque: 'Sala de un liceo · climatización de aula'; antecedentes: 'UI-01, UI-02 y UE-01 aparecen en planta. El listado solo declara una unidad interior.'; desarrollo solicitado: 'Una zona prevista en el plano no aparece en el listado de ramales. Usa plano de riego, sectores de cultivo y listado de tuberías, identifica el AE y criterio oficial correspondiente y prepara el producto «propuesta de red de riego revisada» con evidencia de verificación.'.",Revisión localizada necesaria. Modificar solo si no se demuestra la relación del bloque con la tarea y el criterio; confirmar primero su pertinencia técnico-profesional.,"Revisar exclusivamente development_pack.context, role, objective, problem, background, evidence y constraints: vincularlos con el caso real del modulo, conservando el AE, la actividad y la rubrica. Confirmar primero su presentacion visible.","La observacion se relaciona con la comprension y la evidencia, no con preferencias esteticas.",Alta,PENDIENTE / NO EJECUTADO EN ESTA AUDITORÍA,CAM-0068,,,
11,Instalaciones Sanitarias,157,Cubicación en instalaciones sanitarias,development_pack,Antecedentes del desarrollo y problema del modulo,REUTILIZACIÓN DEL BLOQUE HVAC CONFIRMADA EN PANTALLA; PERTINENCIA POR CONTRASTAR,,"Contexto del bloque: 'Sala de un liceo · climatización de aula'; antecedentes: 'UI-01, UI-02 y UE-01 aparecen en planta. El listado solo declara una unidad interior.'; desarrollo solicitado: 'Una longitud de tubería aparece contada en dos partidas. Usa planos revisados, cuadro de partidas y mediciones, identifica el AE y criterio oficial correspondiente y prepara el producto «cubicación trazable sin duplicación» con evidencia de verificación.'. Registro: desarrollos-ui.jsonl, módulo 157.","Contexto del bloque: 'Sala de un liceo · climatización de aula'; antecedentes: 'UI-01, UI-02 y UE-01 aparecen en planta. El listado solo declara una unidad interior.'; desarrollo solicitado: 'Una longitud de tubería aparece contada en dos partidas. Usa planos revisados, cuadro de partidas y mediciones, identifica el AE y criterio oficial correspondiente y prepara el producto «cubicación trazable sin duplicación» con evidencia de verificación.'.",Revisión localizada necesaria. Modificar solo si no se demuestra la relación del bloque con la tarea y el criterio; confirmar primero su pertinencia técnico-profesional.,"Revisar exclusivamente development_pack.context, role, objective, problem, background, evidence y constraints: vincularlos con el caso real del modulo, conservando el AE, la actividad y la rubrica. Confirmar primero su presentacion visible.","La observacion se relaciona con la comprension y la evidencia, no con preferencias esteticas.",Alta,PENDIENTE / NO EJECUTADO EN ESTA AUDITORÍA,CAM-0069,,,
11,Instalaciones Sanitarias,158,Instalación de artefactos sanitarios,development_pack,Antecedentes del desarrollo y problema del modulo,REUTILIZACIÓN DEL BLOQUE HVAC CONFIRMADA EN PANTALLA; PERTINENCIA POR CONTRASTAR,,"Contexto del bloque: 'Sala de un liceo · climatización de aula'; antecedentes: 'UI-01, UI-02 y UE-01 aparecen en planta. El listado solo declara una unidad interior.'; desarrollo solicitado: 'El artefacto recibido difiere del identificado en el plano. Usa plano de ubicación, ficha del artefacto y pauta de inspección, identifica el AE y criterio oficial correspondiente y prepara el producto «registro de instalación pendiente y consulta técnica» con evidencia de verificación.'. Registro: desarrollos-ui.jsonl, módulo 158.","Contexto del bloque: 'Sala de un liceo · climatización de aula'; antecedentes: 'UI-01, UI-02 y UE-01 aparecen en planta. El listado solo declara una unidad interior.'; desarrollo solicitado: 'El artefacto recibido difiere del identificado en el plano. Usa plano de ubicación, ficha del artefacto y pauta de inspección, identifica el AE y criterio oficial correspondiente y prepara el producto «registro de instalación pendiente y consulta técnica» con evidencia de verificación.'.",Revisión localizada necesaria. Modificar solo si no se demuestra la relación del bloque con la tarea y el criterio; confirmar primero su pertinencia técnico-profesional.,"Revisar exclusivamente development_pack.context, role, objective, problem, background, evidence y constraints: vincularlos con el caso real del modulo, conservando el AE, la actividad y la rubrica. Confirmar primero su presentacion visible.","La observacion se relaciona con la comprension y la evidencia, no con preferencias esteticas.",Alta,PENDIENTE / NO EJECUTADO EN ESTA AUDITORÍA,CAM-0070,,,
11,Instalaciones Sanitarias,159,Instalación de gas,development_pack,Antecedentes del desarrollo y problema del modulo,REUTILIZACIÓN DEL BLOQUE HVAC CONFIRMADA EN PANTALLA; PERTINENCIA POR CONTRASTAR,,"Contexto del bloque: 'Sala de un liceo · climatización de aula'; antecedentes: 'UI-01, UI-02 y UE-01 aparecen en planta. El listado solo declara una unidad interior.'; desarrollo solicitado: 'La referencia del equipo en la ficha no coincide con la del plano. Usa plano aprobado, ficha del equipo y registro de autorización, identifica el AE y criterio oficial correspondiente y prepara el producto «informe de discrepancia para revisión de personal autorizado» con evidencia de verificación.'. Registro: desarrollos-ui.jsonl, módulo 159.","Contexto del bloque: 'Sala de un liceo · climatización de aula'; antecedentes: 'UI-01, UI-02 y UE-01 aparecen en planta. El listado solo declara una unidad interior.'; desarrollo solicitado: 'La referencia del equipo en la ficha no coincide con la del plano. Usa plano aprobado, ficha del equipo y registro de autorización, identifica el AE y criterio oficial correspondiente y prepara el producto «informe de discrepancia para revisión de personal autorizado» con evidencia de verificación.'.",Revisión localizada necesaria. Modificar solo si no se demuestra la relación del bloque con la tarea y el criterio; confirmar primero su pertinencia técnico-profesional.,"Revisar exclusivamente development_pack.context, role, objective, problem, background, evidence y constraints: vincularlos con el caso real del modulo, conservando el AE, la actividad y la rubrica. Confirmar primero su presentacion visible.","La observacion se relaciona con la comprension y la evidencia, no con preferencias esteticas.",Alta,PENDIENTE / NO EJECUTADO EN ESTA AUDITORÍA,CAM-0071,,,
11,Instalaciones Sanitarias,160,Mantenimiento de redes y artefactos,development_pack,Antecedentes del desarrollo y problema del modulo,REUTILIZACIÓN DEL BLOQUE HVAC CONFIRMADA EN PANTALLA; PERTINENCIA POR CONTRASTAR,,"Contexto del bloque: 'Sala de un liceo · climatización de aula'; antecedentes: 'UI-01, UI-02 y UE-01 aparecen en planta. El listado solo declara una unidad interior.'; desarrollo solicitado: 'El reporte señala un tramo que no coincide con el identificado en el plano. Usa historial, plano y reporte de falla simulado, identifica el AE y criterio oficial correspondiente y prepara el producto «diagnóstico documental y derivación segura» con evidencia de verificación.'. Registro: desarrollos-ui.jsonl, módulo 160.","Contexto del bloque: 'Sala de un liceo · climatización de aula'; antecedentes: 'UI-01, UI-02 y UE-01 aparecen en planta. El listado solo declara una unidad interior.'; desarrollo solicitado: 'El reporte señala un tramo que no coincide con el identificado en el plano. Usa historial, plano y reporte de falla simulado, identifica el AE y criterio oficial correspondiente y prepara el producto «diagnóstico documental y derivación segura» con evidencia de verificación.'.",Revisión localizada necesaria. Modificar solo si no se demuestra la relación del bloque con la tarea y el criterio; confirmar primero su pertinencia técnico-profesional.,"Revisar exclusivamente development_pack.context, role, objective, problem, background, evidence y constraints: vincularlos con el caso real del modulo, conservando el AE, la actividad y la rubrica. Confirmar primero su presentacion visible.","La observacion se relaciona con la comprension y la evidencia, no con preferencias esteticas.",Alta,PENDIENTE / NO EJECUTADO EN ESTA AUDITORÍA,CAM-0072,,,
11,Instalaciones Sanitarias,161,Emprendimiento y empleabilidad,development_pack,Antecedentes del desarrollo y problema del modulo,REUTILIZACIÓN DEL BLOQUE HVAC CONFIRMADA EN PANTALLA; PERTINENCIA POR CONTRASTAR,,"Contexto del bloque: 'Sala de un liceo · climatización de aula'; antecedentes: 'UI-01, UI-02 y UE-01 aparecen en planta. El listado solo declara una unidad interior.'; desarrollo solicitado: 'El presupuesto omite un insumo incluido en la propuesta. Usa propuesta, presupuesto y cronograma ficticios, identifica el AE y criterio oficial correspondiente y prepara el producto «plan de emprendimiento con control de avance» con evidencia de verificación.'. Registro: desarrollos-ui.jsonl, módulo 161.","Contexto del bloque: 'Sala de un liceo · climatización de aula'; antecedentes: 'UI-01, UI-02 y UE-01 aparecen en planta. El listado solo declara una unidad interior.'; desarrollo solicitado: 'El presupuesto omite un insumo incluido en la propuesta. Usa propuesta, presupuesto y cronograma ficticios, identifica el AE y criterio oficial correspondiente y prepara el producto «plan de emprendimiento con control de avance» con evidencia de verificación.'.",Revisión localizada necesaria. Modificar solo si no se demuestra la relación del bloque con la tarea y el criterio; confirmar primero su pertinencia técnico-profesional.,"Revisar exclusivamente development_pack.context, role, objective, problem, background, evidence y constraints: vincularlos con el caso real del modulo, conservando el AE, la actividad y la rubrica. Confirmar primero su presentacion visible.","La observacion se relaciona con la comprension y la evidencia, no con preferencias esteticas.",Alta,PENDIENTE / NO EJECUTADO EN ESTA AUDITORÍA,CAM-0073,,,
12,Montaje Industrial,162,Unión y reparación de elementos metálicos,development_pack,Antecedentes del desarrollo y problema del modulo,REUTILIZACIÓN DEL BLOQUE HVAC CONFIRMADA EN PANTALLA; PERTINENCIA POR CONTRASTAR,,"Contexto del bloque: 'Sala de un liceo · climatización de aula'; antecedentes: 'UI-01, UI-02 y UE-01 aparecen en planta. El listado solo declara una unidad interior.'; desarrollo solicitado: 'La unión representada en el plano no coincide con la registrada en la orden. Usa plano, orden de reparación y pauta de seguridad, identifica el AE y criterio oficial correspondiente y prepara el producto «informe de discrepancia y propuesta de verificación supervisada» con evidencia de verificación.'. Registro: desarrollos-ui.jsonl, módulo 162.","Contexto del bloque: 'Sala de un liceo · climatización de aula'; antecedentes: 'UI-01, UI-02 y UE-01 aparecen en planta. El listado solo declara una unidad interior.'; desarrollo solicitado: 'La unión representada en el plano no coincide con la registrada en la orden. Usa plano, orden de reparación y pauta de seguridad, identifica el AE y criterio oficial correspondiente y prepara el producto «informe de discrepancia y propuesta de verificación supervisada» con evidencia de verificación.'.",Revisión localizada necesaria. Modificar solo si no se demuestra la relación del bloque con la tarea y el criterio; confirmar primero su pertinencia técnico-profesional.,"Revisar exclusivamente development_pack.context, role, objective, problem, background, evidence y constraints: vincularlos con el caso real del modulo, conservando el AE, la actividad y la rubrica. Confirmar primero su presentacion visible.","La observacion se relaciona con la comprension y la evidencia, no con preferencias esteticas.",Alta,PENDIENTE / NO EJECUTADO EN ESTA AUDITORÍA,CAM-0074,,,
12,Montaje Industrial,166,Tratamientos superficiales y manejo de residuos,development_pack,Antecedentes del desarrollo y problema del modulo,REUTILIZACIÓN DEL BLOQUE HVAC CONFIRMADA EN PANTALLA; PERTINENCIA POR CONTRASTAR,,"Contexto del bloque: 'Sala de un liceo · climatización de aula'; antecedentes: 'UI-01, UI-02 y UE-01 aparecen en planta. El listado solo declara una unidad interior.'; desarrollo solicitado: 'El residuo registrado no coincide con la clasificación de la ficha. Usa fichas de material, registro de residuos y pauta ambiental, identifica el AE y criterio oficial correspondiente y prepara el producto «clasificación documentada y consulta de manejo seguro» con evidencia de verificación.'. Registro: desarrollos-ui.jsonl, módulo 166.","Contexto del bloque: 'Sala de un liceo · climatización de aula'; antecedentes: 'UI-01, UI-02 y UE-01 aparecen en planta. El listado solo declara una unidad interior.'; desarrollo solicitado: 'El residuo registrado no coincide con la clasificación de la ficha. Usa fichas de material, registro de residuos y pauta ambiental, identifica el AE y criterio oficial correspondiente y prepara el producto «clasificación documentada y consulta de manejo seguro» con evidencia de verificación.'.",Revisión localizada necesaria. Modificar solo si no se demuestra la relación del bloque con la tarea y el criterio; confirmar primero su pertinencia técnico-profesional.,"Revisar exclusivamente development_pack.context, role, objective, problem, background, evidence y constraints: vincularlos con el caso real del modulo, conservando el AE, la actividad y la rubrica. Confirmar primero su presentacion visible.","La observacion se relaciona con la comprension y la evidencia, no con preferencias esteticas.",Alta,PENDIENTE / NO EJECUTADO EN ESTA AUDITORÍA,CAM-0075,,,
12,Montaje Industrial,167,Fijación y montaje de elementos,development_pack,Antecedentes del desarrollo y problema del modulo,REUTILIZACIÓN DEL BLOQUE HVAC CONFIRMADA EN PANTALLA; PERTINENCIA POR CONTRASTAR,,"Contexto del bloque: 'Sala de un liceo · climatización de aula'; antecedentes: 'UI-01, UI-02 y UE-01 aparecen en planta. El listado solo declara una unidad interior.'; desarrollo solicitado: 'El tipo de fijación previsto no corresponde al detalle aprobado. Usa planos de fijación, lista de componentes y control de calidad, identifica el AE y criterio oficial correspondiente y prepara el producto «secuencia de montaje simulada y observaciones de control» con evidencia de verificación.'. Registro: desarrollos-ui.jsonl, módulo 167.","Contexto del bloque: 'Sala de un liceo · climatización de aula'; antecedentes: 'UI-01, UI-02 y UE-01 aparecen en planta. El listado solo declara una unidad interior.'; desarrollo solicitado: 'El tipo de fijación previsto no corresponde al detalle aprobado. Usa planos de fijación, lista de componentes y control de calidad, identifica el AE y criterio oficial correspondiente y prepara el producto «secuencia de montaje simulada y observaciones de control» con evidencia de verificación.'.",Revisión localizada necesaria. Modificar solo si no se demuestra la relación del bloque con la tarea y el criterio; confirmar primero su pertinencia técnico-profesional.,"Revisar exclusivamente development_pack.context, role, objective, problem, background, evidence y constraints: vincularlos con el caso real del modulo, conservando el AE, la actividad y la rubrica. Confirmar primero su presentacion visible.","La observacion se relaciona con la comprension y la evidencia, no con preferencias esteticas.",Alta,PENDIENTE / NO EJECUTADO EN ESTA AUDITORÍA,CAM-0076,,,
12,Montaje Industrial,168,Mantenimiento industrial,development_pack,Antecedentes del desarrollo y problema del modulo,REUTILIZACIÓN DEL BLOQUE HVAC CONFIRMADA EN PANTALLA; PERTINENCIA POR CONTRASTAR,,"Contexto del bloque: 'Sala de un liceo · climatización de aula'; antecedentes: 'UI-01, UI-02 y UE-01 aparecen en planta. El listado solo declara una unidad interior.'; desarrollo solicitado: 'El historial señala una intervención pendiente que no aparece en la orden. Usa orden de trabajo, historial y registro de inspección, identifica el AE y criterio oficial correspondiente y prepara el producto «informe de mantenimiento y consulta al responsable» con evidencia de verificación.'. Registro: desarrollos-ui.jsonl, módulo 168.","Contexto del bloque: 'Sala de un liceo · climatización de aula'; antecedentes: 'UI-01, UI-02 y UE-01 aparecen en planta. El listado solo declara una unidad interior.'; desarrollo solicitado: 'El historial señala una intervención pendiente que no aparece en la orden. Usa orden de trabajo, historial y registro de inspección, identifica el AE y criterio oficial correspondiente y prepara el producto «informe de mantenimiento y consulta al responsable» con evidencia de verificación.'.",Revisión localizada necesaria. Modificar solo si no se demuestra la relación del bloque con la tarea y el criterio; confirmar primero su pertinencia técnico-profesional.,"Revisar exclusivamente development_pack.context, role, objective, problem, background, evidence y constraints: vincularlos con el caso real del modulo, conservando el AE, la actividad y la rubrica. Confirmar primero su presentacion visible.","La observacion se relaciona con la comprension y la evidencia, no con preferencias esteticas.",Alta,PENDIENTE / NO EJECUTADO EN ESTA AUDITORÍA,CAM-0077,,,
12,Montaje Industrial,169,Cubicación de proyectos,development_pack,Antecedentes del desarrollo y problema del modulo,REUTILIZACIÓN DEL BLOQUE HVAC CONFIRMADA EN PANTALLA; PERTINENCIA POR CONTRASTAR,,"Contexto del bloque: 'Sala de un liceo · climatización de aula'; antecedentes: 'UI-01, UI-02 y UE-01 aparecen en planta. El listado solo declara una unidad interior.'; desarrollo solicitado: 'La cantidad calculada difiere del metrado de la especificación. Usa planos, especificaciones y presupuesto de referencia, identifica el AE y criterio oficial correspondiente y prepara el producto «cubicación comprobada y justificación de diferencias» con evidencia de verificación.'. Registro: desarrollos-ui.jsonl, módulo 169.","Contexto del bloque: 'Sala de un liceo · climatización de aula'; antecedentes: 'UI-01, UI-02 y UE-01 aparecen en planta. El listado solo declara una unidad interior.'; desarrollo solicitado: 'La cantidad calculada difiere del metrado de la especificación. Usa planos, especificaciones y presupuesto de referencia, identifica el AE y criterio oficial correspondiente y prepara el producto «cubicación comprobada y justificación de diferencias» con evidencia de verificación.'.",Revisión localizada necesaria. Modificar solo si no se demuestra la relación del bloque con la tarea y el criterio; confirmar primero su pertinencia técnico-profesional.,"Revisar exclusivamente development_pack.context, role, objective, problem, background, evidence y constraints: vincularlos con el caso real del modulo, conservando el AE, la actividad y la rubrica. Confirmar primero su presentacion visible.","La observacion se relaciona con la comprension y la evidencia, no con preferencias esteticas.",Alta,PENDIENTE / NO EJECUTADO EN ESTA AUDITORÍA,CAM-0078,,,
12,Montaje Industrial,170,Emprendimiento y empleabilidad,development_pack,Antecedentes del desarrollo y problema del modulo,REUTILIZACIÓN DEL BLOQUE HVAC CONFIRMADA EN PANTALLA; PERTINENCIA POR CONTRASTAR,,"Contexto del bloque: 'Sala de un liceo · climatización de aula'; antecedentes: 'UI-01, UI-02 y UE-01 aparecen en planta. El listado solo declara una unidad interior.'; desarrollo solicitado: 'El presupuesto omite un recurso indicado en el cronograma. Usa propuesta, presupuesto y cronograma ficticios, identifica el AE y criterio oficial correspondiente y prepara el producto «plan de emprendimiento con costos revisados» con evidencia de verificación.'. Registro: desarrollos-ui.jsonl, módulo 170.","Contexto del bloque: 'Sala de un liceo · climatización de aula'; antecedentes: 'UI-01, UI-02 y UE-01 aparecen en planta. El listado solo declara una unidad interior.'; desarrollo solicitado: 'El presupuesto omite un recurso indicado en el cronograma. Usa propuesta, presupuesto y cronograma ficticios, identifica el AE y criterio oficial correspondiente y prepara el producto «plan de emprendimiento con costos revisados» con evidencia de verificación.'.",Revisión localizada necesaria. Modificar solo si no se demuestra la relación del bloque con la tarea y el criterio; confirmar primero su pertinencia técnico-profesional.,"Revisar exclusivamente development_pack.context, role, objective, problem, background, evidence y constraints: vincularlos con el caso real del modulo, conservando el AE, la actividad y la rubrica. Confirmar primero su presentacion visible.","La observacion se relaciona con la comprension y la evidencia, no con preferencias esteticas.",Alta,PENDIENTE / NO EJECUTADO EN ESTA AUDITORÍA,CAM-0079,,,
13,Electrónica,112,Proyectos electrónicos,development_pack,Antecedentes del desarrollo y problema del modulo,REUTILIZACIÓN DEL BLOQUE HVAC CONFIRMADA EN PANTALLA; PERTINENCIA POR CONTRASTAR,,"Contexto del bloque: 'Sala de un liceo · climatización de aula'; antecedentes: 'UI-01, UI-02 y UE-01 aparecen en planta. El listado solo declara una unidad interior.'; desarrollo solicitado: 'El componente solicitado no coincide con la referencia del plano. Usa plano, lista de componentes y ficha del fabricante, identifica el AE y criterio oficial correspondiente y prepara el producto «revisión de proyecto y lista de materiales» con evidencia de verificación.'. Registro: desarrollos-ui.jsonl, módulo 112.","Contexto del bloque: 'Sala de un liceo · climatización de aula'; antecedentes: 'UI-01, UI-02 y UE-01 aparecen en planta. El listado solo declara una unidad interior.'; desarrollo solicitado: 'El componente solicitado no coincide con la referencia del plano. Usa plano, lista de componentes y ficha del fabricante, identifica el AE y criterio oficial correspondiente y prepara el producto «revisión de proyecto y lista de materiales» con evidencia de verificación.'.",Revisión localizada necesaria. Modificar solo si no se demuestra la relación del bloque con la tarea y el criterio; confirmar primero su pertinencia técnico-profesional.,"Revisar exclusivamente development_pack.context, role, objective, problem, background, evidence y constraints: vincularlos con el caso real del modulo, conservando el AE, la actividad y la rubrica. Confirmar primero su presentacion visible.","La observacion se relaciona con la comprension y la evidencia, no con preferencias esteticas.",Alta,PENDIENTE / NO EJECUTADO EN ESTA AUDITORÍA,CAM-0080,,,
13,Electrónica,116,Mantención y operación de equipos de control electrónico de potencia,development_pack,Antecedentes del desarrollo y problema del modulo,REUTILIZACIÓN DEL BLOQUE HVAC CONFIRMADA EN PANTALLA; PERTINENCIA POR CONTRASTAR,,"Contexto del bloque: 'Sala de un liceo · climatización de aula'; antecedentes: 'UI-01, UI-02 y UE-01 aparecen en planta. El listado solo declara una unidad interior.'; desarrollo solicitado: 'El registro de operación indica una condición distinta de la permitida en el manual. Usa manual del equipo, historial y pauta de inspección, identifica el AE y criterio oficial correspondiente y prepara el producto «informe de verificación y resguardo» con evidencia de verificación.'. Registro: desarrollos-ui.jsonl, módulo 116.","Contexto del bloque: 'Sala de un liceo · climatización de aula'; antecedentes: 'UI-01, UI-02 y UE-01 aparecen en planta. El listado solo declara una unidad interior.'; desarrollo solicitado: 'El registro de operación indica una condición distinta de la permitida en el manual. Usa manual del equipo, historial y pauta de inspección, identifica el AE y criterio oficial correspondiente y prepara el producto «informe de verificación y resguardo» con evidencia de verificación.'.",Revisión localizada necesaria. Modificar solo si no se demuestra la relación del bloque con la tarea y el criterio; confirmar primero su pertinencia técnico-profesional.,"Revisar exclusivamente development_pack.context, role, objective, problem, background, evidence y constraints: vincularlos con el caso real del modulo, conservando el AE, la actividad y la rubrica. Confirmar primero su presentacion visible.","La observacion se relaciona con la comprension y la evidencia, no con preferencias esteticas.",Alta,PENDIENTE / NO EJECUTADO EN ESTA AUDITORÍA,CAM-0081,,,
13,Electrónica,117,Detección de fallas industriales,development_pack,Antecedentes del desarrollo y problema del modulo,REUTILIZACIÓN DEL BLOQUE HVAC CONFIRMADA EN PANTALLA; PERTINENCIA POR CONTRASTAR,,"Contexto del bloque: 'Sala de un liceo · climatización de aula'; antecedentes: 'UI-01, UI-02 y UE-01 aparecen en planta. El listado solo declara una unidad interior.'; desarrollo solicitado: 'La hipótesis de falla no explica uno de los eventos registrados. Usa bitácora de fallas, diagrama funcional y datos de prueba simulados, identifica el AE y criterio oficial correspondiente y prepara el producto «diagnóstico argumentado y pruebas pendientes» con evidencia de verificación.'. Registro: desarrollos-ui.jsonl, módulo 117.","Contexto del bloque: 'Sala de un liceo · climatización de aula'; antecedentes: 'UI-01, UI-02 y UE-01 aparecen en planta. El listado solo declara una unidad interior.'; desarrollo solicitado: 'La hipótesis de falla no explica uno de los eventos registrados. Usa bitácora de fallas, diagrama funcional y datos de prueba simulados, identifica el AE y criterio oficial correspondiente y prepara el producto «diagnóstico argumentado y pruebas pendientes» con evidencia de verificación.'.",Revisión localizada necesaria. Modificar solo si no se demuestra la relación del bloque con la tarea y el criterio; confirmar primero su pertinencia técnico-profesional.,"Revisar exclusivamente development_pack.context, role, objective, problem, background, evidence y constraints: vincularlos con el caso real del modulo, conservando el AE, la actividad y la rubrica. Confirmar primero su presentacion visible.","La observacion se relaciona con la comprension y la evidencia, no con preferencias esteticas.",Alta,PENDIENTE / NO EJECUTADO EN ESTA AUDITORÍA,CAM-0082,,,
13,Electrónica,118,Operación y programación de equipos de control eléctrico industrial,development_pack,Antecedentes del desarrollo y problema del modulo,REUTILIZACIÓN DEL BLOQUE HVAC CONFIRMADA EN PANTALLA; PERTINENCIA POR CONTRASTAR,,"Contexto del bloque: 'Sala de un liceo · climatización de aula'; antecedentes: 'UI-01, UI-02 y UE-01 aparecen en planta. El listado solo declara una unidad interior.'; desarrollo solicitado: 'La secuencia simulada no respeta la condición de detención definida en el proyecto. Usa diagrama de control, secuencia programada y pauta de prueba, identifica el AE y criterio oficial correspondiente y prepara el producto «revisión de programa y verificación segura» con evidencia de verificación.'. Registro: desarrollos-ui.jsonl, módulo 118.","Contexto del bloque: 'Sala de un liceo · climatización de aula'; antecedentes: 'UI-01, UI-02 y UE-01 aparecen en planta. El listado solo declara una unidad interior.'; desarrollo solicitado: 'La secuencia simulada no respeta la condición de detención definida en el proyecto. Usa diagrama de control, secuencia programada y pauta de prueba, identifica el AE y criterio oficial correspondiente y prepara el producto «revisión de programa y verificación segura» con evidencia de verificación.'.",Revisión localizada necesaria. Modificar solo si no se demuestra la relación del bloque con la tarea y el criterio; confirmar primero su pertinencia técnico-profesional.,"Revisar exclusivamente development_pack.context, role, objective, problem, background, evidence y constraints: vincularlos con el caso real del modulo, conservando el AE, la actividad y la rubrica. Confirmar primero su presentacion visible.","La observacion se relaciona con la comprension y la evidencia, no con preferencias esteticas.",Alta,PENDIENTE / NO EJECUTADO EN ESTA AUDITORÍA,CAM-0083,,,
13,Electrónica,119,Montaje de equipos industriales,development_pack,Antecedentes del desarrollo y problema del modulo,REUTILIZACIÓN DEL BLOQUE HVAC CONFIRMADA EN PANTALLA; PERTINENCIA POR CONTRASTAR,,"Contexto del bloque: 'Sala de un liceo · climatización de aula'; antecedentes: 'UI-01, UI-02 y UE-01 aparecen en planta. El listado solo declara una unidad interior.'; desarrollo solicitado: 'Un dispositivo previsto en el plano no aparece en el inventario recibido. Usa plano de montaje, inventario y ficha del equipo, identifica el AE y criterio oficial correspondiente y prepara el producto «plan de montaje y discrepancias documentadas» con evidencia de verificación.'. Registro: desarrollos-ui.jsonl, módulo 119.","Contexto del bloque: 'Sala de un liceo · climatización de aula'; antecedentes: 'UI-01, UI-02 y UE-01 aparecen en planta. El listado solo declara una unidad interior.'; desarrollo solicitado: 'Un dispositivo previsto en el plano no aparece en el inventario recibido. Usa plano de montaje, inventario y ficha del equipo, identifica el AE y criterio oficial correspondiente y prepara el producto «plan de montaje y discrepancias documentadas» con evidencia de verificación.'.",Revisión localizada necesaria. Modificar solo si no se demuestra la relación del bloque con la tarea y el criterio; confirmar primero su pertinencia técnico-profesional.,"Revisar exclusivamente development_pack.context, role, objective, problem, background, evidence y constraints: vincularlos con el caso real del modulo, conservando el AE, la actividad y la rubrica. Confirmar primero su presentacion visible.","La observacion se relaciona con la comprension y la evidencia, no con preferencias esteticas.",Alta,PENDIENTE / NO EJECUTADO EN ESTA AUDITORÍA,CAM-0084,,,
13,Electrónica,120,Automatización industrial,development_pack,Antecedentes del desarrollo y problema del modulo,REUTILIZACIÓN DEL BLOQUE HVAC CONFIRMADA EN PANTALLA; PERTINENCIA POR CONTRASTAR,,"Contexto del bloque: 'Sala de un liceo · climatización de aula'; antecedentes: 'UI-01, UI-02 y UE-01 aparecen en planta. El listado solo declara una unidad interior.'; desarrollo solicitado: 'Una salida se activa ante una entrada distinta de la especificada. Usa matriz de entradas y salidas, lógica de control y resultados de simulación, identifica el AE y criterio oficial correspondiente y prepara el producto «propuesta de corrección y prueba de la lógica» con evidencia de verificación.'. Registro: desarrollos-ui.jsonl, módulo 120.","Contexto del bloque: 'Sala de un liceo · climatización de aula'; antecedentes: 'UI-01, UI-02 y UE-01 aparecen en planta. El listado solo declara una unidad interior.'; desarrollo solicitado: 'Una salida se activa ante una entrada distinta de la especificada. Usa matriz de entradas y salidas, lógica de control y resultados de simulación, identifica el AE y criterio oficial correspondiente y prepara el producto «propuesta de corrección y prueba de la lógica» con evidencia de verificación.'.",Revisión localizada necesaria. Modificar solo si no se demuestra la relación del bloque con la tarea y el criterio; confirmar primero su pertinencia técnico-profesional.,"Revisar exclusivamente development_pack.context, role, objective, problem, background, evidence y constraints: vincularlos con el caso real del modulo, conservando el AE, la actividad y la rubrica. Confirmar primero su presentacion visible.","La observacion se relaciona con la comprension y la evidencia, no con preferencias esteticas.",Alta,PENDIENTE / NO EJECUTADO EN ESTA AUDITORÍA,CAM-0085,,,
13,Electrónica,121,Emprendimiento y empleabilidad,development_pack,Antecedentes del desarrollo y problema del modulo,REUTILIZACIÓN DEL BLOQUE HVAC CONFIRMADA EN PANTALLA; PERTINENCIA POR CONTRASTAR,,"Contexto del bloque: 'Sala de un liceo · climatización de aula'; antecedentes: 'UI-01, UI-02 y UE-01 aparecen en planta. El listado solo declara una unidad interior.'; desarrollo solicitado: 'El presupuesto omite un componente considerado en la propuesta. Usa propuesta de servicio, presupuesto y cronograma ficticios, identifica el AE y criterio oficial correspondiente y prepara el producto «plan de emprendimiento con control de avance» con evidencia de verificación.'. Registro: desarrollos-ui.jsonl, módulo 121.","Contexto del bloque: 'Sala de un liceo · climatización de aula'; antecedentes: 'UI-01, UI-02 y UE-01 aparecen en planta. El listado solo declara una unidad interior.'; desarrollo solicitado: 'El presupuesto omite un componente considerado en la propuesta. Usa propuesta de servicio, presupuesto y cronograma ficticios, identifica el AE y criterio oficial correspondiente y prepara el producto «plan de emprendimiento con control de avance» con evidencia de verificación.'.",Revisión localizada necesaria. Modificar solo si no se demuestra la relación del bloque con la tarea y el criterio; confirmar primero su pertinencia técnico-profesional.,"Revisar exclusivamente development_pack.context, role, objective, problem, background, evidence y constraints: vincularlos con el caso real del modulo, conservando el AE, la actividad y la rubrica. Confirmar primero su presentacion visible.","La observacion se relaciona con la comprension y la evidencia, no con preferencias esteticas.",Alta,PENDIENTE / NO EJECUTADO EN ESTA AUDITORÍA,CAM-0086,,,
14,Dibujo Técnico,132,Lectura de planos y documentos técnicos,development_pack,Antecedentes del desarrollo y problema del modulo,REUTILIZACIÓN DEL BLOQUE HVAC CONFIRMADA EN PANTALLA; PERTINENCIA POR CONTRASTAR,,"Contexto del bloque: 'Sala de un liceo · climatización de aula'; antecedentes: 'UI-01, UI-02 y UE-01 aparecen en planta. El listado solo declara una unidad interior.'; desarrollo solicitado: 'Un símbolo del plano no corresponde a la leyenda entregada. Usa plano, leyenda y ficha de requerimientos, identifica el AE y criterio oficial correspondiente y prepara el producto «registro de lectura de planos y consulta técnica» con evidencia de verificación.'. Registro: desarrollos-ui.jsonl, módulo 132.","Contexto del bloque: 'Sala de un liceo · climatización de aula'; antecedentes: 'UI-01, UI-02 y UE-01 aparecen en planta. El listado solo declara una unidad interior.'; desarrollo solicitado: 'Un símbolo del plano no corresponde a la leyenda entregada. Usa plano, leyenda y ficha de requerimientos, identifica el AE y criterio oficial correspondiente y prepara el producto «registro de lectura de planos y consulta técnica» con evidencia de verificación.'.",Revisión localizada necesaria. Modificar solo si no se demuestra la relación del bloque con la tarea y el criterio; confirmar primero su pertinencia técnico-profesional.,"Revisar exclusivamente development_pack.context, role, objective, problem, background, evidence y constraints: vincularlos con el caso real del modulo, conservando el AE, la actividad y la rubrica. Confirmar primero su presentacion visible.","La observacion se relaciona con la comprension y la evidencia, no con preferencias esteticas.",Alta,PENDIENTE / NO EJECUTADO EN ESTA AUDITORÍA,CAM-0087,,,
14,Dibujo Técnico,136,Maquetas virtuales,development_pack,Antecedentes del desarrollo y problema del modulo,REUTILIZACIÓN DEL BLOQUE HVAC CONFIRMADA EN PANTALLA; PERTINENCIA POR CONTRASTAR,,"Contexto del bloque: 'Sala de un liceo · climatización de aula'; antecedentes: 'UI-01, UI-02 y UE-01 aparecen en planta. El listado solo declara una unidad interior.'; desarrollo solicitado: 'Una abertura del plano no aparece en la maqueta virtual. Usa planos base, modelo tridimensional y lista de componentes, identifica el AE y criterio oficial correspondiente y prepara el producto «modelo virtual contrastado con planos» con evidencia de verificación.'. Registro: desarrollos-ui.jsonl, módulo 136.","Contexto del bloque: 'Sala de un liceo · climatización de aula'; antecedentes: 'UI-01, UI-02 y UE-01 aparecen en planta. El listado solo declara una unidad interior.'; desarrollo solicitado: 'Una abertura del plano no aparece en la maqueta virtual. Usa planos base, modelo tridimensional y lista de componentes, identifica el AE y criterio oficial correspondiente y prepara el producto «modelo virtual contrastado con planos» con evidencia de verificación.'.",Revisión localizada necesaria. Modificar solo si no se demuestra la relación del bloque con la tarea y el criterio; confirmar primero su pertinencia técnico-profesional.,"Revisar exclusivamente development_pack.context, role, objective, problem, background, evidence y constraints: vincularlos con el caso real del modulo, conservando el AE, la actividad y la rubrica. Confirmar primero su presentacion visible.","La observacion se relaciona con la comprension y la evidencia, no con preferencias esteticas.",Alta,PENDIENTE / NO EJECUTADO EN ESTA AUDITORÍA,CAM-0088,,,
14,Dibujo Técnico,137,Dibujo digital de instalaciones domiciliarias,development_pack,Antecedentes del desarrollo y problema del modulo,REUTILIZACIÓN DEL BLOQUE HVAC CONFIRMADA EN PANTALLA; PERTINENCIA POR CONTRASTAR,,"Contexto del bloque: 'Sala de un liceo · climatización de aula'; antecedentes: 'UI-01, UI-02 y UE-01 aparecen en planta. El listado solo declara una unidad interior.'; desarrollo solicitado: 'Dos trazados previstos ocupan el mismo espacio sin una solución documentada. Usa plano de arquitectura, trazados de instalaciones y observaciones, identifica el AE y criterio oficial correspondiente y prepara el producto «plano de instalaciones con interferencia señalada» con evidencia de verificación.'. Registro: desarrollos-ui.jsonl, módulo 137.","Contexto del bloque: 'Sala de un liceo · climatización de aula'; antecedentes: 'UI-01, UI-02 y UE-01 aparecen en planta. El listado solo declara una unidad interior.'; desarrollo solicitado: 'Dos trazados previstos ocupan el mismo espacio sin una solución documentada. Usa plano de arquitectura, trazados de instalaciones y observaciones, identifica el AE y criterio oficial correspondiente y prepara el producto «plano de instalaciones con interferencia señalada» con evidencia de verificación.'.",Revisión localizada necesaria. Modificar solo si no se demuestra la relación del bloque con la tarea y el criterio; confirmar primero su pertinencia técnico-profesional.,"Revisar exclusivamente development_pack.context, role, objective, problem, background, evidence y constraints: vincularlos con el caso real del modulo, conservando el AE, la actividad y la rubrica. Confirmar primero su presentacion visible.","La observacion se relaciona con la comprension y la evidencia, no con preferencias esteticas.",Alta,PENDIENTE / NO EJECUTADO EN ESTA AUDITORÍA,CAM-0089,,,
14,Dibujo Técnico,138,Dibujo digital de sistemas constructivos,development_pack,Antecedentes del desarrollo y problema del modulo,REUTILIZACIÓN DEL BLOQUE HVAC CONFIRMADA EN PANTALLA; PERTINENCIA POR CONTRASTAR,,"Contexto del bloque: 'Sala de un liceo · climatización de aula'; antecedentes: 'UI-01, UI-02 y UE-01 aparecen en planta. El listado solo declara una unidad interior.'; desarrollo solicitado: 'El nivel indicado en el detalle no coincide con el corte general. Usa cortes, elevaciones y detalles constructivos, identifica el AE y criterio oficial correspondiente y prepara el producto «detalle digital coordinado con el proyecto» con evidencia de verificación.'. Registro: desarrollos-ui.jsonl, módulo 138.","Contexto del bloque: 'Sala de un liceo · climatización de aula'; antecedentes: 'UI-01, UI-02 y UE-01 aparecen en planta. El listado solo declara una unidad interior.'; desarrollo solicitado: 'El nivel indicado en el detalle no coincide con el corte general. Usa cortes, elevaciones y detalles constructivos, identifica el AE y criterio oficial correspondiente y prepara el producto «detalle digital coordinado con el proyecto» con evidencia de verificación.'.",Revisión localizada necesaria. Modificar solo si no se demuestra la relación del bloque con la tarea y el criterio; confirmar primero su pertinencia técnico-profesional.,"Revisar exclusivamente development_pack.context, role, objective, problem, background, evidence y constraints: vincularlos con el caso real del modulo, conservando el AE, la actividad y la rubrica. Confirmar primero su presentacion visible.","La observacion se relaciona con la comprension y la evidencia, no con preferencias esteticas.",Alta,PENDIENTE / NO EJECUTADO EN ESTA AUDITORÍA,CAM-0090,,,
14,Dibujo Técnico,139,Dibujo digital de montaje industrial,development_pack,Antecedentes del desarrollo y problema del modulo,REUTILIZACIÓN DEL BLOQUE HVAC CONFIRMADA EN PANTALLA; PERTINENCIA POR CONTRASTAR,,"Contexto del bloque: 'Sala de un liceo · climatización de aula'; antecedentes: 'UI-01, UI-02 y UE-01 aparecen en planta. El listado solo declara una unidad interior.'; desarrollo solicitado: 'El espacio libre del modelo no corresponde al requerido por la ficha del equipo. Usa plano de montaje, ficha del equipo y modelo digital, identifica el AE y criterio oficial correspondiente y prepara el producto «plano de montaje con pendiente de verificación» con evidencia de verificación.'. Registro: desarrollos-ui.jsonl, módulo 139.","Contexto del bloque: 'Sala de un liceo · climatización de aula'; antecedentes: 'UI-01, UI-02 y UE-01 aparecen en planta. El listado solo declara una unidad interior.'; desarrollo solicitado: 'El espacio libre del modelo no corresponde al requerido por la ficha del equipo. Usa plano de montaje, ficha del equipo y modelo digital, identifica el AE y criterio oficial correspondiente y prepara el producto «plano de montaje con pendiente de verificación» con evidencia de verificación.'.",Revisión localizada necesaria. Modificar solo si no se demuestra la relación del bloque con la tarea y el criterio; confirmar primero su pertinencia técnico-profesional.,"Revisar exclusivamente development_pack.context, role, objective, problem, background, evidence y constraints: vincularlos con el caso real del modulo, conservando el AE, la actividad y la rubrica. Confirmar primero su presentacion visible.","La observacion se relaciona con la comprension y la evidencia, no con preferencias esteticas.",Alta,PENDIENTE / NO EJECUTADO EN ESTA AUDITORÍA,CAM-0091,,,
14,Dibujo Técnico,140,Cubicación de proyectos,development_pack,Antecedentes del desarrollo y problema del modulo,REUTILIZACIÓN DEL BLOQUE HVAC CONFIRMADA EN PANTALLA; PERTINENCIA POR CONTRASTAR,,"Contexto del bloque: 'Sala de un liceo · climatización de aula'; antecedentes: 'UI-01, UI-02 y UE-01 aparecen en planta. El listado solo declara una unidad interior.'; desarrollo solicitado: 'Una partida aparece contabilizada en dos vistas del proyecto. Usa planos revisados, cuadro de partidas y mediciones, identifica el AE y criterio oficial correspondiente y prepara el producto «cubicación trazable sin duplicaciones» con evidencia de verificación.'. Registro: desarrollos-ui.jsonl, módulo 140.","Contexto del bloque: 'Sala de un liceo · climatización de aula'; antecedentes: 'UI-01, UI-02 y UE-01 aparecen en planta. El listado solo declara una unidad interior.'; desarrollo solicitado: 'Una partida aparece contabilizada en dos vistas del proyecto. Usa planos revisados, cuadro de partidas y mediciones, identifica el AE y criterio oficial correspondiente y prepara el producto «cubicación trazable sin duplicaciones» con evidencia de verificación.'.",Revisión localizada necesaria. Modificar solo si no se demuestra la relación del bloque con la tarea y el criterio; confirmar primero su pertinencia técnico-profesional.,"Revisar exclusivamente development_pack.context, role, objective, problem, background, evidence y constraints: vincularlos con el caso real del modulo, conservando el AE, la actividad y la rubrica. Confirmar primero su presentacion visible.","La observacion se relaciona con la comprension y la evidencia, no con preferencias esteticas.",Alta,PENDIENTE / NO EJECUTADO EN ESTA AUDITORÍA,CAM-0092,,,
14,Dibujo Técnico,141,Impresión y reproducción de planos,development_pack,Antecedentes del desarrollo y problema del modulo,REUTILIZACIÓN DEL BLOQUE HVAC CONFIRMADA EN PANTALLA; PERTINENCIA POR CONTRASTAR,,"Contexto del bloque: 'Sala de un liceo · climatización de aula'; antecedentes: 'UI-01, UI-02 y UE-01 aparecen en planta. El listado solo declara una unidad interior.'; desarrollo solicitado: 'La prueba impresa no conserva la escala declarada en el plano. Usa archivo final, escala indicada y prueba de impresión, identifica el AE y criterio oficial correspondiente y prepara el producto «plano reproducido con escala verificada» con evidencia de verificación.'. Registro: desarrollos-ui.jsonl, módulo 141.","Contexto del bloque: 'Sala de un liceo · climatización de aula'; antecedentes: 'UI-01, UI-02 y UE-01 aparecen en planta. El listado solo declara una unidad interior.'; desarrollo solicitado: 'La prueba impresa no conserva la escala declarada en el plano. Usa archivo final, escala indicada y prueba de impresión, identifica el AE y criterio oficial correspondiente y prepara el producto «plano reproducido con escala verificada» con evidencia de verificación.'.",Revisión localizada necesaria. Modificar solo si no se demuestra la relación del bloque con la tarea y el criterio; confirmar primero su pertinencia técnico-profesional.,"Revisar exclusivamente development_pack.context, role, objective, problem, background, evidence y constraints: vincularlos con el caso real del modulo, conservando el AE, la actividad y la rubrica. Confirmar primero su presentacion visible.","La observacion se relaciona con la comprension y la evidencia, no con preferencias esteticas.",Alta,PENDIENTE / NO EJECUTADO EN ESTA AUDITORÍA,CAM-0093,,,
14,Dibujo Técnico,142,Emprendimiento y empleabilidad,development_pack,Antecedentes del desarrollo y problema del modulo,REUTILIZACIÓN DEL BLOQUE HVAC CONFIRMADA EN PANTALLA; PERTINENCIA POR CONTRASTAR,,"Contexto del bloque: 'Sala de un liceo · climatización de aula'; antecedentes: 'UI-01, UI-02 y UE-01 aparecen en planta. El listado solo declara una unidad interior.'; desarrollo solicitado: 'El presupuesto omite una entrega incluida en la propuesta. Usa propuesta, presupuesto y cronograma ficticios, identifica el AE y criterio oficial correspondiente y prepara el producto «plan de emprendimiento con control de avance» con evidencia de verificación.'. Registro: desarrollos-ui.jsonl, módulo 142.","Contexto del bloque: 'Sala de un liceo · climatización de aula'; antecedentes: 'UI-01, UI-02 y UE-01 aparecen en planta. El listado solo declara una unidad interior.'; desarrollo solicitado: 'El presupuesto omite una entrega incluida en la propuesta. Usa propuesta, presupuesto y cronograma ficticios, identifica el AE y criterio oficial correspondiente y prepara el producto «plan de emprendimiento con control de avance» con evidencia de verificación.'.",Revisión localizada necesaria. Modificar solo si no se demuestra la relación del bloque con la tarea y el criterio; confirmar primero su pertinencia técnico-profesional.,"Revisar exclusivamente development_pack.context, role, objective, problem, background, evidence y constraints: vincularlos con el caso real del modulo, conservando el AE, la actividad y la rubrica. Confirmar primero su presentacion visible.","La observacion se relaciona con la comprension y la evidencia, no con preferencias esteticas.",Alta,PENDIENTE / NO EJECUTADO EN ESTA AUDITORÍA,CAM-0094,,,
15,Gráfica,143,Verificación y preparación de archivos digitales,development_pack,Antecedentes del desarrollo y problema del modulo,REUTILIZACIÓN DEL BLOQUE HVAC CONFIRMADA EN PANTALLA; PERTINENCIA POR CONTRASTAR,,"Contexto del bloque: 'Sala de un liceo · climatización de aula'; antecedentes: 'UI-01, UI-02 y UE-01 aparecen en planta. El listado solo declara una unidad interior.'; desarrollo solicitado: 'El archivo entregado contiene un vínculo de imagen que no figura en la carpeta recibida. Usa orden de trabajo, archivo digital y reporte de verificación, identifica el AE y criterio oficial correspondiente y prepara el producto «archivo verificado y observación de preflight» con evidencia de verificación.'. Registro: desarrollos-ui.jsonl, módulo 143.","Contexto del bloque: 'Sala de un liceo · climatización de aula'; antecedentes: 'UI-01, UI-02 y UE-01 aparecen en planta. El listado solo declara una unidad interior.'; desarrollo solicitado: 'El archivo entregado contiene un vínculo de imagen que no figura en la carpeta recibida. Usa orden de trabajo, archivo digital y reporte de verificación, identifica el AE y criterio oficial correspondiente y prepara el producto «archivo verificado y observación de preflight» con evidencia de verificación.'.",Revisión localizada necesaria. Modificar solo si no se demuestra la relación del bloque con la tarea y el criterio; confirmar primero su pertinencia técnico-profesional.,"Revisar exclusivamente development_pack.context, role, objective, problem, background, evidence y constraints: vincularlos con el caso real del modulo, conservando el AE, la actividad y la rubrica. Confirmar primero su presentacion visible.","La observacion se relaciona con la comprension y la evidencia, no con preferencias esteticas.",Alta,PENDIENTE / NO EJECUTADO EN ESTA AUDITORÍA,CAM-0095,,,
15,Gráfica,147,Encuadernación del producto impreso,development_pack,Antecedentes del desarrollo y problema del modulo,REUTILIZACIÓN DEL BLOQUE HVAC CONFIRMADA EN PANTALLA; PERTINENCIA POR CONTRASTAR,,"Contexto del bloque: 'Sala de un liceo · climatización de aula'; antecedentes: 'UI-01, UI-02 y UE-01 aparecen en planta. El listado solo declara una unidad interior.'; desarrollo solicitado: 'El orden de páginas del pliego no corresponde a la secuencia de la publicación. Usa especificación de terminación, pliego impreso y pauta de armado, identifica el AE y criterio oficial correspondiente y prepara el producto «propuesta de encuadernación y verificación de secuencia» con evidencia de verificación.'. Registro: desarrollos-ui.jsonl, módulo 147.","Contexto del bloque: 'Sala de un liceo · climatización de aula'; antecedentes: 'UI-01, UI-02 y UE-01 aparecen en planta. El listado solo declara una unidad interior.'; desarrollo solicitado: 'El orden de páginas del pliego no corresponde a la secuencia de la publicación. Usa especificación de terminación, pliego impreso y pauta de armado, identifica el AE y criterio oficial correspondiente y prepara el producto «propuesta de encuadernación y verificación de secuencia» con evidencia de verificación.'.",Revisión localizada necesaria. Modificar solo si no se demuestra la relación del bloque con la tarea y el criterio; confirmar primero su pertinencia técnico-profesional.,"Revisar exclusivamente development_pack.context, role, objective, problem, background, evidence y constraints: vincularlos con el caso real del modulo, conservando el AE, la actividad y la rubrica. Confirmar primero su presentacion visible.","La observacion se relaciona con la comprension y la evidencia, no con preferencias esteticas.",Alta,PENDIENTE / NO EJECUTADO EN ESTA AUDITORÍA,CAM-0096,,,
15,Gráfica,148,Imposición de archivos y obtención de prueba de color,development_pack,Antecedentes del desarrollo y problema del modulo,REUTILIZACIÓN DEL BLOQUE HVAC CONFIRMADA EN PANTALLA; PERTINENCIA POR CONTRASTAR,,"Contexto del bloque: 'Sala de un liceo · climatización de aula'; antecedentes: 'UI-01, UI-02 y UE-01 aparecen en planta. El listado solo declara una unidad interior.'; desarrollo solicitado: 'Una página aparece en una posición distinta de la prevista en el esquema. Usa archivo final, esquema de pliegos y prueba de color, identifica el AE y criterio oficial correspondiente y prepara el producto «imposición corregida y registro de prueba» con evidencia de verificación.'. Registro: desarrollos-ui.jsonl, módulo 148.","Contexto del bloque: 'Sala de un liceo · climatización de aula'; antecedentes: 'UI-01, UI-02 y UE-01 aparecen en planta. El listado solo declara una unidad interior.'; desarrollo solicitado: 'Una página aparece en una posición distinta de la prevista en el esquema. Usa archivo final, esquema de pliegos y prueba de color, identifica el AE y criterio oficial correspondiente y prepara el producto «imposición corregida y registro de prueba» con evidencia de verificación.'.",Revisión localizada necesaria. Modificar solo si no se demuestra la relación del bloque con la tarea y el criterio; confirmar primero su pertinencia técnico-profesional.,"Revisar exclusivamente development_pack.context, role, objective, problem, background, evidence y constraints: vincularlos con el caso real del modulo, conservando el AE, la actividad y la rubrica. Confirmar primero su presentacion visible.","La observacion se relaciona con la comprension y la evidencia, no con preferencias esteticas.",Alta,PENDIENTE / NO EJECUTADO EN ESTA AUDITORÍA,CAM-0097,,,
15,Gráfica,149,Salida del archivo a matriz impresora e impresión digital,development_pack,Antecedentes del desarrollo y problema del modulo,REUTILIZACIÓN DEL BLOQUE HVAC CONFIRMADA EN PANTALLA; PERTINENCIA POR CONTRASTAR,,"Contexto del bloque: 'Sala de un liceo · climatización de aula'; antecedentes: 'UI-01, UI-02 y UE-01 aparecen en planta. El listado solo declara una unidad interior.'; desarrollo solicitado: 'La versión enviada a salida no coincide con la versión aprobada. Usa archivo aprobado, parámetros de salida y prueba digital, identifica el AE y criterio oficial correspondiente y prepara el producto «control de versión y comprobación de salida» con evidencia de verificación.'. Registro: desarrollos-ui.jsonl, módulo 149.","Contexto del bloque: 'Sala de un liceo · climatización de aula'; antecedentes: 'UI-01, UI-02 y UE-01 aparecen en planta. El listado solo declara una unidad interior.'; desarrollo solicitado: 'La versión enviada a salida no coincide con la versión aprobada. Usa archivo aprobado, parámetros de salida y prueba digital, identifica el AE y criterio oficial correspondiente y prepara el producto «control de versión y comprobación de salida» con evidencia de verificación.'.",Revisión localizada necesaria. Modificar solo si no se demuestra la relación del bloque con la tarea y el criterio; confirmar primero su pertinencia técnico-profesional.,"Revisar exclusivamente development_pack.context, role, objective, problem, background, evidence y constraints: vincularlos con el caso real del modulo, conservando el AE, la actividad y la rubrica. Confirmar primero su presentacion visible.","La observacion se relaciona con la comprension y la evidencia, no con preferencias esteticas.",Alta,PENDIENTE / NO EJECUTADO EN ESTA AUDITORÍA,CAM-0098,,,
15,Gráfica,150,Postimpresión en embalajes y recubrimientos a impresos,development_pack,Antecedentes del desarrollo y problema del modulo,REUTILIZACIÓN DEL BLOQUE HVAC CONFIRMADA EN PANTALLA; PERTINENCIA POR CONTRASTAR,,"Contexto del bloque: 'Sala de un liceo · climatización de aula'; antecedentes: 'UI-01, UI-02 y UE-01 aparecen en planta. El listado solo declara una unidad interior.'; desarrollo solicitado: 'La línea de pliegue de la muestra no coincide con el diseño aprobado. Usa diseño de embalaje, pauta de recubrimiento y muestra, identifica el AE y criterio oficial correspondiente y prepara el producto «revisión de postimpresión con pendiente identificado» con evidencia de verificación.'. Registro: desarrollos-ui.jsonl, módulo 150.","Contexto del bloque: 'Sala de un liceo · climatización de aula'; antecedentes: 'UI-01, UI-02 y UE-01 aparecen en planta. El listado solo declara una unidad interior.'; desarrollo solicitado: 'La línea de pliegue de la muestra no coincide con el diseño aprobado. Usa diseño de embalaje, pauta de recubrimiento y muestra, identifica el AE y criterio oficial correspondiente y prepara el producto «revisión de postimpresión con pendiente identificado» con evidencia de verificación.'.",Revisión localizada necesaria. Modificar solo si no se demuestra la relación del bloque con la tarea y el criterio; confirmar primero su pertinencia técnico-profesional.,"Revisar exclusivamente development_pack.context, role, objective, problem, background, evidence y constraints: vincularlos con el caso real del modulo, conservando el AE, la actividad y la rubrica. Confirmar primero su presentacion visible.","La observacion se relaciona con la comprension y la evidencia, no con preferencias esteticas.",Alta,PENDIENTE / NO EJECUTADO EN ESTA AUDITORÍA,CAM-0099,,,
15,Gráfica,151,Emprendimiento y empleabilidad,development_pack,Antecedentes del desarrollo y problema del modulo,REUTILIZACIÓN DEL BLOQUE HVAC CONFIRMADA EN PANTALLA; PERTINENCIA POR CONTRASTAR,,"Contexto del bloque: 'Sala de un liceo · climatización de aula'; antecedentes: 'UI-01, UI-02 y UE-01 aparecen en planta. El listado solo declara una unidad interior.'; desarrollo solicitado: 'El presupuesto no incluye una terminación ofrecida en la propuesta. Usa propuesta, presupuesto y cronograma ficticios, identifica el AE y criterio oficial correspondiente y prepara el producto «plan de emprendimiento con control de avance» con evidencia de verificación.'. Registro: desarrollos-ui.jsonl, módulo 151.","Contexto del bloque: 'Sala de un liceo · climatización de aula'; antecedentes: 'UI-01, UI-02 y UE-01 aparecen en planta. El listado solo declara una unidad interior.'; desarrollo solicitado: 'El presupuesto no incluye una terminación ofrecida en la propuesta. Usa propuesta, presupuesto y cronograma ficticios, identifica el AE y criterio oficial correspondiente y prepara el producto «plan de emprendimiento con control de avance» con evidencia de verificación.'.",Revisión localizada necesaria. Modificar solo si no se demuestra la relación del bloque con la tarea y el criterio; confirmar primero su pertinencia técnico-profesional.,"Revisar exclusivamente development_pack.context, role, objective, problem, background, evidence y constraints: vincularlos con el caso real del modulo, conservando el AE, la actividad y la rubrica. Confirmar primero su presentacion visible.","La observacion se relaciona con la comprension y la evidencia, no con preferencias esteticas.",Alta,PENDIENTE / NO EJECUTADO EN ESTA AUDITORÍA,CAM-0100,,,
16,Servicios de Turismo,93,Sistemas de reservas,development_pack,Antecedentes del desarrollo y problema del modulo,REUTILIZACIÓN DEL BLOQUE HVAC CONFIRMADA EN PANTALLA; PERTINENCIA POR CONTRASTAR,,"Contexto del bloque: 'Sala de un liceo · climatización de aula'; antecedentes: 'UI-01, UI-02 y UE-01 aparecen en planta. El listado solo declara una unidad interior.'; desarrollo solicitado: 'La fecha confirmada no coincide con la solicitada por el viajero. Usa solicitud del viajero, disponibilidad y registro de reserva ficticios, identifica el AE y criterio oficial correspondiente y prepara el producto «reserva corregida y confirmación verificable» con evidencia de verificación.'. Registro: desarrollos-ui.jsonl, módulo 93.","Contexto del bloque: 'Sala de un liceo · climatización de aula'; antecedentes: 'UI-01, UI-02 y UE-01 aparecen en planta. El listado solo declara una unidad interior.'; desarrollo solicitado: 'La fecha confirmada no coincide con la solicitada por el viajero. Usa solicitud del viajero, disponibilidad y registro de reserva ficticios, identifica el AE y criterio oficial correspondiente y prepara el producto «reserva corregida y confirmación verificable» con evidencia de verificación.'.",Revisión localizada necesaria. Modificar solo si no se demuestra la relación del bloque con la tarea y el criterio; confirmar primero su pertinencia técnico-profesional.,"Revisar exclusivamente development_pack.context, role, objective, problem, background, evidence y constraints: vincularlos con el caso real del modulo, conservando el AE, la actividad y la rubrica. Confirmar primero su presentacion visible.","La observacion se relaciona con la comprension y la evidencia, no con preferencias esteticas.",Alta,PENDIENTE / NO EJECUTADO EN ESTA AUDITORÍA,CAM-0101,,,
16,Servicios de Turismo,97,Inglés para la comunicación oral en turismo,development_pack,Antecedentes del desarrollo y problema del modulo,REUTILIZACIÓN DEL BLOQUE HVAC CONFIRMADA EN PANTALLA; PERTINENCIA POR CONTRASTAR,,"Contexto del bloque: 'Sala de un liceo · climatización de aula'; antecedentes: 'UI-01, UI-02 y UE-01 aparecen en planta. El listado solo declara una unidad interior.'; desarrollo solicitado: 'El guion oral omite una condición de la reserva expresada por el visitante. Usa solicitud en inglés, ficha del servicio y guion de respuesta, identifica el AE y criterio oficial correspondiente y prepara el producto «respuesta oral en inglés verificada con la ficha» con evidencia de verificación.'. Registro: desarrollos-ui.jsonl, módulo 97.","Contexto del bloque: 'Sala de un liceo · climatización de aula'; antecedentes: 'UI-01, UI-02 y UE-01 aparecen en planta. El listado solo declara una unidad interior.'; desarrollo solicitado: 'El guion oral omite una condición de la reserva expresada por el visitante. Usa solicitud en inglés, ficha del servicio y guion de respuesta, identifica el AE y criterio oficial correspondiente y prepara el producto «respuesta oral en inglés verificada con la ficha» con evidencia de verificación.'.",Revisión localizada necesaria. Modificar solo si no se demuestra la relación del bloque con la tarea y el criterio; confirmar primero su pertinencia técnico-profesional.,"Revisar exclusivamente development_pack.context, role, objective, problem, background, evidence y constraints: vincularlos con el caso real del modulo, conservando el AE, la actividad y la rubrica. Confirmar primero su presentacion visible.","La observacion se relaciona con la comprension y la evidencia, no con preferencias esteticas.",Alta,PENDIENTE / NO EJECUTADO EN ESTA AUDITORÍA,CAM-0102,,,
16,Servicios de Turismo,98,"Patrimonio, cultura y atractivos turísticos del mundo",development_pack,Antecedentes del desarrollo y problema del modulo,REUTILIZACIÓN DEL BLOQUE HVAC CONFIRMADA EN PANTALLA; PERTINENCIA POR CONTRASTAR,,"Contexto del bloque: 'Sala de un liceo · climatización de aula'; antecedentes: 'UI-01, UI-02 y UE-01 aparecen en planta. El listado solo declara una unidad interior.'; desarrollo solicitado: 'La visita propuesta supera el tiempo disponible del grupo. Usa ficha de patrimonio mundial, mapa y requerimiento del grupo, identifica el AE y criterio oficial correspondiente y prepara el producto «itinerario internacional ajustado y fundamentado» con evidencia de verificación.'. Registro: desarrollos-ui.jsonl, módulo 98.","Contexto del bloque: 'Sala de un liceo · climatización de aula'; antecedentes: 'UI-01, UI-02 y UE-01 aparecen en planta. El listado solo declara una unidad interior.'; desarrollo solicitado: 'La visita propuesta supera el tiempo disponible del grupo. Usa ficha de patrimonio mundial, mapa y requerimiento del grupo, identifica el AE y criterio oficial correspondiente y prepara el producto «itinerario internacional ajustado y fundamentado» con evidencia de verificación.'.",Revisión localizada necesaria. Modificar solo si no se demuestra la relación del bloque con la tarea y el criterio; confirmar primero su pertinencia técnico-profesional.,"Revisar exclusivamente development_pack.context, role, objective, problem, background, evidence y constraints: vincularlos con el caso real del modulo, conservando el AE, la actividad y la rubrica. Confirmar primero su presentacion visible.","La observacion se relaciona con la comprension y la evidencia, no con preferencias esteticas.",Alta,PENDIENTE / NO EJECUTADO EN ESTA AUDITORÍA,CAM-0103,,,
16,Servicios de Turismo,99,Conducción de grupos turísticos,development_pack,Antecedentes del desarrollo y problema del modulo,REUTILIZACIÓN DEL BLOQUE HVAC CONFIRMADA EN PANTALLA; PERTINENCIA POR CONTRASTAR,,"Contexto del bloque: 'Sala de un liceo · climatización de aula'; antecedentes: 'UI-01, UI-02 y UE-01 aparecen en planta. El listado solo declara una unidad interior.'; desarrollo solicitado: 'El recuento previo a la salida no coincide con la lista registrada. Usa lista de participantes, itinerario y protocolo de conducción, identifica el AE y criterio oficial correspondiente y prepara el producto «registro de conducción y medida de verificación» con evidencia de verificación.'. Registro: desarrollos-ui.jsonl, módulo 99.","Contexto del bloque: 'Sala de un liceo · climatización de aula'; antecedentes: 'UI-01, UI-02 y UE-01 aparecen en planta. El listado solo declara una unidad interior.'; desarrollo solicitado: 'El recuento previo a la salida no coincide con la lista registrada. Usa lista de participantes, itinerario y protocolo de conducción, identifica el AE y criterio oficial correspondiente y prepara el producto «registro de conducción y medida de verificación» con evidencia de verificación.'.",Revisión localizada necesaria. Modificar solo si no se demuestra la relación del bloque con la tarea y el criterio; confirmar primero su pertinencia técnico-profesional.,"Revisar exclusivamente development_pack.context, role, objective, problem, background, evidence y constraints: vincularlos con el caso real del modulo, conservando el AE, la actividad y la rubrica. Confirmar primero su presentacion visible.","La observacion se relaciona con la comprension y la evidencia, no con preferencias esteticas.",Alta,PENDIENTE / NO EJECUTADO EN ESTA AUDITORÍA,CAM-0104,,,
16,Servicios de Turismo,100,Elaboración de programas turísticos,development_pack,Antecedentes del desarrollo y problema del modulo,REUTILIZACIÓN DEL BLOQUE HVAC CONFIRMADA EN PANTALLA; PERTINENCIA POR CONTRASTAR,,"Contexto del bloque: 'Sala de un liceo · climatización de aula'; antecedentes: 'UI-01, UI-02 y UE-01 aparecen en planta. El listado solo declara una unidad interior.'; desarrollo solicitado: 'El programa incluye una actividad que no está confirmada por el proveedor. Usa perfil del grupo, servicios disponibles y presupuesto ficticio, identifica el AE y criterio oficial correspondiente y prepara el producto «programa turístico viable con pendiente documentado» con evidencia de verificación.'. Registro: desarrollos-ui.jsonl, módulo 100.","Contexto del bloque: 'Sala de un liceo · climatización de aula'; antecedentes: 'UI-01, UI-02 y UE-01 aparecen en planta. El listado solo declara una unidad interior.'; desarrollo solicitado: 'El programa incluye una actividad que no está confirmada por el proveedor. Usa perfil del grupo, servicios disponibles y presupuesto ficticio, identifica el AE y criterio oficial correspondiente y prepara el producto «programa turístico viable con pendiente documentado» con evidencia de verificación.'.",Revisión localizada necesaria. Modificar solo si no se demuestra la relación del bloque con la tarea y el criterio; confirmar primero su pertinencia técnico-profesional.,"Revisar exclusivamente development_pack.context, role, objective, problem, background, evidence y constraints: vincularlos con el caso real del modulo, conservando el AE, la actividad y la rubrica. Confirmar primero su presentacion visible.","La observacion se relaciona con la comprension y la evidencia, no con preferencias esteticas.",Alta,PENDIENTE / NO EJECUTADO EN ESTA AUDITORÍA,CAM-0105,,,
16,Servicios de Turismo,101,Inglés para la comunicación escrita en turismo,development_pack,Antecedentes del desarrollo y problema del modulo,REUTILIZACIÓN DEL BLOQUE HVAC CONFIRMADA EN PANTALLA; PERTINENCIA POR CONTRASTAR,,"Contexto del bloque: 'Sala de un liceo · climatización de aula'; antecedentes: 'UI-01, UI-02 y UE-01 aparecen en planta. El listado solo declara una unidad interior.'; desarrollo solicitado: 'El borrador confirma un horario distinto del indicado en el servicio. Usa correo en inglés, condiciones del servicio y borrador de respuesta, identifica el AE y criterio oficial correspondiente y prepara el producto «respuesta escrita en inglés revisada» con evidencia de verificación.'. Registro: desarrollos-ui.jsonl, módulo 101.","Contexto del bloque: 'Sala de un liceo · climatización de aula'; antecedentes: 'UI-01, UI-02 y UE-01 aparecen en planta. El listado solo declara una unidad interior.'; desarrollo solicitado: 'El borrador confirma un horario distinto del indicado en el servicio. Usa correo en inglés, condiciones del servicio y borrador de respuesta, identifica el AE y criterio oficial correspondiente y prepara el producto «respuesta escrita en inglés revisada» con evidencia de verificación.'.",Revisión localizada necesaria. Modificar solo si no se demuestra la relación del bloque con la tarea y el criterio; confirmar primero su pertinencia técnico-profesional.,"Revisar exclusivamente development_pack.context, role, objective, problem, background, evidence y constraints: vincularlos con el caso real del modulo, conservando el AE, la actividad y la rubrica. Confirmar primero su presentacion visible.","La observacion se relaciona con la comprension y la evidencia, no con preferencias esteticas.",Alta,PENDIENTE / NO EJECUTADO EN ESTA AUDITORÍA,CAM-0106,,,
16,Servicios de Turismo,102,Emprendimiento y empleabilidad,development_pack,Antecedentes del desarrollo y problema del modulo,REUTILIZACIÓN DEL BLOQUE HVAC CONFIRMADA EN PANTALLA; PERTINENCIA POR CONTRASTAR,,"Contexto del bloque: 'Sala de un liceo · climatización de aula'; antecedentes: 'UI-01, UI-02 y UE-01 aparecen en planta. El listado solo declara una unidad interior.'; desarrollo solicitado: 'Un servicio incluido en la propuesta no tiene costo considerado. Usa propuesta, presupuesto y cronograma ficticios, identifica el AE y criterio oficial correspondiente y prepara el producto «plan de emprendimiento con control de avance» con evidencia de verificación.'. Registro: desarrollos-ui.jsonl, módulo 102.","Contexto del bloque: 'Sala de un liceo · climatización de aula'; antecedentes: 'UI-01, UI-02 y UE-01 aparecen en planta. El listado solo declara una unidad interior.'; desarrollo solicitado: 'Un servicio incluido en la propuesta no tiene costo considerado. Usa propuesta, presupuesto y cronograma ficticios, identifica el AE y criterio oficial correspondiente y prepara el producto «plan de emprendimiento con control de avance» con evidencia de verificación.'.",Revisión localizada necesaria. Modificar solo si no se demuestra la relación del bloque con la tarea y el criterio; confirmar primero su pertinencia técnico-profesional.,"Revisar exclusivamente development_pack.context, role, objective, problem, background, evidence y constraints: vincularlos con el caso real del modulo, conservando el AE, la actividad y la rubrica. Confirmar primero su presentacion visible.","La observacion se relaciona con la comprension y la evidencia, no con preferencias esteticas.",Alta,PENDIENTE / NO EJECUTADO EN ESTA AUDITORÍA,CAM-0107,,,
17,Forestal,199,Producción de plantas y repoblación,development_pack,Antecedentes del desarrollo y problema del modulo,REUTILIZACIÓN DEL BLOQUE HVAC CONFIRMADA EN PANTALLA; PERTINENCIA POR CONTRASTAR,,"Contexto del bloque: 'Sala de un liceo · climatización de aula'; antecedentes: 'UI-01, UI-02 y UE-01 aparecen en planta. El listado solo declara una unidad interior.'; desarrollo solicitado: 'El registro de humedad no coincide con el valor de referencia de la ficha. Usa plan de producción, ficha de especies y registro ambiental, identifica el AE y criterio oficial correspondiente y prepara el producto «análisis de propagación y consulta al encargado» con evidencia de verificación.'. Registro: desarrollos-ui.jsonl, módulo 199.","Contexto del bloque: 'Sala de un liceo · climatización de aula'; antecedentes: 'UI-01, UI-02 y UE-01 aparecen en planta. El listado solo declara una unidad interior.'; desarrollo solicitado: 'El registro de humedad no coincide con el valor de referencia de la ficha. Usa plan de producción, ficha de especies y registro ambiental, identifica el AE y criterio oficial correspondiente y prepara el producto «análisis de propagación y consulta al encargado» con evidencia de verificación.'.",Revisión localizada necesaria. Modificar solo si no se demuestra la relación del bloque con la tarea y el criterio; confirmar primero su pertinencia técnico-profesional.,"Revisar exclusivamente development_pack.context, role, objective, problem, background, evidence y constraints: vincularlos con el caso real del modulo, conservando el AE, la actividad y la rubrica. Confirmar primero su presentacion visible.","La observacion se relaciona con la comprension y la evidencia, no con preferencias esteticas.",Alta,PENDIENTE / NO EJECUTADO EN ESTA AUDITORÍA,CAM-0108,,,
17,Forestal,203,Operaciones silvícolas,development_pack,Antecedentes del desarrollo y problema del modulo,REUTILIZACIÓN DEL BLOQUE HVAC CONFIRMADA EN PANTALLA; PERTINENCIA POR CONTRASTAR,,"Contexto del bloque: 'Sala de un liceo · climatización de aula'; antecedentes: 'UI-01, UI-02 y UE-01 aparecen en planta. El listado solo declara una unidad interior.'; desarrollo solicitado: 'La intervención propuesta se ubica fuera del sector aprobado. Usa plan de manejo, mapa y registro de terreno, identifica el AE y criterio oficial correspondiente y prepara el producto «revisión del plan y registro de discrepancia» con evidencia de verificación.'. Registro: desarrollos-ui.jsonl, módulo 203.","Contexto del bloque: 'Sala de un liceo · climatización de aula'; antecedentes: 'UI-01, UI-02 y UE-01 aparecen en planta. El listado solo declara una unidad interior.'; desarrollo solicitado: 'La intervención propuesta se ubica fuera del sector aprobado. Usa plan de manejo, mapa y registro de terreno, identifica el AE y criterio oficial correspondiente y prepara el producto «revisión del plan y registro de discrepancia» con evidencia de verificación.'.",Revisión localizada necesaria. Modificar solo si no se demuestra la relación del bloque con la tarea y el criterio; confirmar primero su pertinencia técnico-profesional.,"Revisar exclusivamente development_pack.context, role, objective, problem, background, evidence y constraints: vincularlos con el caso real del modulo, conservando el AE, la actividad y la rubrica. Confirmar primero su presentacion visible.","La observacion se relaciona con la comprension y la evidencia, no con preferencias esteticas.",Alta,PENDIENTE / NO EJECUTADO EN ESTA AUDITORÍA,CAM-0109,,,
17,Forestal,204,Operaciones de cosecha forestal,development_pack,Antecedentes del desarrollo y problema del modulo,REUTILIZACIÓN DEL BLOQUE HVAC CONFIRMADA EN PANTALLA; PERTINENCIA POR CONTRASTAR,,"Contexto del bloque: 'Sala de un liceo · climatización de aula'; antecedentes: 'UI-01, UI-02 y UE-01 aparecen en planta. El listado solo declara una unidad interior.'; desarrollo solicitado: 'La zona señalada en la orden difiere de la delimitación del mapa. Usa mapa operativo, orden y pauta de seguridad, identifica el AE y criterio oficial correspondiente y prepara el producto «identificación de riesgo y consulta antes de intervenir» con evidencia de verificación.'. Registro: desarrollos-ui.jsonl, módulo 204.","Contexto del bloque: 'Sala de un liceo · climatización de aula'; antecedentes: 'UI-01, UI-02 y UE-01 aparecen en planta. El listado solo declara una unidad interior.'; desarrollo solicitado: 'La zona señalada en la orden difiere de la delimitación del mapa. Usa mapa operativo, orden y pauta de seguridad, identifica el AE y criterio oficial correspondiente y prepara el producto «identificación de riesgo y consulta antes de intervenir» con evidencia de verificación.'.",Revisión localizada necesaria. Modificar solo si no se demuestra la relación del bloque con la tarea y el criterio; confirmar primero su pertinencia técnico-profesional.,"Revisar exclusivamente development_pack.context, role, objective, problem, background, evidence y constraints: vincularlos con el caso real del modulo, conservando el AE, la actividad y la rubrica. Confirmar primero su presentacion visible.","La observacion se relaciona con la comprension y la evidencia, no con preferencias esteticas.",Alta,PENDIENTE / NO EJECUTADO EN ESTA AUDITORÍA,CAM-0110,,,
17,Forestal,205,Control de la producción forestal,development_pack,Antecedentes del desarrollo y problema del modulo,REUTILIZACIÓN DEL BLOQUE HVAC CONFIRMADA EN PANTALLA; PERTINENCIA POR CONTRASTAR,,"Contexto del bloque: 'Sala de un liceo · climatización de aula'; antecedentes: 'UI-01, UI-02 y UE-01 aparecen en planta. El listado solo declara una unidad interior.'; desarrollo solicitado: 'El volumen consolidado no coincide con las guías del período. Usa metas, guía de despacho y registro de volumen, identifica el AE y criterio oficial correspondiente y prepara el producto «conciliación de producción y observaciones» con evidencia de verificación.'. Registro: desarrollos-ui.jsonl, módulo 205.","Contexto del bloque: 'Sala de un liceo · climatización de aula'; antecedentes: 'UI-01, UI-02 y UE-01 aparecen en planta. El listado solo declara una unidad interior.'; desarrollo solicitado: 'El volumen consolidado no coincide con las guías del período. Usa metas, guía de despacho y registro de volumen, identifica el AE y criterio oficial correspondiente y prepara el producto «conciliación de producción y observaciones» con evidencia de verificación.'.",Revisión localizada necesaria. Modificar solo si no se demuestra la relación del bloque con la tarea y el criterio; confirmar primero su pertinencia técnico-profesional.,"Revisar exclusivamente development_pack.context, role, objective, problem, background, evidence y constraints: vincularlos con el caso real del modulo, conservando el AE, la actividad y la rubrica. Confirmar primero su presentacion visible.","La observacion se relaciona con la comprension y la evidencia, no con preferencias esteticas.",Alta,PENDIENTE / NO EJECUTADO EN ESTA AUDITORÍA,CAM-0111,,,
17,Forestal,206,Técnicas de prevención y combate de incendios forestales,development_pack,Antecedentes del desarrollo y problema del modulo,REUTILIZACIÓN DEL BLOQUE HVAC CONFIRMADA EN PANTALLA; PERTINENCIA POR CONTRASTAR,,"Contexto del bloque: 'Sala de un liceo · climatización de aula'; antecedentes: 'UI-01, UI-02 y UE-01 aparecen en planta. El listado solo declara una unidad interior.'; desarrollo solicitado: 'La ubicación del aviso corresponde a una zona de acceso restringido. Usa mapa de riesgo, aviso simulado y protocolo de emergencia, identifica el AE y criterio oficial correspondiente y prepara el producto «evaluación del riesgo, alerta y derivación a equipos competentes» con evidencia de verificación.'. Registro: desarrollos-ui.jsonl, módulo 206.","Contexto del bloque: 'Sala de un liceo · climatización de aula'; antecedentes: 'UI-01, UI-02 y UE-01 aparecen en planta. El listado solo declara una unidad interior.'; desarrollo solicitado: 'La ubicación del aviso corresponde a una zona de acceso restringido. Usa mapa de riesgo, aviso simulado y protocolo de emergencia, identifica el AE y criterio oficial correspondiente y prepara el producto «evaluación del riesgo, alerta y derivación a equipos competentes» con evidencia de verificación.'.",Revisión localizada necesaria. Modificar solo si no se demuestra la relación del bloque con la tarea y el criterio; confirmar primero su pertinencia técnico-profesional.,"Revisar exclusivamente development_pack.context, role, objective, problem, background, evidence y constraints: vincularlos con el caso real del modulo, conservando el AE, la actividad y la rubrica. Confirmar primero su presentacion visible.","La observacion se relaciona con la comprension y la evidencia, no con preferencias esteticas.",Alta,PENDIENTE / NO EJECUTADO EN ESTA AUDITORÍA,CAM-0112,,,
17,Forestal,207,Emprendimiento y empleabilidad,development_pack,Antecedentes del desarrollo y problema del modulo,REUTILIZACIÓN DEL BLOQUE HVAC CONFIRMADA EN PANTALLA; PERTINENCIA POR CONTRASTAR,,"Contexto del bloque: 'Sala de un liceo · climatización de aula'; antecedentes: 'UI-01, UI-02 y UE-01 aparecen en planta. El listado solo declara una unidad interior.'; desarrollo solicitado: 'El presupuesto omite una medida preventiva indicada en el plan. Usa propuesta, presupuesto y cronograma ficticios, identifica el AE y criterio oficial correspondiente y prepara el producto «plan de emprendimiento con costos revisados» con evidencia de verificación.'. Registro: desarrollos-ui.jsonl, módulo 207.","Contexto del bloque: 'Sala de un liceo · climatización de aula'; antecedentes: 'UI-01, UI-02 y UE-01 aparecen en planta. El listado solo declara una unidad interior.'; desarrollo solicitado: 'El presupuesto omite una medida preventiva indicada en el plan. Usa propuesta, presupuesto y cronograma ficticios, identifica el AE y criterio oficial correspondiente y prepara el producto «plan de emprendimiento con costos revisados» con evidencia de verificación.'.",Revisión localizada necesaria. Modificar solo si no se demuestra la relación del bloque con la tarea y el criterio; confirmar primero su pertinencia técnico-profesional.,"Revisar exclusivamente development_pack.context, role, objective, problem, background, evidence y constraints: vincularlos con el caso real del modulo, conservando el AE, la actividad y la rubrica. Confirmar primero su presentacion visible.","La observacion se relaciona con la comprension y la evidencia, no con preferencias esteticas.",Alta,PENDIENTE / NO EJECUTADO EN ESTA AUDITORÍA,CAM-0113,,,
18,Muebles y Terminaciones en Madera,208,Abastecimiento y despacho,development_pack,Antecedentes del desarrollo y problema del modulo,REUTILIZACIÓN DEL BLOQUE HVAC CONFIRMADA EN PANTALLA; PERTINENCIA POR CONTRASTAR,,"Contexto del bloque: 'Sala de un liceo · climatización de aula'; antecedentes: 'UI-01, UI-02 y UE-01 aparecen en planta. El listado solo declara una unidad interior.'; desarrollo solicitado: 'La cantidad recibida difiere de la indicada en la guía. Usa orden de compra, inventario y guía de despacho, identifica el AE y criterio oficial correspondiente y prepara el producto «conciliación de abastecimiento y observación documentada» con evidencia de verificación.'. Registro: desarrollos-ui.jsonl, módulo 208.","Contexto del bloque: 'Sala de un liceo · climatización de aula'; antecedentes: 'UI-01, UI-02 y UE-01 aparecen en planta. El listado solo declara una unidad interior.'; desarrollo solicitado: 'La cantidad recibida difiere de la indicada en la guía. Usa orden de compra, inventario y guía de despacho, identifica el AE y criterio oficial correspondiente y prepara el producto «conciliación de abastecimiento y observación documentada» con evidencia de verificación.'.",Revisión localizada necesaria. Modificar solo si no se demuestra la relación del bloque con la tarea y el criterio; confirmar primero su pertinencia técnico-profesional.,"Revisar exclusivamente development_pack.context, role, objective, problem, background, evidence y constraints: vincularlos con el caso real del modulo, conservando el AE, la actividad y la rubrica. Confirmar primero su presentacion visible.","La observacion se relaciona con la comprension y la evidencia, no con preferencias esteticas.",Alta,PENDIENTE / NO EJECUTADO EN ESTA AUDITORÍA,CAM-0114,,,
18,Muebles y Terminaciones en Madera,212,Representación gráfica de muebles y elementos de carpintería,development_pack,Antecedentes del desarrollo y problema del modulo,REUTILIZACIÓN DEL BLOQUE HVAC CONFIRMADA EN PANTALLA; PERTINENCIA POR CONTRASTAR,,"Contexto del bloque: 'Sala de un liceo · climatización de aula'; antecedentes: 'UI-01, UI-02 y UE-01 aparecen en planta. El listado solo declara una unidad interior.'; desarrollo solicitado: 'Una medida del modelo digital no coincide con el croquis aprobado. Usa croquis, medidas y propuesta digital, identifica el AE y criterio oficial correspondiente y prepara el producto «plano revisado y control de versión» con evidencia de verificación.'. Registro: desarrollos-ui.jsonl, módulo 212.","Contexto del bloque: 'Sala de un liceo · climatización de aula'; antecedentes: 'UI-01, UI-02 y UE-01 aparecen en planta. El listado solo declara una unidad interior.'; desarrollo solicitado: 'Una medida del modelo digital no coincide con el croquis aprobado. Usa croquis, medidas y propuesta digital, identifica el AE y criterio oficial correspondiente y prepara el producto «plano revisado y control de versión» con evidencia de verificación.'.",Revisión localizada necesaria. Modificar solo si no se demuestra la relación del bloque con la tarea y el criterio; confirmar primero su pertinencia técnico-profesional.,"Revisar exclusivamente development_pack.context, role, objective, problem, background, evidence y constraints: vincularlos con el caso real del modulo, conservando el AE, la actividad y la rubrica. Confirmar primero su presentacion visible.","La observacion se relaciona con la comprension y la evidencia, no con preferencias esteticas.",Alta,PENDIENTE / NO EJECUTADO EN ESTA AUDITORÍA,CAM-0115,,,
18,Muebles y Terminaciones en Madera,213,Armado de estructuras,development_pack,Antecedentes del desarrollo y problema del modulo,REUTILIZACIÓN DEL BLOQUE HVAC CONFIRMADA EN PANTALLA; PERTINENCIA POR CONTRASTAR,,"Contexto del bloque: 'Sala de un liceo · climatización de aula'; antecedentes: 'UI-01, UI-02 y UE-01 aparecen en planta. El listado solo declara una unidad interior.'; desarrollo solicitado: 'Una unión prevista en el despiece no aparece en la secuencia. Usa despiece, secuencia y control de ajuste, identifica el AE y criterio oficial correspondiente y prepara el producto «secuencia corregida y comprobación documental» con evidencia de verificación.'. Registro: desarrollos-ui.jsonl, módulo 213.","Contexto del bloque: 'Sala de un liceo · climatización de aula'; antecedentes: 'UI-01, UI-02 y UE-01 aparecen en planta. El listado solo declara una unidad interior.'; desarrollo solicitado: 'Una unión prevista en el despiece no aparece en la secuencia. Usa despiece, secuencia y control de ajuste, identifica el AE y criterio oficial correspondiente y prepara el producto «secuencia corregida y comprobación documental» con evidencia de verificación.'.",Revisión localizada necesaria. Modificar solo si no se demuestra la relación del bloque con la tarea y el criterio; confirmar primero su pertinencia técnico-profesional.,"Revisar exclusivamente development_pack.context, role, objective, problem, background, evidence y constraints: vincularlos con el caso real del modulo, conservando el AE, la actividad y la rubrica. Confirmar primero su presentacion visible.","La observacion se relaciona con la comprension y la evidencia, no con preferencias esteticas.",Alta,PENDIENTE / NO EJECUTADO EN ESTA AUDITORÍA,CAM-0116,,,
18,Muebles y Terminaciones en Madera,214,Terminaciones de muebles y elementos de carpintería,development_pack,Antecedentes del desarrollo y problema del modulo,REUTILIZACIÓN DEL BLOQUE HVAC CONFIRMADA EN PANTALLA; PERTINENCIA POR CONTRASTAR,,"Contexto del bloque: 'Sala de un liceo · climatización de aula'; antecedentes: 'UI-01, UI-02 y UE-01 aparecen en planta. El listado solo declara una unidad interior.'; desarrollo solicitado: 'La muestra registra una terminación distinta de la solicitada. Usa ficha de acabado, muestra y pauta de calidad, identifica el AE y criterio oficial correspondiente y prepara el producto «evaluación de acabado y solicitud de aclaración» con evidencia de verificación.'. Registro: desarrollos-ui.jsonl, módulo 214.","Contexto del bloque: 'Sala de un liceo · climatización de aula'; antecedentes: 'UI-01, UI-02 y UE-01 aparecen en planta. El listado solo declara una unidad interior.'; desarrollo solicitado: 'La muestra registra una terminación distinta de la solicitada. Usa ficha de acabado, muestra y pauta de calidad, identifica el AE y criterio oficial correspondiente y prepara el producto «evaluación de acabado y solicitud de aclaración» con evidencia de verificación.'.",Revisión localizada necesaria. Modificar solo si no se demuestra la relación del bloque con la tarea y el criterio; confirmar primero su pertinencia técnico-profesional.,"Revisar exclusivamente development_pack.context, role, objective, problem, background, evidence y constraints: vincularlos con el caso real del modulo, conservando el AE, la actividad y la rubrica. Confirmar primero su presentacion visible.","La observacion se relaciona con la comprension y la evidencia, no con preferencias esteticas.",Alta,PENDIENTE / NO EJECUTADO EN ESTA AUDITORÍA,CAM-0117,,,
18,Muebles y Terminaciones en Madera,215,Instalación de muebles y elementos de carpintería,development_pack,Antecedentes del desarrollo y problema del modulo,REUTILIZACIÓN DEL BLOQUE HVAC CONFIRMADA EN PANTALLA; PERTINENCIA POR CONTRASTAR,,"Contexto del bloque: 'Sala de un liceo · climatización de aula'; antecedentes: 'UI-01, UI-02 y UE-01 aparecen en planta. El listado solo declara una unidad interior.'; desarrollo solicitado: 'La ubicación indicada no permite el ajuste previsto en el plano. Usa plano de ubicación, inventario y pauta de montaje, identifica el AE y criterio oficial correspondiente y prepara el producto «revisión de instalación y discrepancia documentada» con evidencia de verificación.'. Registro: desarrollos-ui.jsonl, módulo 215.","Contexto del bloque: 'Sala de un liceo · climatización de aula'; antecedentes: 'UI-01, UI-02 y UE-01 aparecen en planta. El listado solo declara una unidad interior.'; desarrollo solicitado: 'La ubicación indicada no permite el ajuste previsto en el plano. Usa plano de ubicación, inventario y pauta de montaje, identifica el AE y criterio oficial correspondiente y prepara el producto «revisión de instalación y discrepancia documentada» con evidencia de verificación.'.",Revisión localizada necesaria. Modificar solo si no se demuestra la relación del bloque con la tarea y el criterio; confirmar primero su pertinencia técnico-profesional.,"Revisar exclusivamente development_pack.context, role, objective, problem, background, evidence y constraints: vincularlos con el caso real del modulo, conservando el AE, la actividad y la rubrica. Confirmar primero su presentacion visible.","La observacion se relaciona con la comprension y la evidencia, no con preferencias esteticas.",Alta,PENDIENTE / NO EJECUTADO EN ESTA AUDITORÍA,CAM-0118,,,
18,Muebles y Terminaciones en Madera,216,"Mantenimiento de máquinas, equipos y herramientas",development_pack,Antecedentes del desarrollo y problema del modulo,REUTILIZACIÓN DEL BLOQUE HVAC CONFIRMADA EN PANTALLA; PERTINENCIA POR CONTRASTAR,,"Contexto del bloque: 'Sala de un liceo · climatización de aula'; antecedentes: 'UI-01, UI-02 y UE-01 aparecen en planta. El listado solo declara una unidad interior.'; desarrollo solicitado: 'Un equipo figura disponible pese a una falla pendiente. Usa manual, bitácora y orden de revisión, identifica el AE y criterio oficial correspondiente y prepara el producto «retiro preventivo simulado y reporte al responsable» con evidencia de verificación.'. Registro: desarrollos-ui.jsonl, módulo 216.","Contexto del bloque: 'Sala de un liceo · climatización de aula'; antecedentes: 'UI-01, UI-02 y UE-01 aparecen en planta. El listado solo declara una unidad interior.'; desarrollo solicitado: 'Un equipo figura disponible pese a una falla pendiente. Usa manual, bitácora y orden de revisión, identifica el AE y criterio oficial correspondiente y prepara el producto «retiro preventivo simulado y reporte al responsable» con evidencia de verificación.'.",Revisión localizada necesaria. Modificar solo si no se demuestra la relación del bloque con la tarea y el criterio; confirmar primero su pertinencia técnico-profesional.,"Revisar exclusivamente development_pack.context, role, objective, problem, background, evidence y constraints: vincularlos con el caso real del modulo, conservando el AE, la actividad y la rubrica. Confirmar primero su presentacion visible.","La observacion se relaciona con la comprension y la evidencia, no con preferencias esteticas.",Alta,PENDIENTE / NO EJECUTADO EN ESTA AUDITORÍA,CAM-0119,,,
18,Muebles y Terminaciones en Madera,217,Emprendimiento y empleabilidad,development_pack,Antecedentes del desarrollo y problema del modulo,REUTILIZACIÓN DEL BLOQUE HVAC CONFIRMADA EN PANTALLA; PERTINENCIA POR CONTRASTAR,,"Contexto del bloque: 'Sala de un liceo · climatización de aula'; antecedentes: 'UI-01, UI-02 y UE-01 aparecen en planta. El listado solo declara una unidad interior.'; desarrollo solicitado: 'El presupuesto omite una terminación ofrecida al cliente. Usa propuesta, presupuesto y cronograma ficticios, identifica el AE y criterio oficial correspondiente y prepara el producto «plan de emprendimiento con costos revisados» con evidencia de verificación.'. Registro: desarrollos-ui.jsonl, módulo 217.","Contexto del bloque: 'Sala de un liceo · climatización de aula'; antecedentes: 'UI-01, UI-02 y UE-01 aparecen en planta. El listado solo declara una unidad interior.'; desarrollo solicitado: 'El presupuesto omite una terminación ofrecida al cliente. Usa propuesta, presupuesto y cronograma ficticios, identifica el AE y criterio oficial correspondiente y prepara el producto «plan de emprendimiento con costos revisados» con evidencia de verificación.'.",Revisión localizada necesaria. Modificar solo si no se demuestra la relación del bloque con la tarea y el criterio; confirmar primero su pertinencia técnico-profesional.,"Revisar exclusivamente development_pack.context, role, objective, problem, background, evidence y constraints: vincularlos con el caso real del modulo, conservando el AE, la actividad y la rubrica. Confirmar primero su presentacion visible.","La observacion se relaciona con la comprension y la evidencia, no con preferencias esteticas.",Alta,PENDIENTE / NO EJECUTADO EN ESTA AUDITORÍA,CAM-0120,,,
19,Acuicultura,227,"Manejo de reproductores, desove y crías de larvas de especies hidrobiológicas",development_pack,Antecedentes del desarrollo y problema del modulo,REUTILIZACIÓN DEL BLOQUE HVAC CONFIRMADA EN PANTALLA; PERTINENCIA POR CONTRASTAR,,"Contexto del bloque: 'Sala de un liceo · climatización de aula'; antecedentes: 'UI-01, UI-02 y UE-01 aparecen en planta. El listado solo declara una unidad interior.'; desarrollo solicitado: 'Un parámetro del registro no coincide con el rango indicado en la ficha. Usa ficha de especie, registro de lote y parámetros ambientales, identifica el AE y criterio oficial correspondiente y prepara el producto «evaluación de lote y consulta al responsable» con evidencia de verificación.'. Registro: desarrollos-ui.jsonl, módulo 227.","Contexto del bloque: 'Sala de un liceo · climatización de aula'; antecedentes: 'UI-01, UI-02 y UE-01 aparecen en planta. El listado solo declara una unidad interior.'; desarrollo solicitado: 'Un parámetro del registro no coincide con el rango indicado en la ficha. Usa ficha de especie, registro de lote y parámetros ambientales, identifica el AE y criterio oficial correspondiente y prepara el producto «evaluación de lote y consulta al responsable» con evidencia de verificación.'.",Revisión localizada necesaria. Modificar solo si no se demuestra la relación del bloque con la tarea y el criterio; confirmar primero su pertinencia técnico-profesional.,"Revisar exclusivamente development_pack.context, role, objective, problem, background, evidence y constraints: vincularlos con el caso real del modulo, conservando el AE, la actividad y la rubrica. Confirmar primero su presentacion visible.","La observacion se relaciona con la comprension y la evidencia, no con preferencias esteticas.",Alta,PENDIENTE / NO EJECUTADO EN ESTA AUDITORÍA,CAM-0121,,,
19,Acuicultura,231,Cosecha de especies acuícolas,development_pack,Antecedentes del desarrollo y problema del modulo,REUTILIZACIÓN DEL BLOQUE HVAC CONFIRMADA EN PANTALLA; PERTINENCIA POR CONTRASTAR,,"Contexto del bloque: 'Sala de un liceo · climatización de aula'; antecedentes: 'UI-01, UI-02 y UE-01 aparecen en planta. El listado solo declara una unidad interior.'; desarrollo solicitado: 'El lote programado no coincide con la autorización de cosecha. Usa orden de cosecha, ficha de lote y pauta sanitaria, identifica el AE y criterio oficial correspondiente y prepara el producto «control documental y suspensión preventiva simulada» con evidencia de verificación.'. Registro: desarrollos-ui.jsonl, módulo 231.","Contexto del bloque: 'Sala de un liceo · climatización de aula'; antecedentes: 'UI-01, UI-02 y UE-01 aparecen en planta. El listado solo declara una unidad interior.'; desarrollo solicitado: 'El lote programado no coincide con la autorización de cosecha. Usa orden de cosecha, ficha de lote y pauta sanitaria, identifica el AE y criterio oficial correspondiente y prepara el producto «control documental y suspensión preventiva simulada» con evidencia de verificación.'.",Revisión localizada necesaria. Modificar solo si no se demuestra la relación del bloque con la tarea y el criterio; confirmar primero su pertinencia técnico-profesional.,"Revisar exclusivamente development_pack.context, role, objective, problem, background, evidence y constraints: vincularlos con el caso real del modulo, conservando el AE, la actividad y la rubrica. Confirmar primero su presentacion visible.","La observacion se relaciona con la comprension y la evidencia, no con preferencias esteticas.",Alta,PENDIENTE / NO EJECUTADO EN ESTA AUDITORÍA,CAM-0122,,,
19,Acuicultura,232,Captación de semillas,development_pack,Antecedentes del desarrollo y problema del modulo,REUTILIZACIÓN DEL BLOQUE HVAC CONFIRMADA EN PANTALLA; PERTINENCIA POR CONTRASTAR,,"Contexto del bloque: 'Sala de un liceo · climatización de aula'; antecedentes: 'UI-01, UI-02 y UE-01 aparecen en planta. El listado solo declara una unidad interior.'; desarrollo solicitado: 'El período registrado no coincide con el plan aprobado. Usa ficha de especie, plan de captación y registro ambiental, identifica el AE y criterio oficial correspondiente y prepara el producto «revisión de oportunidad y consulta técnica» con evidencia de verificación.'. Registro: desarrollos-ui.jsonl, módulo 232.","Contexto del bloque: 'Sala de un liceo · climatización de aula'; antecedentes: 'UI-01, UI-02 y UE-01 aparecen en planta. El listado solo declara una unidad interior.'; desarrollo solicitado: 'El período registrado no coincide con el plan aprobado. Usa ficha de especie, plan de captación y registro ambiental, identifica el AE y criterio oficial correspondiente y prepara el producto «revisión de oportunidad y consulta técnica» con evidencia de verificación.'.",Revisión localizada necesaria. Modificar solo si no se demuestra la relación del bloque con la tarea y el criterio; confirmar primero su pertinencia técnico-profesional.,"Revisar exclusivamente development_pack.context, role, objective, problem, background, evidence y constraints: vincularlos con el caso real del modulo, conservando el AE, la actividad y la rubrica. Confirmar primero su presentacion visible.","La observacion se relaciona con la comprension y la evidencia, no con preferencias esteticas.",Alta,PENDIENTE / NO EJECUTADO EN ESTA AUDITORÍA,CAM-0123,,,
19,Acuicultura,233,Trabajos subacuáticos en acuicultura,development_pack,Antecedentes del desarrollo y problema del modulo,REUTILIZACIÓN DEL BLOQUE HVAC CONFIRMADA EN PANTALLA; PERTINENCIA POR CONTRASTAR,,"Contexto del bloque: 'Sala de un liceo · climatización de aula'; antecedentes: 'UI-01, UI-02 y UE-01 aparecen en planta. El listado solo declara una unidad interior.'; desarrollo solicitado: 'El permiso identifica una zona distinta de la señalada en el mapa. Usa permiso, mapa de zona y protocolo de emergencia, identifica el AE y criterio oficial correspondiente y prepara el producto «detección de incompatibilidad y derivación al supervisor de buceo» con evidencia de verificación.'. Registro: desarrollos-ui.jsonl, módulo 233.","Contexto del bloque: 'Sala de un liceo · climatización de aula'; antecedentes: 'UI-01, UI-02 y UE-01 aparecen en planta. El listado solo declara una unidad interior.'; desarrollo solicitado: 'El permiso identifica una zona distinta de la señalada en el mapa. Usa permiso, mapa de zona y protocolo de emergencia, identifica el AE y criterio oficial correspondiente y prepara el producto «detección de incompatibilidad y derivación al supervisor de buceo» con evidencia de verificación.'.",Revisión localizada necesaria. Modificar solo si no se demuestra la relación del bloque con la tarea y el criterio; confirmar primero su pertinencia técnico-profesional.,"Revisar exclusivamente development_pack.context, role, objective, problem, background, evidence y constraints: vincularlos con el caso real del modulo, conservando el AE, la actividad y la rubrica. Confirmar primero su presentacion visible.","La observacion se relaciona con la comprension y la evidencia, no con preferencias esteticas.",Alta,PENDIENTE / NO EJECUTADO EN ESTA AUDITORÍA,CAM-0124,,,
19,Acuicultura,234,Manejo de información acuícola,development_pack,Antecedentes del desarrollo y problema del modulo,REUTILIZACIÓN DEL BLOQUE HVAC CONFIRMADA EN PANTALLA; PERTINENCIA POR CONTRASTAR,,"Contexto del bloque: 'Sala de un liceo · climatización de aula'; antecedentes: 'UI-01, UI-02 y UE-01 aparecen en planta. El listado solo declara una unidad interior.'; desarrollo solicitado: 'Un lote figura con dos fechas de cosecha distintas. Usa planilla de producción, bitácora y ficha de trazabilidad, identifica el AE y criterio oficial correspondiente y prepara el producto «conciliación de datos y corrección justificada» con evidencia de verificación.'. Registro: desarrollos-ui.jsonl, módulo 234.","Contexto del bloque: 'Sala de un liceo · climatización de aula'; antecedentes: 'UI-01, UI-02 y UE-01 aparecen en planta. El listado solo declara una unidad interior.'; desarrollo solicitado: 'Un lote figura con dos fechas de cosecha distintas. Usa planilla de producción, bitácora y ficha de trazabilidad, identifica el AE y criterio oficial correspondiente y prepara el producto «conciliación de datos y corrección justificada» con evidencia de verificación.'.",Revisión localizada necesaria. Modificar solo si no se demuestra la relación del bloque con la tarea y el criterio; confirmar primero su pertinencia técnico-profesional.,"Revisar exclusivamente development_pack.context, role, objective, problem, background, evidence y constraints: vincularlos con el caso real del modulo, conservando el AE, la actividad y la rubrica. Confirmar primero su presentacion visible.","La observacion se relaciona con la comprension y la evidencia, no con preferencias esteticas.",Alta,PENDIENTE / NO EJECUTADO EN ESTA AUDITORÍA,CAM-0125,,,
19,Acuicultura,235,Emprendimiento y empleabilidad,development_pack,Antecedentes del desarrollo y problema del modulo,REUTILIZACIÓN DEL BLOQUE HVAC CONFIRMADA EN PANTALLA; PERTINENCIA POR CONTRASTAR,,"Contexto del bloque: 'Sala de un liceo · climatización de aula'; antecedentes: 'UI-01, UI-02 y UE-01 aparecen en planta. El listado solo declara una unidad interior.'; desarrollo solicitado: 'El presupuesto omite una medida de bioseguridad prevista. Usa propuesta, presupuesto y cronograma ficticios, identifica el AE y criterio oficial correspondiente y prepara el producto «plan de emprendimiento con costos revisados» con evidencia de verificación.'. Registro: desarrollos-ui.jsonl, módulo 235.","Contexto del bloque: 'Sala de un liceo · climatización de aula'; antecedentes: 'UI-01, UI-02 y UE-01 aparecen en planta. El listado solo declara una unidad interior.'; desarrollo solicitado: 'El presupuesto omite una medida de bioseguridad prevista. Usa propuesta, presupuesto y cronograma ficticios, identifica el AE y criterio oficial correspondiente y prepara el producto «plan de emprendimiento con costos revisados» con evidencia de verificación.'.",Revisión localizada necesaria. Modificar solo si no se demuestra la relación del bloque con la tarea y el criterio; confirmar primero su pertinencia técnico-profesional.,"Revisar exclusivamente development_pack.context, role, objective, problem, background, evidence y constraints: vincularlos con el caso real del modulo, conservando el AE, la actividad y la rubrica. Confirmar primero su presentacion visible.","La observacion se relaciona con la comprension y la evidencia, no con preferencias esteticas.",Alta,PENDIENTE / NO EJECUTADO EN ESTA AUDITORÍA,CAM-0126,,,
20,Operaciones Portuarias,218,Documentación en la operación portuaria,development_pack,Antecedentes del desarrollo y problema del modulo,REUTILIZACIÓN DEL BLOQUE HVAC CONFIRMADA EN PANTALLA; PERTINENCIA POR CONTRASTAR,,"Contexto del bloque: 'Sala de un liceo · climatización de aula'; antecedentes: 'UI-01, UI-02 y UE-01 aparecen en planta. El listado solo declara una unidad interior.'; desarrollo solicitado: 'El identificador de carga difiere entre el manifiesto y la guía. Usa manifiesto ficticio, guía y registro aduanero, identifica el AE y criterio oficial correspondiente y prepara el producto «conciliación documental y consulta de discrepancia» con evidencia de verificación.'. Registro: desarrollos-ui.jsonl, módulo 218.","Contexto del bloque: 'Sala de un liceo · climatización de aula'; antecedentes: 'UI-01, UI-02 y UE-01 aparecen en planta. El listado solo declara una unidad interior.'; desarrollo solicitado: 'El identificador de carga difiere entre el manifiesto y la guía. Usa manifiesto ficticio, guía y registro aduanero, identifica el AE y criterio oficial correspondiente y prepara el producto «conciliación documental y consulta de discrepancia» con evidencia de verificación.'.",Revisión localizada necesaria. Modificar solo si no se demuestra la relación del bloque con la tarea y el criterio; confirmar primero su pertinencia técnico-profesional.,"Revisar exclusivamente development_pack.context, role, objective, problem, background, evidence y constraints: vincularlos con el caso real del modulo, conservando el AE, la actividad y la rubrica. Confirmar primero su presentacion visible.","La observacion se relaciona con la comprension y la evidencia, no con preferencias esteticas.",Alta,PENDIENTE / NO EJECUTADO EN ESTA AUDITORÍA,CAM-0127,,,
20,Operaciones Portuarias,222,Tramitación y documentación de recepción y despacho de carga,development_pack,Antecedentes del desarrollo y problema del modulo,REUTILIZACIÓN DEL BLOQUE HVAC CONFIRMADA EN PANTALLA; PERTINENCIA POR CONTRASTAR,,"Contexto del bloque: 'Sala de un liceo · climatización de aula'; antecedentes: 'UI-01, UI-02 y UE-01 aparecen en planta. El listado solo declara una unidad interior.'; desarrollo solicitado: 'La hora de recepción no coincide entre comprobante y bitácora. Usa orden de despacho, comprobante y bitácora ficticios, identifica el AE y criterio oficial correspondiente y prepara el producto «trazabilidad corregida y observación registrada» con evidencia de verificación.'. Registro: desarrollos-ui.jsonl, módulo 222.","Contexto del bloque: 'Sala de un liceo · climatización de aula'; antecedentes: 'UI-01, UI-02 y UE-01 aparecen en planta. El listado solo declara una unidad interior.'; desarrollo solicitado: 'La hora de recepción no coincide entre comprobante y bitácora. Usa orden de despacho, comprobante y bitácora ficticios, identifica el AE y criterio oficial correspondiente y prepara el producto «trazabilidad corregida y observación registrada» con evidencia de verificación.'.",Revisión localizada necesaria. Modificar solo si no se demuestra la relación del bloque con la tarea y el criterio; confirmar primero su pertinencia técnico-profesional.,"Revisar exclusivamente development_pack.context, role, objective, problem, background, evidence y constraints: vincularlos con el caso real del modulo, conservando el AE, la actividad y la rubrica. Confirmar primero su presentacion visible.","La observacion se relaciona con la comprension y la evidencia, no con preferencias esteticas.",Alta,PENDIENTE / NO EJECUTADO EN ESTA AUDITORÍA,CAM-0128,,,
20,Operaciones Portuarias,223,Estiba y desestiba de naves mercantes,development_pack,Antecedentes del desarrollo y problema del modulo,REUTILIZACIÓN DEL BLOQUE HVAC CONFIRMADA EN PANTALLA; PERTINENCIA POR CONTRASTAR,,"Contexto del bloque: 'Sala de un liceo · climatización de aula'; antecedentes: 'UI-01, UI-02 y UE-01 aparecen en planta. El listado solo declara una unidad interior.'; desarrollo solicitado: 'La ubicación propuesta para una carga difiere del plano aprobado. Usa plano de nave, manifiesto y pauta de seguridad, identifica el AE y criterio oficial correspondiente y prepara el producto «identificación de incompatibilidad y consulta técnica» con evidencia de verificación.'. Registro: desarrollos-ui.jsonl, módulo 223.","Contexto del bloque: 'Sala de un liceo · climatización de aula'; antecedentes: 'UI-01, UI-02 y UE-01 aparecen en planta. El listado solo declara una unidad interior.'; desarrollo solicitado: 'La ubicación propuesta para una carga difiere del plano aprobado. Usa plano de nave, manifiesto y pauta de seguridad, identifica el AE y criterio oficial correspondiente y prepara el producto «identificación de incompatibilidad y consulta técnica» con evidencia de verificación.'.",Revisión localizada necesaria. Modificar solo si no se demuestra la relación del bloque con la tarea y el criterio; confirmar primero su pertinencia técnico-profesional.,"Revisar exclusivamente development_pack.context, role, objective, problem, background, evidence y constraints: vincularlos con el caso real del modulo, conservando el AE, la actividad y la rubrica. Confirmar primero su presentacion visible.","La observacion se relaciona con la comprension y la evidencia, no con preferencias esteticas.",Alta,PENDIENTE / NO EJECUTADO EN ESTA AUDITORÍA,CAM-0129,,,
20,Operaciones Portuarias,224,Tramitación de movilización y distribución de cargas,development_pack,Antecedentes del desarrollo y problema del modulo,REUTILIZACIÓN DEL BLOQUE HVAC CONFIRMADA EN PANTALLA; PERTINENCIA POR CONTRASTAR,,"Contexto del bloque: 'Sala de un liceo · climatización de aula'; antecedentes: 'UI-01, UI-02 y UE-01 aparecen en planta. El listado solo declara una unidad interior.'; desarrollo solicitado: 'El destino de la solicitud no coincide con el itinerario. Usa solicitud, itinerario y registro de transporte, identifica el AE y criterio oficial correspondiente y prepara el producto «revisión del trámite y control de versión» con evidencia de verificación.'. Registro: desarrollos-ui.jsonl, módulo 224.","Contexto del bloque: 'Sala de un liceo · climatización de aula'; antecedentes: 'UI-01, UI-02 y UE-01 aparecen en planta. El listado solo declara una unidad interior.'; desarrollo solicitado: 'El destino de la solicitud no coincide con el itinerario. Usa solicitud, itinerario y registro de transporte, identifica el AE y criterio oficial correspondiente y prepara el producto «revisión del trámite y control de versión» con evidencia de verificación.'.",Revisión localizada necesaria. Modificar solo si no se demuestra la relación del bloque con la tarea y el criterio; confirmar primero su pertinencia técnico-profesional.,"Revisar exclusivamente development_pack.context, role, objective, problem, background, evidence y constraints: vincularlos con el caso real del modulo, conservando el AE, la actividad y la rubrica. Confirmar primero su presentacion visible.","La observacion se relaciona con la comprension y la evidencia, no con preferencias esteticas.",Alta,PENDIENTE / NO EJECUTADO EN ESTA AUDITORÍA,CAM-0130,,,
20,Operaciones Portuarias,225,Organización y almacenamiento de cargas en zonas de depósito,development_pack,Antecedentes del desarrollo y problema del modulo,REUTILIZACIÓN DEL BLOQUE HVAC CONFIRMADA EN PANTALLA; PERTINENCIA POR CONTRASTAR,,"Contexto del bloque: 'Sala de un liceo · climatización de aula'; antecedentes: 'UI-01, UI-02 y UE-01 aparecen en planta. El listado solo declara una unidad interior.'; desarrollo solicitado: 'Un bulto figura en una zona distinta de la indicada en el plano. Usa inventario, plano de almacenamiento y ficha de carga, identifica el AE y criterio oficial correspondiente y prepara el producto «localización documentada y propuesta de corrección» con evidencia de verificación.'. Registro: desarrollos-ui.jsonl, módulo 225.","Contexto del bloque: 'Sala de un liceo · climatización de aula'; antecedentes: 'UI-01, UI-02 y UE-01 aparecen en planta. El listado solo declara una unidad interior.'; desarrollo solicitado: 'Un bulto figura en una zona distinta de la indicada en el plano. Usa inventario, plano de almacenamiento y ficha de carga, identifica el AE y criterio oficial correspondiente y prepara el producto «localización documentada y propuesta de corrección» con evidencia de verificación.'.",Revisión localizada necesaria. Modificar solo si no se demuestra la relación del bloque con la tarea y el criterio; confirmar primero su pertinencia técnico-profesional.,"Revisar exclusivamente development_pack.context, role, objective, problem, background, evidence y constraints: vincularlos con el caso real del modulo, conservando el AE, la actividad y la rubrica. Confirmar primero su presentacion visible.","La observacion se relaciona con la comprension y la evidencia, no con preferencias esteticas.",Alta,PENDIENTE / NO EJECUTADO EN ESTA AUDITORÍA,CAM-0131,,,
20,Operaciones Portuarias,226,Emprendimiento y empleabilidad,development_pack,Antecedentes del desarrollo y problema del modulo,REUTILIZACIÓN DEL BLOQUE HVAC CONFIRMADA EN PANTALLA; PERTINENCIA POR CONTRASTAR,,"Contexto del bloque: 'Sala de un liceo · climatización de aula'; antecedentes: 'UI-01, UI-02 y UE-01 aparecen en planta. El listado solo declara una unidad interior.'; desarrollo solicitado: 'El presupuesto omite un servicio incluido en la oferta. Usa propuesta, presupuesto y cronograma ficticios, identifica el AE y criterio oficial correspondiente y prepara el producto «plan de emprendimiento con costos revisados» con evidencia de verificación.'. Registro: desarrollos-ui.jsonl, módulo 226.","Contexto del bloque: 'Sala de un liceo · climatización de aula'; antecedentes: 'UI-01, UI-02 y UE-01 aparecen en planta. El listado solo declara una unidad interior.'; desarrollo solicitado: 'El presupuesto omite un servicio incluido en la oferta. Usa propuesta, presupuesto y cronograma ficticios, identifica el AE y criterio oficial correspondiente y prepara el producto «plan de emprendimiento con costos revisados» con evidencia de verificación.'.",Revisión localizada necesaria. Modificar solo si no se demuestra la relación del bloque con la tarea y el criterio; confirmar primero su pertinencia técnico-profesional.,"Revisar exclusivamente development_pack.context, role, objective, problem, background, evidence y constraints: vincularlos con el caso real del modulo, conservando el AE, la actividad y la rubrica. Confirmar primero su presentacion visible.","La observacion se relaciona con la comprension y la evidencia, no con preferencias esteticas.",Alta,PENDIENTE / NO EJECUTADO EN ESTA AUDITORÍA,CAM-0132,,,
21,Pesquería,236,Navegación y meteorología,development_pack,Antecedentes del desarrollo y problema del modulo,REUTILIZACIÓN DEL BLOQUE HVAC CONFIRMADA EN PANTALLA; PERTINENCIA POR CONTRASTAR,,"Contexto del bloque: 'Sala de un liceo · climatización de aula'; antecedentes: 'UI-01, UI-02 y UE-01 aparecen en planta. El listado solo declara una unidad interior.'; desarrollo solicitado: 'La hora de zarpe de la bitácora difiere de la ventana meteorológica registrada. Usa carta náutica, pronóstico y bitácora ficticios, identifica el AE y criterio oficial correspondiente y prepara el producto «análisis de navegación y consulta al responsable» con evidencia de verificación.'. Registro: desarrollos-ui.jsonl, módulo 236.","Contexto del bloque: 'Sala de un liceo · climatización de aula'; antecedentes: 'UI-01, UI-02 y UE-01 aparecen en planta. El listado solo declara una unidad interior.'; desarrollo solicitado: 'La hora de zarpe de la bitácora difiere de la ventana meteorológica registrada. Usa carta náutica, pronóstico y bitácora ficticios, identifica el AE y criterio oficial correspondiente y prepara el producto «análisis de navegación y consulta al responsable» con evidencia de verificación.'.",Revisión localizada necesaria. Modificar solo si no se demuestra la relación del bloque con la tarea y el criterio; confirmar primero su pertinencia técnico-profesional.,"Revisar exclusivamente development_pack.context, role, objective, problem, background, evidence y constraints: vincularlos con el caso real del modulo, conservando el AE, la actividad y la rubrica. Confirmar primero su presentacion visible.","La observacion se relaciona con la comprension y la evidencia, no con preferencias esteticas.",Alta,PENDIENTE / NO EJECUTADO EN ESTA AUDITORÍA,CAM-0133,,,
21,Pesquería,240,Primeros auxilios,development_pack,Antecedentes del desarrollo y problema del modulo,REUTILIZACIÓN DEL BLOQUE HVAC CONFIRMADA EN PANTALLA; PERTINENCIA POR CONTRASTAR,,"Contexto del bloque: 'Sala de un liceo · climatización de aula'; antecedentes: 'UI-01, UI-02 y UE-01 aparecen en planta. El listado solo declara una unidad interior.'; desarrollo solicitado: 'El registro no confirma la activación del canal de emergencia. Usa escenario ficticio, protocolo institucional y registro de aviso, identifica el AE y criterio oficial correspondiente y prepara el producto «decisión de alerta y coordinación con personal capacitado» con evidencia de verificación.'. Registro: desarrollos-ui.jsonl, módulo 240.","Contexto del bloque: 'Sala de un liceo · climatización de aula'; antecedentes: 'UI-01, UI-02 y UE-01 aparecen en planta. El listado solo declara una unidad interior.'; desarrollo solicitado: 'El registro no confirma la activación del canal de emergencia. Usa escenario ficticio, protocolo institucional y registro de aviso, identifica el AE y criterio oficial correspondiente y prepara el producto «decisión de alerta y coordinación con personal capacitado» con evidencia de verificación.'.",Revisión localizada necesaria. Modificar solo si no se demuestra la relación del bloque con la tarea y el criterio; confirmar primero su pertinencia técnico-profesional.,"Revisar exclusivamente development_pack.context, role, objective, problem, background, evidence y constraints: vincularlos con el caso real del modulo, conservando el AE, la actividad y la rubrica. Confirmar primero su presentacion visible.","La observacion se relaciona con la comprension y la evidencia, no con preferencias esteticas.",Alta,PENDIENTE / NO EJECUTADO EN ESTA AUDITORÍA,CAM-0134,,,
21,Pesquería,241,Maniobras y operación de artes de pesca,development_pack,Antecedentes del desarrollo y problema del modulo,REUTILIZACIÓN DEL BLOQUE HVAC CONFIRMADA EN PANTALLA; PERTINENCIA POR CONTRASTAR,,"Contexto del bloque: 'Sala de un liceo · climatización de aula'; antecedentes: 'UI-01, UI-02 y UE-01 aparecen en planta. El listado solo declara una unidad interior.'; desarrollo solicitado: 'El arte asignado difiere del autorizado en el plan. Usa plan de pesca, ficha de arte y pauta de seguridad, identifica el AE y criterio oficial correspondiente y prepara el producto «revisión documental y suspensión preventiva simulada» con evidencia de verificación.'. Registro: desarrollos-ui.jsonl, módulo 241.","Contexto del bloque: 'Sala de un liceo · climatización de aula'; antecedentes: 'UI-01, UI-02 y UE-01 aparecen en planta. El listado solo declara una unidad interior.'; desarrollo solicitado: 'El arte asignado difiere del autorizado en el plan. Usa plan de pesca, ficha de arte y pauta de seguridad, identifica el AE y criterio oficial correspondiente y prepara el producto «revisión documental y suspensión preventiva simulada» con evidencia de verificación.'.",Revisión localizada necesaria. Modificar solo si no se demuestra la relación del bloque con la tarea y el criterio; confirmar primero su pertinencia técnico-profesional.,"Revisar exclusivamente development_pack.context, role, objective, problem, background, evidence y constraints: vincularlos con el caso real del modulo, conservando el AE, la actividad y la rubrica. Confirmar primero su presentacion visible.","La observacion se relaciona con la comprension y la evidencia, no con preferencias esteticas.",Alta,PENDIENTE / NO EJECUTADO EN ESTA AUDITORÍA,CAM-0135,,,
21,Pesquería,242,Gestión de planes y proyectos de manejo y emprendimiento pesquero,development_pack,Antecedentes del desarrollo y problema del modulo,REUTILIZACIÓN DEL BLOQUE HVAC CONFIRMADA EN PANTALLA; PERTINENCIA POR CONTRASTAR,,"Contexto del bloque: 'Sala de un liceo · climatización de aula'; antecedentes: 'UI-01, UI-02 y UE-01 aparecen en planta. El listado solo declara una unidad interior.'; desarrollo solicitado: 'La actividad propuesta se ubica fuera del área autorizada. Usa plan de manejo, presupuesto y cronograma ficticios, identifica el AE y criterio oficial correspondiente y prepara el producto «plan corregido y justificación ambiental» con evidencia de verificación.'. Registro: desarrollos-ui.jsonl, módulo 242.","Contexto del bloque: 'Sala de un liceo · climatización de aula'; antecedentes: 'UI-01, UI-02 y UE-01 aparecen en planta. El listado solo declara una unidad interior.'; desarrollo solicitado: 'La actividad propuesta se ubica fuera del área autorizada. Usa plan de manejo, presupuesto y cronograma ficticios, identifica el AE y criterio oficial correspondiente y prepara el producto «plan corregido y justificación ambiental» con evidencia de verificación.'.",Revisión localizada necesaria. Modificar solo si no se demuestra la relación del bloque con la tarea y el criterio; confirmar primero su pertinencia técnico-profesional.,"Revisar exclusivamente development_pack.context, role, objective, problem, background, evidence y constraints: vincularlos con el caso real del modulo, conservando el AE, la actividad y la rubrica. Confirmar primero su presentacion visible.","La observacion se relaciona con la comprension y la evidencia, no con preferencias esteticas.",Alta,PENDIENTE / NO EJECUTADO EN ESTA AUDITORÍA,CAM-0136,,,
21,Pesquería,243,Comunicaciones marítimas,development_pack,Antecedentes del desarrollo y problema del modulo,REUTILIZACIÓN DEL BLOQUE HVAC CONFIRMADA EN PANTALLA; PERTINENCIA POR CONTRASTAR,,"Contexto del bloque: 'Sala de un liceo · climatización de aula'; antecedentes: 'UI-01, UI-02 y UE-01 aparecen en planta. El listado solo declara una unidad interior.'; desarrollo solicitado: 'El mensaje recibido indica una posición distinta de la bitácora. Usa protocolo, mensaje simulado y bitácora, identifica el AE y criterio oficial correspondiente y prepara el producto «verificación de información y reporte al responsable» con evidencia de verificación.'. Registro: desarrollos-ui.jsonl, módulo 243.","Contexto del bloque: 'Sala de un liceo · climatización de aula'; antecedentes: 'UI-01, UI-02 y UE-01 aparecen en planta. El listado solo declara una unidad interior.'; desarrollo solicitado: 'El mensaje recibido indica una posición distinta de la bitácora. Usa protocolo, mensaje simulado y bitácora, identifica el AE y criterio oficial correspondiente y prepara el producto «verificación de información y reporte al responsable» con evidencia de verificación.'.",Revisión localizada necesaria. Modificar solo si no se demuestra la relación del bloque con la tarea y el criterio; confirmar primero su pertinencia técnico-profesional.,"Revisar exclusivamente development_pack.context, role, objective, problem, background, evidence y constraints: vincularlos con el caso real del modulo, conservando el AE, la actividad y la rubrica. Confirmar primero su presentacion visible.","La observacion se relaciona con la comprension y la evidencia, no con preferencias esteticas.",Alta,PENDIENTE / NO EJECUTADO EN ESTA AUDITORÍA,CAM-0137,,,
21,Pesquería,244,Emprendimiento y empleabilidad,development_pack,Antecedentes del desarrollo y problema del modulo,REUTILIZACIÓN DEL BLOQUE HVAC CONFIRMADA EN PANTALLA; PERTINENCIA POR CONTRASTAR,,"Contexto del bloque: 'Sala de un liceo · climatización de aula'; antecedentes: 'UI-01, UI-02 y UE-01 aparecen en planta. El listado solo declara una unidad interior.'; desarrollo solicitado: 'El presupuesto omite un control sanitario previsto. Usa propuesta, presupuesto y cronograma ficticios, identifica el AE y criterio oficial correspondiente y prepara el producto «plan de emprendimiento con costos revisados» con evidencia de verificación.'. Registro: desarrollos-ui.jsonl, módulo 244.","Contexto del bloque: 'Sala de un liceo · climatización de aula'; antecedentes: 'UI-01, UI-02 y UE-01 aparecen en planta. El listado solo declara una unidad interior.'; desarrollo solicitado: 'El presupuesto omite un control sanitario previsto. Usa propuesta, presupuesto y cronograma ficticios, identifica el AE y criterio oficial correspondiente y prepara el producto «plan de emprendimiento con costos revisados» con evidencia de verificación.'.",Revisión localizada necesaria. Modificar solo si no se demuestra la relación del bloque con la tarea y el criterio; confirmar primero su pertinencia técnico-profesional.,"Revisar exclusivamente development_pack.context, role, objective, problem, background, evidence y constraints: vincularlos con el caso real del modulo, conservando el AE, la actividad y la rubrica. Confirmar primero su presentacion visible.","La observacion se relaciona con la comprension y la evidencia, no con preferencias esteticas.",Alta,PENDIENTE / NO EJECUTADO EN ESTA AUDITORÍA,CAM-0138,,,
22,Tripulación de Naves Mercantes y Especiales,245,Operación de equipos de maniobras de cubierta,development_pack,Antecedentes del desarrollo y problema del modulo,REUTILIZACIÓN DEL BLOQUE HVAC CONFIRMADA EN PANTALLA; PERTINENCIA POR CONTRASTAR,,"Contexto del bloque: 'Sala de un liceo · climatización de aula'; antecedentes: 'UI-01, UI-02 y UE-01 aparecen en planta. El listado solo declara una unidad interior.'; desarrollo solicitado: 'El equipo asignado difiere del autorizado en la orden. Usa orden ficticia, ficha de equipo y pauta de seguridad, identifica el AE y criterio oficial correspondiente y prepara el producto «detección de incompatibilidad y consulta al oficial responsable» con evidencia de verificación.'. Registro: desarrollos-ui.jsonl, módulo 245.","Contexto del bloque: 'Sala de un liceo · climatización de aula'; antecedentes: 'UI-01, UI-02 y UE-01 aparecen en planta. El listado solo declara una unidad interior.'; desarrollo solicitado: 'El equipo asignado difiere del autorizado en la orden. Usa orden ficticia, ficha de equipo y pauta de seguridad, identifica el AE y criterio oficial correspondiente y prepara el producto «detección de incompatibilidad y consulta al oficial responsable» con evidencia de verificación.'.",Revisión localizada necesaria. Modificar solo si no se demuestra la relación del bloque con la tarea y el criterio; confirmar primero su pertinencia técnico-profesional.,"Revisar exclusivamente development_pack.context, role, objective, problem, background, evidence y constraints: vincularlos con el caso real del modulo, conservando el AE, la actividad y la rubrica. Confirmar primero su presentacion visible.","La observacion se relaciona con la comprension y la evidencia, no con preferencias esteticas.",Alta,PENDIENTE / NO EJECUTADO EN ESTA AUDITORÍA,CAM-0139,,,
22,Tripulación de Naves Mercantes y Especiales,249,Primeros auxilios,development_pack,Antecedentes del desarrollo y problema del modulo,REUTILIZACIÓN DEL BLOQUE HVAC CONFIRMADA EN PANTALLA; PERTINENCIA POR CONTRASTAR,,"Contexto del bloque: 'Sala de un liceo · climatización de aula'; antecedentes: 'UI-01, UI-02 y UE-01 aparecen en planta. El listado solo declara una unidad interior.'; desarrollo solicitado: 'No hay constancia de la activación del canal de emergencia. Usa caso ficticio, protocolo institucional y registro de alerta, identifica el AE y criterio oficial correspondiente y prepara el producto «priorización del aviso y coordinación con personal capacitado» con evidencia de verificación.'. Registro: desarrollos-ui.jsonl, módulo 249.","Contexto del bloque: 'Sala de un liceo · climatización de aula'; antecedentes: 'UI-01, UI-02 y UE-01 aparecen en planta. El listado solo declara una unidad interior.'; desarrollo solicitado: 'No hay constancia de la activación del canal de emergencia. Usa caso ficticio, protocolo institucional y registro de alerta, identifica el AE y criterio oficial correspondiente y prepara el producto «priorización del aviso y coordinación con personal capacitado» con evidencia de verificación.'.",Revisión localizada necesaria. Modificar solo si no se demuestra la relación del bloque con la tarea y el criterio; confirmar primero su pertinencia técnico-profesional.,"Revisar exclusivamente development_pack.context, role, objective, problem, background, evidence y constraints: vincularlos con el caso real del modulo, conservando el AE, la actividad y la rubrica. Confirmar primero su presentacion visible.","La observacion se relaciona con la comprension y la evidencia, no con preferencias esteticas.",Alta,PENDIENTE / NO EJECUTADO EN ESTA AUDITORÍA,CAM-0140,,,
22,Tripulación de Naves Mercantes y Especiales,250,Operación de máquinas propulsoras y auxiliares,development_pack,Antecedentes del desarrollo y problema del modulo,REUTILIZACIÓN DEL BLOQUE HVAC CONFIRMADA EN PANTALLA; PERTINENCIA POR CONTRASTAR,,"Contexto del bloque: 'Sala de un liceo · climatización de aula'; antecedentes: 'UI-01, UI-02 y UE-01 aparecen en planta. El listado solo declara una unidad interior.'; desarrollo solicitado: 'Una lectura aparece fuera del rango indicado por el plan. Usa plan de funcionamiento, lecturas ficticias y manual, identifica el AE y criterio oficial correspondiente y prepara el producto «reporte de anomalía y derivación al responsable» con evidencia de verificación.'. Registro: desarrollos-ui.jsonl, módulo 250.","Contexto del bloque: 'Sala de un liceo · climatización de aula'; antecedentes: 'UI-01, UI-02 y UE-01 aparecen en planta. El listado solo declara una unidad interior.'; desarrollo solicitado: 'Una lectura aparece fuera del rango indicado por el plan. Usa plan de funcionamiento, lecturas ficticias y manual, identifica el AE y criterio oficial correspondiente y prepara el producto «reporte de anomalía y derivación al responsable» con evidencia de verificación.'.",Revisión localizada necesaria. Modificar solo si no se demuestra la relación del bloque con la tarea y el criterio; confirmar primero su pertinencia técnico-profesional.,"Revisar exclusivamente development_pack.context, role, objective, problem, background, evidence y constraints: vincularlos con el caso real del modulo, conservando el AE, la actividad y la rubrica. Confirmar primero su presentacion visible.","La observacion se relaciona con la comprension y la evidencia, no con preferencias esteticas.",Alta,PENDIENTE / NO EJECUTADO EN ESTA AUDITORÍA,CAM-0141,,,
22,Tripulación de Naves Mercantes y Especiales,251,Mantenimiento de máquinas marinas,development_pack,Antecedentes del desarrollo y problema del modulo,REUTILIZACIÓN DEL BLOQUE HVAC CONFIRMADA EN PANTALLA; PERTINENCIA POR CONTRASTAR,,"Contexto del bloque: 'Sala de un liceo · climatización de aula'; antecedentes: 'UI-01, UI-02 y UE-01 aparecen en planta. El listado solo declara una unidad interior.'; desarrollo solicitado: 'El historial muestra una intervención que no aparece en la orden. Usa historial, orden de trabajo y ficha técnica, identifica el AE y criterio oficial correspondiente y prepara el producto «revisión de mantenimiento y consulta técnica» con evidencia de verificación.'. Registro: desarrollos-ui.jsonl, módulo 251.","Contexto del bloque: 'Sala de un liceo · climatización de aula'; antecedentes: 'UI-01, UI-02 y UE-01 aparecen en planta. El listado solo declara una unidad interior.'; desarrollo solicitado: 'El historial muestra una intervención que no aparece en la orden. Usa historial, orden de trabajo y ficha técnica, identifica el AE y criterio oficial correspondiente y prepara el producto «revisión de mantenimiento y consulta técnica» con evidencia de verificación.'.",Revisión localizada necesaria. Modificar solo si no se demuestra la relación del bloque con la tarea y el criterio; confirmar primero su pertinencia técnico-profesional.,"Revisar exclusivamente development_pack.context, role, objective, problem, background, evidence y constraints: vincularlos con el caso real del modulo, conservando el AE, la actividad y la rubrica. Confirmar primero su presentacion visible.","La observacion se relaciona con la comprension y la evidencia, no con preferencias esteticas.",Alta,PENDIENTE / NO EJECUTADO EN ESTA AUDITORÍA,CAM-0142,,,
22,Tripulación de Naves Mercantes y Especiales,252,Comunicaciones,development_pack,Antecedentes del desarrollo y problema del modulo,REUTILIZACIÓN DEL BLOQUE HVAC CONFIRMADA EN PANTALLA; PERTINENCIA POR CONTRASTAR,,"Contexto del bloque: 'Sala de un liceo · climatización de aula'; antecedentes: 'UI-01, UI-02 y UE-01 aparecen en planta. El listado solo declara una unidad interior.'; desarrollo solicitado: 'La posición transmitida difiere de la posición registrada. Usa protocolo, mensaje ficticio y bitácora, identifica el AE y criterio oficial correspondiente y prepara el producto «verificación de mensaje y reporte por el canal formal» con evidencia de verificación.'. Registro: desarrollos-ui.jsonl, módulo 252.","Contexto del bloque: 'Sala de un liceo · climatización de aula'; antecedentes: 'UI-01, UI-02 y UE-01 aparecen en planta. El listado solo declara una unidad interior.'; desarrollo solicitado: 'La posición transmitida difiere de la posición registrada. Usa protocolo, mensaje ficticio y bitácora, identifica el AE y criterio oficial correspondiente y prepara el producto «verificación de mensaje y reporte por el canal formal» con evidencia de verificación.'.",Revisión localizada necesaria. Modificar solo si no se demuestra la relación del bloque con la tarea y el criterio; confirmar primero su pertinencia técnico-profesional.,"Revisar exclusivamente development_pack.context, role, objective, problem, background, evidence y constraints: vincularlos con el caso real del modulo, conservando el AE, la actividad y la rubrica. Confirmar primero su presentacion visible.","La observacion se relaciona con la comprension y la evidencia, no con preferencias esteticas.",Alta,PENDIENTE / NO EJECUTADO EN ESTA AUDITORÍA,CAM-0143,,,
22,Tripulación de Naves Mercantes y Especiales,253,Emprendimiento y empleabilidad,development_pack,Antecedentes del desarrollo y problema del modulo,REUTILIZACIÓN DEL BLOQUE HVAC CONFIRMADA EN PANTALLA; PERTINENCIA POR CONTRASTAR,,"Contexto del bloque: 'Sala de un liceo · climatización de aula'; antecedentes: 'UI-01, UI-02 y UE-01 aparecen en planta. El listado solo declara una unidad interior.'; desarrollo solicitado: 'El presupuesto omite una medida de seguridad prevista. Usa propuesta, presupuesto y cronograma ficticios, identifica el AE y criterio oficial correspondiente y prepara el producto «plan de emprendimiento con costos revisados» con evidencia de verificación.'. Registro: desarrollos-ui.jsonl, módulo 253.","Contexto del bloque: 'Sala de un liceo · climatización de aula'; antecedentes: 'UI-01, UI-02 y UE-01 aparecen en planta. El listado solo declara una unidad interior.'; desarrollo solicitado: 'El presupuesto omite una medida de seguridad prevista. Usa propuesta, presupuesto y cronograma ficticios, identifica el AE y criterio oficial correspondiente y prepara el producto «plan de emprendimiento con costos revisados» con evidencia de verificación.'.",Revisión localizada necesaria. Modificar solo si no se demuestra la relación del bloque con la tarea y el criterio; confirmar primero su pertinencia técnico-profesional.,"Revisar exclusivamente development_pack.context, role, objective, problem, background, evidence y constraints: vincularlos con el caso real del modulo, conservando el AE, la actividad y la rubrica. Confirmar primero su presentacion visible.","La observacion se relaciona con la comprension y la evidencia, no con preferencias esteticas.",Alta,PENDIENTE / NO EJECUTADO EN ESTA AUDITORÍA,CAM-0144,,,
23,Construcciones Metálicas,171,Lectura y dibujo de planos en construcciones metálicas,development_pack,Antecedentes del desarrollo y problema del modulo,REUTILIZACIÓN DEL BLOQUE HVAC CONFIRMADA EN PANTALLA; PERTINENCIA POR CONTRASTAR,,"Contexto del bloque: 'Sala de un liceo · climatización de aula'; antecedentes: 'UI-01, UI-02 y UE-01 aparecen en planta. El listado solo declara una unidad interior.'; desarrollo solicitado: 'Una cota del plano no coincide con la lista de piezas. Usa plano de conjunto, simbología y especificaciones, identifica el AE y criterio oficial correspondiente y prepara el producto «lectura de plano y consulta de discrepancia» con evidencia de verificación.'. Registro: desarrollos-ui.jsonl, módulo 171.","Contexto del bloque: 'Sala de un liceo · climatización de aula'; antecedentes: 'UI-01, UI-02 y UE-01 aparecen en planta. El listado solo declara una unidad interior.'; desarrollo solicitado: 'Una cota del plano no coincide con la lista de piezas. Usa plano de conjunto, simbología y especificaciones, identifica el AE y criterio oficial correspondiente y prepara el producto «lectura de plano y consulta de discrepancia» con evidencia de verificación.'.",Revisión localizada necesaria. Modificar solo si no se demuestra la relación del bloque con la tarea y el criterio; confirmar primero su pertinencia técnico-profesional.,"Revisar exclusivamente development_pack.context, role, objective, problem, background, evidence y constraints: vincularlos con el caso real del modulo, conservando el AE, la actividad y la rubrica. Confirmar primero su presentacion visible.","La observacion se relaciona con la comprension y la evidencia, no con preferencias esteticas.",Alta,PENDIENTE / NO EJECUTADO EN ESTA AUDITORÍA,CAM-0145,,,
23,Construcciones Metálicas,175,Corte y soldadura en construcciones metálicas,development_pack,Antecedentes del desarrollo y problema del modulo,REUTILIZACIÓN DEL BLOQUE HVAC CONFIRMADA EN PANTALLA; PERTINENCIA POR CONTRASTAR,,"Contexto del bloque: 'Sala de un liceo · climatización de aula'; antecedentes: 'UI-01, UI-02 y UE-01 aparecen en planta. El listado solo declara una unidad interior.'; desarrollo solicitado: 'La unión de la orden no coincide con el detalle del plano. Usa plano de unión, orden y ficha preventiva, identifica el AE y criterio oficial correspondiente y prepara el producto «análisis de riesgo y solicitud de aclaración antes de intervenir» con evidencia de verificación.'. Registro: desarrollos-ui.jsonl, módulo 175.","Contexto del bloque: 'Sala de un liceo · climatización de aula'; antecedentes: 'UI-01, UI-02 y UE-01 aparecen en planta. El listado solo declara una unidad interior.'; desarrollo solicitado: 'La unión de la orden no coincide con el detalle del plano. Usa plano de unión, orden y ficha preventiva, identifica el AE y criterio oficial correspondiente y prepara el producto «análisis de riesgo y solicitud de aclaración antes de intervenir» con evidencia de verificación.'.",Revisión localizada necesaria. Modificar solo si no se demuestra la relación del bloque con la tarea y el criterio; confirmar primero su pertinencia técnico-profesional.,"Revisar exclusivamente development_pack.context, role, objective, problem, background, evidence y constraints: vincularlos con el caso real del modulo, conservando el AE, la actividad y la rubrica. Confirmar primero su presentacion visible.","La observacion se relaciona con la comprension y la evidencia, no con preferencias esteticas.",Alta,PENDIENTE / NO EJECUTADO EN ESTA AUDITORÍA,CAM-0146,,,
23,Construcciones Metálicas,176,Armado y montaje en construcciones metálicas,development_pack,Antecedentes del desarrollo y problema del modulo,REUTILIZACIÓN DEL BLOQUE HVAC CONFIRMADA EN PANTALLA; PERTINENCIA POR CONTRASTAR,,"Contexto del bloque: 'Sala de un liceo · climatización de aula'; antecedentes: 'UI-01, UI-02 y UE-01 aparecen en planta. El listado solo declara una unidad interior.'; desarrollo solicitado: 'Falta una pieza en el inventario respecto de la secuencia aprobada. Usa plano de montaje, inventario y pauta de inspección, identifica el AE y criterio oficial correspondiente y prepara el producto «plan de armado revisado y registro de faltantes» con evidencia de verificación.'. Registro: desarrollos-ui.jsonl, módulo 176.","Contexto del bloque: 'Sala de un liceo · climatización de aula'; antecedentes: 'UI-01, UI-02 y UE-01 aparecen en planta. El listado solo declara una unidad interior.'; desarrollo solicitado: 'Falta una pieza en el inventario respecto de la secuencia aprobada. Usa plano de montaje, inventario y pauta de inspección, identifica el AE y criterio oficial correspondiente y prepara el producto «plan de armado revisado y registro de faltantes» con evidencia de verificación.'.",Revisión localizada necesaria. Modificar solo si no se demuestra la relación del bloque con la tarea y el criterio; confirmar primero su pertinencia técnico-profesional.,"Revisar exclusivamente development_pack.context, role, objective, problem, background, evidence y constraints: vincularlos con el caso real del modulo, conservando el AE, la actividad y la rubrica. Confirmar primero su presentacion visible.","La observacion se relaciona con la comprension y la evidencia, no con preferencias esteticas.",Alta,PENDIENTE / NO EJECUTADO EN ESTA AUDITORÍA,CAM-0147,,,
23,Construcciones Metálicas,177,Protección de estructuras y tratamientos de residuos,development_pack,Antecedentes del desarrollo y problema del modulo,REUTILIZACIÓN DEL BLOQUE HVAC CONFIRMADA EN PANTALLA; PERTINENCIA POR CONTRASTAR,,"Contexto del bloque: 'Sala de un liceo · climatización de aula'; antecedentes: 'UI-01, UI-02 y UE-01 aparecen en planta. El listado solo declara una unidad interior.'; desarrollo solicitado: 'Un residuo está clasificado de forma distinta en dos registros. Usa fichas de recubrimiento, residuos y pauta ambiental, identifica el AE y criterio oficial correspondiente y prepara el producto «clasificación justificada y consulta de manejo seguro» con evidencia de verificación.'. Registro: desarrollos-ui.jsonl, módulo 177.","Contexto del bloque: 'Sala de un liceo · climatización de aula'; antecedentes: 'UI-01, UI-02 y UE-01 aparecen en planta. El listado solo declara una unidad interior.'; desarrollo solicitado: 'Un residuo está clasificado de forma distinta en dos registros. Usa fichas de recubrimiento, residuos y pauta ambiental, identifica el AE y criterio oficial correspondiente y prepara el producto «clasificación justificada y consulta de manejo seguro» con evidencia de verificación.'.",Revisión localizada necesaria. Modificar solo si no se demuestra la relación del bloque con la tarea y el criterio; confirmar primero su pertinencia técnico-profesional.,"Revisar exclusivamente development_pack.context, role, objective, problem, background, evidence y constraints: vincularlos con el caso real del modulo, conservando el AE, la actividad y la rubrica. Confirmar primero su presentacion visible.","La observacion se relaciona con la comprension y la evidencia, no con preferencias esteticas.",Alta,PENDIENTE / NO EJECUTADO EN ESTA AUDITORÍA,CAM-0148,,,
23,Construcciones Metálicas,178,Cubicación de materiales e insumos en construcciones metálicas,development_pack,Antecedentes del desarrollo y problema del modulo,REUTILIZACIÓN DEL BLOQUE HVAC CONFIRMADA EN PANTALLA; PERTINENCIA POR CONTRASTAR,,"Contexto del bloque: 'Sala de un liceo · climatización de aula'; antecedentes: 'UI-01, UI-02 y UE-01 aparecen en planta. El listado solo declara una unidad interior.'; desarrollo solicitado: 'La cantidad presupuestada no coincide con las medidas del plano. Usa planos, metrado y presupuesto de referencia, identifica el AE y criterio oficial correspondiente y prepara el producto «cubicación comprobada y diferencia documentada» con evidencia de verificación.'. Registro: desarrollos-ui.jsonl, módulo 178.","Contexto del bloque: 'Sala de un liceo · climatización de aula'; antecedentes: 'UI-01, UI-02 y UE-01 aparecen en planta. El listado solo declara una unidad interior.'; desarrollo solicitado: 'La cantidad presupuestada no coincide con las medidas del plano. Usa planos, metrado y presupuesto de referencia, identifica el AE y criterio oficial correspondiente y prepara el producto «cubicación comprobada y diferencia documentada» con evidencia de verificación.'.",Revisión localizada necesaria. Modificar solo si no se demuestra la relación del bloque con la tarea y el criterio; confirmar primero su pertinencia técnico-profesional.,"Revisar exclusivamente development_pack.context, role, objective, problem, background, evidence y constraints: vincularlos con el caso real del modulo, conservando el AE, la actividad y la rubrica. Confirmar primero su presentacion visible.","La observacion se relaciona con la comprension y la evidencia, no con preferencias esteticas.",Alta,PENDIENTE / NO EJECUTADO EN ESTA AUDITORÍA,CAM-0149,,,
23,Construcciones Metálicas,179,Emprendimiento y empleabilidad,development_pack,Antecedentes del desarrollo y problema del modulo,REUTILIZACIÓN DEL BLOQUE HVAC CONFIRMADA EN PANTALLA; PERTINENCIA POR CONTRASTAR,,"Contexto del bloque: 'Sala de un liceo · climatización de aula'; antecedentes: 'UI-01, UI-02 y UE-01 aparecen en planta. El listado solo declara una unidad interior.'; desarrollo solicitado: 'El presupuesto omite una etapa incluida en la propuesta. Usa propuesta, presupuesto y cronograma ficticios, identifica el AE y criterio oficial correspondiente y prepara el producto «plan de emprendimiento con costos revisados» con evidencia de verificación.'. Registro: desarrollos-ui.jsonl, módulo 179.","Contexto del bloque: 'Sala de un liceo · climatización de aula'; antecedentes: 'UI-01, UI-02 y UE-01 aparecen en planta. El listado solo declara una unidad interior.'; desarrollo solicitado: 'El presupuesto omite una etapa incluida en la propuesta. Usa propuesta, presupuesto y cronograma ficticios, identifica el AE y criterio oficial correspondiente y prepara el producto «plan de emprendimiento con costos revisados» con evidencia de verificación.'.",Revisión localizada necesaria. Modificar solo si no se demuestra la relación del bloque con la tarea y el criterio; confirmar primero su pertinencia técnico-profesional.,"Revisar exclusivamente development_pack.context, role, objective, problem, background, evidence y constraints: vincularlos con el caso real del modulo, conservando el AE, la actividad y la rubrica. Confirmar primero su presentacion visible.","La observacion se relaciona con la comprension y la evidencia, no con preferencias esteticas.",Alta,PENDIENTE / NO EJECUTADO EN ESTA AUDITORÍA,CAM-0150,,,
24,Mecánica Automotriz,254,Ajuste de motores,development_pack,Antecedentes del desarrollo y problema del modulo,REUTILIZACIÓN DEL BLOQUE HVAC CONFIRMADA EN PANTALLA; PERTINENCIA POR CONTRASTAR,,"Contexto del bloque: 'Sala de un liceo · climatización de aula'; antecedentes: 'UI-01, UI-02 y UE-01 aparecen en planta. El listado solo declara una unidad interior.'; desarrollo solicitado: 'Una lectura registrada no coincide con el rango del manual. Usa orden de trabajo, manual y lecturas ficticias, identifica el AE y criterio oficial correspondiente y prepara el producto «informe de discrepancia y consulta técnica» con evidencia de verificación.'. Registro: desarrollos-ui.jsonl, módulo 254.","Contexto del bloque: 'Sala de un liceo · climatización de aula'; antecedentes: 'UI-01, UI-02 y UE-01 aparecen en planta. El listado solo declara una unidad interior.'; desarrollo solicitado: 'Una lectura registrada no coincide con el rango del manual. Usa orden de trabajo, manual y lecturas ficticias, identifica el AE y criterio oficial correspondiente y prepara el producto «informe de discrepancia y consulta técnica» con evidencia de verificación.'.",Revisión localizada necesaria. Modificar solo si no se demuestra la relación del bloque con la tarea y el criterio; confirmar primero su pertinencia técnico-profesional.,"Revisar exclusivamente development_pack.context, role, objective, problem, background, evidence y constraints: vincularlos con el caso real del modulo, conservando el AE, la actividad y la rubrica. Confirmar primero su presentacion visible.","La observacion se relaciona con la comprension y la evidencia, no con preferencias esteticas.",Alta,PENDIENTE / NO EJECUTADO EN ESTA AUDITORÍA,CAM-0151,,,
24,Mecánica Automotriz,258,Mantenimiento de sistemas eléctricos y electrónicos,development_pack,Antecedentes del desarrollo y problema del modulo,REUTILIZACIÓN DEL BLOQUE HVAC CONFIRMADA EN PANTALLA; PERTINENCIA POR CONTRASTAR,,"Contexto del bloque: 'Sala de un liceo · climatización de aula'; antecedentes: 'UI-01, UI-02 y UE-01 aparecen en planta. El listado solo declara una unidad interior.'; desarrollo solicitado: 'La lectura anotada corresponde a un circuito diferente del diagrama. Usa diagrama, registro de mediciones ficticias y manual, identifica el AE y criterio oficial correspondiente y prepara el producto «verificación de circuito y observación técnica» con evidencia de verificación.'. Registro: desarrollos-ui.jsonl, módulo 258.","Contexto del bloque: 'Sala de un liceo · climatización de aula'; antecedentes: 'UI-01, UI-02 y UE-01 aparecen en planta. El listado solo declara una unidad interior.'; desarrollo solicitado: 'La lectura anotada corresponde a un circuito diferente del diagrama. Usa diagrama, registro de mediciones ficticias y manual, identifica el AE y criterio oficial correspondiente y prepara el producto «verificación de circuito y observación técnica» con evidencia de verificación.'.",Revisión localizada necesaria. Modificar solo si no se demuestra la relación del bloque con la tarea y el criterio; confirmar primero su pertinencia técnico-profesional.,"Revisar exclusivamente development_pack.context, role, objective, problem, background, evidence y constraints: vincularlos con el caso real del modulo, conservando el AE, la actividad y la rubrica. Confirmar primero su presentacion visible.","La observacion se relaciona con la comprension y la evidencia, no con preferencias esteticas.",Alta,PENDIENTE / NO EJECUTADO EN ESTA AUDITORÍA,CAM-0152,,,
24,Mecánica Automotriz,259,Mantenimiento de motores,development_pack,Antecedentes del desarrollo y problema del modulo,REUTILIZACIÓN DEL BLOQUE HVAC CONFIRMADA EN PANTALLA; PERTINENCIA POR CONTRASTAR,,"Contexto del bloque: 'Sala de un liceo · climatización de aula'; antecedentes: 'UI-01, UI-02 y UE-01 aparecen en planta. El listado solo declara una unidad interior.'; desarrollo solicitado: 'La fecha de intervención difiere entre historial y ficha. Usa historial, ficha de servicio y manual, identifica el AE y criterio oficial correspondiente y prepara el producto «plan de mantenimiento revisado» con evidencia de verificación.'. Registro: desarrollos-ui.jsonl, módulo 259.","Contexto del bloque: 'Sala de un liceo · climatización de aula'; antecedentes: 'UI-01, UI-02 y UE-01 aparecen en planta. El listado solo declara una unidad interior.'; desarrollo solicitado: 'La fecha de intervención difiere entre historial y ficha. Usa historial, ficha de servicio y manual, identifica el AE y criterio oficial correspondiente y prepara el producto «plan de mantenimiento revisado» con evidencia de verificación.'.",Revisión localizada necesaria. Modificar solo si no se demuestra la relación del bloque con la tarea y el criterio; confirmar primero su pertinencia técnico-profesional.,"Revisar exclusivamente development_pack.context, role, objective, problem, background, evidence y constraints: vincularlos con el caso real del modulo, conservando el AE, la actividad y la rubrica. Confirmar primero su presentacion visible.","La observacion se relaciona con la comprension y la evidencia, no con preferencias esteticas.",Alta,PENDIENTE / NO EJECUTADO EN ESTA AUDITORÍA,CAM-0153,,,
24,Mecánica Automotriz,260,Mantenimiento de sistemas hidráulicos y neumáticos,development_pack,Antecedentes del desarrollo y problema del modulo,REUTILIZACIÓN DEL BLOQUE HVAC CONFIRMADA EN PANTALLA; PERTINENCIA POR CONTRASTAR,,"Contexto del bloque: 'Sala de un liceo · climatización de aula'; antecedentes: 'UI-01, UI-02 y UE-01 aparecen en planta. El listado solo declara una unidad interior.'; desarrollo solicitado: 'Una presión registrada no coincide con el rango de referencia. Usa esquema, bitácora y registro de presión ficticio, identifica el AE y criterio oficial correspondiente y prepara el producto «análisis documental y derivación al supervisor» con evidencia de verificación.'. Registro: desarrollos-ui.jsonl, módulo 260.","Contexto del bloque: 'Sala de un liceo · climatización de aula'; antecedentes: 'UI-01, UI-02 y UE-01 aparecen en planta. El listado solo declara una unidad interior.'; desarrollo solicitado: 'Una presión registrada no coincide con el rango de referencia. Usa esquema, bitácora y registro de presión ficticio, identifica el AE y criterio oficial correspondiente y prepara el producto «análisis documental y derivación al supervisor» con evidencia de verificación.'.",Revisión localizada necesaria. Modificar solo si no se demuestra la relación del bloque con la tarea y el criterio; confirmar primero su pertinencia técnico-profesional.,"Revisar exclusivamente development_pack.context, role, objective, problem, background, evidence y constraints: vincularlos con el caso real del modulo, conservando el AE, la actividad y la rubrica. Confirmar primero su presentacion visible.","La observacion se relaciona con la comprension y la evidencia, no con preferencias esteticas.",Alta,PENDIENTE / NO EJECUTADO EN ESTA AUDITORÍA,CAM-0154,,,
24,Mecánica Automotriz,261,Mantenimiento de los sistemas de transmisión y frenos,development_pack,Antecedentes del desarrollo y problema del modulo,REUTILIZACIÓN DEL BLOQUE HVAC CONFIRMADA EN PANTALLA; PERTINENCIA POR CONTRASTAR,,"Contexto del bloque: 'Sala de un liceo · climatización de aula'; antecedentes: 'UI-01, UI-02 y UE-01 aparecen en planta. El listado solo declara una unidad interior.'; desarrollo solicitado: 'Una observación de frenos falta en la orden de trabajo. Usa orden, manual y pauta de seguridad, identifica el AE y criterio oficial correspondiente y prepara el producto «reporte preventivo y solicitud de inspección autorizada» con evidencia de verificación.'. Registro: desarrollos-ui.jsonl, módulo 261.","Contexto del bloque: 'Sala de un liceo · climatización de aula'; antecedentes: 'UI-01, UI-02 y UE-01 aparecen en planta. El listado solo declara una unidad interior.'; desarrollo solicitado: 'Una observación de frenos falta en la orden de trabajo. Usa orden, manual y pauta de seguridad, identifica el AE y criterio oficial correspondiente y prepara el producto «reporte preventivo y solicitud de inspección autorizada» con evidencia de verificación.'.",Revisión localizada necesaria. Modificar solo si no se demuestra la relación del bloque con la tarea y el criterio; confirmar primero su pertinencia técnico-profesional.,"Revisar exclusivamente development_pack.context, role, objective, problem, background, evidence y constraints: vincularlos con el caso real del modulo, conservando el AE, la actividad y la rubrica. Confirmar primero su presentacion visible.","La observacion se relaciona con la comprension y la evidencia, no con preferencias esteticas.",Alta,PENDIENTE / NO EJECUTADO EN ESTA AUDITORÍA,CAM-0155,,,
24,Mecánica Automotriz,262,Mantenimiento de sistemas de dirección y suspensión,development_pack,Antecedentes del desarrollo y problema del modulo,REUTILIZACIÓN DEL BLOQUE HVAC CONFIRMADA EN PANTALLA; PERTINENCIA POR CONTRASTAR,,"Contexto del bloque: 'Sala de un liceo · climatización de aula'; antecedentes: 'UI-01, UI-02 y UE-01 aparecen en planta. El listado solo declara una unidad interior.'; desarrollo solicitado: 'El resultado de inspección difiere del historial reciente. Usa historial, pauta y resultados simulados, identifica el AE y criterio oficial correspondiente y prepara el producto «comparación de registros y recomendación de verificación» con evidencia de verificación.'. Registro: desarrollos-ui.jsonl, módulo 262.","Contexto del bloque: 'Sala de un liceo · climatización de aula'; antecedentes: 'UI-01, UI-02 y UE-01 aparecen en planta. El listado solo declara una unidad interior.'; desarrollo solicitado: 'El resultado de inspección difiere del historial reciente. Usa historial, pauta y resultados simulados, identifica el AE y criterio oficial correspondiente y prepara el producto «comparación de registros y recomendación de verificación» con evidencia de verificación.'.",Revisión localizada necesaria. Modificar solo si no se demuestra la relación del bloque con la tarea y el criterio; confirmar primero su pertinencia técnico-profesional.,"Revisar exclusivamente development_pack.context, role, objective, problem, background, evidence y constraints: vincularlos con el caso real del modulo, conservando el AE, la actividad y la rubrica. Confirmar primero su presentacion visible.","La observacion se relaciona con la comprension y la evidencia, no con preferencias esteticas.",Alta,PENDIENTE / NO EJECUTADO EN ESTA AUDITORÍA,CAM-0156,,,
24,Mecánica Automotriz,263,Emprendimiento y empleabilidad,development_pack,Antecedentes del desarrollo y problema del modulo,REUTILIZACIÓN DEL BLOQUE HVAC CONFIRMADA EN PANTALLA; PERTINENCIA POR CONTRASTAR,,"Contexto del bloque: 'Sala de un liceo · climatización de aula'; antecedentes: 'UI-01, UI-02 y UE-01 aparecen en planta. El listado solo declara una unidad interior.'; desarrollo solicitado: 'El presupuesto omite una revisión ofrecida al cliente. Usa propuesta, presupuesto y cronograma ficticios, identifica el AE y criterio oficial correspondiente y prepara el producto «plan de emprendimiento con costos revisados» con evidencia de verificación.'. Registro: desarrollos-ui.jsonl, módulo 263.","Contexto del bloque: 'Sala de un liceo · climatización de aula'; antecedentes: 'UI-01, UI-02 y UE-01 aparecen en planta. El listado solo declara una unidad interior.'; desarrollo solicitado: 'El presupuesto omite una revisión ofrecida al cliente. Usa propuesta, presupuesto y cronograma ficticios, identifica el AE y criterio oficial correspondiente y prepara el producto «plan de emprendimiento con costos revisados» con evidencia de verificación.'.",Revisión localizada necesaria. Modificar solo si no se demuestra la relación del bloque con la tarea y el criterio; confirmar primero su pertinencia técnico-profesional.,"Revisar exclusivamente development_pack.context, role, objective, problem, background, evidence y constraints: vincularlos con el caso real del modulo, conservando el AE, la actividad y la rubrica. Confirmar primero su presentacion visible.","La observacion se relaciona con la comprension y la evidencia, no con preferencias esteticas.",Alta,PENDIENTE / NO EJECUTADO EN ESTA AUDITORÍA,CAM-0157,,,
25,Mecánica de Mantenimiento de Aeronaves,441,Reparación y remplazo de elementos estructurales de la aeronave,development_pack,Antecedentes del desarrollo y problema del modulo,REUTILIZACIÓN DEL BLOQUE HVAC CONFIRMADA EN PANTALLA; PERTINENCIA POR CONTRASTAR,,"Contexto del bloque: 'Sala de un liceo · climatización de aula'; antecedentes: 'UI-01, UI-02 y UE-01 aparecen en planta. El listado solo declara una unidad interior.'; desarrollo solicitado: 'La zona registrada no coincide con el plano. Usa manual del fabricante, plano estructural y registro ficticio, identifica el AE y criterio oficial correspondiente y prepara el producto «reporte de discrepancia y consulta autorizada» con evidencia de verificación.'. Registro: desarrollos-ui.jsonl, módulo 441.","Contexto del bloque: 'Sala de un liceo · climatización de aula'; antecedentes: 'UI-01, UI-02 y UE-01 aparecen en planta. El listado solo declara una unidad interior.'; desarrollo solicitado: 'La zona registrada no coincide con el plano. Usa manual del fabricante, plano estructural y registro ficticio, identifica el AE y criterio oficial correspondiente y prepara el producto «reporte de discrepancia y consulta autorizada» con evidencia de verificación.'.",Revisión localizada necesaria. Modificar solo si no se demuestra la relación del bloque con la tarea y el criterio; confirmar primero su pertinencia técnico-profesional.,"Revisar exclusivamente development_pack.context, role, objective, problem, background, evidence y constraints: vincularlos con el caso real del modulo, conservando el AE, la actividad y la rubrica. Confirmar primero su presentacion visible.","La observacion se relaciona con la comprension y la evidencia, no con preferencias esteticas.",Alta,PENDIENTE / NO EJECUTADO EN ESTA AUDITORÍA,CAM-0158,,,
25,Mecánica de Mantenimiento de Aeronaves,445,Lectura e interpretación de manuales de mantenimiento de aeronaves,development_pack,Antecedentes del desarrollo y problema del modulo,REUTILIZACIÓN DEL BLOQUE HVAC CONFIRMADA EN PANTALLA; PERTINENCIA POR CONTRASTAR,,"Contexto del bloque: 'Sala de un liceo · climatización de aula'; antecedentes: 'UI-01, UI-02 y UE-01 aparecen en planta. El listado solo declara una unidad interior.'; desarrollo solicitado: 'El registro cita una revisión obsoleta. Usa manual vigente, revisión anterior y registro de tarea, identifica el AE y criterio oficial correspondiente y prepara el producto «identificación de versión aplicable» con evidencia de verificación.'. Registro: desarrollos-ui.jsonl, módulo 445.","Contexto del bloque: 'Sala de un liceo · climatización de aula'; antecedentes: 'UI-01, UI-02 y UE-01 aparecen en planta. El listado solo declara una unidad interior.'; desarrollo solicitado: 'El registro cita una revisión obsoleta. Usa manual vigente, revisión anterior y registro de tarea, identifica el AE y criterio oficial correspondiente y prepara el producto «identificación de versión aplicable» con evidencia de verificación.'.",Revisión localizada necesaria. Modificar solo si no se demuestra la relación del bloque con la tarea y el criterio; confirmar primero su pertinencia técnico-profesional.,"Revisar exclusivamente development_pack.context, role, objective, problem, background, evidence y constraints: vincularlos con el caso real del modulo, conservando el AE, la actividad y la rubrica. Confirmar primero su presentacion visible.","La observacion se relaciona con la comprension y la evidencia, no con preferencias esteticas.",Alta,PENDIENTE / NO EJECUTADO EN ESTA AUDITORÍA,CAM-0159,,,
25,Mecánica de Mantenimiento de Aeronaves,446,Normativa de mantenimiento aeronáutico,development_pack,Antecedentes del desarrollo y problema del modulo,REUTILIZACIÓN DEL BLOQUE HVAC CONFIRMADA EN PANTALLA; PERTINENCIA POR CONTRASTAR,,"Contexto del bloque: 'Sala de un liceo · climatización de aula'; antecedentes: 'UI-01, UI-02 y UE-01 aparecen en planta. El listado solo declara una unidad interior.'; desarrollo solicitado: 'El formulario no corresponde al tipo de registro. Usa extracto normativo, bitácora y formulario ficticio, identifica el AE y criterio oficial correspondiente y prepara el producto «análisis de cumplimiento y reporte» con evidencia de verificación.'. Registro: desarrollos-ui.jsonl, módulo 446.","Contexto del bloque: 'Sala de un liceo · climatización de aula'; antecedentes: 'UI-01, UI-02 y UE-01 aparecen en planta. El listado solo declara una unidad interior.'; desarrollo solicitado: 'El formulario no corresponde al tipo de registro. Usa extracto normativo, bitácora y formulario ficticio, identifica el AE y criterio oficial correspondiente y prepara el producto «análisis de cumplimiento y reporte» con evidencia de verificación.'.",Revisión localizada necesaria. Modificar solo si no se demuestra la relación del bloque con la tarea y el criterio; confirmar primero su pertinencia técnico-profesional.,"Revisar exclusivamente development_pack.context, role, objective, problem, background, evidence y constraints: vincularlos con el caso real del modulo, conservando el AE, la actividad y la rubrica. Confirmar primero su presentacion visible.","La observacion se relaciona con la comprension y la evidencia, no con preferencias esteticas.",Alta,PENDIENTE / NO EJECUTADO EN ESTA AUDITORÍA,CAM-0160,,,
25,Mecánica de Mantenimiento de Aeronaves,447,Mantenimiento de las unidades y sistemas asociados al motor recíproco,development_pack,Antecedentes del desarrollo y problema del modulo,REUTILIZACIÓN DEL BLOQUE HVAC CONFIRMADA EN PANTALLA; PERTINENCIA POR CONTRASTAR,,"Contexto del bloque: 'Sala de un liceo · climatización de aula'; antecedentes: 'UI-01, UI-02 y UE-01 aparecen en planta. El listado solo declara una unidad interior.'; desarrollo solicitado: 'El componente señalado difiere del diagrama. Usa diagrama, manual y bitácora de falla ficticia, identifica el AE y criterio oficial correspondiente y prepara el producto «identificación de discrepancia y derivación» con evidencia de verificación.'. Registro: desarrollos-ui.jsonl, módulo 447.","Contexto del bloque: 'Sala de un liceo · climatización de aula'; antecedentes: 'UI-01, UI-02 y UE-01 aparecen en planta. El listado solo declara una unidad interior.'; desarrollo solicitado: 'El componente señalado difiere del diagrama. Usa diagrama, manual y bitácora de falla ficticia, identifica el AE y criterio oficial correspondiente y prepara el producto «identificación de discrepancia y derivación» con evidencia de verificación.'.",Revisión localizada necesaria. Modificar solo si no se demuestra la relación del bloque con la tarea y el criterio; confirmar primero su pertinencia técnico-profesional.,"Revisar exclusivamente development_pack.context, role, objective, problem, background, evidence y constraints: vincularlos con el caso real del modulo, conservando el AE, la actividad y la rubrica. Confirmar primero su presentacion visible.","La observacion se relaciona con la comprension y la evidencia, no con preferencias esteticas.",Alta,PENDIENTE / NO EJECUTADO EN ESTA AUDITORÍA,CAM-0161,,,
25,Mecánica de Mantenimiento de Aeronaves,448,Mantenimiento de las unidades y sistemas asociados al motor a reacción,development_pack,Antecedentes del desarrollo y problema del modulo,REUTILIZACIÓN DEL BLOQUE HVAC CONFIRMADA EN PANTALLA; PERTINENCIA POR CONTRASTAR,,"Contexto del bloque: 'Sala de un liceo · climatización de aula'; antecedentes: 'UI-01, UI-02 y UE-01 aparecen en planta. El listado solo declara una unidad interior.'; desarrollo solicitado: 'La unidad registrada no coincide con la configuración. Usa diagrama de sistema, manual y registro ficticio, identifica el AE y criterio oficial correspondiente y prepara el producto «comparación documental y aviso» con evidencia de verificación.'. Registro: desarrollos-ui.jsonl, módulo 448.","Contexto del bloque: 'Sala de un liceo · climatización de aula'; antecedentes: 'UI-01, UI-02 y UE-01 aparecen en planta. El listado solo declara una unidad interior.'; desarrollo solicitado: 'La unidad registrada no coincide con la configuración. Usa diagrama de sistema, manual y registro ficticio, identifica el AE y criterio oficial correspondiente y prepara el producto «comparación documental y aviso» con evidencia de verificación.'.",Revisión localizada necesaria. Modificar solo si no se demuestra la relación del bloque con la tarea y el criterio; confirmar primero su pertinencia técnico-profesional.,"Revisar exclusivamente development_pack.context, role, objective, problem, background, evidence y constraints: vincularlos con el caso real del modulo, conservando el AE, la actividad y la rubrica. Confirmar primero su presentacion visible.","La observacion se relaciona con la comprension y la evidencia, no con preferencias esteticas.",Alta,PENDIENTE / NO EJECUTADO EN ESTA AUDITORÍA,CAM-0162,,,
25,Mecánica de Mantenimiento de Aeronaves,449,Mantenimiento de los sistemas de la aeronave,development_pack,Antecedentes del desarrollo y problema del modulo,REUTILIZACIÓN DEL BLOQUE HVAC CONFIRMADA EN PANTALLA; PERTINENCIA POR CONTRASTAR,,"Contexto del bloque: 'Sala de un liceo · climatización de aula'; antecedentes: 'UI-01, UI-02 y UE-01 aparecen en planta. El listado solo declara una unidad interior.'; desarrollo solicitado: 'Una alerta aparece en la bitácora pero no en la lista. Usa esquema, bitácora y lista de chequeo, identifica el AE y criterio oficial correspondiente y prepara el producto «conciliación de antecedentes y reporte» con evidencia de verificación.'. Registro: desarrollos-ui.jsonl, módulo 449.","Contexto del bloque: 'Sala de un liceo · climatización de aula'; antecedentes: 'UI-01, UI-02 y UE-01 aparecen en planta. El listado solo declara una unidad interior.'; desarrollo solicitado: 'Una alerta aparece en la bitácora pero no en la lista. Usa esquema, bitácora y lista de chequeo, identifica el AE y criterio oficial correspondiente y prepara el producto «conciliación de antecedentes y reporte» con evidencia de verificación.'.",Revisión localizada necesaria. Modificar solo si no se demuestra la relación del bloque con la tarea y el criterio; confirmar primero su pertinencia técnico-profesional.,"Revisar exclusivamente development_pack.context, role, objective, problem, background, evidence y constraints: vincularlos con el caso real del modulo, conservando el AE, la actividad y la rubrica. Confirmar primero su presentacion visible.","La observacion se relaciona con la comprension y la evidencia, no con preferencias esteticas.",Alta,PENDIENTE / NO EJECUTADO EN ESTA AUDITORÍA,CAM-0163,,,
25,Mecánica de Mantenimiento de Aeronaves,450,Inglés técnico de mantenimiento de aeronaves,development_pack,Antecedentes del desarrollo y problema del modulo,REUTILIZACIÓN DEL BLOQUE HVAC CONFIRMADA EN PANTALLA; PERTINENCIA POR CONTRASTAR,,"Contexto del bloque: 'Sala de un liceo · climatización de aula'; antecedentes: 'UI-01, UI-02 y UE-01 aparecen en planta. El listado solo declara una unidad interior.'; desarrollo solicitado: 'Una instrucción interpretada no coincide con el diagrama. Usa extracto de manual en inglés, diagrama y glosario, identifica el AE y criterio oficial correspondiente y prepara el producto «lectura contrastada y consulta» con evidencia de verificación.'. Registro: desarrollos-ui.jsonl, módulo 450.","Contexto del bloque: 'Sala de un liceo · climatización de aula'; antecedentes: 'UI-01, UI-02 y UE-01 aparecen en planta. El listado solo declara una unidad interior.'; desarrollo solicitado: 'Una instrucción interpretada no coincide con el diagrama. Usa extracto de manual en inglés, diagrama y glosario, identifica el AE y criterio oficial correspondiente y prepara el producto «lectura contrastada y consulta» con evidencia de verificación.'.",Revisión localizada necesaria. Modificar solo si no se demuestra la relación del bloque con la tarea y el criterio; confirmar primero su pertinencia técnico-profesional.,"Revisar exclusivamente development_pack.context, role, objective, problem, background, evidence y constraints: vincularlos con el caso real del modulo, conservando el AE, la actividad y la rubrica. Confirmar primero su presentacion visible.","La observacion se relaciona con la comprension y la evidencia, no con preferencias esteticas.",Alta,PENDIENTE / NO EJECUTADO EN ESTA AUDITORÍA,CAM-0164,,,
25,Mecánica de Mantenimiento de Aeronaves,451,Emprendimiento y empleabilidad,development_pack,Antecedentes del desarrollo y problema del modulo,REUTILIZACIÓN DEL BLOQUE HVAC CONFIRMADA EN PANTALLA; PERTINENCIA POR CONTRASTAR,,"Contexto del bloque: 'Sala de un liceo · climatización de aula'; antecedentes: 'UI-01, UI-02 y UE-01 aparecen en planta. El listado solo declara una unidad interior.'; desarrollo solicitado: 'El presupuesto omite una medida normativa prevista. Usa propuesta, presupuesto y cronograma ficticios, identifica el AE y criterio oficial correspondiente y prepara el producto «plan revisado y justificación» con evidencia de verificación.'. Registro: desarrollos-ui.jsonl, módulo 451.","Contexto del bloque: 'Sala de un liceo · climatización de aula'; antecedentes: 'UI-01, UI-02 y UE-01 aparecen en planta. El listado solo declara una unidad interior.'; desarrollo solicitado: 'El presupuesto omite una medida normativa prevista. Usa propuesta, presupuesto y cronograma ficticios, identifica el AE y criterio oficial correspondiente y prepara el producto «plan revisado y justificación» con evidencia de verificación.'.",Revisión localizada necesaria. Modificar solo si no se demuestra la relación del bloque con la tarea y el criterio; confirmar primero su pertinencia técnico-profesional.,"Revisar exclusivamente development_pack.context, role, objective, problem, background, evidence y constraints: vincularlos con el caso real del modulo, conservando el AE, la actividad y la rubrica. Confirmar primero su presentacion visible.","La observacion se relaciona con la comprension y la evidencia, no con preferencias esteticas.",Alta,PENDIENTE / NO EJECUTADO EN ESTA AUDITORÍA,CAM-0165,,,
26,Asistencia en Geología,274,Preparación e instalación de campamentos,development_pack,Antecedentes del desarrollo y problema del modulo,REUTILIZACIÓN DEL BLOQUE HVAC CONFIRMADA EN PANTALLA; PERTINENCIA POR CONTRASTAR,,"Contexto del bloque: 'Sala de un liceo · climatización de aula'; antecedentes: 'UI-01, UI-02 y UE-01 aparecen en planta. El listado solo declara una unidad interior.'; desarrollo solicitado: 'La ubicación del campamento no coincide con la zona autorizada. Usa mapa, lista de recursos y plan de campamento ficticio, identifica el AE y criterio oficial correspondiente y prepara el producto «revisión documental y consulta al responsable» con evidencia de verificación.'. Registro: desarrollos-ui.jsonl, módulo 274.","Contexto del bloque: 'Sala de un liceo · climatización de aula'; antecedentes: 'UI-01, UI-02 y UE-01 aparecen en planta. El listado solo declara una unidad interior.'; desarrollo solicitado: 'La ubicación del campamento no coincide con la zona autorizada. Usa mapa, lista de recursos y plan de campamento ficticio, identifica el AE y criterio oficial correspondiente y prepara el producto «revisión documental y consulta al responsable» con evidencia de verificación.'.",Revisión localizada necesaria. Modificar solo si no se demuestra la relación del bloque con la tarea y el criterio; confirmar primero su pertinencia técnico-profesional.,"Revisar exclusivamente development_pack.context, role, objective, problem, background, evidence y constraints: vincularlos con el caso real del modulo, conservando el AE, la actividad y la rubrica. Confirmar primero su presentacion visible.","La observacion se relaciona con la comprension y la evidencia, no con preferencias esteticas.",Alta,PENDIENTE / NO EJECUTADO EN ESTA AUDITORÍA,CAM-0166,,,
26,Asistencia en Geología,278,Prospección geológica con sondajes,development_pack,Antecedentes del desarrollo y problema del modulo,REUTILIZACIÓN DEL BLOQUE HVAC CONFIRMADA EN PANTALLA; PERTINENCIA POR CONTRASTAR,,"Contexto del bloque: 'Sala de un liceo · climatización de aula'; antecedentes: 'UI-01, UI-02 y UE-01 aparecen en planta. El listado solo declara una unidad interior.'; desarrollo solicitado: 'El punto de sondaje consignado queda fuera del sector aprobado. Usa mapa, orden de prospección y pauta de seguridad, identifica el AE y criterio oficial correspondiente y prepara el producto «detección de incompatibilidad y suspensión preventiva simulada» con evidencia de verificación.'. Registro: desarrollos-ui.jsonl, módulo 278.","Contexto del bloque: 'Sala de un liceo · climatización de aula'; antecedentes: 'UI-01, UI-02 y UE-01 aparecen en planta. El listado solo declara una unidad interior.'; desarrollo solicitado: 'El punto de sondaje consignado queda fuera del sector aprobado. Usa mapa, orden de prospección y pauta de seguridad, identifica el AE y criterio oficial correspondiente y prepara el producto «detección de incompatibilidad y suspensión preventiva simulada» con evidencia de verificación.'.",Revisión localizada necesaria. Modificar solo si no se demuestra la relación del bloque con la tarea y el criterio; confirmar primero su pertinencia técnico-profesional.,"Revisar exclusivamente development_pack.context, role, objective, problem, background, evidence y constraints: vincularlos con el caso real del modulo, conservando el AE, la actividad y la rubrica. Confirmar primero su presentacion visible.","La observacion se relaciona con la comprension y la evidencia, no con preferencias esteticas.",Alta,PENDIENTE / NO EJECUTADO EN ESTA AUDITORÍA,CAM-0167,,,
26,Asistencia en Geología,279,Técnicas de muestreo geológico,development_pack,Antecedentes del desarrollo y problema del modulo,REUTILIZACIÓN DEL BLOQUE HVAC CONFIRMADA EN PANTALLA; PERTINENCIA POR CONTRASTAR,,"Contexto del bloque: 'Sala de un liceo · climatización de aula'; antecedentes: 'UI-01, UI-02 y UE-01 aparecen en planta. El listado solo declara una unidad interior.'; desarrollo solicitado: 'El código de una muestra no coincide con la cadena de custodia. Usa plan de muestreo, etiquetas y cadena de custodia ficticia, identifica el AE y criterio oficial correspondiente y prepara el producto «conciliación de trazabilidad y observación» con evidencia de verificación.'. Registro: desarrollos-ui.jsonl, módulo 279.","Contexto del bloque: 'Sala de un liceo · climatización de aula'; antecedentes: 'UI-01, UI-02 y UE-01 aparecen en planta. El listado solo declara una unidad interior.'; desarrollo solicitado: 'El código de una muestra no coincide con la cadena de custodia. Usa plan de muestreo, etiquetas y cadena de custodia ficticia, identifica el AE y criterio oficial correspondiente y prepara el producto «conciliación de trazabilidad y observación» con evidencia de verificación.'.",Revisión localizada necesaria. Modificar solo si no se demuestra la relación del bloque con la tarea y el criterio; confirmar primero su pertinencia técnico-profesional.,"Revisar exclusivamente development_pack.context, role, objective, problem, background, evidence y constraints: vincularlos con el caso real del modulo, conservando el AE, la actividad y la rubrica. Confirmar primero su presentacion visible.","La observacion se relaciona con la comprension y la evidencia, no con preferencias esteticas.",Alta,PENDIENTE / NO EJECUTADO EN ESTA AUDITORÍA,CAM-0168,,,
26,Asistencia en Geología,280,Registro y transferencia de información geológica,development_pack,Antecedentes del desarrollo y problema del modulo,REUTILIZACIÓN DEL BLOQUE HVAC CONFIRMADA EN PANTALLA; PERTINENCIA POR CONTRASTAR,,"Contexto del bloque: 'Sala de un liceo · climatización de aula'; antecedentes: 'UI-01, UI-02 y UE-01 aparecen en planta. El listado solo declara una unidad interior.'; desarrollo solicitado: 'Un registro de terreno no aparece en el archivo transferido. Usa bitácora, archivo de datos y pauta de transferencia, identifica el AE y criterio oficial correspondiente y prepara el producto «control de integridad y reporte de datos» con evidencia de verificación.'. Registro: desarrollos-ui.jsonl, módulo 280.","Contexto del bloque: 'Sala de un liceo · climatización de aula'; antecedentes: 'UI-01, UI-02 y UE-01 aparecen en planta. El listado solo declara una unidad interior.'; desarrollo solicitado: 'Un registro de terreno no aparece en el archivo transferido. Usa bitácora, archivo de datos y pauta de transferencia, identifica el AE y criterio oficial correspondiente y prepara el producto «control de integridad y reporte de datos» con evidencia de verificación.'.",Revisión localizada necesaria. Modificar solo si no se demuestra la relación del bloque con la tarea y el criterio; confirmar primero su pertinencia técnico-profesional.,"Revisar exclusivamente development_pack.context, role, objective, problem, background, evidence y constraints: vincularlos con el caso real del modulo, conservando el AE, la actividad y la rubrica. Confirmar primero su presentacion visible.","La observacion se relaciona con la comprension y la evidencia, no con preferencias esteticas.",Alta,PENDIENTE / NO EJECUTADO EN ESTA AUDITORÍA,CAM-0169,,,
26,Asistencia en Geología,281,Transporte y mantenimiento de equipos e instrumentos geológicos,development_pack,Antecedentes del desarrollo y problema del modulo,REUTILIZACIÓN DEL BLOQUE HVAC CONFIRMADA EN PANTALLA; PERTINENCIA POR CONTRASTAR,,"Contexto del bloque: 'Sala de un liceo · climatización de aula'; antecedentes: 'UI-01, UI-02 y UE-01 aparecen en planta. El listado solo declara una unidad interior.'; desarrollo solicitado: 'Un instrumento figura listo pese a una revisión pendiente. Usa inventario, bitácora y manual de equipo, identifica el AE y criterio oficial correspondiente y prepara el producto «reporte de condición y retiro preventivo simulado» con evidencia de verificación.'. Registro: desarrollos-ui.jsonl, módulo 281.","Contexto del bloque: 'Sala de un liceo · climatización de aula'; antecedentes: 'UI-01, UI-02 y UE-01 aparecen en planta. El listado solo declara una unidad interior.'; desarrollo solicitado: 'Un instrumento figura listo pese a una revisión pendiente. Usa inventario, bitácora y manual de equipo, identifica el AE y criterio oficial correspondiente y prepara el producto «reporte de condición y retiro preventivo simulado» con evidencia de verificación.'.",Revisión localizada necesaria. Modificar solo si no se demuestra la relación del bloque con la tarea y el criterio; confirmar primero su pertinencia técnico-profesional.,"Revisar exclusivamente development_pack.context, role, objective, problem, background, evidence y constraints: vincularlos con el caso real del modulo, conservando el AE, la actividad y la rubrica. Confirmar primero su presentacion visible.","La observacion se relaciona con la comprension y la evidencia, no con preferencias esteticas.",Alta,PENDIENTE / NO EJECUTADO EN ESTA AUDITORÍA,CAM-0170,,,
26,Asistencia en Geología,282,Emprendimiento y empleabilidad,development_pack,Antecedentes del desarrollo y problema del modulo,REUTILIZACIÓN DEL BLOQUE HVAC CONFIRMADA EN PANTALLA; PERTINENCIA POR CONTRASTAR,,"Contexto del bloque: 'Sala de un liceo · climatización de aula'; antecedentes: 'UI-01, UI-02 y UE-01 aparecen en planta. El listado solo declara una unidad interior.'; desarrollo solicitado: 'El presupuesto omite una medida preventiva del plan. Usa propuesta, presupuesto y cronograma ficticios, identifica el AE y criterio oficial correspondiente y prepara el producto «plan de emprendimiento con costos revisados» con evidencia de verificación.'. Registro: desarrollos-ui.jsonl, módulo 282.","Contexto del bloque: 'Sala de un liceo · climatización de aula'; antecedentes: 'UI-01, UI-02 y UE-01 aparecen en planta. El listado solo declara una unidad interior.'; desarrollo solicitado: 'El presupuesto omite una medida preventiva del plan. Usa propuesta, presupuesto y cronograma ficticios, identifica el AE y criterio oficial correspondiente y prepara el producto «plan de emprendimiento con costos revisados» con evidencia de verificación.'.",Revisión localizada necesaria. Modificar solo si no se demuestra la relación del bloque con la tarea y el criterio; confirmar primero su pertinencia técnico-profesional.,"Revisar exclusivamente development_pack.context, role, objective, problem, background, evidence y constraints: vincularlos con el caso real del modulo, conservando el AE, la actividad y la rubrica. Confirmar primero su presentacion visible.","La observacion se relaciona con la comprension y la evidencia, no con preferencias esteticas.",Alta,PENDIENTE / NO EJECUTADO EN ESTA AUDITORÍA,CAM-0171,,,
27,Explotación Minera,292,Lectura de planos de ubicación y de tronadura,development_pack,Antecedentes del desarrollo y problema del modulo,REUTILIZACIÓN DEL BLOQUE HVAC CONFIRMADA EN PANTALLA; PERTINENCIA POR CONTRASTAR,,"Contexto del bloque: 'Sala de un liceo · climatización de aula'; antecedentes: 'UI-01, UI-02 y UE-01 aparecen en planta. El listado solo declara una unidad interior.'; desarrollo solicitado: 'La ubicación señalada en la orden no coincide con la zona autorizada. Usa plano de ubicación, zonificación y orden ficticia, identifica el AE y criterio oficial correspondiente y prepara el producto «lectura comparada y consulta al supervisor» con evidencia de verificación.'. Registro: desarrollos-ui.jsonl, módulo 292.","Contexto del bloque: 'Sala de un liceo · climatización de aula'; antecedentes: 'UI-01, UI-02 y UE-01 aparecen en planta. El listado solo declara una unidad interior.'; desarrollo solicitado: 'La ubicación señalada en la orden no coincide con la zona autorizada. Usa plano de ubicación, zonificación y orden ficticia, identifica el AE y criterio oficial correspondiente y prepara el producto «lectura comparada y consulta al supervisor» con evidencia de verificación.'.",Revisión localizada necesaria. Modificar solo si no se demuestra la relación del bloque con la tarea y el criterio; confirmar primero su pertinencia técnico-profesional.,"Revisar exclusivamente development_pack.context, role, objective, problem, background, evidence y constraints: vincularlos con el caso real del modulo, conservando el AE, la actividad y la rubrica. Confirmar primero su presentacion visible.","La observacion se relaciona con la comprension y la evidencia, no con preferencias esteticas.",Alta,PENDIENTE / NO EJECUTADO EN ESTA AUDITORÍA,CAM-0172,,,
27,Explotación Minera,296,Ventilación secundaria y drenaje de minas,development_pack,Antecedentes del desarrollo y problema del modulo,REUTILIZACIÓN DEL BLOQUE HVAC CONFIRMADA EN PANTALLA; PERTINENCIA POR CONTRASTAR,,"Contexto del bloque: 'Sala de un liceo · climatización de aula'; antecedentes: 'UI-01, UI-02 y UE-01 aparecen en planta. El listado solo declara una unidad interior.'; desarrollo solicitado: 'Una lectura no coincide con el rango de referencia del plan. Usa diagrama, lecturas ficticias y bitácora, identifica el AE y criterio oficial correspondiente y prepara el producto «reporte de anomalía y consulta técnica» con evidencia de verificación.'. Registro: desarrollos-ui.jsonl, módulo 296.","Contexto del bloque: 'Sala de un liceo · climatización de aula'; antecedentes: 'UI-01, UI-02 y UE-01 aparecen en planta. El listado solo declara una unidad interior.'; desarrollo solicitado: 'Una lectura no coincide con el rango de referencia del plan. Usa diagrama, lecturas ficticias y bitácora, identifica el AE y criterio oficial correspondiente y prepara el producto «reporte de anomalía y consulta técnica» con evidencia de verificación.'.",Revisión localizada necesaria. Modificar solo si no se demuestra la relación del bloque con la tarea y el criterio; confirmar primero su pertinencia técnico-profesional.,"Revisar exclusivamente development_pack.context, role, objective, problem, background, evidence y constraints: vincularlos con el caso real del modulo, conservando el AE, la actividad y la rubrica. Confirmar primero su presentacion visible.","La observacion se relaciona con la comprension y la evidencia, no con preferencias esteticas.",Alta,PENDIENTE / NO EJECUTADO EN ESTA AUDITORÍA,CAM-0173,,,
27,Explotación Minera,297,Muestreo en explotaciones mineras,development_pack,Antecedentes del desarrollo y problema del modulo,REUTILIZACIÓN DEL BLOQUE HVAC CONFIRMADA EN PANTALLA; PERTINENCIA POR CONTRASTAR,,"Contexto del bloque: 'Sala de un liceo · climatización de aula'; antecedentes: 'UI-01, UI-02 y UE-01 aparecen en planta. El listado solo declara una unidad interior.'; desarrollo solicitado: 'El código de una muestra difiere entre etiqueta y registro. Usa plan, etiquetas y cadena de custodia ficticia, identifica el AE y criterio oficial correspondiente y prepara el producto «conciliación de trazabilidad y reporte» con evidencia de verificación.'. Registro: desarrollos-ui.jsonl, módulo 297.","Contexto del bloque: 'Sala de un liceo · climatización de aula'; antecedentes: 'UI-01, UI-02 y UE-01 aparecen en planta. El listado solo declara una unidad interior.'; desarrollo solicitado: 'El código de una muestra difiere entre etiqueta y registro. Usa plan, etiquetas y cadena de custodia ficticia, identifica el AE y criterio oficial correspondiente y prepara el producto «conciliación de trazabilidad y reporte» con evidencia de verificación.'.",Revisión localizada necesaria. Modificar solo si no se demuestra la relación del bloque con la tarea y el criterio; confirmar primero su pertinencia técnico-profesional.,"Revisar exclusivamente development_pack.context, role, objective, problem, background, evidence y constraints: vincularlos con el caso real del modulo, conservando el AE, la actividad y la rubrica. Confirmar primero su presentacion visible.","La observacion se relaciona con la comprension y la evidencia, no con preferencias esteticas.",Alta,PENDIENTE / NO EJECUTADO EN ESTA AUDITORÍA,CAM-0174,,,
27,Explotación Minera,298,"Cubicación, carguío y transporte",development_pack,Antecedentes del desarrollo y problema del modulo,REUTILIZACIÓN DEL BLOQUE HVAC CONFIRMADA EN PANTALLA; PERTINENCIA POR CONTRASTAR,,"Contexto del bloque: 'Sala de un liceo · climatización de aula'; antecedentes: 'UI-01, UI-02 y UE-01 aparecen en planta. El listado solo declara una unidad interior.'; desarrollo solicitado: 'El volumen de la guía difiere del calculado en la planilla. Usa plano, metrado y guía de transporte ficticia, identifica el AE y criterio oficial correspondiente y prepara el producto «cubicación revisada y justificación de diferencia» con evidencia de verificación.'. Registro: desarrollos-ui.jsonl, módulo 298.","Contexto del bloque: 'Sala de un liceo · climatización de aula'; antecedentes: 'UI-01, UI-02 y UE-01 aparecen en planta. El listado solo declara una unidad interior.'; desarrollo solicitado: 'El volumen de la guía difiere del calculado en la planilla. Usa plano, metrado y guía de transporte ficticia, identifica el AE y criterio oficial correspondiente y prepara el producto «cubicación revisada y justificación de diferencia» con evidencia de verificación.'.",Revisión localizada necesaria. Modificar solo si no se demuestra la relación del bloque con la tarea y el criterio; confirmar primero su pertinencia técnico-profesional.,"Revisar exclusivamente development_pack.context, role, objective, problem, background, evidence y constraints: vincularlos con el caso real del modulo, conservando el AE, la actividad y la rubrica. Confirmar primero su presentacion visible.","La observacion se relaciona con la comprension y la evidencia, no con preferencias esteticas.",Alta,PENDIENTE / NO EJECUTADO EN ESTA AUDITORÍA,CAM-0175,,,
27,Explotación Minera,299,Chancado primario de minerales,development_pack,Antecedentes del desarrollo y problema del modulo,REUTILIZACIÓN DEL BLOQUE HVAC CONFIRMADA EN PANTALLA; PERTINENCIA POR CONTRASTAR,,"Contexto del bloque: 'Sala de un liceo · climatización de aula'; antecedentes: 'UI-01, UI-02 y UE-01 aparecen en planta. El listado solo declara una unidad interior.'; desarrollo solicitado: 'La etapa registrada no coincide con el flujo aprobado. Usa diagrama de proceso, bitácora y pauta de seguridad, identifica el AE y criterio oficial correspondiente y prepara el producto «identificación de desvío y derivación al supervisor» con evidencia de verificación.'. Registro: desarrollos-ui.jsonl, módulo 299.","Contexto del bloque: 'Sala de un liceo · climatización de aula'; antecedentes: 'UI-01, UI-02 y UE-01 aparecen en planta. El listado solo declara una unidad interior.'; desarrollo solicitado: 'La etapa registrada no coincide con el flujo aprobado. Usa diagrama de proceso, bitácora y pauta de seguridad, identifica el AE y criterio oficial correspondiente y prepara el producto «identificación de desvío y derivación al supervisor» con evidencia de verificación.'.",Revisión localizada necesaria. Modificar solo si no se demuestra la relación del bloque con la tarea y el criterio; confirmar primero su pertinencia técnico-profesional.,"Revisar exclusivamente development_pack.context, role, objective, problem, background, evidence y constraints: vincularlos con el caso real del modulo, conservando el AE, la actividad y la rubrica. Confirmar primero su presentacion visible.","La observacion se relaciona con la comprension y la evidencia, no con preferencias esteticas.",Alta,PENDIENTE / NO EJECUTADO EN ESTA AUDITORÍA,CAM-0176,,,
27,Explotación Minera,300,Emprendimiento y empleabilidad,development_pack,Antecedentes del desarrollo y problema del modulo,REUTILIZACIÓN DEL BLOQUE HVAC CONFIRMADA EN PANTALLA; PERTINENCIA POR CONTRASTAR,,"Contexto del bloque: 'Sala de un liceo · climatización de aula'; antecedentes: 'UI-01, UI-02 y UE-01 aparecen en planta. El listado solo declara una unidad interior.'; desarrollo solicitado: 'El presupuesto omite una medida ambiental prevista. Usa propuesta, presupuesto y cronograma ficticios, identifica el AE y criterio oficial correspondiente y prepara el producto «plan de emprendimiento con costos revisados» con evidencia de verificación.'. Registro: desarrollos-ui.jsonl, módulo 300.","Contexto del bloque: 'Sala de un liceo · climatización de aula'; antecedentes: 'UI-01, UI-02 y UE-01 aparecen en planta. El listado solo declara una unidad interior.'; desarrollo solicitado: 'El presupuesto omite una medida ambiental prevista. Usa propuesta, presupuesto y cronograma ficticios, identifica el AE y criterio oficial correspondiente y prepara el producto «plan de emprendimiento con costos revisados» con evidencia de verificación.'.",Revisión localizada necesaria. Modificar solo si no se demuestra la relación del bloque con la tarea y el criterio; confirmar primero su pertinencia técnico-profesional.,"Revisar exclusivamente development_pack.context, role, objective, problem, background, evidence y constraints: vincularlos con el caso real del modulo, conservando el AE, la actividad y la rubrica. Confirmar primero su presentacion visible.","La observacion se relaciona con la comprension y la evidencia, no con preferencias esteticas.",Alta,PENDIENTE / NO EJECUTADO EN ESTA AUDITORÍA,CAM-0177,,,
28,Metalurgia Extractiva,283,Laboratorio y análisis químico,development_pack,Antecedentes del desarrollo y problema del modulo,REUTILIZACIÓN DEL BLOQUE HVAC CONFIRMADA EN PANTALLA; PERTINENCIA POR CONTRASTAR,,"Contexto del bloque: 'Sala de un liceo · climatización de aula'; antecedentes: 'UI-01, UI-02 y UE-01 aparecen en planta. El listado solo declara una unidad interior.'; desarrollo solicitado: 'El identificador de muestra difiere entre orden y resultado. Usa orden de análisis, ficha de muestra y resultados ficticios, identifica el AE y criterio oficial correspondiente y prepara el producto «control de trazabilidad y reporte de discrepancia» con evidencia de verificación.'. Registro: desarrollos-ui.jsonl, módulo 283.","Contexto del bloque: 'Sala de un liceo · climatización de aula'; antecedentes: 'UI-01, UI-02 y UE-01 aparecen en planta. El listado solo declara una unidad interior.'; desarrollo solicitado: 'El identificador de muestra difiere entre orden y resultado. Usa orden de análisis, ficha de muestra y resultados ficticios, identifica el AE y criterio oficial correspondiente y prepara el producto «control de trazabilidad y reporte de discrepancia» con evidencia de verificación.'.",Revisión localizada necesaria. Modificar solo si no se demuestra la relación del bloque con la tarea y el criterio; confirmar primero su pertinencia técnico-profesional.,"Revisar exclusivamente development_pack.context, role, objective, problem, background, evidence y constraints: vincularlos con el caso real del modulo, conservando el AE, la actividad y la rubrica. Confirmar primero su presentacion visible.","La observacion se relaciona con la comprension y la evidencia, no con preferencias esteticas.",Alta,PENDIENTE / NO EJECUTADO EN ESTA AUDITORÍA,CAM-0178,,,
28,Metalurgia Extractiva,287,Transformación mecánica de los minerales,development_pack,Antecedentes del desarrollo y problema del modulo,REUTILIZACIÓN DEL BLOQUE HVAC CONFIRMADA EN PANTALLA; PERTINENCIA POR CONTRASTAR,,"Contexto del bloque: 'Sala de un liceo · climatización de aula'; antecedentes: 'UI-01, UI-02 y UE-01 aparecen en planta. El listado solo declara una unidad interior.'; desarrollo solicitado: 'La etapa programada difiere de la secuencia aprobada. Usa diagrama de proceso, orden y pauta de seguridad, identifica el AE y criterio oficial correspondiente y prepara el producto «revisión documental y suspensión preventiva simulada» con evidencia de verificación.'. Registro: desarrollos-ui.jsonl, módulo 287.","Contexto del bloque: 'Sala de un liceo · climatización de aula'; antecedentes: 'UI-01, UI-02 y UE-01 aparecen en planta. El listado solo declara una unidad interior.'; desarrollo solicitado: 'La etapa programada difiere de la secuencia aprobada. Usa diagrama de proceso, orden y pauta de seguridad, identifica el AE y criterio oficial correspondiente y prepara el producto «revisión documental y suspensión preventiva simulada» con evidencia de verificación.'.",Revisión localizada necesaria. Modificar solo si no se demuestra la relación del bloque con la tarea y el criterio; confirmar primero su pertinencia técnico-profesional.,"Revisar exclusivamente development_pack.context, role, objective, problem, background, evidence y constraints: vincularlos con el caso real del modulo, conservando el AE, la actividad y la rubrica. Confirmar primero su presentacion visible.","La observacion se relaciona con la comprension y la evidencia, no con preferencias esteticas.",Alta,PENDIENTE / NO EJECUTADO EN ESTA AUDITORÍA,CAM-0179,,,
28,Metalurgia Extractiva,288,Acondicionamiento químico de los minerales,development_pack,Antecedentes del desarrollo y problema del modulo,REUTILIZACIÓN DEL BLOQUE HVAC CONFIRMADA EN PANTALLA; PERTINENCIA POR CONTRASTAR,,"Contexto del bloque: 'Sala de un liceo · climatización de aula'; antecedentes: 'UI-01, UI-02 y UE-01 aparecen en planta. El listado solo declara una unidad interior.'; desarrollo solicitado: 'Un parámetro consignado no coincide con el rango de referencia. Usa ficha de proceso, registros ficticios y pauta ambiental, identifica el AE y criterio oficial correspondiente y prepara el producto «reporte de anomalía y consulta al responsable» con evidencia de verificación.'. Registro: desarrollos-ui.jsonl, módulo 288.","Contexto del bloque: 'Sala de un liceo · climatización de aula'; antecedentes: 'UI-01, UI-02 y UE-01 aparecen en planta. El listado solo declara una unidad interior.'; desarrollo solicitado: 'Un parámetro consignado no coincide con el rango de referencia. Usa ficha de proceso, registros ficticios y pauta ambiental, identifica el AE y criterio oficial correspondiente y prepara el producto «reporte de anomalía y consulta al responsable» con evidencia de verificación.'.",Revisión localizada necesaria. Modificar solo si no se demuestra la relación del bloque con la tarea y el criterio; confirmar primero su pertinencia técnico-profesional.,"Revisar exclusivamente development_pack.context, role, objective, problem, background, evidence y constraints: vincularlos con el caso real del modulo, conservando el AE, la actividad y la rubrica. Confirmar primero su presentacion visible.","La observacion se relaciona con la comprension y la evidencia, no con preferencias esteticas.",Alta,PENDIENTE / NO EJECUTADO EN ESTA AUDITORÍA,CAM-0180,,,
28,Metalurgia Extractiva,289,Técnicas de hidrometalurgia,development_pack,Antecedentes del desarrollo y problema del modulo,REUTILIZACIÓN DEL BLOQUE HVAC CONFIRMADA EN PANTALLA; PERTINENCIA POR CONTRASTAR,,"Contexto del bloque: 'Sala de un liceo · climatización de aula'; antecedentes: 'UI-01, UI-02 y UE-01 aparecen en planta. El listado solo declara una unidad interior.'; desarrollo solicitado: 'Un lote presenta códigos distintos entre diagrama y bitácora. Usa diagrama, bitácora y resultados ficticios, identifica el AE y criterio oficial correspondiente y prepara el producto «conciliación de trazabilidad y evaluación documental» con evidencia de verificación.'. Registro: desarrollos-ui.jsonl, módulo 289.","Contexto del bloque: 'Sala de un liceo · climatización de aula'; antecedentes: 'UI-01, UI-02 y UE-01 aparecen en planta. El listado solo declara una unidad interior.'; desarrollo solicitado: 'Un lote presenta códigos distintos entre diagrama y bitácora. Usa diagrama, bitácora y resultados ficticios, identifica el AE y criterio oficial correspondiente y prepara el producto «conciliación de trazabilidad y evaluación documental» con evidencia de verificación.'.",Revisión localizada necesaria. Modificar solo si no se demuestra la relación del bloque con la tarea y el criterio; confirmar primero su pertinencia técnico-profesional.,"Revisar exclusivamente development_pack.context, role, objective, problem, background, evidence y constraints: vincularlos con el caso real del modulo, conservando el AE, la actividad y la rubrica. Confirmar primero su presentacion visible.","La observacion se relaciona con la comprension y la evidencia, no con preferencias esteticas.",Alta,PENDIENTE / NO EJECUTADO EN ESTA AUDITORÍA,CAM-0181,,,
28,Metalurgia Extractiva,290,Fundición y refinería,development_pack,Antecedentes del desarrollo y problema del modulo,REUTILIZACIÓN DEL BLOQUE HVAC CONFIRMADA EN PANTALLA; PERTINENCIA POR CONTRASTAR,,"Contexto del bloque: 'Sala de un liceo · climatización de aula'; antecedentes: 'UI-01, UI-02 y UE-01 aparecen en planta. El listado solo declara una unidad interior.'; desarrollo solicitado: 'La especificación del producto difiere del informe final. Usa orden, informe de calidad y pauta preventiva, identifica el AE y criterio oficial correspondiente y prepara el producto «informe de no conformidad y derivación técnica» con evidencia de verificación.'. Registro: desarrollos-ui.jsonl, módulo 290.","Contexto del bloque: 'Sala de un liceo · climatización de aula'; antecedentes: 'UI-01, UI-02 y UE-01 aparecen en planta. El listado solo declara una unidad interior.'; desarrollo solicitado: 'La especificación del producto difiere del informe final. Usa orden, informe de calidad y pauta preventiva, identifica el AE y criterio oficial correspondiente y prepara el producto «informe de no conformidad y derivación técnica» con evidencia de verificación.'.",Revisión localizada necesaria. Modificar solo si no se demuestra la relación del bloque con la tarea y el criterio; confirmar primero su pertinencia técnico-profesional.,"Revisar exclusivamente development_pack.context, role, objective, problem, background, evidence y constraints: vincularlos con el caso real del modulo, conservando el AE, la actividad y la rubrica. Confirmar primero su presentacion visible.","La observacion se relaciona con la comprension y la evidencia, no con preferencias esteticas.",Alta,PENDIENTE / NO EJECUTADO EN ESTA AUDITORÍA,CAM-0182,,,
28,Metalurgia Extractiva,291,Emprendimiento y empleabilidad,development_pack,Antecedentes del desarrollo y problema del modulo,REUTILIZACIÓN DEL BLOQUE HVAC CONFIRMADA EN PANTALLA; PERTINENCIA POR CONTRASTAR,,"Contexto del bloque: 'Sala de un liceo · climatización de aula'; antecedentes: 'UI-01, UI-02 y UE-01 aparecen en planta. El listado solo declara una unidad interior.'; desarrollo solicitado: 'El presupuesto omite una medida ambiental prevista. Usa propuesta, presupuesto y cronograma ficticios, identifica el AE y criterio oficial correspondiente y prepara el producto «plan de emprendimiento con costos revisados» con evidencia de verificación.'. Registro: desarrollos-ui.jsonl, módulo 291.","Contexto del bloque: 'Sala de un liceo · climatización de aula'; antecedentes: 'UI-01, UI-02 y UE-01 aparecen en planta. El listado solo declara una unidad interior.'; desarrollo solicitado: 'El presupuesto omite una medida ambiental prevista. Usa propuesta, presupuesto y cronograma ficticios, identifica el AE y criterio oficial correspondiente y prepara el producto «plan de emprendimiento con costos revisados» con evidencia de verificación.'.",Revisión localizada necesaria. Modificar solo si no se demuestra la relación del bloque con la tarea y el criterio; confirmar primero su pertinencia técnico-profesional.,"Revisar exclusivamente development_pack.context, role, objective, problem, background, evidence y constraints: vincularlos con el caso real del modulo, conservando el AE, la actividad y la rubrica. Confirmar primero su presentacion visible.","La observacion se relaciona con la comprension y la evidencia, no con preferencias esteticas.",Alta,PENDIENTE / NO EJECUTADO EN ESTA AUDITORÍA,CAM-0183,,,
29,Atención de Párvulos,264,Material didáctico y de ambientación,development_pack,Antecedentes del desarrollo y problema del modulo,REUTILIZACIÓN DEL BLOQUE HVAC CONFIRMADA EN PANTALLA; PERTINENCIA POR CONTRASTAR,,"Contexto del bloque: 'Sala de un liceo · climatización de aula'; antecedentes: 'UI-01, UI-02 y UE-01 aparecen en planta. El listado solo declara una unidad interior.'; desarrollo solicitado: 'Un material propuesto no corresponde a la edad indicada en el plan. Usa plan pedagógico, inventario y pauta de materiales, identifica el AE y criterio oficial correspondiente y prepara el producto «selección justificada y consulta a la educadora» con evidencia de verificación.'. Registro: desarrollos-ui.jsonl, módulo 264.","Contexto del bloque: 'Sala de un liceo · climatización de aula'; antecedentes: 'UI-01, UI-02 y UE-01 aparecen en planta. El listado solo declara una unidad interior.'; desarrollo solicitado: 'Un material propuesto no corresponde a la edad indicada en el plan. Usa plan pedagógico, inventario y pauta de materiales, identifica el AE y criterio oficial correspondiente y prepara el producto «selección justificada y consulta a la educadora» con evidencia de verificación.'.",Revisión localizada necesaria. Modificar solo si no se demuestra la relación del bloque con la tarea y el criterio; confirmar primero su pertinencia técnico-profesional.,"Revisar exclusivamente development_pack.context, role, objective, problem, background, evidence y constraints: vincularlos con el caso real del modulo, conservando el AE, la actividad y la rubrica. Confirmar primero su presentacion visible.","La observacion se relaciona con la comprension y la evidencia, no con preferencias esteticas.",Alta,PENDIENTE / NO EJECUTADO EN ESTA AUDITORÍA,CAM-0184,,,
29,Atención de Párvulos,268,Recreación y bienestar de los párvulos,development_pack,Antecedentes del desarrollo y problema del modulo,REUTILIZACIÓN DEL BLOQUE HVAC CONFIRMADA EN PANTALLA; PERTINENCIA POR CONTRASTAR,,"Contexto del bloque: 'Sala de un liceo · climatización de aula'; antecedentes: 'UI-01, UI-02 y UE-01 aparecen en planta. El listado solo declara una unidad interior.'; desarrollo solicitado: 'Una zona del juego presenta una restricción indicada en el mapa. Usa plan de juego, mapa del espacio y pauta de bienestar, identifica el AE y criterio oficial correspondiente y prepara el producto «adaptación de actividad y consulta a la educadora» con evidencia de verificación.'. Registro: desarrollos-ui.jsonl, módulo 268.","Contexto del bloque: 'Sala de un liceo · climatización de aula'; antecedentes: 'UI-01, UI-02 y UE-01 aparecen en planta. El listado solo declara una unidad interior.'; desarrollo solicitado: 'Una zona del juego presenta una restricción indicada en el mapa. Usa plan de juego, mapa del espacio y pauta de bienestar, identifica el AE y criterio oficial correspondiente y prepara el producto «adaptación de actividad y consulta a la educadora» con evidencia de verificación.'.",Revisión localizada necesaria. Modificar solo si no se demuestra la relación del bloque con la tarea y el criterio; confirmar primero su pertinencia técnico-profesional.,"Revisar exclusivamente development_pack.context, role, objective, problem, background, evidence y constraints: vincularlos con el caso real del modulo, conservando el AE, la actividad y la rubrica. Confirmar primero su presentacion visible.","La observacion se relaciona con la comprension y la evidencia, no con preferencias esteticas.",Alta,PENDIENTE / NO EJECUTADO EN ESTA AUDITORÍA,CAM-0185,,,
29,Atención de Párvulos,269,Actividades educativas para párvulos,development_pack,Antecedentes del desarrollo y problema del modulo,REUTILIZACIÓN DEL BLOQUE HVAC CONFIRMADA EN PANTALLA; PERTINENCIA POR CONTRASTAR,,"Contexto del bloque: 'Sala de un liceo · climatización de aula'; antecedentes: 'UI-01, UI-02 y UE-01 aparecen en planta. El listado solo declara una unidad interior.'; desarrollo solicitado: 'La evidencia prevista no permite observar el aprendizaje indicado. Usa objetivo, materiales y pauta de observación, identifica el AE y criterio oficial correspondiente y prepara el producto «actividad y registro de observación revisados» con evidencia de verificación.'. Registro: desarrollos-ui.jsonl, módulo 269.","Contexto del bloque: 'Sala de un liceo · climatización de aula'; antecedentes: 'UI-01, UI-02 y UE-01 aparecen en planta. El listado solo declara una unidad interior.'; desarrollo solicitado: 'La evidencia prevista no permite observar el aprendizaje indicado. Usa objetivo, materiales y pauta de observación, identifica el AE y criterio oficial correspondiente y prepara el producto «actividad y registro de observación revisados» con evidencia de verificación.'.",Revisión localizada necesaria. Modificar solo si no se demuestra la relación del bloque con la tarea y el criterio; confirmar primero su pertinencia técnico-profesional.,"Revisar exclusivamente development_pack.context, role, objective, problem, background, evidence y constraints: vincularlos con el caso real del modulo, conservando el AE, la actividad y la rubrica. Confirmar primero su presentacion visible.","La observacion se relaciona con la comprension y la evidencia, no con preferencias esteticas.",Alta,PENDIENTE / NO EJECUTADO EN ESTA AUDITORÍA,CAM-0186,,,
29,Atención de Párvulos,270,Expresión literaria y teatral con párvulos,development_pack,Antecedentes del desarrollo y problema del modulo,REUTILIZACIÓN DEL BLOQUE HVAC CONFIRMADA EN PANTALLA; PERTINENCIA POR CONTRASTAR,,"Contexto del bloque: 'Sala de un liceo · climatización de aula'; antecedentes: 'UI-01, UI-02 y UE-01 aparecen en planta. El listado solo declara una unidad interior.'; desarrollo solicitado: 'El texto elegido no se ajusta al tramo etario descrito. Usa guion breve, selección de textos y plan de grupo, identifica el AE y criterio oficial correspondiente y prepara el producto «selección fundamentada y ajuste de mediación» con evidencia de verificación.'. Registro: desarrollos-ui.jsonl, módulo 270.","Contexto del bloque: 'Sala de un liceo · climatización de aula'; antecedentes: 'UI-01, UI-02 y UE-01 aparecen en planta. El listado solo declara una unidad interior.'; desarrollo solicitado: 'El texto elegido no se ajusta al tramo etario descrito. Usa guion breve, selección de textos y plan de grupo, identifica el AE y criterio oficial correspondiente y prepara el producto «selección fundamentada y ajuste de mediación» con evidencia de verificación.'.",Revisión localizada necesaria. Modificar solo si no se demuestra la relación del bloque con la tarea y el criterio; confirmar primero su pertinencia técnico-profesional.,"Revisar exclusivamente development_pack.context, role, objective, problem, background, evidence y constraints: vincularlos con el caso real del modulo, conservando el AE, la actividad y la rubrica. Confirmar primero su presentacion visible.","La observacion se relaciona con la comprension y la evidencia, no con preferencias esteticas.",Alta,PENDIENTE / NO EJECUTADO EN ESTA AUDITORÍA,CAM-0187,,,
29,Atención de Párvulos,271,Alimentación de los párvulos,development_pack,Antecedentes del desarrollo y problema del modulo,REUTILIZACIÓN DEL BLOQUE HVAC CONFIRMADA EN PANTALLA; PERTINENCIA POR CONTRASTAR,,"Contexto del bloque: 'Sala de un liceo · climatización de aula'; antecedentes: 'UI-01, UI-02 y UE-01 aparecen en planta. El listado solo declara una unidad interior.'; desarrollo solicitado: 'El menú asignado no refleja una restricción registrada. Usa menú ficticio, fichas de restricciones y protocolo, identifica el AE y criterio oficial correspondiente y prepara el producto «detección de incompatibilidad y derivación al responsable» con evidencia de verificación.'. Registro: desarrollos-ui.jsonl, módulo 271.","Contexto del bloque: 'Sala de un liceo · climatización de aula'; antecedentes: 'UI-01, UI-02 y UE-01 aparecen en planta. El listado solo declara una unidad interior.'; desarrollo solicitado: 'El menú asignado no refleja una restricción registrada. Usa menú ficticio, fichas de restricciones y protocolo, identifica el AE y criterio oficial correspondiente y prepara el producto «detección de incompatibilidad y derivación al responsable» con evidencia de verificación.'.",Revisión localizada necesaria. Modificar solo si no se demuestra la relación del bloque con la tarea y el criterio; confirmar primero su pertinencia técnico-profesional.,"Revisar exclusivamente development_pack.context, role, objective, problem, background, evidence y constraints: vincularlos con el caso real del modulo, conservando el AE, la actividad y la rubrica. Confirmar primero su presentacion visible.","La observacion se relaciona con la comprension y la evidencia, no con preferencias esteticas.",Alta,PENDIENTE / NO EJECUTADO EN ESTA AUDITORÍA,CAM-0188,,,
29,Atención de Párvulos,272,Higiene y seguridad de los párvulos,development_pack,Antecedentes del desarrollo y problema del modulo,REUTILIZACIÓN DEL BLOQUE HVAC CONFIRMADA EN PANTALLA; PERTINENCIA POR CONTRASTAR,,"Contexto del bloque: 'Sala de un liceo · climatización de aula'; antecedentes: 'UI-01, UI-02 y UE-01 aparecen en planta. El listado solo declara una unidad interior.'; desarrollo solicitado: 'Un riesgo del mapa no aparece en la pauta del día. Usa pauta institucional, mapa de sala y registro de incidente ficticio, identifica el AE y criterio oficial correspondiente y prepara el producto «reporte preventivo y consulta a la educadora» con evidencia de verificación.'. Registro: desarrollos-ui.jsonl, módulo 272.","Contexto del bloque: 'Sala de un liceo · climatización de aula'; antecedentes: 'UI-01, UI-02 y UE-01 aparecen en planta. El listado solo declara una unidad interior.'; desarrollo solicitado: 'Un riesgo del mapa no aparece en la pauta del día. Usa pauta institucional, mapa de sala y registro de incidente ficticio, identifica el AE y criterio oficial correspondiente y prepara el producto «reporte preventivo y consulta a la educadora» con evidencia de verificación.'.",Revisión localizada necesaria. Modificar solo si no se demuestra la relación del bloque con la tarea y el criterio; confirmar primero su pertinencia técnico-profesional.,"Revisar exclusivamente development_pack.context, role, objective, problem, background, evidence y constraints: vincularlos con el caso real del modulo, conservando el AE, la actividad y la rubrica. Confirmar primero su presentacion visible.","La observacion se relaciona con la comprension y la evidencia, no con preferencias esteticas.",Alta,PENDIENTE / NO EJECUTADO EN ESTA AUDITORÍA,CAM-0189,,,
29,Atención de Párvulos,273,Emprendimiento y empleabilidad,development_pack,Antecedentes del desarrollo y problema del modulo,REUTILIZACIÓN DEL BLOQUE HVAC CONFIRMADA EN PANTALLA; PERTINENCIA POR CONTRASTAR,,"Contexto del bloque: 'Sala de un liceo · climatización de aula'; antecedentes: 'UI-01, UI-02 y UE-01 aparecen en planta. El listado solo declara una unidad interior.'; desarrollo solicitado: 'El presupuesto omite una medida de seguridad prevista. Usa propuesta, presupuesto y cronograma ficticios, identifica el AE y criterio oficial correspondiente y prepara el producto «plan de emprendimiento con costos revisados» con evidencia de verificación.'. Registro: desarrollos-ui.jsonl, módulo 273.","Contexto del bloque: 'Sala de un liceo · climatización de aula'; antecedentes: 'UI-01, UI-02 y UE-01 aparecen en planta. El listado solo declara una unidad interior.'; desarrollo solicitado: 'El presupuesto omite una medida de seguridad prevista. Usa propuesta, presupuesto y cronograma ficticios, identifica el AE y criterio oficial correspondiente y prepara el producto «plan de emprendimiento con costos revisados» con evidencia de verificación.'.",Revisión localizada necesaria. Modificar solo si no se demuestra la relación del bloque con la tarea y el criterio; confirmar primero su pertinencia técnico-profesional.,"Revisar exclusivamente development_pack.context, role, objective, problem, background, evidence y constraints: vincularlos con el caso real del modulo, conservando el AE, la actividad y la rubrica. Confirmar primero su presentacion visible.","La observacion se relaciona con la comprension y la evidencia, no con preferencias esteticas.",Alta,PENDIENTE / NO EJECUTADO EN ESTA AUDITORÍA,CAM-0190,,,
30,Conectividad y Redes,103,Instalación de redes de área local cableadas e inalámbricas,development_pack,Antecedentes del desarrollo y problema del modulo,REUTILIZACIÓN DEL BLOQUE HVAC CONFIRMADA EN PANTALLA; PERTINENCIA POR CONTRASTAR,,"Contexto del bloque: 'Sala de un liceo · climatización de aula'; antecedentes: 'UI-01, UI-02 y UE-01 aparecen en planta. El listado solo declara una unidad interior.'; desarrollo solicitado: 'Un punto de conexión del plano no aparece en el inventario de materiales. Usa plano de red, inventario de cableado y ficha de puntos inalámbricos, identifica el AE y criterio oficial correspondiente y prepara el producto «lista de materiales y revisión de instalación» con evidencia de verificación.'. Registro: desarrollos-ui.jsonl, módulo 103.","Contexto del bloque: 'Sala de un liceo · climatización de aula'; antecedentes: 'UI-01, UI-02 y UE-01 aparecen en planta. El listado solo declara una unidad interior.'; desarrollo solicitado: 'Un punto de conexión del plano no aparece en el inventario de materiales. Usa plano de red, inventario de cableado y ficha de puntos inalámbricos, identifica el AE y criterio oficial correspondiente y prepara el producto «lista de materiales y revisión de instalación» con evidencia de verificación.'.",Revisión localizada necesaria. Modificar solo si no se demuestra la relación del bloque con la tarea y el criterio; confirmar primero su pertinencia técnico-profesional.,"Revisar exclusivamente development_pack.context, role, objective, problem, background, evidence y constraints: vincularlos con el caso real del modulo, conservando el AE, la actividad y la rubrica. Confirmar primero su presentacion visible.","La observacion se relaciona con la comprension y la evidencia, no con preferencias esteticas.",Alta,PENDIENTE / NO EJECUTADO EN ESTA AUDITORÍA,CAM-0191,,,
30,Conectividad y Redes,107,Configuración de la seguridad en redes de área local,development_pack,Antecedentes del desarrollo y problema del modulo,REUTILIZACIÓN DEL BLOQUE HVAC CONFIRMADA EN PANTALLA; PERTINENCIA POR CONTRASTAR,,"Contexto del bloque: 'Sala de un liceo · climatización de aula'; antecedentes: 'UI-01, UI-02 y UE-01 aparecen en planta. El listado solo declara una unidad interior.'; desarrollo solicitado: 'Una regla permite tráfico que la política indica restringir. Usa política de acceso, reglas del dispositivo y registro de eventos ficticios, identifica el AE y criterio oficial correspondiente y prepara el producto «revisión de configuración y medida de resguardo» con evidencia de verificación.'. Registro: desarrollos-ui.jsonl, módulo 107.","Contexto del bloque: 'Sala de un liceo · climatización de aula'; antecedentes: 'UI-01, UI-02 y UE-01 aparecen en planta. El listado solo declara una unidad interior.'; desarrollo solicitado: 'Una regla permite tráfico que la política indica restringir. Usa política de acceso, reglas del dispositivo y registro de eventos ficticios, identifica el AE y criterio oficial correspondiente y prepara el producto «revisión de configuración y medida de resguardo» con evidencia de verificación.'.",Revisión localizada necesaria. Modificar solo si no se demuestra la relación del bloque con la tarea y el criterio; confirmar primero su pertinencia técnico-profesional.,"Revisar exclusivamente development_pack.context, role, objective, problem, background, evidence y constraints: vincularlos con el caso real del modulo, conservando el AE, la actividad y la rubrica. Confirmar primero su presentacion visible.","La observacion se relaciona con la comprension y la evidencia, no con preferencias esteticas.",Alta,PENDIENTE / NO EJECUTADO EN ESTA AUDITORÍA,CAM-0192,,,
30,Conectividad y Redes,108,Mantenimiento y actualización de hardware en redes de área local,development_pack,Antecedentes del desarrollo y problema del modulo,REUTILIZACIÓN DEL BLOQUE HVAC CONFIRMADA EN PANTALLA; PERTINENCIA POR CONTRASTAR,,"Contexto del bloque: 'Sala de un liceo · climatización de aula'; antecedentes: 'UI-01, UI-02 y UE-01 aparecen en planta. El listado solo declara una unidad interior.'; desarrollo solicitado: 'Un equipo del inventario figura intervenido sin la verificación prevista. Usa cronograma, inventario de equipos y pauta del fabricante, identifica el AE y criterio oficial correspondiente y prepara el producto «registro de mantenimiento y pendientes» con evidencia de verificación.'. Registro: desarrollos-ui.jsonl, módulo 108.","Contexto del bloque: 'Sala de un liceo · climatización de aula'; antecedentes: 'UI-01, UI-02 y UE-01 aparecen en planta. El listado solo declara una unidad interior.'; desarrollo solicitado: 'Un equipo del inventario figura intervenido sin la verificación prevista. Usa cronograma, inventario de equipos y pauta del fabricante, identifica el AE y criterio oficial correspondiente y prepara el producto «registro de mantenimiento y pendientes» con evidencia de verificación.'.",Revisión localizada necesaria. Modificar solo si no se demuestra la relación del bloque con la tarea y el criterio; confirmar primero su pertinencia técnico-profesional.,"Revisar exclusivamente development_pack.context, role, objective, problem, background, evidence y constraints: vincularlos con el caso real del modulo, conservando el AE, la actividad y la rubrica. Confirmar primero su presentacion visible.","La observacion se relaciona con la comprension y la evidencia, no con preferencias esteticas.",Alta,PENDIENTE / NO EJECUTADO EN ESTA AUDITORÍA,CAM-0193,,,
30,Conectividad y Redes,109,Mantenimiento y actualización de software en redes de área local,development_pack,Antecedentes del desarrollo y problema del modulo,REUTILIZACIÓN DEL BLOQUE HVAC CONFIRMADA EN PANTALLA; PERTINENCIA POR CONTRASTAR,,"Contexto del bloque: 'Sala de un liceo · climatización de aula'; antecedentes: 'UI-01, UI-02 y UE-01 aparecen en planta. El listado solo declara una unidad interior.'; desarrollo solicitado: 'La actualización propuesta no incluye un paso para comprobar el servicio. Usa inventario de versiones, ventana de mantenimiento y plan de reversión, identifica el AE y criterio oficial correspondiente y prepara el producto «secuencia de actualización y verificación» con evidencia de verificación.'. Registro: desarrollos-ui.jsonl, módulo 109.","Contexto del bloque: 'Sala de un liceo · climatización de aula'; antecedentes: 'UI-01, UI-02 y UE-01 aparecen en planta. El listado solo declara una unidad interior.'; desarrollo solicitado: 'La actualización propuesta no incluye un paso para comprobar el servicio. Usa inventario de versiones, ventana de mantenimiento y plan de reversión, identifica el AE y criterio oficial correspondiente y prepara el producto «secuencia de actualización y verificación» con evidencia de verificación.'.",Revisión localizada necesaria. Modificar solo si no se demuestra la relación del bloque con la tarea y el criterio; confirmar primero su pertinencia técnico-profesional.,"Revisar exclusivamente development_pack.context, role, objective, problem, background, evidence y constraints: vincularlos con el caso real del modulo, conservando el AE, la actividad y la rubrica. Confirmar primero su presentacion visible.","La observacion se relaciona con la comprension y la evidencia, no con preferencias esteticas.",Alta,PENDIENTE / NO EJECUTADO EN ESTA AUDITORÍA,CAM-0194,,,
30,Conectividad y Redes,110,Recuperación y respaldo de información en redes de área local,development_pack,Antecedentes del desarrollo y problema del modulo,REUTILIZACIÓN DEL BLOQUE HVAC CONFIRMADA EN PANTALLA; PERTINENCIA POR CONTRASTAR,,"Contexto del bloque: 'Sala de un liceo · climatización de aula'; antecedentes: 'UI-01, UI-02 y UE-01 aparecen en planta. El listado solo declara una unidad interior.'; desarrollo solicitado: 'El último respaldo aparece completo, pero no tiene prueba de restauración. Usa política de copias, registro de ejecución y prueba de restauración ficticia, identifica el AE y criterio oficial correspondiente y prepara el producto «plan de recuperación y verificación de integridad» con evidencia de verificación.'. Registro: desarrollos-ui.jsonl, módulo 110.","Contexto del bloque: 'Sala de un liceo · climatización de aula'; antecedentes: 'UI-01, UI-02 y UE-01 aparecen en planta. El listado solo declara una unidad interior.'; desarrollo solicitado: 'El último respaldo aparece completo, pero no tiene prueba de restauración. Usa política de copias, registro de ejecución y prueba de restauración ficticia, identifica el AE y criterio oficial correspondiente y prepara el producto «plan de recuperación y verificación de integridad» con evidencia de verificación.'.",Revisión localizada necesaria. Modificar solo si no se demuestra la relación del bloque con la tarea y el criterio; confirmar primero su pertinencia técnico-profesional.,"Revisar exclusivamente development_pack.context, role, objective, problem, background, evidence y constraints: vincularlos con el caso real del modulo, conservando el AE, la actividad y la rubrica. Confirmar primero su presentacion visible.","La observacion se relaciona con la comprension y la evidencia, no con preferencias esteticas.",Alta,PENDIENTE / NO EJECUTADO EN ESTA AUDITORÍA,CAM-0195,,,
30,Conectividad y Redes,111,Emprendimiento y empleabilidad,development_pack,Antecedentes del desarrollo y problema del modulo,REUTILIZACIÓN DEL BLOQUE HVAC CONFIRMADA EN PANTALLA; PERTINENCIA POR CONTRASTAR,,"Contexto del bloque: 'Sala de un liceo · climatización de aula'; antecedentes: 'UI-01, UI-02 y UE-01 aparecen en planta. El listado solo declara una unidad interior.'; desarrollo solicitado: 'El presupuesto no contempla un insumo del servicio ofrecido. Usa propuesta de servicio, presupuesto y cronograma ficticios, identifica el AE y criterio oficial correspondiente y prepara el producto «plan de emprendimiento con control de avance» con evidencia de verificación.'. Registro: desarrollos-ui.jsonl, módulo 111.","Contexto del bloque: 'Sala de un liceo · climatización de aula'; antecedentes: 'UI-01, UI-02 y UE-01 aparecen en planta. El listado solo declara una unidad interior.'; desarrollo solicitado: 'El presupuesto no contempla un insumo del servicio ofrecido. Usa propuesta de servicio, presupuesto y cronograma ficticios, identifica el AE y criterio oficial correspondiente y prepara el producto «plan de emprendimiento con control de avance» con evidencia de verificación.'.",Revisión localizada necesaria. Modificar solo si no se demuestra la relación del bloque con la tarea y el criterio; confirmar primero su pertinencia técnico-profesional.,"Revisar exclusivamente development_pack.context, role, objective, problem, background, evidence y constraints: vincularlos con el caso real del modulo, conservando el AE, la actividad y la rubrica. Confirmar primero su presentacion visible.","La observacion se relaciona con la comprension y la evidencia, no con preferencias esteticas.",Alta,PENDIENTE / NO EJECUTADO EN ESTA AUDITORÍA,CAM-0196,,,
31,Programación,74,Programación y bases de datos,development_pack,Antecedentes del desarrollo y problema del modulo,REUTILIZACIÓN DEL BLOQUE HVAC CONFIRMADA EN PANTALLA; PERTINENCIA POR CONTRASTAR,,"Contexto del bloque: 'Sala de un liceo · climatización de aula'; antecedentes: 'UI-01, UI-02 y UE-01 aparecen en planta. El listado solo declara una unidad interior.'; desarrollo solicitado: 'El diagrama no contempla qué ocurre cuando el pedido está vacío. Con los datos de requerimiento del usuario, tabla de pedidos y diagrama de flujo, explica el problema, cita el AE y criterio oficial que corresponde, prepara el algoritmo y prueba de escritorio documentados y describe una verificación reproducible.'. Registro: desarrollos-ui.jsonl, módulo 74.","Contexto del bloque: 'Sala de un liceo · climatización de aula'; antecedentes: 'UI-01, UI-02 y UE-01 aparecen en planta. El listado solo declara una unidad interior.'; desarrollo solicitado: 'El diagrama no contempla qué ocurre cuando el pedido está vacío. Con los datos de requerimiento del usuario, tabla de pedidos y diagrama de flujo, explica el problema, cita el AE y criterio oficial que corresponde, prepara el algoritmo y prueba de escritorio documentados y describe una verificación reproducible.'.",Revisión localizada necesaria. Modificar solo si no se demuestra la relación del bloque con la tarea y el criterio; confirmar primero su pertinencia técnico-profesional.,"Revisar exclusivamente development_pack.context, role, objective, problem, background, evidence y constraints: vincularlos con el caso real del modulo, conservando el AE, la actividad y la rubrica. Confirmar primero su presentacion visible.","La observacion se relaciona con la comprension y la evidencia, no con preferencias esteticas.",Alta,PENDIENTE / NO EJECUTADO EN ESTA AUDITORÍA,CAM-0197,,,
31,Programación,78,Diseño de bases de datos relacionales,development_pack,Antecedentes del desarrollo y problema del modulo,REUTILIZACIÓN DEL BLOQUE HVAC CONFIRMADA EN PANTALLA; PERTINENCIA POR CONTRASTAR,,"Contexto del bloque: 'Sala de un liceo · climatización de aula'; antecedentes: 'UI-01, UI-02 y UE-01 aparecen en planta. El listado solo declara una unidad interior.'; desarrollo solicitado: 'La tabla de pedidos repite el nombre del cliente sin una relación identificable. Con los datos de requerimiento de clientes y pedidos, entidades y diccionario de datos, explica el problema, cita el AE y criterio oficial que corresponde, prepara el modelo relacional y justificación de claves y describe una verificación reproducible.'. Registro: desarrollos-ui.jsonl, módulo 78.","Contexto del bloque: 'Sala de un liceo · climatización de aula'; antecedentes: 'UI-01, UI-02 y UE-01 aparecen en planta. El listado solo declara una unidad interior.'; desarrollo solicitado: 'La tabla de pedidos repite el nombre del cliente sin una relación identificable. Con los datos de requerimiento de clientes y pedidos, entidades y diccionario de datos, explica el problema, cita el AE y criterio oficial que corresponde, prepara el modelo relacional y justificación de claves y describe una verificación reproducible.'.",Revisión localizada necesaria. Modificar solo si no se demuestra la relación del bloque con la tarea y el criterio; confirmar primero su pertinencia técnico-profesional.,"Revisar exclusivamente development_pack.context, role, objective, problem, background, evidence y constraints: vincularlos con el caso real del modulo, conservando el AE, la actividad y la rubrica. Confirmar primero su presentacion visible.","La observacion se relaciona con la comprension y la evidencia, no con preferencias esteticas.",Alta,PENDIENTE / NO EJECUTADO EN ESTA AUDITORÍA,CAM-0198,,,
31,Programación,79,Programación orientada a objetos,development_pack,Antecedentes del desarrollo y problema del modulo,REUTILIZACIÓN DEL BLOQUE HVAC CONFIRMADA EN PANTALLA; PERTINENCIA POR CONTRASTAR,,"Contexto del bloque: 'Sala de un liceo · climatización de aula'; antecedentes: 'UI-01, UI-02 y UE-01 aparecen en planta. El listado solo declara una unidad interior.'; desarrollo solicitado: 'La clase derivada duplica una operación de la clase base y falla una prueba. Con los datos de historias de usuario, diagrama de clases y pruebas unitarias, explica el problema, cita el AE y criterio oficial que corresponde, prepara el revisión del diseño orientado a objetos y resultado de pruebas y describe una verificación reproducible.'. Registro: desarrollos-ui.jsonl, módulo 79.","Contexto del bloque: 'Sala de un liceo · climatización de aula'; antecedentes: 'UI-01, UI-02 y UE-01 aparecen en planta. El listado solo declara una unidad interior.'; desarrollo solicitado: 'La clase derivada duplica una operación de la clase base y falla una prueba. Con los datos de historias de usuario, diagrama de clases y pruebas unitarias, explica el problema, cita el AE y criterio oficial que corresponde, prepara el revisión del diseño orientado a objetos y resultado de pruebas y describe una verificación reproducible.'.",Revisión localizada necesaria. Modificar solo si no se demuestra la relación del bloque con la tarea y el criterio; confirmar primero su pertinencia técnico-profesional.,"Revisar exclusivamente development_pack.context, role, objective, problem, background, evidence y constraints: vincularlos con el caso real del modulo, conservando el AE, la actividad y la rubrica. Confirmar primero su presentacion visible.","La observacion se relaciona con la comprension y la evidencia, no con preferencias esteticas.",Alta,PENDIENTE / NO EJECUTADO EN ESTA AUDITORÍA,CAM-0199,,,
31,Programación,80,Administración de bases de datos,development_pack,Antecedentes del desarrollo y problema del modulo,REUTILIZACIÓN DEL BLOQUE HVAC CONFIRMADA EN PANTALLA; PERTINENCIA POR CONTRASTAR,,"Contexto del bloque: 'Sala de un liceo · climatización de aula'; antecedentes: 'UI-01, UI-02 y UE-01 aparecen en planta. El listado solo declara una unidad interior.'; desarrollo solicitado: 'La actualización propuesta deja registros sin relación con la tabla principal. Con los datos de esquema, solicitud de actualización y respaldo, explica el problema, cita el AE y criterio oficial que corresponde, prepara el plan de consulta, respaldo y comprobación de integridad y describe una verificación reproducible.'. Registro: desarrollos-ui.jsonl, módulo 80.","Contexto del bloque: 'Sala de un liceo · climatización de aula'; antecedentes: 'UI-01, UI-02 y UE-01 aparecen en planta. El listado solo declara una unidad interior.'; desarrollo solicitado: 'La actualización propuesta deja registros sin relación con la tabla principal. Con los datos de esquema, solicitud de actualización y respaldo, explica el problema, cita el AE y criterio oficial que corresponde, prepara el plan de consulta, respaldo y comprobación de integridad y describe una verificación reproducible.'.",Revisión localizada necesaria. Modificar solo si no se demuestra la relación del bloque con la tarea y el criterio; confirmar primero su pertinencia técnico-profesional.,"Revisar exclusivamente development_pack.context, role, objective, problem, background, evidence y constraints: vincularlos con el caso real del modulo, conservando el AE, la actividad y la rubrica. Confirmar primero su presentacion visible.","La observacion se relaciona con la comprension y la evidencia, no con preferencias esteticas.",Alta,PENDIENTE / NO EJECUTADO EN ESTA AUDITORÍA,CAM-0200,,,
31,Programación,81,Desarrollo de aplicaciones web,development_pack,Antecedentes del desarrollo y problema del modulo,REUTILIZACIÓN DEL BLOQUE HVAC CONFIRMADA EN PANTALLA; PERTINENCIA POR CONTRASTAR,,"Contexto del bloque: 'Sala de un liceo · climatización de aula'; antecedentes: 'UI-01, UI-02 y UE-01 aparecen en planta. El listado solo declara una unidad interior.'; desarrollo solicitado: 'El formulario acepta un dato obligatorio vacío pese al requerimiento. Con los datos de requisitos de la interfaz, formulario y resultados de prueba, explica el problema, cita el AE y criterio oficial que corresponde, prepara el corrección propuesta y plan de pruebas web y describe una verificación reproducible.'. Registro: desarrollos-ui.jsonl, módulo 81.","Contexto del bloque: 'Sala de un liceo · climatización de aula'; antecedentes: 'UI-01, UI-02 y UE-01 aparecen en planta. El listado solo declara una unidad interior.'; desarrollo solicitado: 'El formulario acepta un dato obligatorio vacío pese al requerimiento. Con los datos de requisitos de la interfaz, formulario y resultados de prueba, explica el problema, cita el AE y criterio oficial que corresponde, prepara el corrección propuesta y plan de pruebas web y describe una verificación reproducible.'.",Revisión localizada necesaria. Modificar solo si no se demuestra la relación del bloque con la tarea y el criterio; confirmar primero su pertinencia técnico-profesional.,"Revisar exclusivamente development_pack.context, role, objective, problem, background, evidence y constraints: vincularlos con el caso real del modulo, conservando el AE, la actividad y la rubrica. Confirmar primero su presentacion visible.","La observacion se relaciona con la comprension y la evidencia, no con preferencias esteticas.",Alta,PENDIENTE / NO EJECUTADO EN ESTA AUDITORÍA,CAM-0201,,,
31,Programación,82,Emprendimiento y empleabilidad,development_pack,Antecedentes del desarrollo y problema del modulo,REUTILIZACIÓN DEL BLOQUE HVAC CONFIRMADA EN PANTALLA; PERTINENCIA POR CONTRASTAR,,"Contexto del bloque: 'Sala de un liceo · climatización de aula'; antecedentes: 'UI-01, UI-02 y UE-01 aparecen en planta. El listado solo declara una unidad interior.'; desarrollo solicitado: 'El presupuesto no incluye el costo del alojamiento previsto. Con los datos de propuesta de servicio, presupuesto y cronograma, explica el problema, cita el AE y criterio oficial que corresponde, prepara el plan de emprendimiento y control de avance y describe una verificación reproducible.'. Registro: desarrollos-ui.jsonl, módulo 82.","Contexto del bloque: 'Sala de un liceo · climatización de aula'; antecedentes: 'UI-01, UI-02 y UE-01 aparecen en planta. El listado solo declara una unidad interior.'; desarrollo solicitado: 'El presupuesto no incluye el costo del alojamiento previsto. Con los datos de propuesta de servicio, presupuesto y cronograma, explica el problema, cita el AE y criterio oficial que corresponde, prepara el plan de emprendimiento y control de avance y describe una verificación reproducible.'.",Revisión localizada necesaria. Modificar solo si no se demuestra la relación del bloque con la tarea y el criterio; confirmar primero su pertinencia técnico-profesional.,"Revisar exclusivamente development_pack.context, role, objective, problem, background, evidence y constraints: vincularlos con el caso real del modulo, conservando el AE, la actividad y la rubrica. Confirmar primero su presentacion visible.","La observacion se relaciona con la comprension y la evidencia, no con preferencias esteticas.",Alta,PENDIENTE / NO EJECUTADO EN ESTA AUDITORÍA,CAM-0202,,,
32,Telecomunicaciones,122,Operaciones y fundamentos de las telecomunicaciones,development_pack,Antecedentes del desarrollo y problema del modulo,REUTILIZACIÓN DEL BLOQUE HVAC CONFIRMADA EN PANTALLA; PERTINENCIA POR CONTRASTAR,,"Contexto del bloque: 'Sala de un liceo · climatización de aula'; antecedentes: 'UI-01, UI-02 y UE-01 aparecen en planta. El listado solo declara una unidad interior.'; desarrollo solicitado: 'El tipo de enlace indicado en el esquema no coincide con la ficha del equipo. Usa esquema de comunicaciones, inventario y ficha técnica, identifica el AE y criterio oficial correspondiente y prepara el producto «revisión técnica del esquema y materiales» con evidencia de verificación.'. Registro: desarrollos-ui.jsonl, módulo 122.","Contexto del bloque: 'Sala de un liceo · climatización de aula'; antecedentes: 'UI-01, UI-02 y UE-01 aparecen en planta. El listado solo declara una unidad interior.'; desarrollo solicitado: 'El tipo de enlace indicado en el esquema no coincide con la ficha del equipo. Usa esquema de comunicaciones, inventario y ficha técnica, identifica el AE y criterio oficial correspondiente y prepara el producto «revisión técnica del esquema y materiales» con evidencia de verificación.'.",Revisión localizada necesaria. Modificar solo si no se demuestra la relación del bloque con la tarea y el criterio; confirmar primero su pertinencia técnico-profesional.,"Revisar exclusivamente development_pack.context, role, objective, problem, background, evidence y constraints: vincularlos con el caso real del modulo, conservando el AE, la actividad y la rubrica. Confirmar primero su presentacion visible.","La observacion se relaciona con la comprension y la evidencia, no con preferencias esteticas.",Alta,PENDIENTE / NO EJECUTADO EN ESTA AUDITORÍA,CAM-0203,,,
32,Telecomunicaciones,126,Instalación de servicios básicos de telecomunicaciones,development_pack,Antecedentes del desarrollo y problema del modulo,REUTILIZACIÓN DEL BLOQUE HVAC CONFIRMADA EN PANTALLA; PERTINENCIA POR CONTRASTAR,,"Contexto del bloque: 'Sala de un liceo · climatización de aula'; antecedentes: 'UI-01, UI-02 y UE-01 aparecen en planta. El listado solo declara una unidad interior.'; desarrollo solicitado: 'La configuración entregada no contempla una condición confirmada en la solicitud. Usa solicitud del cliente, ficha del servicio y prueba de aceptación, identifica el AE y criterio oficial correspondiente y prepara el producto «registro de instalación y verificación del servicio» con evidencia de verificación.'. Registro: desarrollos-ui.jsonl, módulo 126.","Contexto del bloque: 'Sala de un liceo · climatización de aula'; antecedentes: 'UI-01, UI-02 y UE-01 aparecen en planta. El listado solo declara una unidad interior.'; desarrollo solicitado: 'La configuración entregada no contempla una condición confirmada en la solicitud. Usa solicitud del cliente, ficha del servicio y prueba de aceptación, identifica el AE y criterio oficial correspondiente y prepara el producto «registro de instalación y verificación del servicio» con evidencia de verificación.'.",Revisión localizada necesaria. Modificar solo si no se demuestra la relación del bloque con la tarea y el criterio; confirmar primero su pertinencia técnico-profesional.,"Revisar exclusivamente development_pack.context, role, objective, problem, background, evidence y constraints: vincularlos con el caso real del modulo, conservando el AE, la actividad y la rubrica. Confirmar primero su presentacion visible.","La observacion se relaciona con la comprension y la evidencia, no con preferencias esteticas.",Alta,PENDIENTE / NO EJECUTADO EN ESTA AUDITORÍA,CAM-0204,,,
32,Telecomunicaciones,127,Comunicaciones inalámbricas,development_pack,Antecedentes del desarrollo y problema del modulo,REUTILIZACIÓN DEL BLOQUE HVAC CONFIRMADA EN PANTALLA; PERTINENCIA POR CONTRASTAR,,"Contexto del bloque: 'Sala de un liceo · climatización de aula'; antecedentes: 'UI-01, UI-02 y UE-01 aparecen en planta. El listado solo declara una unidad interior.'; desarrollo solicitado: 'Una zona prevista en el proyecto no tiene cobertura en la simulación. Usa plano de cobertura, configuración y resultados de prueba, identifica el AE y criterio oficial correspondiente y prepara el producto «propuesta de ajuste y prueba de cobertura» con evidencia de verificación.'. Registro: desarrollos-ui.jsonl, módulo 127.","Contexto del bloque: 'Sala de un liceo · climatización de aula'; antecedentes: 'UI-01, UI-02 y UE-01 aparecen en planta. El listado solo declara una unidad interior.'; desarrollo solicitado: 'Una zona prevista en el proyecto no tiene cobertura en la simulación. Usa plano de cobertura, configuración y resultados de prueba, identifica el AE y criterio oficial correspondiente y prepara el producto «propuesta de ajuste y prueba de cobertura» con evidencia de verificación.'.",Revisión localizada necesaria. Modificar solo si no se demuestra la relación del bloque con la tarea y el criterio; confirmar primero su pertinencia técnico-profesional.,"Revisar exclusivamente development_pack.context, role, objective, problem, background, evidence y constraints: vincularlos con el caso real del modulo, conservando el AE, la actividad y la rubrica. Confirmar primero su presentacion visible.","La observacion se relaciona con la comprension y la evidencia, no con preferencias esteticas.",Alta,PENDIENTE / NO EJECUTADO EN ESTA AUDITORÍA,CAM-0205,,,
32,Telecomunicaciones,128,Instalación de redes telefónicas convergentes,development_pack,Antecedentes del desarrollo y problema del modulo,REUTILIZACIÓN DEL BLOQUE HVAC CONFIRMADA EN PANTALLA; PERTINENCIA POR CONTRASTAR,,"Contexto del bloque: 'Sala de un liceo · climatización de aula'; antecedentes: 'UI-01, UI-02 y UE-01 aparecen en planta. El listado solo declara una unidad interior.'; desarrollo solicitado: 'El terminal de voz queda asociado a un segmento distinto del definido en el diagrama. Usa diagrama de voz y datos, parámetros de servicio y bitácora, identifica el AE y criterio oficial correspondiente y prepara el producto «revisión de red telefónica y prueba de servicio» con evidencia de verificación.'. Registro: desarrollos-ui.jsonl, módulo 128.","Contexto del bloque: 'Sala de un liceo · climatización de aula'; antecedentes: 'UI-01, UI-02 y UE-01 aparecen en planta. El listado solo declara una unidad interior.'; desarrollo solicitado: 'El terminal de voz queda asociado a un segmento distinto del definido en el diagrama. Usa diagrama de voz y datos, parámetros de servicio y bitácora, identifica el AE y criterio oficial correspondiente y prepara el producto «revisión de red telefónica y prueba de servicio» con evidencia de verificación.'.",Revisión localizada necesaria. Modificar solo si no se demuestra la relación del bloque con la tarea y el criterio; confirmar primero su pertinencia técnico-profesional.,"Revisar exclusivamente development_pack.context, role, objective, problem, background, evidence y constraints: vincularlos con el caso real del modulo, conservando el AE, la actividad y la rubrica. Confirmar primero su presentacion visible.","La observacion se relaciona con la comprension y la evidencia, no con preferencias esteticas.",Alta,PENDIENTE / NO EJECUTADO EN ESTA AUDITORÍA,CAM-0206,,,
32,Telecomunicaciones,129,Sistemas operativos de redes,development_pack,Antecedentes del desarrollo y problema del modulo,REUTILIZACIÓN DEL BLOQUE HVAC CONFIRMADA EN PANTALLA; PERTINENCIA POR CONTRASTAR,,"Contexto del bloque: 'Sala de un liceo · climatización de aula'; antecedentes: 'UI-01, UI-02 y UE-01 aparecen en planta. El listado solo declara una unidad interior.'; desarrollo solicitado: 'Una cuenta conserva permisos que no figuran en la solicitud vigente. Usa solicitud de acceso, matriz de permisos y registro del sistema, identifica el AE y criterio oficial correspondiente y prepara el producto «plan de corrección y comprobación de permisos» con evidencia de verificación.'. Registro: desarrollos-ui.jsonl, módulo 129.","Contexto del bloque: 'Sala de un liceo · climatización de aula'; antecedentes: 'UI-01, UI-02 y UE-01 aparecen en planta. El listado solo declara una unidad interior.'; desarrollo solicitado: 'Una cuenta conserva permisos que no figuran en la solicitud vigente. Usa solicitud de acceso, matriz de permisos y registro del sistema, identifica el AE y criterio oficial correspondiente y prepara el producto «plan de corrección y comprobación de permisos» con evidencia de verificación.'.",Revisión localizada necesaria. Modificar solo si no se demuestra la relación del bloque con la tarea y el criterio; confirmar primero su pertinencia técnico-profesional.,"Revisar exclusivamente development_pack.context, role, objective, problem, background, evidence y constraints: vincularlos con el caso real del modulo, conservando el AE, la actividad y la rubrica. Confirmar primero su presentacion visible.","La observacion se relaciona con la comprension y la evidencia, no con preferencias esteticas.",Alta,PENDIENTE / NO EJECUTADO EN ESTA AUDITORÍA,CAM-0207,,,
32,Telecomunicaciones,130,Mantenimiento de redes de acceso y banda ancha,development_pack,Antecedentes del desarrollo y problema del modulo,REUTILIZACIÓN DEL BLOQUE HVAC CONFIRMADA EN PANTALLA; PERTINENCIA POR CONTRASTAR,,"Contexto del bloque: 'Sala de un liceo · climatización de aula'; antecedentes: 'UI-01, UI-02 y UE-01 aparecen en planta. El listado solo declara una unidad interior.'; desarrollo solicitado: 'El informe de cierre no explica una medición fuera del rango entregado en la ficha. Usa historial de fallas, ficha del enlace y resultados de prueba simulados, identifica el AE y criterio oficial correspondiente y prepara el producto «diagnóstico documentado y prueba pendiente» con evidencia de verificación.'. Registro: desarrollos-ui.jsonl, módulo 130.","Contexto del bloque: 'Sala de un liceo · climatización de aula'; antecedentes: 'UI-01, UI-02 y UE-01 aparecen en planta. El listado solo declara una unidad interior.'; desarrollo solicitado: 'El informe de cierre no explica una medición fuera del rango entregado en la ficha. Usa historial de fallas, ficha del enlace y resultados de prueba simulados, identifica el AE y criterio oficial correspondiente y prepara el producto «diagnóstico documentado y prueba pendiente» con evidencia de verificación.'.",Revisión localizada necesaria. Modificar solo si no se demuestra la relación del bloque con la tarea y el criterio; confirmar primero su pertinencia técnico-profesional.,"Revisar exclusivamente development_pack.context, role, objective, problem, background, evidence y constraints: vincularlos con el caso real del modulo, conservando el AE, la actividad y la rubrica. Confirmar primero su presentacion visible.","La observacion se relaciona con la comprension y la evidencia, no con preferencias esteticas.",Alta,PENDIENTE / NO EJECUTADO EN ESTA AUDITORÍA,CAM-0208,,,
32,Telecomunicaciones,131,Emprendimiento y empleabilidad,development_pack,Antecedentes del desarrollo y problema del modulo,REUTILIZACIÓN DEL BLOQUE HVAC CONFIRMADA EN PANTALLA; PERTINENCIA POR CONTRASTAR,,"Contexto del bloque: 'Sala de un liceo · climatización de aula'; antecedentes: 'UI-01, UI-02 y UE-01 aparecen en planta. El listado solo declara una unidad interior.'; desarrollo solicitado: 'El presupuesto omite un recurso del servicio ofrecido. Usa propuesta, presupuesto y cronograma ficticios, identifica el AE y criterio oficial correspondiente y prepara el producto «plan de emprendimiento con control de avance» con evidencia de verificación.'. Registro: desarrollos-ui.jsonl, módulo 131.","Contexto del bloque: 'Sala de un liceo · climatización de aula'; antecedentes: 'UI-01, UI-02 y UE-01 aparecen en planta. El listado solo declara una unidad interior.'; desarrollo solicitado: 'El presupuesto omite un recurso del servicio ofrecido. Usa propuesta, presupuesto y cronograma ficticios, identifica el AE y criterio oficial correspondiente y prepara el producto «plan de emprendimiento con control de avance» con evidencia de verificación.'.",Revisión localizada necesaria. Modificar solo si no se demuestra la relación del bloque con la tarea y el criterio; confirmar primero su pertinencia técnico-profesional.,"Revisar exclusivamente development_pack.context, role, objective, problem, background, evidence y constraints: vincularlos con el caso real del modulo, conservando el AE, la actividad y la rubrica. Confirmar primero su presentacion visible.","La observacion se relaciona con la comprension y la evidencia, no con preferencias esteticas.",Alta,PENDIENTE / NO EJECUTADO EN ESTA AUDITORÍA,CAM-0209,,,
33,"Administración, mención Logística",301,Utilización de información contable,development_pack,Antecedentes del desarrollo y problema del modulo,REUTILIZACIÓN DEL BLOQUE HVAC CONFIRMADA EN PANTALLA; PERTINENCIA POR CONTRASTAR,,"Contexto del bloque: 'Sala de un liceo · climatización de aula'; antecedentes: 'UI-01, UI-02 y UE-01 aparecen en planta. El listado solo declara una unidad interior.'; desarrollo solicitado: 'Un comprobante no coincide con el saldo informado. Usa resumen, comprobantes y libro auxiliar ficticios, identifica el AE y criterio oficial correspondiente y prepara el producto «conciliación y observación documentada» con evidencia de verificación.'. Registro: desarrollos-ui.jsonl, módulo 301.","Contexto del bloque: 'Sala de un liceo · climatización de aula'; antecedentes: 'UI-01, UI-02 y UE-01 aparecen en planta. El listado solo declara una unidad interior.'; desarrollo solicitado: 'Un comprobante no coincide con el saldo informado. Usa resumen, comprobantes y libro auxiliar ficticios, identifica el AE y criterio oficial correspondiente y prepara el producto «conciliación y observación documentada» con evidencia de verificación.'.",Revisión localizada necesaria. Modificar solo si no se demuestra la relación del bloque con la tarea y el criterio; confirmar primero su pertinencia técnico-profesional.,"Revisar exclusivamente development_pack.context, role, objective, problem, background, evidence y constraints: vincularlos con el caso real del modulo, conservando el AE, la actividad y la rubrica. Confirmar primero su presentacion visible.","La observacion se relaciona con la comprension y la evidencia, no con preferencias esteticas.",Alta,PENDIENTE / NO EJECUTADO EN ESTA AUDITORÍA,CAM-0210,,,
33,"Administración, mención Logística",305,Organización de oficinas,development_pack,Antecedentes del desarrollo y problema del modulo,REUTILIZACIÓN DEL BLOQUE HVAC CONFIRMADA EN PANTALLA; PERTINENCIA POR CONTRASTAR,,"Contexto del bloque: 'Sala de un liceo · climatización de aula'; antecedentes: 'UI-01, UI-02 y UE-01 aparecen en planta. El listado solo declara una unidad interior.'; desarrollo solicitado: 'Un documento figura en una ubicación distinta de la registrada. Usa agenda, inventario y flujo de documentos, identifica el AE y criterio oficial correspondiente y prepara el producto «control de archivo y trazabilidad» con evidencia de verificación.'. Registro: desarrollos-ui.jsonl, módulo 305.","Contexto del bloque: 'Sala de un liceo · climatización de aula'; antecedentes: 'UI-01, UI-02 y UE-01 aparecen en planta. El listado solo declara una unidad interior.'; desarrollo solicitado: 'Un documento figura en una ubicación distinta de la registrada. Usa agenda, inventario y flujo de documentos, identifica el AE y criterio oficial correspondiente y prepara el producto «control de archivo y trazabilidad» con evidencia de verificación.'.",Revisión localizada necesaria. Modificar solo si no se demuestra la relación del bloque con la tarea y el criterio; confirmar primero su pertinencia técnico-profesional.,"Revisar exclusivamente development_pack.context, role, objective, problem, background, evidence y constraints: vincularlos con el caso real del modulo, conservando el AE, la actividad y la rubrica. Confirmar primero su presentacion visible.","La observacion se relaciona con la comprension y la evidencia, no con preferencias esteticas.",Alta,PENDIENTE / NO EJECUTADO EN ESTA AUDITORÍA,CAM-0211,,,
33,"Administración, mención Logística",306,Aplicaciones informáticas para la gestión administrativa,development_pack,Antecedentes del desarrollo y problema del modulo,REUTILIZACIÓN DEL BLOQUE HVAC CONFIRMADA EN PANTALLA; PERTINENCIA POR CONTRASTAR,,"Contexto del bloque: 'Sala de un liceo · climatización de aula'; antecedentes: 'UI-01, UI-02 y UE-01 aparecen en planta. El listado solo declara una unidad interior.'; desarrollo solicitado: 'Una versión compartida no coincide con la aprobada. Usa planilla, documento y control de acceso ficticios, identifica el AE y criterio oficial correspondiente y prepara el producto «control de versión y resguardo de información» con evidencia de verificación.'. Registro: desarrollos-ui.jsonl, módulo 306.","Contexto del bloque: 'Sala de un liceo · climatización de aula'; antecedentes: 'UI-01, UI-02 y UE-01 aparecen en planta. El listado solo declara una unidad interior.'; desarrollo solicitado: 'Una versión compartida no coincide con la aprobada. Usa planilla, documento y control de acceso ficticios, identifica el AE y criterio oficial correspondiente y prepara el producto «control de versión y resguardo de información» con evidencia de verificación.'.",Revisión localizada necesaria. Modificar solo si no se demuestra la relación del bloque con la tarea y el criterio; confirmar primero su pertinencia técnico-profesional.,"Revisar exclusivamente development_pack.context, role, objective, problem, background, evidence y constraints: vincularlos con el caso real del modulo, conservando el AE, la actividad y la rubrica. Confirmar primero su presentacion visible.","La observacion se relaciona con la comprension y la evidencia, no con preferencias esteticas.",Alta,PENDIENTE / NO EJECUTADO EN ESTA AUDITORÍA,CAM-0212,,,
33,"Administración, mención Logística",307,Operaciones de almacenamiento,development_pack,Antecedentes del desarrollo y problema del modulo,REUTILIZACIÓN DEL BLOQUE HVAC CONFIRMADA EN PANTALLA; PERTINENCIA POR CONTRASTAR,,"Contexto del bloque: 'Sala de un liceo · climatización de aula'; antecedentes: 'UI-01, UI-02 y UE-01 aparecen en planta. El listado solo declara una unidad interior.'; desarrollo solicitado: 'La ubicación asignada difiere del plano autorizado. Usa inventario, ficha de mercancía y plano de bodega, identifica el AE y criterio oficial correspondiente y prepara el producto «propuesta de almacenamiento y consulta técnica» con evidencia de verificación.'. Registro: desarrollos-ui.jsonl, módulo 307.","Contexto del bloque: 'Sala de un liceo · climatización de aula'; antecedentes: 'UI-01, UI-02 y UE-01 aparecen en planta. El listado solo declara una unidad interior.'; desarrollo solicitado: 'La ubicación asignada difiere del plano autorizado. Usa inventario, ficha de mercancía y plano de bodega, identifica el AE y criterio oficial correspondiente y prepara el producto «propuesta de almacenamiento y consulta técnica» con evidencia de verificación.'.",Revisión localizada necesaria. Modificar solo si no se demuestra la relación del bloque con la tarea y el criterio; confirmar primero su pertinencia técnico-profesional.,"Revisar exclusivamente development_pack.context, role, objective, problem, background, evidence y constraints: vincularlos con el caso real del modulo, conservando el AE, la actividad y la rubrica. Confirmar primero su presentacion visible.","La observacion se relaciona con la comprension y la evidencia, no con preferencias esteticas.",Alta,PENDIENTE / NO EJECUTADO EN ESTA AUDITORÍA,CAM-0213,,,
33,"Administración, mención Logística",308,Operaciones de bodega,development_pack,Antecedentes del desarrollo y problema del modulo,REUTILIZACIÓN DEL BLOQUE HVAC CONFIRMADA EN PANTALLA; PERTINENCIA POR CONTRASTAR,,"Contexto del bloque: 'Sala de un liceo · climatización de aula'; antecedentes: 'UI-01, UI-02 y UE-01 aparecen en planta. El listado solo declara una unidad interior.'; desarrollo solicitado: 'El conteo no coincide con la guía de recepción. Usa registro de entrada, guía y conteo ficticio, identifica el AE y criterio oficial correspondiente y prepara el producto «conciliación de existencias y observación» con evidencia de verificación.'. Registro: desarrollos-ui.jsonl, módulo 308.","Contexto del bloque: 'Sala de un liceo · climatización de aula'; antecedentes: 'UI-01, UI-02 y UE-01 aparecen en planta. El listado solo declara una unidad interior.'; desarrollo solicitado: 'El conteo no coincide con la guía de recepción. Usa registro de entrada, guía y conteo ficticio, identifica el AE y criterio oficial correspondiente y prepara el producto «conciliación de existencias y observación» con evidencia de verificación.'.",Revisión localizada necesaria. Modificar solo si no se demuestra la relación del bloque con la tarea y el criterio; confirmar primero su pertinencia técnico-profesional.,"Revisar exclusivamente development_pack.context, role, objective, problem, background, evidence y constraints: vincularlos con el caso real del modulo, conservando el AE, la actividad y la rubrica. Confirmar primero su presentacion visible.","La observacion se relaciona con la comprension y la evidencia, no con preferencias esteticas.",Alta,PENDIENTE / NO EJECUTADO EN ESTA AUDITORÍA,CAM-0214,,,
33,"Administración, mención Logística",309,Logística y distribución,development_pack,Antecedentes del desarrollo y problema del modulo,REUTILIZACIÓN DEL BLOQUE HVAC CONFIRMADA EN PANTALLA; PERTINENCIA POR CONTRASTAR,,"Contexto del bloque: 'Sala de un liceo · climatización de aula'; antecedentes: 'UI-01, UI-02 y UE-01 aparecen en planta. El listado solo declara una unidad interior.'; desarrollo solicitado: 'La ruta propuesta no cumple el plazo consignado. Usa pedido, ruta y cronograma ficticios, identifica el AE y criterio oficial correspondiente y prepara el producto «plan de distribución revisado» con evidencia de verificación.'. Registro: desarrollos-ui.jsonl, módulo 309.","Contexto del bloque: 'Sala de un liceo · climatización de aula'; antecedentes: 'UI-01, UI-02 y UE-01 aparecen en planta. El listado solo declara una unidad interior.'; desarrollo solicitado: 'La ruta propuesta no cumple el plazo consignado. Usa pedido, ruta y cronograma ficticios, identifica el AE y criterio oficial correspondiente y prepara el producto «plan de distribución revisado» con evidencia de verificación.'.",Revisión localizada necesaria. Modificar solo si no se demuestra la relación del bloque con la tarea y el criterio; confirmar primero su pertinencia técnico-profesional.,"Revisar exclusivamente development_pack.context, role, objective, problem, background, evidence y constraints: vincularlos con el caso real del modulo, conservando el AE, la actividad y la rubrica. Confirmar primero su presentacion visible.","La observacion se relaciona con la comprension y la evidencia, no con preferencias esteticas.",Alta,PENDIENTE / NO EJECUTADO EN ESTA AUDITORÍA,CAM-0215,,,
33,"Administración, mención Logística",310,Seguridad en bodegas,development_pack,Antecedentes del desarrollo y problema del modulo,REUTILIZACIÓN DEL BLOQUE HVAC CONFIRMADA EN PANTALLA; PERTINENCIA POR CONTRASTAR,,"Contexto del bloque: 'Sala de un liceo · climatización de aula'; antecedentes: 'UI-01, UI-02 y UE-01 aparecen en planta. El listado solo declara una unidad interior.'; desarrollo solicitado: 'Una carga aparece en una zona restringida. Usa mapa de riesgos, ficha de carga y pauta preventiva, identifica el AE y criterio oficial correspondiente y prepara el producto «reporte de riesgo y derivación al supervisor» con evidencia de verificación.'. Registro: desarrollos-ui.jsonl, módulo 310.","Contexto del bloque: 'Sala de un liceo · climatización de aula'; antecedentes: 'UI-01, UI-02 y UE-01 aparecen en planta. El listado solo declara una unidad interior.'; desarrollo solicitado: 'Una carga aparece en una zona restringida. Usa mapa de riesgos, ficha de carga y pauta preventiva, identifica el AE y criterio oficial correspondiente y prepara el producto «reporte de riesgo y derivación al supervisor» con evidencia de verificación.'.",Revisión localizada necesaria. Modificar solo si no se demuestra la relación del bloque con la tarea y el criterio; confirmar primero su pertinencia técnico-profesional.,"Revisar exclusivamente development_pack.context, role, objective, problem, background, evidence y constraints: vincularlos con el caso real del modulo, conservando el AE, la actividad y la rubrica. Confirmar primero su presentacion visible.","La observacion se relaciona con la comprension y la evidencia, no con preferencias esteticas.",Alta,PENDIENTE / NO EJECUTADO EN ESTA AUDITORÍA,CAM-0216,,,
33,"Administración, mención Logística",311,Emprendimiento y empleabilidad,development_pack,Antecedentes del desarrollo y problema del modulo,REUTILIZACIÓN DEL BLOQUE HVAC CONFIRMADA EN PANTALLA; PERTINENCIA POR CONTRASTAR,,"Contexto del bloque: 'Sala de un liceo · climatización de aula'; antecedentes: 'UI-01, UI-02 y UE-01 aparecen en planta. El listado solo declara una unidad interior.'; desarrollo solicitado: 'El presupuesto omite una etapa de almacenamiento. Usa propuesta, presupuesto y cronograma ficticios, identifica el AE y criterio oficial correspondiente y prepara el producto «plan de emprendimiento con costos revisados» con evidencia de verificación.'. Registro: desarrollos-ui.jsonl, módulo 311.","Contexto del bloque: 'Sala de un liceo · climatización de aula'; antecedentes: 'UI-01, UI-02 y UE-01 aparecen en planta. El listado solo declara una unidad interior.'; desarrollo solicitado: 'El presupuesto omite una etapa de almacenamiento. Usa propuesta, presupuesto y cronograma ficticios, identifica el AE y criterio oficial correspondiente y prepara el producto «plan de emprendimiento con costos revisados» con evidencia de verificación.'.",Revisión localizada necesaria. Modificar solo si no se demuestra la relación del bloque con la tarea y el criterio; confirmar primero su pertinencia técnico-profesional.,"Revisar exclusivamente development_pack.context, role, objective, problem, background, evidence y constraints: vincularlos con el caso real del modulo, conservando el AE, la actividad y la rubrica. Confirmar primero su presentacion visible.","La observacion se relaciona con la comprension y la evidencia, no con preferencias esteticas.",Alta,PENDIENTE / NO EJECUTADO EN ESTA AUDITORÍA,CAM-0217,,,
34,"Administración, mención Recursos Humanos",312,Utilización de información contable,development_pack,Antecedentes del desarrollo y problema del modulo,REUTILIZACIÓN DEL BLOQUE HVAC CONFIRMADA EN PANTALLA; PERTINENCIA POR CONTRASTAR,,"Contexto del bloque: 'Sala de un liceo · climatización de aula'; antecedentes: 'UI-01, UI-02 y UE-01 aparecen en planta. El listado solo declara una unidad interior.'; desarrollo solicitado: 'Un comprobante no coincide con el saldo informado. Usa resumen, comprobantes y libro auxiliar ficticios, identifica el AE y criterio oficial correspondiente y prepara el producto «conciliación y observación documentada» con evidencia de verificación.'. Registro: desarrollos-ui.jsonl, módulo 312.","Contexto del bloque: 'Sala de un liceo · climatización de aula'; antecedentes: 'UI-01, UI-02 y UE-01 aparecen en planta. El listado solo declara una unidad interior.'; desarrollo solicitado: 'Un comprobante no coincide con el saldo informado. Usa resumen, comprobantes y libro auxiliar ficticios, identifica el AE y criterio oficial correspondiente y prepara el producto «conciliación y observación documentada» con evidencia de verificación.'.",Revisión localizada necesaria. Modificar solo si no se demuestra la relación del bloque con la tarea y el criterio; confirmar primero su pertinencia técnico-profesional.,"Revisar exclusivamente development_pack.context, role, objective, problem, background, evidence y constraints: vincularlos con el caso real del modulo, conservando el AE, la actividad y la rubrica. Confirmar primero su presentacion visible.","La observacion se relaciona con la comprension y la evidencia, no con preferencias esteticas.",Alta,PENDIENTE / NO EJECUTADO EN ESTA AUDITORÍA,CAM-0218,,,
34,"Administración, mención Recursos Humanos",316,Organización de oficinas,development_pack,Antecedentes del desarrollo y problema del modulo,REUTILIZACIÓN DEL BLOQUE HVAC CONFIRMADA EN PANTALLA; PERTINENCIA POR CONTRASTAR,,"Contexto del bloque: 'Sala de un liceo · climatización de aula'; antecedentes: 'UI-01, UI-02 y UE-01 aparecen en planta. El listado solo declara una unidad interior.'; desarrollo solicitado: 'Un documento figura en una ubicación distinta de la registrada. Usa agenda, inventario y flujo de documentos, identifica el AE y criterio oficial correspondiente y prepara el producto «control de archivo y trazabilidad» con evidencia de verificación.'. Registro: desarrollos-ui.jsonl, módulo 316.","Contexto del bloque: 'Sala de un liceo · climatización de aula'; antecedentes: 'UI-01, UI-02 y UE-01 aparecen en planta. El listado solo declara una unidad interior.'; desarrollo solicitado: 'Un documento figura en una ubicación distinta de la registrada. Usa agenda, inventario y flujo de documentos, identifica el AE y criterio oficial correspondiente y prepara el producto «control de archivo y trazabilidad» con evidencia de verificación.'.",Revisión localizada necesaria. Modificar solo si no se demuestra la relación del bloque con la tarea y el criterio; confirmar primero su pertinencia técnico-profesional.,"Revisar exclusivamente development_pack.context, role, objective, problem, background, evidence y constraints: vincularlos con el caso real del modulo, conservando el AE, la actividad y la rubrica. Confirmar primero su presentacion visible.","La observacion se relaciona con la comprension y la evidencia, no con preferencias esteticas.",Alta,PENDIENTE / NO EJECUTADO EN ESTA AUDITORÍA,CAM-0219,,,
34,"Administración, mención Recursos Humanos",317,Aplicaciones informáticas para la gestión administrativa,development_pack,Antecedentes del desarrollo y problema del modulo,REUTILIZACIÓN DEL BLOQUE HVAC CONFIRMADA EN PANTALLA; PERTINENCIA POR CONTRASTAR,,"Contexto del bloque: 'Sala de un liceo · climatización de aula'; antecedentes: 'UI-01, UI-02 y UE-01 aparecen en planta. El listado solo declara una unidad interior.'; desarrollo solicitado: 'Una versión compartida no coincide con la aprobada. Usa planilla, documento y control de acceso ficticios, identifica el AE y criterio oficial correspondiente y prepara el producto «control de versión y resguardo de información» con evidencia de verificación.'. Registro: desarrollos-ui.jsonl, módulo 317.","Contexto del bloque: 'Sala de un liceo · climatización de aula'; antecedentes: 'UI-01, UI-02 y UE-01 aparecen en planta. El listado solo declara una unidad interior.'; desarrollo solicitado: 'Una versión compartida no coincide con la aprobada. Usa planilla, documento y control de acceso ficticios, identifica el AE y criterio oficial correspondiente y prepara el producto «control de versión y resguardo de información» con evidencia de verificación.'.",Revisión localizada necesaria. Modificar solo si no se demuestra la relación del bloque con la tarea y el criterio; confirmar primero su pertinencia técnico-profesional.,"Revisar exclusivamente development_pack.context, role, objective, problem, background, evidence y constraints: vincularlos con el caso real del modulo, conservando el AE, la actividad y la rubrica. Confirmar primero su presentacion visible.","La observacion se relaciona con la comprension y la evidencia, no con preferencias esteticas.",Alta,PENDIENTE / NO EJECUTADO EN ESTA AUDITORÍA,CAM-0220,,,
34,"Administración, mención Recursos Humanos",318,Legislación laboral,development_pack,Antecedentes del desarrollo y problema del modulo,REUTILIZACIÓN DEL BLOQUE HVAC CONFIRMADA EN PANTALLA; PERTINENCIA POR CONTRASTAR,,"Contexto del bloque: 'Sala de un liceo · climatización de aula'; antecedentes: 'UI-01, UI-02 y UE-01 aparecen en planta. El listado solo declara una unidad interior.'; desarrollo solicitado: 'Una fecha contractual difiere entre dos documentos. Usa contrato ficticio, pauta y registro de cambios, identifica el AE y criterio oficial correspondiente y prepara el producto «observación documental y consulta a personal competente» con evidencia de verificación.'. Registro: desarrollos-ui.jsonl, módulo 318.","Contexto del bloque: 'Sala de un liceo · climatización de aula'; antecedentes: 'UI-01, UI-02 y UE-01 aparecen en planta. El listado solo declara una unidad interior.'; desarrollo solicitado: 'Una fecha contractual difiere entre dos documentos. Usa contrato ficticio, pauta y registro de cambios, identifica el AE y criterio oficial correspondiente y prepara el producto «observación documental y consulta a personal competente» con evidencia de verificación.'.",Revisión localizada necesaria. Modificar solo si no se demuestra la relación del bloque con la tarea y el criterio; confirmar primero su pertinencia técnico-profesional.,"Revisar exclusivamente development_pack.context, role, objective, problem, background, evidence y constraints: vincularlos con el caso real del modulo, conservando el AE, la actividad y la rubrica. Confirmar primero su presentacion visible.","La observacion se relaciona con la comprension y la evidencia, no con preferencias esteticas.",Alta,PENDIENTE / NO EJECUTADO EN ESTA AUDITORÍA,CAM-0221,,,
34,"Administración, mención Recursos Humanos",319,"Cálculo de remuneración, finiquitos y obligaciones laborales",development_pack,Antecedentes del desarrollo y problema del modulo,REUTILIZACIÓN DEL BLOQUE HVAC CONFIRMADA EN PANTALLA; PERTINENCIA POR CONTRASTAR,,"Contexto del bloque: 'Sala de un liceo · climatización de aula'; antecedentes: 'UI-01, UI-02 y UE-01 aparecen en planta. El listado solo declara una unidad interior.'; desarrollo solicitado: 'Un dato base no coincide entre planilla y registro. Usa liquidación ficticia, planilla y registro de asistencia, identifica el AE y criterio oficial correspondiente y prepara el producto «conciliación de antecedentes sin emitir asesoría legal» con evidencia de verificación.'. Registro: desarrollos-ui.jsonl, módulo 319.","Contexto del bloque: 'Sala de un liceo · climatización de aula'; antecedentes: 'UI-01, UI-02 y UE-01 aparecen en planta. El listado solo declara una unidad interior.'; desarrollo solicitado: 'Un dato base no coincide entre planilla y registro. Usa liquidación ficticia, planilla y registro de asistencia, identifica el AE y criterio oficial correspondiente y prepara el producto «conciliación de antecedentes sin emitir asesoría legal» con evidencia de verificación.'.",Revisión localizada necesaria. Modificar solo si no se demuestra la relación del bloque con la tarea y el criterio; confirmar primero su pertinencia técnico-profesional.,"Revisar exclusivamente development_pack.context, role, objective, problem, background, evidence y constraints: vincularlos con el caso real del modulo, conservando el AE, la actividad y la rubrica. Confirmar primero su presentacion visible.","La observacion se relaciona con la comprension y la evidencia, no con preferencias esteticas.",Alta,PENDIENTE / NO EJECUTADO EN ESTA AUDITORÍA,CAM-0222,,,
34,"Administración, mención Recursos Humanos",320,Desarrollo y bienestar del personal,development_pack,Antecedentes del desarrollo y problema del modulo,REUTILIZACIÓN DEL BLOQUE HVAC CONFIRMADA EN PANTALLA; PERTINENCIA POR CONTRASTAR,,"Contexto del bloque: 'Sala de un liceo · climatización de aula'; antecedentes: 'UI-01, UI-02 y UE-01 aparecen en planta. El listado solo declara una unidad interior.'; desarrollo solicitado: 'Una necesidad detectada no aparece en el plan. Usa encuesta anónima, plan de apoyo y acta ficticia, identifica el AE y criterio oficial correspondiente y prepara el producto «propuesta de mejora y resguardo de privacidad» con evidencia de verificación.'. Registro: desarrollos-ui.jsonl, módulo 320.","Contexto del bloque: 'Sala de un liceo · climatización de aula'; antecedentes: 'UI-01, UI-02 y UE-01 aparecen en planta. El listado solo declara una unidad interior.'; desarrollo solicitado: 'Una necesidad detectada no aparece en el plan. Usa encuesta anónima, plan de apoyo y acta ficticia, identifica el AE y criterio oficial correspondiente y prepara el producto «propuesta de mejora y resguardo de privacidad» con evidencia de verificación.'.",Revisión localizada necesaria. Modificar solo si no se demuestra la relación del bloque con la tarea y el criterio; confirmar primero su pertinencia técnico-profesional.,"Revisar exclusivamente development_pack.context, role, objective, problem, background, evidence y constraints: vincularlos con el caso real del modulo, conservando el AE, la actividad y la rubrica. Confirmar primero su presentacion visible.","La observacion se relaciona con la comprension y la evidencia, no con preferencias esteticas.",Alta,PENDIENTE / NO EJECUTADO EN ESTA AUDITORÍA,CAM-0223,,,
34,"Administración, mención Recursos Humanos",321,Dotación de personal,development_pack,Antecedentes del desarrollo y problema del modulo,REUTILIZACIÓN DEL BLOQUE HVAC CONFIRMADA EN PANTALLA; PERTINENCIA POR CONTRASTAR,,"Contexto del bloque: 'Sala de un liceo · climatización de aula'; antecedentes: 'UI-01, UI-02 y UE-01 aparecen en planta. El listado solo declara una unidad interior.'; desarrollo solicitado: 'Un criterio de selección no figura en el perfil aprobado. Usa perfil de cargo, solicitud y matriz de evaluación ficticios, identifica el AE y criterio oficial correspondiente y prepara el producto «matriz revisada y consulta al responsable» con evidencia de verificación.'. Registro: desarrollos-ui.jsonl, módulo 321.","Contexto del bloque: 'Sala de un liceo · climatización de aula'; antecedentes: 'UI-01, UI-02 y UE-01 aparecen en planta. El listado solo declara una unidad interior.'; desarrollo solicitado: 'Un criterio de selección no figura en el perfil aprobado. Usa perfil de cargo, solicitud y matriz de evaluación ficticios, identifica el AE y criterio oficial correspondiente y prepara el producto «matriz revisada y consulta al responsable» con evidencia de verificación.'.",Revisión localizada necesaria. Modificar solo si no se demuestra la relación del bloque con la tarea y el criterio; confirmar primero su pertinencia técnico-profesional.,"Revisar exclusivamente development_pack.context, role, objective, problem, background, evidence y constraints: vincularlos con el caso real del modulo, conservando el AE, la actividad y la rubrica. Confirmar primero su presentacion visible.","La observacion se relaciona con la comprension y la evidencia, no con preferencias esteticas.",Alta,PENDIENTE / NO EJECUTADO EN ESTA AUDITORÍA,CAM-0224,,,
34,"Administración, mención Recursos Humanos",322,Emprendimiento y empleabilidad,development_pack,Antecedentes del desarrollo y problema del modulo,REUTILIZACIÓN DEL BLOQUE HVAC CONFIRMADA EN PANTALLA; PERTINENCIA POR CONTRASTAR,,"Contexto del bloque: 'Sala de un liceo · climatización de aula'; antecedentes: 'UI-01, UI-02 y UE-01 aparecen en planta. El listado solo declara una unidad interior.'; desarrollo solicitado: 'El presupuesto omite un recurso comprometido. Usa propuesta, presupuesto y cronograma ficticios, identifica el AE y criterio oficial correspondiente y prepara el producto «plan de emprendimiento con costos revisados» con evidencia de verificación.'. Registro: desarrollos-ui.jsonl, módulo 322.","Contexto del bloque: 'Sala de un liceo · climatización de aula'; antecedentes: 'UI-01, UI-02 y UE-01 aparecen en planta. El listado solo declara una unidad interior.'; desarrollo solicitado: 'El presupuesto omite un recurso comprometido. Usa propuesta, presupuesto y cronograma ficticios, identifica el AE y criterio oficial correspondiente y prepara el producto «plan de emprendimiento con costos revisados» con evidencia de verificación.'.",Revisión localizada necesaria. Modificar solo si no se demuestra la relación del bloque con la tarea y el criterio; confirmar primero su pertinencia técnico-profesional.,"Revisar exclusivamente development_pack.context, role, objective, problem, background, evidence y constraints: vincularlos con el caso real del modulo, conservando el AE, la actividad y la rubrica. Confirmar primero su presentacion visible.","La observacion se relaciona con la comprension y la evidencia, no con preferencias esteticas.",Alta,PENDIENTE / NO EJECUTADO EN ESTA AUDITORÍA,CAM-0225,,,
35,"Agropecuaria, mención Agricultura",323,Manejo de suelo y residuos,development_pack,Antecedentes del desarrollo y problema del modulo,REUTILIZACIÓN DEL BLOQUE HVAC CONFIRMADA EN PANTALLA; PERTINENCIA POR CONTRASTAR,,"Contexto del bloque: 'Sala de un liceo · climatización de aula'; antecedentes: 'UI-01, UI-02 y UE-01 aparecen en planta. El listado solo declara una unidad interior.'; desarrollo solicitado: 'El sector registrado no coincide con el mapa del predio. Usa plan de suelo, registro de residuos y pauta ambiental, identifica el AE y criterio oficial correspondiente y prepara el producto «análisis de suelo y observación ambiental» con evidencia de verificación.'. Registro: desarrollos-ui.jsonl, módulo 323.","Contexto del bloque: 'Sala de un liceo · climatización de aula'; antecedentes: 'UI-01, UI-02 y UE-01 aparecen en planta. El listado solo declara una unidad interior.'; desarrollo solicitado: 'El sector registrado no coincide con el mapa del predio. Usa plan de suelo, registro de residuos y pauta ambiental, identifica el AE y criterio oficial correspondiente y prepara el producto «análisis de suelo y observación ambiental» con evidencia de verificación.'.",Revisión localizada necesaria. Modificar solo si no se demuestra la relación del bloque con la tarea y el criterio; confirmar primero su pertinencia técnico-profesional.,"Revisar exclusivamente development_pack.context, role, objective, problem, background, evidence y constraints: vincularlos con el caso real del modulo, conservando el AE, la actividad y la rubrica. Confirmar primero su presentacion visible.","La observacion se relaciona con la comprension y la evidencia, no con preferencias esteticas.",Alta,PENDIENTE / NO EJECUTADO EN ESTA AUDITORÍA,CAM-0226,,,
35,"Agropecuaria, mención Agricultura",327,Control de plagas y enfermedades,development_pack,Antecedentes del desarrollo y problema del modulo,REUTILIZACIÓN DEL BLOQUE HVAC CONFIRMADA EN PANTALLA; PERTINENCIA POR CONTRASTAR,,"Contexto del bloque: 'Sala de un liceo · climatización de aula'; antecedentes: 'UI-01, UI-02 y UE-01 aparecen en planta. El listado solo declara una unidad interior.'; desarrollo solicitado: 'El foco reportado no coincide con el sector del mapa. Usa ficha de observación, mapa y pauta preventiva, identifica el AE y criterio oficial correspondiente y prepara el producto «identificación de discrepancia y derivación técnica» con evidencia de verificación.'. Registro: desarrollos-ui.jsonl, módulo 327.","Contexto del bloque: 'Sala de un liceo · climatización de aula'; antecedentes: 'UI-01, UI-02 y UE-01 aparecen en planta. El listado solo declara una unidad interior.'; desarrollo solicitado: 'El foco reportado no coincide con el sector del mapa. Usa ficha de observación, mapa y pauta preventiva, identifica el AE y criterio oficial correspondiente y prepara el producto «identificación de discrepancia y derivación técnica» con evidencia de verificación.'.",Revisión localizada necesaria. Modificar solo si no se demuestra la relación del bloque con la tarea y el criterio; confirmar primero su pertinencia técnico-profesional.,"Revisar exclusivamente development_pack.context, role, objective, problem, background, evidence y constraints: vincularlos con el caso real del modulo, conservando el AE, la actividad y la rubrica. Confirmar primero su presentacion visible.","La observacion se relaciona con la comprension y la evidencia, no con preferencias esteticas.",Alta,PENDIENTE / NO EJECUTADO EN ESTA AUDITORÍA,CAM-0227,,,
35,"Agropecuaria, mención Agricultura",328,Técnicas de cultivo de especies vegetales,development_pack,Antecedentes del desarrollo y problema del modulo,REUTILIZACIÓN DEL BLOQUE HVAC CONFIRMADA EN PANTALLA; PERTINENCIA POR CONTRASTAR,,"Contexto del bloque: 'Sala de un liceo · climatización de aula'; antecedentes: 'UI-01, UI-02 y UE-01 aparecen en planta. El listado solo declara una unidad interior.'; desarrollo solicitado: 'El cultivo propuesto no corresponde al sector autorizado. Usa ficha de especie, calendario y mapa de parcela, identifica el AE y criterio oficial correspondiente y prepara el producto «plan de cultivo revisado» con evidencia de verificación.'. Registro: desarrollos-ui.jsonl, módulo 328.","Contexto del bloque: 'Sala de un liceo · climatización de aula'; antecedentes: 'UI-01, UI-02 y UE-01 aparecen en planta. El listado solo declara una unidad interior.'; desarrollo solicitado: 'El cultivo propuesto no corresponde al sector autorizado. Usa ficha de especie, calendario y mapa de parcela, identifica el AE y criterio oficial correspondiente y prepara el producto «plan de cultivo revisado» con evidencia de verificación.'.",Revisión localizada necesaria. Modificar solo si no se demuestra la relación del bloque con la tarea y el criterio; confirmar primero su pertinencia técnico-profesional.,"Revisar exclusivamente development_pack.context, role, objective, problem, background, evidence y constraints: vincularlos con el caso real del modulo, conservando el AE, la actividad y la rubrica. Confirmar primero su presentacion visible.","La observacion se relaciona con la comprension y la evidencia, no con preferencias esteticas.",Alta,PENDIENTE / NO EJECUTADO EN ESTA AUDITORÍA,CAM-0228,,,
35,"Agropecuaria, mención Agricultura",329,Manejos para optimización productiva de frutales,development_pack,Antecedentes del desarrollo y problema del modulo,REUTILIZACIÓN DEL BLOQUE HVAC CONFIRMADA EN PANTALLA; PERTINENCIA POR CONTRASTAR,,"Contexto del bloque: 'Sala de un liceo · climatización de aula'; antecedentes: 'UI-01, UI-02 y UE-01 aparecen en planta. El listado solo declara una unidad interior.'; desarrollo solicitado: 'Un rendimiento registrado difiere de la planilla consolidada. Usa bitácora, ficha de huerto y resultados ficticios, identifica el AE y criterio oficial correspondiente y prepara el producto «comparación de resultados y propuesta de mejora» con evidencia de verificación.'. Registro: desarrollos-ui.jsonl, módulo 329.","Contexto del bloque: 'Sala de un liceo · climatización de aula'; antecedentes: 'UI-01, UI-02 y UE-01 aparecen en planta. El listado solo declara una unidad interior.'; desarrollo solicitado: 'Un rendimiento registrado difiere de la planilla consolidada. Usa bitácora, ficha de huerto y resultados ficticios, identifica el AE y criterio oficial correspondiente y prepara el producto «comparación de resultados y propuesta de mejora» con evidencia de verificación.'.",Revisión localizada necesaria. Modificar solo si no se demuestra la relación del bloque con la tarea y el criterio; confirmar primero su pertinencia técnico-profesional.,"Revisar exclusivamente development_pack.context, role, objective, problem, background, evidence y constraints: vincularlos con el caso real del modulo, conservando el AE, la actividad y la rubrica. Confirmar primero su presentacion visible.","La observacion se relaciona con la comprension y la evidencia, no con preferencias esteticas.",Alta,PENDIENTE / NO EJECUTADO EN ESTA AUDITORÍA,CAM-0229,,,
35,"Agropecuaria, mención Agricultura",330,Postcosecha y guarda de productos agrícolas,development_pack,Antecedentes del desarrollo y problema del modulo,REUTILIZACIÓN DEL BLOQUE HVAC CONFIRMADA EN PANTALLA; PERTINENCIA POR CONTRASTAR,,"Contexto del bloque: 'Sala de un liceo · climatización de aula'; antecedentes: 'UI-01, UI-02 y UE-01 aparecen en planta. El listado solo declara una unidad interior.'; desarrollo solicitado: 'La identificación del lote cambia entre recepción y guarda. Usa registro de lote, pauta de guarda y ficha de producto, identifica el AE y criterio oficial correspondiente y prepara el producto «control de trazabilidad y observación» con evidencia de verificación.'. Registro: desarrollos-ui.jsonl, módulo 330.","Contexto del bloque: 'Sala de un liceo · climatización de aula'; antecedentes: 'UI-01, UI-02 y UE-01 aparecen en planta. El listado solo declara una unidad interior.'; desarrollo solicitado: 'La identificación del lote cambia entre recepción y guarda. Usa registro de lote, pauta de guarda y ficha de producto, identifica el AE y criterio oficial correspondiente y prepara el producto «control de trazabilidad y observación» con evidencia de verificación.'.",Revisión localizada necesaria. Modificar solo si no se demuestra la relación del bloque con la tarea y el criterio; confirmar primero su pertinencia técnico-profesional.,"Revisar exclusivamente development_pack.context, role, objective, problem, background, evidence y constraints: vincularlos con el caso real del modulo, conservando el AE, la actividad y la rubrica. Confirmar primero su presentacion visible.","La observacion se relaciona con la comprension y la evidencia, no con preferencias esteticas.",Alta,PENDIENTE / NO EJECUTADO EN ESTA AUDITORÍA,CAM-0230,,,
35,"Agropecuaria, mención Agricultura",331,Mantenimiento de maquinarias y equipos agrícolas,development_pack,Antecedentes del desarrollo y problema del modulo,REUTILIZACIÓN DEL BLOQUE HVAC CONFIRMADA EN PANTALLA; PERTINENCIA POR CONTRASTAR,,"Contexto del bloque: 'Sala de un liceo · climatización de aula'; antecedentes: 'UI-01, UI-02 y UE-01 aparecen en planta. El listado solo declara una unidad interior.'; desarrollo solicitado: 'Una máquina figura disponible pese a una revisión pendiente. Usa inventario, manual y bitácora, identifica el AE y criterio oficial correspondiente y prepara el producto «reporte de condición y retiro preventivo simulado» con evidencia de verificación.'. Registro: desarrollos-ui.jsonl, módulo 331.","Contexto del bloque: 'Sala de un liceo · climatización de aula'; antecedentes: 'UI-01, UI-02 y UE-01 aparecen en planta. El listado solo declara una unidad interior.'; desarrollo solicitado: 'Una máquina figura disponible pese a una revisión pendiente. Usa inventario, manual y bitácora, identifica el AE y criterio oficial correspondiente y prepara el producto «reporte de condición y retiro preventivo simulado» con evidencia de verificación.'.",Revisión localizada necesaria. Modificar solo si no se demuestra la relación del bloque con la tarea y el criterio; confirmar primero su pertinencia técnico-profesional.,"Revisar exclusivamente development_pack.context, role, objective, problem, background, evidence y constraints: vincularlos con el caso real del modulo, conservando el AE, la actividad y la rubrica. Confirmar primero su presentacion visible.","La observacion se relaciona con la comprension y la evidencia, no con preferencias esteticas.",Alta,PENDIENTE / NO EJECUTADO EN ESTA AUDITORÍA,CAM-0231,,,
35,"Agropecuaria, mención Agricultura",332,Emprendimiento y empleabilidad,development_pack,Antecedentes del desarrollo y problema del modulo,REUTILIZACIÓN DEL BLOQUE HVAC CONFIRMADA EN PANTALLA; PERTINENCIA POR CONTRASTAR,,"Contexto del bloque: 'Sala de un liceo · climatización de aula'; antecedentes: 'UI-01, UI-02 y UE-01 aparecen en planta. El listado solo declara una unidad interior.'; desarrollo solicitado: 'El presupuesto omite un control de calidad previsto. Usa propuesta, presupuesto y cronograma ficticios, identifica el AE y criterio oficial correspondiente y prepara el producto «plan de emprendimiento con costos revisados» con evidencia de verificación.'. Registro: desarrollos-ui.jsonl, módulo 332.","Contexto del bloque: 'Sala de un liceo · climatización de aula'; antecedentes: 'UI-01, UI-02 y UE-01 aparecen en planta. El listado solo declara una unidad interior.'; desarrollo solicitado: 'El presupuesto omite un control de calidad previsto. Usa propuesta, presupuesto y cronograma ficticios, identifica el AE y criterio oficial correspondiente y prepara el producto «plan de emprendimiento con costos revisados» con evidencia de verificación.'.",Revisión localizada necesaria. Modificar solo si no se demuestra la relación del bloque con la tarea y el criterio; confirmar primero su pertinencia técnico-profesional.,"Revisar exclusivamente development_pack.context, role, objective, problem, background, evidence y constraints: vincularlos con el caso real del modulo, conservando el AE, la actividad y la rubrica. Confirmar primero su presentacion visible.","La observacion se relaciona con la comprension y la evidencia, no con preferencias esteticas.",Alta,PENDIENTE / NO EJECUTADO EN ESTA AUDITORÍA,CAM-0232,,,
36,"Agropecuaria, mención Pecuaria",333,Manejo de suelo y residuos,development_pack,Antecedentes del desarrollo y problema del modulo,REUTILIZACIÓN DEL BLOQUE HVAC CONFIRMADA EN PANTALLA; PERTINENCIA POR CONTRASTAR,,"Contexto del bloque: 'Sala de un liceo · climatización de aula'; antecedentes: 'UI-01, UI-02 y UE-01 aparecen en planta. El listado solo declara una unidad interior.'; desarrollo solicitado: 'El sector registrado no coincide con el mapa del predio. Usa plan de suelo, registro de residuos y pauta ambiental, identifica el AE y criterio oficial correspondiente y prepara el producto «análisis de suelo y observación ambiental» con evidencia de verificación.'. Registro: desarrollos-ui.jsonl, módulo 333.","Contexto del bloque: 'Sala de un liceo · climatización de aula'; antecedentes: 'UI-01, UI-02 y UE-01 aparecen en planta. El listado solo declara una unidad interior.'; desarrollo solicitado: 'El sector registrado no coincide con el mapa del predio. Usa plan de suelo, registro de residuos y pauta ambiental, identifica el AE y criterio oficial correspondiente y prepara el producto «análisis de suelo y observación ambiental» con evidencia de verificación.'.",Revisión localizada necesaria. Modificar solo si no se demuestra la relación del bloque con la tarea y el criterio; confirmar primero su pertinencia técnico-profesional.,"Revisar exclusivamente development_pack.context, role, objective, problem, background, evidence y constraints: vincularlos con el caso real del modulo, conservando el AE, la actividad y la rubrica. Confirmar primero su presentacion visible.","La observacion se relaciona con la comprension y la evidencia, no con preferencias esteticas.",Alta,PENDIENTE / NO EJECUTADO EN ESTA AUDITORÍA,CAM-0233,,,
36,"Agropecuaria, mención Pecuaria",337,Control de plagas y enfermedades,development_pack,Antecedentes del desarrollo y problema del modulo,REUTILIZACIÓN DEL BLOQUE HVAC CONFIRMADA EN PANTALLA; PERTINENCIA POR CONTRASTAR,,"Contexto del bloque: 'Sala de un liceo · climatización de aula'; antecedentes: 'UI-01, UI-02 y UE-01 aparecen en planta. El listado solo declara una unidad interior.'; desarrollo solicitado: 'El foco reportado no coincide con el sector del mapa. Usa ficha de observación, mapa y pauta preventiva, identifica el AE y criterio oficial correspondiente y prepara el producto «identificación de discrepancia y derivación técnica» con evidencia de verificación.'. Registro: desarrollos-ui.jsonl, módulo 337.","Contexto del bloque: 'Sala de un liceo · climatización de aula'; antecedentes: 'UI-01, UI-02 y UE-01 aparecen en planta. El listado solo declara una unidad interior.'; desarrollo solicitado: 'El foco reportado no coincide con el sector del mapa. Usa ficha de observación, mapa y pauta preventiva, identifica el AE y criterio oficial correspondiente y prepara el producto «identificación de discrepancia y derivación técnica» con evidencia de verificación.'.",Revisión localizada necesaria. Modificar solo si no se demuestra la relación del bloque con la tarea y el criterio; confirmar primero su pertinencia técnico-profesional.,"Revisar exclusivamente development_pack.context, role, objective, problem, background, evidence y constraints: vincularlos con el caso real del modulo, conservando el AE, la actividad y la rubrica. Confirmar primero su presentacion visible.","La observacion se relaciona con la comprension y la evidencia, no con preferencias esteticas.",Alta,PENDIENTE / NO EJECUTADO EN ESTA AUDITORÍA,CAM-0234,,,
36,"Agropecuaria, mención Pecuaria",338,Manejos pecuarios,development_pack,Antecedentes del desarrollo y problema del modulo,REUTILIZACIÓN DEL BLOQUE HVAC CONFIRMADA EN PANTALLA; PERTINENCIA POR CONTRASTAR,,"Contexto del bloque: 'Sala de un liceo · climatización de aula'; antecedentes: 'UI-01, UI-02 y UE-01 aparecen en planta. El listado solo declara una unidad interior.'; desarrollo solicitado: 'Una ficha no coincide con el grupo indicado en el registro. Usa fichas animales, pauta de bienestar y registro ficticio, identifica el AE y criterio oficial correspondiente y prepara el producto «revisión de identificación y consulta al responsable» con evidencia de verificación.'. Registro: desarrollos-ui.jsonl, módulo 338.","Contexto del bloque: 'Sala de un liceo · climatización de aula'; antecedentes: 'UI-01, UI-02 y UE-01 aparecen en planta. El listado solo declara una unidad interior.'; desarrollo solicitado: 'Una ficha no coincide con el grupo indicado en el registro. Usa fichas animales, pauta de bienestar y registro ficticio, identifica el AE y criterio oficial correspondiente y prepara el producto «revisión de identificación y consulta al responsable» con evidencia de verificación.'.",Revisión localizada necesaria. Modificar solo si no se demuestra la relación del bloque con la tarea y el criterio; confirmar primero su pertinencia técnico-profesional.,"Revisar exclusivamente development_pack.context, role, objective, problem, background, evidence y constraints: vincularlos con el caso real del modulo, conservando el AE, la actividad y la rubrica. Confirmar primero su presentacion visible.","La observacion se relaciona con la comprension y la evidencia, no con preferencias esteticas.",Alta,PENDIENTE / NO EJECUTADO EN ESTA AUDITORÍA,CAM-0235,,,
36,"Agropecuaria, mención Pecuaria",339,Reproducción animal,development_pack,Antecedentes del desarrollo y problema del modulo,REUTILIZACIÓN DEL BLOQUE HVAC CONFIRMADA EN PANTALLA; PERTINENCIA POR CONTRASTAR,,"Contexto del bloque: 'Sala de un liceo · climatización de aula'; antecedentes: 'UI-01, UI-02 y UE-01 aparecen en planta. El listado solo declara una unidad interior.'; desarrollo solicitado: 'La fecha prevista difiere de la registrada en la ficha. Usa ficha animal, calendario y protocolo institucional, identifica el AE y criterio oficial correspondiente y prepara el producto «análisis de antecedentes y derivación profesional» con evidencia de verificación.'. Registro: desarrollos-ui.jsonl, módulo 339.","Contexto del bloque: 'Sala de un liceo · climatización de aula'; antecedentes: 'UI-01, UI-02 y UE-01 aparecen en planta. El listado solo declara una unidad interior.'; desarrollo solicitado: 'La fecha prevista difiere de la registrada en la ficha. Usa ficha animal, calendario y protocolo institucional, identifica el AE y criterio oficial correspondiente y prepara el producto «análisis de antecedentes y derivación profesional» con evidencia de verificación.'.",Revisión localizada necesaria. Modificar solo si no se demuestra la relación del bloque con la tarea y el criterio; confirmar primero su pertinencia técnico-profesional.,"Revisar exclusivamente development_pack.context, role, objective, problem, background, evidence y constraints: vincularlos con el caso real del modulo, conservando el AE, la actividad y la rubrica. Confirmar primero su presentacion visible.","La observacion se relaciona con la comprension y la evidencia, no con preferencias esteticas.",Alta,PENDIENTE / NO EJECUTADO EN ESTA AUDITORÍA,CAM-0236,,,
36,"Agropecuaria, mención Pecuaria",340,Producción lechera,development_pack,Antecedentes del desarrollo y problema del modulo,REUTILIZACIÓN DEL BLOQUE HVAC CONFIRMADA EN PANTALLA; PERTINENCIA POR CONTRASTAR,,"Contexto del bloque: 'Sala de un liceo · climatización de aula'; antecedentes: 'UI-01, UI-02 y UE-01 aparecen en planta. El listado solo declara una unidad interior.'; desarrollo solicitado: 'Un lote aparece con dos resultados diferentes. Usa registro de lote, controles ficticios y pauta sanitaria, identifica el AE y criterio oficial correspondiente y prepara el producto «conciliación de datos y reporte sanitario» con evidencia de verificación.'. Registro: desarrollos-ui.jsonl, módulo 340.","Contexto del bloque: 'Sala de un liceo · climatización de aula'; antecedentes: 'UI-01, UI-02 y UE-01 aparecen en planta. El listado solo declara una unidad interior.'; desarrollo solicitado: 'Un lote aparece con dos resultados diferentes. Usa registro de lote, controles ficticios y pauta sanitaria, identifica el AE y criterio oficial correspondiente y prepara el producto «conciliación de datos y reporte sanitario» con evidencia de verificación.'.",Revisión localizada necesaria. Modificar solo si no se demuestra la relación del bloque con la tarea y el criterio; confirmar primero su pertinencia técnico-profesional.,"Revisar exclusivamente development_pack.context, role, objective, problem, background, evidence y constraints: vincularlos con el caso real del modulo, conservando el AE, la actividad y la rubrica. Confirmar primero su presentacion visible.","La observacion se relaciona con la comprension y la evidencia, no con preferencias esteticas.",Alta,PENDIENTE / NO EJECUTADO EN ESTA AUDITORÍA,CAM-0237,,,
36,"Agropecuaria, mención Pecuaria",341,Sanidad y bienestar animal,development_pack,Antecedentes del desarrollo y problema del modulo,REUTILIZACIÓN DEL BLOQUE HVAC CONFIRMADA EN PANTALLA; PERTINENCIA POR CONTRASTAR,,"Contexto del bloque: 'Sala de un liceo · climatización de aula'; antecedentes: 'UI-01, UI-02 y UE-01 aparecen en planta. El listado solo declara una unidad interior.'; desarrollo solicitado: 'Un signo de alerta no figura en el reporte diario. Usa pauta de observación, ficha y registro de alerta, identifica el AE y criterio oficial correspondiente y prepara el producto «identificación de riesgo y derivación al profesional competente» con evidencia de verificación.'. Registro: desarrollos-ui.jsonl, módulo 341.","Contexto del bloque: 'Sala de un liceo · climatización de aula'; antecedentes: 'UI-01, UI-02 y UE-01 aparecen en planta. El listado solo declara una unidad interior.'; desarrollo solicitado: 'Un signo de alerta no figura en el reporte diario. Usa pauta de observación, ficha y registro de alerta, identifica el AE y criterio oficial correspondiente y prepara el producto «identificación de riesgo y derivación al profesional competente» con evidencia de verificación.'.",Revisión localizada necesaria. Modificar solo si no se demuestra la relación del bloque con la tarea y el criterio; confirmar primero su pertinencia técnico-profesional.,"Revisar exclusivamente development_pack.context, role, objective, problem, background, evidence y constraints: vincularlos con el caso real del modulo, conservando el AE, la actividad y la rubrica. Confirmar primero su presentacion visible.","La observacion se relaciona con la comprension y la evidencia, no con preferencias esteticas.",Alta,PENDIENTE / NO EJECUTADO EN ESTA AUDITORÍA,CAM-0238,,,
36,"Agropecuaria, mención Pecuaria",342,Cultivo de praderas y forrajes,development_pack,Antecedentes del desarrollo y problema del modulo,REUTILIZACIÓN DEL BLOQUE HVAC CONFIRMADA EN PANTALLA; PERTINENCIA POR CONTRASTAR,,"Contexto del bloque: 'Sala de un liceo · climatización de aula'; antecedentes: 'UI-01, UI-02 y UE-01 aparecen en planta. El listado solo declara una unidad interior.'; desarrollo solicitado: 'La superficie anotada difiere del mapa aprobado. Usa mapa, ficha forrajera y registro de uso, identifica el AE y criterio oficial correspondiente y prepara el producto «cálculo revisado y justificación» con evidencia de verificación.'. Registro: desarrollos-ui.jsonl, módulo 342.","Contexto del bloque: 'Sala de un liceo · climatización de aula'; antecedentes: 'UI-01, UI-02 y UE-01 aparecen en planta. El listado solo declara una unidad interior.'; desarrollo solicitado: 'La superficie anotada difiere del mapa aprobado. Usa mapa, ficha forrajera y registro de uso, identifica el AE y criterio oficial correspondiente y prepara el producto «cálculo revisado y justificación» con evidencia de verificación.'.",Revisión localizada necesaria. Modificar solo si no se demuestra la relación del bloque con la tarea y el criterio; confirmar primero su pertinencia técnico-profesional.,"Revisar exclusivamente development_pack.context, role, objective, problem, background, evidence y constraints: vincularlos con el caso real del modulo, conservando el AE, la actividad y la rubrica. Confirmar primero su presentacion visible.","La observacion se relaciona con la comprension y la evidencia, no con preferencias esteticas.",Alta,PENDIENTE / NO EJECUTADO EN ESTA AUDITORÍA,CAM-0239,,,
36,"Agropecuaria, mención Pecuaria",343,Emprendimiento y empleabilidad,development_pack,Antecedentes del desarrollo y problema del modulo,REUTILIZACIÓN DEL BLOQUE HVAC CONFIRMADA EN PANTALLA; PERTINENCIA POR CONTRASTAR,,"Contexto del bloque: 'Sala de un liceo · climatización de aula'; antecedentes: 'UI-01, UI-02 y UE-01 aparecen en planta. El listado solo declara una unidad interior.'; desarrollo solicitado: 'El presupuesto omite una medida de bienestar prevista. Usa propuesta, presupuesto y cronograma ficticios, identifica el AE y criterio oficial correspondiente y prepara el producto «plan de emprendimiento con costos revisados» con evidencia de verificación.'. Registro: desarrollos-ui.jsonl, módulo 343.","Contexto del bloque: 'Sala de un liceo · climatización de aula'; antecedentes: 'UI-01, UI-02 y UE-01 aparecen en planta. El listado solo declara una unidad interior.'; desarrollo solicitado: 'El presupuesto omite una medida de bienestar prevista. Usa propuesta, presupuesto y cronograma ficticios, identifica el AE y criterio oficial correspondiente y prepara el producto «plan de emprendimiento con costos revisados» con evidencia de verificación.'.",Revisión localizada necesaria. Modificar solo si no se demuestra la relación del bloque con la tarea y el criterio; confirmar primero su pertinencia técnico-profesional.,"Revisar exclusivamente development_pack.context, role, objective, problem, background, evidence y constraints: vincularlos con el caso real del modulo, conservando el AE, la actividad y la rubrica. Confirmar primero su presentacion visible.","La observacion se relaciona con la comprension y la evidencia, no con preferencias esteticas.",Alta,PENDIENTE / NO EJECUTADO EN ESTA AUDITORÍA,CAM-0240,,,
37,"Agropecuaria, mención Vitivinícola",344,Manejo de suelo y residuos,development_pack,Antecedentes del desarrollo y problema del modulo,REUTILIZACIÓN DEL BLOQUE HVAC CONFIRMADA EN PANTALLA; PERTINENCIA POR CONTRASTAR,,"Contexto del bloque: 'Sala de un liceo · climatización de aula'; antecedentes: 'UI-01, UI-02 y UE-01 aparecen en planta. El listado solo declara una unidad interior.'; desarrollo solicitado: 'El sector registrado no coincide con el mapa del predio. Usa plan de suelo, registro de residuos y pauta ambiental, identifica el AE y criterio oficial correspondiente y prepara el producto «análisis de suelo y observación ambiental» con evidencia de verificación.'. Registro: desarrollos-ui.jsonl, módulo 344.","Contexto del bloque: 'Sala de un liceo · climatización de aula'; antecedentes: 'UI-01, UI-02 y UE-01 aparecen en planta. El listado solo declara una unidad interior.'; desarrollo solicitado: 'El sector registrado no coincide con el mapa del predio. Usa plan de suelo, registro de residuos y pauta ambiental, identifica el AE y criterio oficial correspondiente y prepara el producto «análisis de suelo y observación ambiental» con evidencia de verificación.'.",Revisión localizada necesaria. Modificar solo si no se demuestra la relación del bloque con la tarea y el criterio; confirmar primero su pertinencia técnico-profesional.,"Revisar exclusivamente development_pack.context, role, objective, problem, background, evidence y constraints: vincularlos con el caso real del modulo, conservando el AE, la actividad y la rubrica. Confirmar primero su presentacion visible.","La observacion se relaciona con la comprension y la evidencia, no con preferencias esteticas.",Alta,PENDIENTE / NO EJECUTADO EN ESTA AUDITORÍA,CAM-0241,,,
37,"Agropecuaria, mención Vitivinícola",348,Control de plagas y enfermedades,development_pack,Antecedentes del desarrollo y problema del modulo,REUTILIZACIÓN DEL BLOQUE HVAC CONFIRMADA EN PANTALLA; PERTINENCIA POR CONTRASTAR,,"Contexto del bloque: 'Sala de un liceo · climatización de aula'; antecedentes: 'UI-01, UI-02 y UE-01 aparecen en planta. El listado solo declara una unidad interior.'; desarrollo solicitado: 'El foco reportado no coincide con el sector del mapa. Usa ficha de observación, mapa y pauta preventiva, identifica el AE y criterio oficial correspondiente y prepara el producto «identificación de discrepancia y derivación técnica» con evidencia de verificación.'. Registro: desarrollos-ui.jsonl, módulo 348.","Contexto del bloque: 'Sala de un liceo · climatización de aula'; antecedentes: 'UI-01, UI-02 y UE-01 aparecen en planta. El listado solo declara una unidad interior.'; desarrollo solicitado: 'El foco reportado no coincide con el sector del mapa. Usa ficha de observación, mapa y pauta preventiva, identifica el AE y criterio oficial correspondiente y prepara el producto «identificación de discrepancia y derivación técnica» con evidencia de verificación.'.",Revisión localizada necesaria. Modificar solo si no se demuestra la relación del bloque con la tarea y el criterio; confirmar primero su pertinencia técnico-profesional.,"Revisar exclusivamente development_pack.context, role, objective, problem, background, evidence y constraints: vincularlos con el caso real del modulo, conservando el AE, la actividad y la rubrica. Confirmar primero su presentacion visible.","La observacion se relaciona con la comprension y la evidencia, no con preferencias esteticas.",Alta,PENDIENTE / NO EJECUTADO EN ESTA AUDITORÍA,CAM-0242,,,
37,"Agropecuaria, mención Vitivinícola",349,Viticultura,development_pack,Antecedentes del desarrollo y problema del modulo,REUTILIZACIÓN DEL BLOQUE HVAC CONFIRMADA EN PANTALLA; PERTINENCIA POR CONTRASTAR,,"Contexto del bloque: 'Sala de un liceo · climatización de aula'; antecedentes: 'UI-01, UI-02 y UE-01 aparecen en planta. El listado solo declara una unidad interior.'; desarrollo solicitado: 'Un cuartel se identifica de modo diferente en el mapa y la ficha. Usa mapa de cuarteles, ficha de vid y registro ambiental, identifica el AE y criterio oficial correspondiente y prepara el producto «revisión de trazabilidad y consulta técnica» con evidencia de verificación.'. Registro: desarrollos-ui.jsonl, módulo 349.","Contexto del bloque: 'Sala de un liceo · climatización de aula'; antecedentes: 'UI-01, UI-02 y UE-01 aparecen en planta. El listado solo declara una unidad interior.'; desarrollo solicitado: 'Un cuartel se identifica de modo diferente en el mapa y la ficha. Usa mapa de cuarteles, ficha de vid y registro ambiental, identifica el AE y criterio oficial correspondiente y prepara el producto «revisión de trazabilidad y consulta técnica» con evidencia de verificación.'.",Revisión localizada necesaria. Modificar solo si no se demuestra la relación del bloque con la tarea y el criterio; confirmar primero su pertinencia técnico-profesional.,"Revisar exclusivamente development_pack.context, role, objective, problem, background, evidence y constraints: vincularlos con el caso real del modulo, conservando el AE, la actividad y la rubrica. Confirmar primero su presentacion visible.","La observacion se relaciona con la comprension y la evidencia, no con preferencias esteticas.",Alta,PENDIENTE / NO EJECUTADO EN ESTA AUDITORÍA,CAM-0243,,,
37,"Agropecuaria, mención Vitivinícola",350,Cosecha y transporte de vides,development_pack,Antecedentes del desarrollo y problema del modulo,REUTILIZACIÓN DEL BLOQUE HVAC CONFIRMADA EN PANTALLA; PERTINENCIA POR CONTRASTAR,,"Contexto del bloque: 'Sala de un liceo · climatización de aula'; antecedentes: 'UI-01, UI-02 y UE-01 aparecen en planta. El listado solo declara una unidad interior.'; desarrollo solicitado: 'El lote transportado no coincide con el programado. Usa calendario, guía ficticia y ficha de lote, identifica el AE y criterio oficial correspondiente y prepara el producto «conciliación documental y observación» con evidencia de verificación.'. Registro: desarrollos-ui.jsonl, módulo 350.","Contexto del bloque: 'Sala de un liceo · climatización de aula'; antecedentes: 'UI-01, UI-02 y UE-01 aparecen en planta. El listado solo declara una unidad interior.'; desarrollo solicitado: 'El lote transportado no coincide con el programado. Usa calendario, guía ficticia y ficha de lote, identifica el AE y criterio oficial correspondiente y prepara el producto «conciliación documental y observación» con evidencia de verificación.'.",Revisión localizada necesaria. Modificar solo si no se demuestra la relación del bloque con la tarea y el criterio; confirmar primero su pertinencia técnico-profesional.,"Revisar exclusivamente development_pack.context, role, objective, problem, background, evidence y constraints: vincularlos con el caso real del modulo, conservando el AE, la actividad y la rubrica. Confirmar primero su presentacion visible.","La observacion se relaciona con la comprension y la evidencia, no con preferencias esteticas.",Alta,PENDIENTE / NO EJECUTADO EN ESTA AUDITORÍA,CAM-0244,,,
37,"Agropecuaria, mención Vitivinícola",351,Elaboración de vinos,development_pack,Antecedentes del desarrollo y problema del modulo,REUTILIZACIÓN DEL BLOQUE HVAC CONFIRMADA EN PANTALLA; PERTINENCIA POR CONTRASTAR,,"Contexto del bloque: 'Sala de un liceo · climatización de aula'; antecedentes: 'UI-01, UI-02 y UE-01 aparecen en planta. El listado solo declara una unidad interior.'; desarrollo solicitado: 'Una etapa consignada no coincide con la secuencia aprobada. Usa orden de producción, bitácora y registros ficticios, identifica el AE y criterio oficial correspondiente y prepara el producto «reporte de desvío y derivación al responsable» con evidencia de verificación.'. Registro: desarrollos-ui.jsonl, módulo 351.","Contexto del bloque: 'Sala de un liceo · climatización de aula'; antecedentes: 'UI-01, UI-02 y UE-01 aparecen en planta. El listado solo declara una unidad interior.'; desarrollo solicitado: 'Una etapa consignada no coincide con la secuencia aprobada. Usa orden de producción, bitácora y registros ficticios, identifica el AE y criterio oficial correspondiente y prepara el producto «reporte de desvío y derivación al responsable» con evidencia de verificación.'.",Revisión localizada necesaria. Modificar solo si no se demuestra la relación del bloque con la tarea y el criterio; confirmar primero su pertinencia técnico-profesional.,"Revisar exclusivamente development_pack.context, role, objective, problem, background, evidence y constraints: vincularlos con el caso real del modulo, conservando el AE, la actividad y la rubrica. Confirmar primero su presentacion visible.","La observacion se relaciona con la comprension y la evidencia, no con preferencias esteticas.",Alta,PENDIENTE / NO EJECUTADO EN ESTA AUDITORÍA,CAM-0245,,,
37,"Agropecuaria, mención Vitivinícola",352,Envasado y maquinaria vitivinícola,development_pack,Antecedentes del desarrollo y problema del modulo,REUTILIZACIÓN DEL BLOQUE HVAC CONFIRMADA EN PANTALLA; PERTINENCIA POR CONTRASTAR,,"Contexto del bloque: 'Sala de un liceo · climatización de aula'; antecedentes: 'UI-01, UI-02 y UE-01 aparecen en planta. El listado solo declara una unidad interior.'; desarrollo solicitado: 'La etiqueta muestra un código de lote distinto. Usa arte de etiqueta, ficha de lote y pauta de calidad, identifica el AE y criterio oficial correspondiente y prepara el producto «control de rotulación y corrección documentada» con evidencia de verificación.'. Registro: desarrollos-ui.jsonl, módulo 352.","Contexto del bloque: 'Sala de un liceo · climatización de aula'; antecedentes: 'UI-01, UI-02 y UE-01 aparecen en planta. El listado solo declara una unidad interior.'; desarrollo solicitado: 'La etiqueta muestra un código de lote distinto. Usa arte de etiqueta, ficha de lote y pauta de calidad, identifica el AE y criterio oficial correspondiente y prepara el producto «control de rotulación y corrección documentada» con evidencia de verificación.'.",Revisión localizada necesaria. Modificar solo si no se demuestra la relación del bloque con la tarea y el criterio; confirmar primero su pertinencia técnico-profesional.,"Revisar exclusivamente development_pack.context, role, objective, problem, background, evidence y constraints: vincularlos con el caso real del modulo, conservando el AE, la actividad y la rubrica. Confirmar primero su presentacion visible.","La observacion se relaciona con la comprension y la evidencia, no con preferencias esteticas.",Alta,PENDIENTE / NO EJECUTADO EN ESTA AUDITORÍA,CAM-0246,,,
37,"Agropecuaria, mención Vitivinícola",353,Manejo de bodegas vitivinícolas,development_pack,Antecedentes del desarrollo y problema del modulo,REUTILIZACIÓN DEL BLOQUE HVAC CONFIRMADA EN PANTALLA; PERTINENCIA POR CONTRASTAR,,"Contexto del bloque: 'Sala de un liceo · climatización de aula'; antecedentes: 'UI-01, UI-02 y UE-01 aparecen en planta. El listado solo declara una unidad interior.'; desarrollo solicitado: 'La ubicación de un lote difiere entre inventario y plano. Usa inventario, plano de bodega y registro ambiental, identifica el AE y criterio oficial correspondiente y prepara el producto «revisión de almacenamiento y trazabilidad» con evidencia de verificación.'. Registro: desarrollos-ui.jsonl, módulo 353.","Contexto del bloque: 'Sala de un liceo · climatización de aula'; antecedentes: 'UI-01, UI-02 y UE-01 aparecen en planta. El listado solo declara una unidad interior.'; desarrollo solicitado: 'La ubicación de un lote difiere entre inventario y plano. Usa inventario, plano de bodega y registro ambiental, identifica el AE y criterio oficial correspondiente y prepara el producto «revisión de almacenamiento y trazabilidad» con evidencia de verificación.'.",Revisión localizada necesaria. Modificar solo si no se demuestra la relación del bloque con la tarea y el criterio; confirmar primero su pertinencia técnico-profesional.,"Revisar exclusivamente development_pack.context, role, objective, problem, background, evidence y constraints: vincularlos con el caso real del modulo, conservando el AE, la actividad y la rubrica. Confirmar primero su presentacion visible.","La observacion se relaciona con la comprension y la evidencia, no con preferencias esteticas.",Alta,PENDIENTE / NO EJECUTADO EN ESTA AUDITORÍA,CAM-0247,,,
37,"Agropecuaria, mención Vitivinícola",354,Emprendimiento y empleabilidad,development_pack,Antecedentes del desarrollo y problema del modulo,REUTILIZACIÓN DEL BLOQUE HVAC CONFIRMADA EN PANTALLA; PERTINENCIA POR CONTRASTAR,,"Contexto del bloque: 'Sala de un liceo · climatización de aula'; antecedentes: 'UI-01, UI-02 y UE-01 aparecen en planta. El listado solo declara una unidad interior.'; desarrollo solicitado: 'El presupuesto omite una medida de resguardo prevista. Usa propuesta, presupuesto y cronograma ficticios, identifica el AE y criterio oficial correspondiente y prepara el producto «plan de emprendimiento con costos revisados» con evidencia de verificación.'. Registro: desarrollos-ui.jsonl, módulo 354.","Contexto del bloque: 'Sala de un liceo · climatización de aula'; antecedentes: 'UI-01, UI-02 y UE-01 aparecen en planta. El listado solo declara una unidad interior.'; desarrollo solicitado: 'El presupuesto omite una medida de resguardo prevista. Usa propuesta, presupuesto y cronograma ficticios, identifica el AE y criterio oficial correspondiente y prepara el producto «plan de emprendimiento con costos revisados» con evidencia de verificación.'.",Revisión localizada necesaria. Modificar solo si no se demuestra la relación del bloque con la tarea y el criterio; confirmar primero su pertinencia técnico-profesional.,"Revisar exclusivamente development_pack.context, role, objective, problem, background, evidence y constraints: vincularlos con el caso real del modulo, conservando el AE, la actividad y la rubrica. Confirmar primero su presentacion visible.","La observacion se relaciona con la comprension y la evidencia, no con preferencias esteticas.",Alta,PENDIENTE / NO EJECUTADO EN ESTA AUDITORÍA,CAM-0248,,,
38,"Construcción, mención Edificación",355,"Análisis de muestras de hormigón, suelos y materiales",development_pack,Antecedentes del desarrollo y problema del modulo,REUTILIZACIÓN DEL BLOQUE HVAC CONFIRMADA EN PANTALLA; PERTINENCIA POR CONTRASTAR,,"Contexto del bloque: 'Sala de un liceo · climatización de aula'; antecedentes: 'UI-01, UI-02 y UE-01 aparecen en planta. El listado solo declara una unidad interior.'; desarrollo solicitado: 'El código de la muestra no coincide con el registro. Usa ficha de muestra, ensayo y especificación técnica, identifica el AE y criterio oficial correspondiente y prepara el producto «conciliación de evidencia y reporte» con evidencia de verificación.'. Registro: desarrollos-ui.jsonl, módulo 355.","Contexto del bloque: 'Sala de un liceo · climatización de aula'; antecedentes: 'UI-01, UI-02 y UE-01 aparecen en planta. El listado solo declara una unidad interior.'; desarrollo solicitado: 'El código de la muestra no coincide con el registro. Usa ficha de muestra, ensayo y especificación técnica, identifica el AE y criterio oficial correspondiente y prepara el producto «conciliación de evidencia y reporte» con evidencia de verificación.'.",Revisión localizada necesaria. Modificar solo si no se demuestra la relación del bloque con la tarea y el criterio; confirmar primero su pertinencia técnico-profesional.,"Revisar exclusivamente development_pack.context, role, objective, problem, background, evidence y constraints: vincularlos con el caso real del modulo, conservando el AE, la actividad y la rubrica. Confirmar primero su presentacion visible.","La observacion se relaciona con la comprension y la evidencia, no con preferencias esteticas.",Alta,PENDIENTE / NO EJECUTADO EN ESTA AUDITORÍA,CAM-0249,,,
38,"Construcción, mención Edificación",359,Interpretación de planos de construcción,development_pack,Antecedentes del desarrollo y problema del modulo,REUTILIZACIÓN DEL BLOQUE HVAC CONFIRMADA EN PANTALLA; PERTINENCIA POR CONTRASTAR,,"Contexto del bloque: 'Sala de un liceo · climatización de aula'; antecedentes: 'UI-01, UI-02 y UE-01 aparecen en planta. El listado solo declara una unidad interior.'; desarrollo solicitado: 'La referencia de una lámina no coincide con su detalle. Usa planos de arquitectura y estructura y simbología, identifica el AE y criterio oficial correspondiente y prepara el producto «identificación de discrepancia y consulta» con evidencia de verificación.'. Registro: desarrollos-ui.jsonl, módulo 359.","Contexto del bloque: 'Sala de un liceo · climatización de aula'; antecedentes: 'UI-01, UI-02 y UE-01 aparecen en planta. El listado solo declara una unidad interior.'; desarrollo solicitado: 'La referencia de una lámina no coincide con su detalle. Usa planos de arquitectura y estructura y simbología, identifica el AE y criterio oficial correspondiente y prepara el producto «identificación de discrepancia y consulta» con evidencia de verificación.'.",Revisión localizada necesaria. Modificar solo si no se demuestra la relación del bloque con la tarea y el criterio; confirmar primero su pertinencia técnico-profesional.,"Revisar exclusivamente development_pack.context, role, objective, problem, background, evidence y constraints: vincularlos con el caso real del modulo, conservando el AE, la actividad y la rubrica. Confirmar primero su presentacion visible.","La observacion se relaciona con la comprension y la evidencia, no con preferencias esteticas.",Alta,PENDIENTE / NO EJECUTADO EN ESTA AUDITORÍA,CAM-0250,,,
38,"Construcción, mención Edificación",360,Prevención de riesgos en la construcción,development_pack,Antecedentes del desarrollo y problema del modulo,REUTILIZACIÓN DEL BLOQUE HVAC CONFIRMADA EN PANTALLA; PERTINENCIA POR CONTRASTAR,,"Contexto del bloque: 'Sala de un liceo · climatización de aula'; antecedentes: 'UI-01, UI-02 y UE-01 aparecen en planta. El listado solo declara una unidad interior.'; desarrollo solicitado: 'La señal registrada no corresponde al riesgo descrito. Usa matriz de riesgos, señalización y pauta normativa, identifica el AE y criterio oficial correspondiente y prepara el producto «análisis de riesgo y propuesta preventiva» con evidencia de verificación.'. Registro: desarrollos-ui.jsonl, módulo 360.","Contexto del bloque: 'Sala de un liceo · climatización de aula'; antecedentes: 'UI-01, UI-02 y UE-01 aparecen en planta. El listado solo declara una unidad interior.'; desarrollo solicitado: 'La señal registrada no corresponde al riesgo descrito. Usa matriz de riesgos, señalización y pauta normativa, identifica el AE y criterio oficial correspondiente y prepara el producto «análisis de riesgo y propuesta preventiva» con evidencia de verificación.'.",Revisión localizada necesaria. Modificar solo si no se demuestra la relación del bloque con la tarea y el criterio; confirmar primero su pertinencia técnico-profesional.,"Revisar exclusivamente development_pack.context, role, objective, problem, background, evidence y constraints: vincularlos con el caso real del modulo, conservando el AE, la actividad y la rubrica. Confirmar primero su presentacion visible.","La observacion se relaciona con la comprension y la evidencia, no con preferencias esteticas.",Alta,PENDIENTE / NO EJECUTADO EN ESTA AUDITORÍA,CAM-0251,,,
38,"Construcción, mención Edificación",361,Trazado de obras de construcción,development_pack,Antecedentes del desarrollo y problema del modulo,REUTILIZACIÓN DEL BLOQUE HVAC CONFIRMADA EN PANTALLA; PERTINENCIA POR CONTRASTAR,,"Contexto del bloque: 'Sala de un liceo · climatización de aula'; antecedentes: 'UI-01, UI-02 y UE-01 aparecen en planta. El listado solo declara una unidad interior.'; desarrollo solicitado: 'La cota del registro difiere de la del plano aprobado. Usa plano, cotas y registro de levantamiento ficticio, identifica el AE y criterio oficial correspondiente y prepara el producto «verificación documental y derivación técnica» con evidencia de verificación.'. Registro: desarrollos-ui.jsonl, módulo 361.","Contexto del bloque: 'Sala de un liceo · climatización de aula'; antecedentes: 'UI-01, UI-02 y UE-01 aparecen en planta. El listado solo declara una unidad interior.'; desarrollo solicitado: 'La cota del registro difiere de la del plano aprobado. Usa plano, cotas y registro de levantamiento ficticio, identifica el AE y criterio oficial correspondiente y prepara el producto «verificación documental y derivación técnica» con evidencia de verificación.'.",Revisión localizada necesaria. Modificar solo si no se demuestra la relación del bloque con la tarea y el criterio; confirmar primero su pertinencia técnico-profesional.,"Revisar exclusivamente development_pack.context, role, objective, problem, background, evidence y constraints: vincularlos con el caso real del modulo, conservando el AE, la actividad y la rubrica. Confirmar primero su presentacion visible.","La observacion se relaciona con la comprension y la evidencia, no con preferencias esteticas.",Alta,PENDIENTE / NO EJECUTADO EN ESTA AUDITORÍA,CAM-0252,,,
38,"Construcción, mención Edificación",362,Albañilerías estructurales y no estructurales,development_pack,Antecedentes del desarrollo y problema del modulo,REUTILIZACIÓN DEL BLOQUE HVAC CONFIRMADA EN PANTALLA; PERTINENCIA POR CONTRASTAR,,"Contexto del bloque: 'Sala de un liceo · climatización de aula'; antecedentes: 'UI-01, UI-02 y UE-01 aparecen en planta. El listado solo declara una unidad interior.'; desarrollo solicitado: 'La partida descrita difiere de la especificación. Usa plano estructural, ficha de materiales y pauta de calidad, identifica el AE y criterio oficial correspondiente y prepara el producto «observación técnica documentada» con evidencia de verificación.'. Registro: desarrollos-ui.jsonl, módulo 362.","Contexto del bloque: 'Sala de un liceo · climatización de aula'; antecedentes: 'UI-01, UI-02 y UE-01 aparecen en planta. El listado solo declara una unidad interior.'; desarrollo solicitado: 'La partida descrita difiere de la especificación. Usa plano estructural, ficha de materiales y pauta de calidad, identifica el AE y criterio oficial correspondiente y prepara el producto «observación técnica documentada» con evidencia de verificación.'.",Revisión localizada necesaria. Modificar solo si no se demuestra la relación del bloque con la tarea y el criterio; confirmar primero su pertinencia técnico-profesional.,"Revisar exclusivamente development_pack.context, role, objective, problem, background, evidence y constraints: vincularlos con el caso real del modulo, conservando el AE, la actividad y la rubrica. Confirmar primero su presentacion visible.","La observacion se relaciona con la comprension y la evidencia, no con preferencias esteticas.",Alta,PENDIENTE / NO EJECUTADO EN ESTA AUDITORÍA,CAM-0253,,,
38,"Construcción, mención Edificación",363,Carpintería estructural,development_pack,Antecedentes del desarrollo y problema del modulo,REUTILIZACIÓN DEL BLOQUE HVAC CONFIRMADA EN PANTALLA; PERTINENCIA POR CONTRASTAR,,"Contexto del bloque: 'Sala de un liceo · climatización de aula'; antecedentes: 'UI-01, UI-02 y UE-01 aparecen en planta. El listado solo declara una unidad interior.'; desarrollo solicitado: 'Una unión propuesta no coincide con el detalle aprobado. Usa plano, detalle de uniones y lista de materiales, identifica el AE y criterio oficial correspondiente y prepara el producto «revisión del detalle y consulta técnica» con evidencia de verificación.'. Registro: desarrollos-ui.jsonl, módulo 363.","Contexto del bloque: 'Sala de un liceo · climatización de aula'; antecedentes: 'UI-01, UI-02 y UE-01 aparecen en planta. El listado solo declara una unidad interior.'; desarrollo solicitado: 'Una unión propuesta no coincide con el detalle aprobado. Usa plano, detalle de uniones y lista de materiales, identifica el AE y criterio oficial correspondiente y prepara el producto «revisión del detalle y consulta técnica» con evidencia de verificación.'.",Revisión localizada necesaria. Modificar solo si no se demuestra la relación del bloque con la tarea y el criterio; confirmar primero su pertinencia técnico-profesional.,"Revisar exclusivamente development_pack.context, role, objective, problem, background, evidence y constraints: vincularlos con el caso real del modulo, conservando el AE, la actividad y la rubrica. Confirmar primero su presentacion visible.","La observacion se relaciona con la comprension y la evidencia, no con preferencias esteticas.",Alta,PENDIENTE / NO EJECUTADO EN ESTA AUDITORÍA,CAM-0254,,,
38,"Construcción, mención Edificación",364,Enfierradura para elementos estructurales,development_pack,Antecedentes del desarrollo y problema del modulo,REUTILIZACIÓN DEL BLOQUE HVAC CONFIRMADA EN PANTALLA; PERTINENCIA POR CONTRASTAR,,"Contexto del bloque: 'Sala de un liceo · climatización de aula'; antecedentes: 'UI-01, UI-02 y UE-01 aparecen en planta. El listado solo declara una unidad interior.'; desarrollo solicitado: 'Un elemento anotado no aparece en la planilla. Usa plano de armaduras, planilla y registro de inspección, identifica el AE y criterio oficial correspondiente y prepara el producto «conciliación documental y aviso al responsable» con evidencia de verificación.'. Registro: desarrollos-ui.jsonl, módulo 364.","Contexto del bloque: 'Sala de un liceo · climatización de aula'; antecedentes: 'UI-01, UI-02 y UE-01 aparecen en planta. El listado solo declara una unidad interior.'; desarrollo solicitado: 'Un elemento anotado no aparece en la planilla. Usa plano de armaduras, planilla y registro de inspección, identifica el AE y criterio oficial correspondiente y prepara el producto «conciliación documental y aviso al responsable» con evidencia de verificación.'.",Revisión localizada necesaria. Modificar solo si no se demuestra la relación del bloque con la tarea y el criterio; confirmar primero su pertinencia técnico-profesional.,"Revisar exclusivamente development_pack.context, role, objective, problem, background, evidence y constraints: vincularlos con el caso real del modulo, conservando el AE, la actividad y la rubrica. Confirmar primero su presentacion visible.","La observacion se relaciona con la comprension y la evidencia, no con preferencias esteticas.",Alta,PENDIENTE / NO EJECUTADO EN ESTA AUDITORÍA,CAM-0255,,,
38,"Construcción, mención Edificación",365,Estructuras de hormigón,development_pack,Antecedentes del desarrollo y problema del modulo,REUTILIZACIÓN DEL BLOQUE HVAC CONFIRMADA EN PANTALLA; PERTINENCIA POR CONTRASTAR,,"Contexto del bloque: 'Sala de un liceo · climatización de aula'; antecedentes: 'UI-01, UI-02 y UE-01 aparecen en planta. El listado solo declara una unidad interior.'; desarrollo solicitado: 'El lote de ensayo no coincide con la partida. Usa especificación, ficha de lote y registro de ensayo, identifica el AE y criterio oficial correspondiente y prepara el producto «control de trazabilidad y reporte» con evidencia de verificación.'. Registro: desarrollos-ui.jsonl, módulo 365.","Contexto del bloque: 'Sala de un liceo · climatización de aula'; antecedentes: 'UI-01, UI-02 y UE-01 aparecen en planta. El listado solo declara una unidad interior.'; desarrollo solicitado: 'El lote de ensayo no coincide con la partida. Usa especificación, ficha de lote y registro de ensayo, identifica el AE y criterio oficial correspondiente y prepara el producto «control de trazabilidad y reporte» con evidencia de verificación.'.",Revisión localizada necesaria. Modificar solo si no se demuestra la relación del bloque con la tarea y el criterio; confirmar primero su pertinencia técnico-profesional.,"Revisar exclusivamente development_pack.context, role, objective, problem, background, evidence y constraints: vincularlos con el caso real del modulo, conservando el AE, la actividad y la rubrica. Confirmar primero su presentacion visible.","La observacion se relaciona con la comprension y la evidencia, no con preferencias esteticas.",Alta,PENDIENTE / NO EJECUTADO EN ESTA AUDITORÍA,CAM-0256,,,
38,"Construcción, mención Edificación",366,Emprendimiento y empleabilidad,development_pack,Antecedentes del desarrollo y problema del modulo,REUTILIZACIÓN DEL BLOQUE HVAC CONFIRMADA EN PANTALLA; PERTINENCIA POR CONTRASTAR,,"Contexto del bloque: 'Sala de un liceo · climatización de aula'; antecedentes: 'UI-01, UI-02 y UE-01 aparecen en planta. El listado solo declara una unidad interior.'; desarrollo solicitado: 'El presupuesto omite una medida de prevención prevista. Usa propuesta, presupuesto y cronograma ficticios, identifica el AE y criterio oficial correspondiente y prepara el producto «plan revisado y justificación» con evidencia de verificación.'. Registro: desarrollos-ui.jsonl, módulo 366.","Contexto del bloque: 'Sala de un liceo · climatización de aula'; antecedentes: 'UI-01, UI-02 y UE-01 aparecen en planta. El listado solo declara una unidad interior.'; desarrollo solicitado: 'El presupuesto omite una medida de prevención prevista. Usa propuesta, presupuesto y cronograma ficticios, identifica el AE y criterio oficial correspondiente y prepara el producto «plan revisado y justificación» con evidencia de verificación.'.",Revisión localizada necesaria. Modificar solo si no se demuestra la relación del bloque con la tarea y el criterio; confirmar primero su pertinencia técnico-profesional.,"Revisar exclusivamente development_pack.context, role, objective, problem, background, evidence y constraints: vincularlos con el caso real del modulo, conservando el AE, la actividad y la rubrica. Confirmar primero su presentacion visible.","La observacion se relaciona con la comprension y la evidencia, no con preferencias esteticas.",Alta,PENDIENTE / NO EJECUTADO EN ESTA AUDITORÍA,CAM-0257,,,
39,"Construcción, mención Terminaciones de la Construcción",367,"Análisis de muestras de hormigón, suelos y materiales",development_pack,Antecedentes del desarrollo y problema del modulo,REUTILIZACIÓN DEL BLOQUE HVAC CONFIRMADA EN PANTALLA; PERTINENCIA POR CONTRASTAR,,"Contexto del bloque: 'Sala de un liceo · climatización de aula'; antecedentes: 'UI-01, UI-02 y UE-01 aparecen en planta. El listado solo declara una unidad interior.'; desarrollo solicitado: 'El código de la muestra no coincide con el registro. Usa ficha de muestra, ensayo y especificación técnica, identifica el AE y criterio oficial correspondiente y prepara el producto «conciliación de evidencia y reporte» con evidencia de verificación.'. Registro: desarrollos-ui.jsonl, módulo 367.","Contexto del bloque: 'Sala de un liceo · climatización de aula'; antecedentes: 'UI-01, UI-02 y UE-01 aparecen en planta. El listado solo declara una unidad interior.'; desarrollo solicitado: 'El código de la muestra no coincide con el registro. Usa ficha de muestra, ensayo y especificación técnica, identifica el AE y criterio oficial correspondiente y prepara el producto «conciliación de evidencia y reporte» con evidencia de verificación.'.",Revisión localizada necesaria. Modificar solo si no se demuestra la relación del bloque con la tarea y el criterio; confirmar primero su pertinencia técnico-profesional.,"Revisar exclusivamente development_pack.context, role, objective, problem, background, evidence y constraints: vincularlos con el caso real del modulo, conservando el AE, la actividad y la rubrica. Confirmar primero su presentacion visible.","La observacion se relaciona con la comprension y la evidencia, no con preferencias esteticas.",Alta,PENDIENTE / NO EJECUTADO EN ESTA AUDITORÍA,CAM-0258,,,
39,"Construcción, mención Terminaciones de la Construcción",371,Interpretación de planos de construcción,development_pack,Antecedentes del desarrollo y problema del modulo,REUTILIZACIÓN DEL BLOQUE HVAC CONFIRMADA EN PANTALLA; PERTINENCIA POR CONTRASTAR,,"Contexto del bloque: 'Sala de un liceo · climatización de aula'; antecedentes: 'UI-01, UI-02 y UE-01 aparecen en planta. El listado solo declara una unidad interior.'; desarrollo solicitado: 'La referencia de una lámina no coincide con su detalle. Usa planos de arquitectura y estructura y simbología, identifica el AE y criterio oficial correspondiente y prepara el producto «identificación de discrepancia y consulta» con evidencia de verificación.'. Registro: desarrollos-ui.jsonl, módulo 371.","Contexto del bloque: 'Sala de un liceo · climatización de aula'; antecedentes: 'UI-01, UI-02 y UE-01 aparecen en planta. El listado solo declara una unidad interior.'; desarrollo solicitado: 'La referencia de una lámina no coincide con su detalle. Usa planos de arquitectura y estructura y simbología, identifica el AE y criterio oficial correspondiente y prepara el producto «identificación de discrepancia y consulta» con evidencia de verificación.'.",Revisión localizada necesaria. Modificar solo si no se demuestra la relación del bloque con la tarea y el criterio; confirmar primero su pertinencia técnico-profesional.,"Revisar exclusivamente development_pack.context, role, objective, problem, background, evidence y constraints: vincularlos con el caso real del modulo, conservando el AE, la actividad y la rubrica. Confirmar primero su presentacion visible.","La observacion se relaciona con la comprension y la evidencia, no con preferencias esteticas.",Alta,PENDIENTE / NO EJECUTADO EN ESTA AUDITORÍA,CAM-0259,,,
39,"Construcción, mención Terminaciones de la Construcción",372,Prevención de riesgos en la construcción,development_pack,Antecedentes del desarrollo y problema del modulo,REUTILIZACIÓN DEL BLOQUE HVAC CONFIRMADA EN PANTALLA; PERTINENCIA POR CONTRASTAR,,"Contexto del bloque: 'Sala de un liceo · climatización de aula'; antecedentes: 'UI-01, UI-02 y UE-01 aparecen en planta. El listado solo declara una unidad interior.'; desarrollo solicitado: 'La señal registrada no corresponde al riesgo descrito. Usa matriz de riesgos, señalización y pauta normativa, identifica el AE y criterio oficial correspondiente y prepara el producto «análisis de riesgo y propuesta preventiva» con evidencia de verificación.'. Registro: desarrollos-ui.jsonl, módulo 372.","Contexto del bloque: 'Sala de un liceo · climatización de aula'; antecedentes: 'UI-01, UI-02 y UE-01 aparecen en planta. El listado solo declara una unidad interior.'; desarrollo solicitado: 'La señal registrada no corresponde al riesgo descrito. Usa matriz de riesgos, señalización y pauta normativa, identifica el AE y criterio oficial correspondiente y prepara el producto «análisis de riesgo y propuesta preventiva» con evidencia de verificación.'.",Revisión localizada necesaria. Modificar solo si no se demuestra la relación del bloque con la tarea y el criterio; confirmar primero su pertinencia técnico-profesional.,"Revisar exclusivamente development_pack.context, role, objective, problem, background, evidence y constraints: vincularlos con el caso real del modulo, conservando el AE, la actividad y la rubrica. Confirmar primero su presentacion visible.","La observacion se relaciona con la comprension y la evidencia, no con preferencias esteticas.",Alta,PENDIENTE / NO EJECUTADO EN ESTA AUDITORÍA,CAM-0260,,,
39,"Construcción, mención Terminaciones de la Construcción",373,Trazado de obras de construcción,development_pack,Antecedentes del desarrollo y problema del modulo,REUTILIZACIÓN DEL BLOQUE HVAC CONFIRMADA EN PANTALLA; PERTINENCIA POR CONTRASTAR,,"Contexto del bloque: 'Sala de un liceo · climatización de aula'; antecedentes: 'UI-01, UI-02 y UE-01 aparecen en planta. El listado solo declara una unidad interior.'; desarrollo solicitado: 'La cota del registro difiere de la del plano aprobado. Usa plano, cotas y registro de levantamiento ficticio, identifica el AE y criterio oficial correspondiente y prepara el producto «verificación documental y derivación técnica» con evidencia de verificación.'. Registro: desarrollos-ui.jsonl, módulo 373.","Contexto del bloque: 'Sala de un liceo · climatización de aula'; antecedentes: 'UI-01, UI-02 y UE-01 aparecen en planta. El listado solo declara una unidad interior.'; desarrollo solicitado: 'La cota del registro difiere de la del plano aprobado. Usa plano, cotas y registro de levantamiento ficticio, identifica el AE y criterio oficial correspondiente y prepara el producto «verificación documental y derivación técnica» con evidencia de verificación.'.",Revisión localizada necesaria. Modificar solo si no se demuestra la relación del bloque con la tarea y el criterio; confirmar primero su pertinencia técnico-profesional.,"Revisar exclusivamente development_pack.context, role, objective, problem, background, evidence y constraints: vincularlos con el caso real del modulo, conservando el AE, la actividad y la rubrica. Confirmar primero su presentacion visible.","La observacion se relaciona con la comprension y la evidencia, no con preferencias esteticas.",Alta,PENDIENTE / NO EJECUTADO EN ESTA AUDITORÍA,CAM-0261,,,
39,"Construcción, mención Terminaciones de la Construcción",374,Impermeabilización y aislación de elementos,development_pack,Antecedentes del desarrollo y problema del modulo,REUTILIZACIÓN DEL BLOQUE HVAC CONFIRMADA EN PANTALLA; PERTINENCIA POR CONTRASTAR,,"Contexto del bloque: 'Sala de un liceo · climatización de aula'; antecedentes: 'UI-01, UI-02 y UE-01 aparecen en planta. El listado solo declara una unidad interior.'; desarrollo solicitado: 'El material registrado difiere del especificado. Usa detalle constructivo, ficha de material y pauta de inspección, identifica el AE y criterio oficial correspondiente y prepara el producto «observación de calidad y consulta» con evidencia de verificación.'. Registro: desarrollos-ui.jsonl, módulo 374.","Contexto del bloque: 'Sala de un liceo · climatización de aula'; antecedentes: 'UI-01, UI-02 y UE-01 aparecen en planta. El listado solo declara una unidad interior.'; desarrollo solicitado: 'El material registrado difiere del especificado. Usa detalle constructivo, ficha de material y pauta de inspección, identifica el AE y criterio oficial correspondiente y prepara el producto «observación de calidad y consulta» con evidencia de verificación.'.",Revisión localizada necesaria. Modificar solo si no se demuestra la relación del bloque con la tarea y el criterio; confirmar primero su pertinencia técnico-profesional.,"Revisar exclusivamente development_pack.context, role, objective, problem, background, evidence y constraints: vincularlos con el caso real del modulo, conservando el AE, la actividad y la rubrica. Confirmar primero su presentacion visible.","La observacion se relaciona con la comprension y la evidencia, no con preferencias esteticas.",Alta,PENDIENTE / NO EJECUTADO EN ESTA AUDITORÍA,CAM-0262,,,
39,"Construcción, mención Terminaciones de la Construcción",375,Instalación de cubiertas y elementos de evacuación de aguas lluvias,development_pack,Antecedentes del desarrollo y problema del modulo,REUTILIZACIÓN DEL BLOQUE HVAC CONFIRMADA EN PANTALLA; PERTINENCIA POR CONTRASTAR,,"Contexto del bloque: 'Sala de un liceo · climatización de aula'; antecedentes: 'UI-01, UI-02 y UE-01 aparecen en planta. El listado solo declara una unidad interior.'; desarrollo solicitado: 'Un punto de evacuación no coincide con el plano. Usa plano de cubierta, ficha de producto y pauta de seguridad, identifica el AE y criterio oficial correspondiente y prepara el producto «identificación de desvío y reporte» con evidencia de verificación.'. Registro: desarrollos-ui.jsonl, módulo 375.","Contexto del bloque: 'Sala de un liceo · climatización de aula'; antecedentes: 'UI-01, UI-02 y UE-01 aparecen en planta. El listado solo declara una unidad interior.'; desarrollo solicitado: 'Un punto de evacuación no coincide con el plano. Usa plano de cubierta, ficha de producto y pauta de seguridad, identifica el AE y criterio oficial correspondiente y prepara el producto «identificación de desvío y reporte» con evidencia de verificación.'.",Revisión localizada necesaria. Modificar solo si no se demuestra la relación del bloque con la tarea y el criterio; confirmar primero su pertinencia técnico-profesional.,"Revisar exclusivamente development_pack.context, role, objective, problem, background, evidence y constraints: vincularlos con el caso real del modulo, conservando el AE, la actividad y la rubrica. Confirmar primero su presentacion visible.","La observacion se relaciona con la comprension y la evidencia, no con preferencias esteticas.",Alta,PENDIENTE / NO EJECUTADO EN ESTA AUDITORÍA,CAM-0263,,,
39,"Construcción, mención Terminaciones de la Construcción",376,"Instalación de muebles, puertas y ventanas",development_pack,Antecedentes del desarrollo y problema del modulo,REUTILIZACIÓN DEL BLOQUE HVAC CONFIRMADA EN PANTALLA; PERTINENCIA POR CONTRASTAR,,"Contexto del bloque: 'Sala de un liceo · climatización de aula'; antecedentes: 'UI-01, UI-02 y UE-01 aparecen en planta. El listado solo declara una unidad interior.'; desarrollo solicitado: 'Una medida de la ficha difiere del plano. Usa plano, ficha de puerta o ventana y registro de medidas, identifica el AE y criterio oficial correspondiente y prepara el producto «comparación dimensional documentada» con evidencia de verificación.'. Registro: desarrollos-ui.jsonl, módulo 376.","Contexto del bloque: 'Sala de un liceo · climatización de aula'; antecedentes: 'UI-01, UI-02 y UE-01 aparecen en planta. El listado solo declara una unidad interior.'; desarrollo solicitado: 'Una medida de la ficha difiere del plano. Usa plano, ficha de puerta o ventana y registro de medidas, identifica el AE y criterio oficial correspondiente y prepara el producto «comparación dimensional documentada» con evidencia de verificación.'.",Revisión localizada necesaria. Modificar solo si no se demuestra la relación del bloque con la tarea y el criterio; confirmar primero su pertinencia técnico-profesional.,"Revisar exclusivamente development_pack.context, role, objective, problem, background, evidence y constraints: vincularlos con el caso real del modulo, conservando el AE, la actividad y la rubrica. Confirmar primero su presentacion visible.","La observacion se relaciona con la comprension y la evidencia, no con preferencias esteticas.",Alta,PENDIENTE / NO EJECUTADO EN ESTA AUDITORÍA,CAM-0264,,,
39,"Construcción, mención Terminaciones de la Construcción",377,"Revestimientos para pisos, muros y cielos",development_pack,Antecedentes del desarrollo y problema del modulo,REUTILIZACIÓN DEL BLOQUE HVAC CONFIRMADA EN PANTALLA; PERTINENCIA POR CONTRASTAR,,"Contexto del bloque: 'Sala de un liceo · climatización de aula'; antecedentes: 'UI-01, UI-02 y UE-01 aparecen en planta. El listado solo declara una unidad interior.'; desarrollo solicitado: 'El revestimiento indicado no coincide con el recinto. Usa especificación de terminaciones, muestra y planilla, identifica el AE y criterio oficial correspondiente y prepara el producto «revisión de partida y consulta técnica» con evidencia de verificación.'. Registro: desarrollos-ui.jsonl, módulo 377.","Contexto del bloque: 'Sala de un liceo · climatización de aula'; antecedentes: 'UI-01, UI-02 y UE-01 aparecen en planta. El listado solo declara una unidad interior.'; desarrollo solicitado: 'El revestimiento indicado no coincide con el recinto. Usa especificación de terminaciones, muestra y planilla, identifica el AE y criterio oficial correspondiente y prepara el producto «revisión de partida y consulta técnica» con evidencia de verificación.'.",Revisión localizada necesaria. Modificar solo si no se demuestra la relación del bloque con la tarea y el criterio; confirmar primero su pertinencia técnico-profesional.,"Revisar exclusivamente development_pack.context, role, objective, problem, background, evidence y constraints: vincularlos con el caso real del modulo, conservando el AE, la actividad y la rubrica. Confirmar primero su presentacion visible.","La observacion se relaciona con la comprension y la evidencia, no con preferencias esteticas.",Alta,PENDIENTE / NO EJECUTADO EN ESTA AUDITORÍA,CAM-0265,,,
39,"Construcción, mención Terminaciones de la Construcción",378,Emprendimiento y empleabilidad,development_pack,Antecedentes del desarrollo y problema del modulo,REUTILIZACIÓN DEL BLOQUE HVAC CONFIRMADA EN PANTALLA; PERTINENCIA POR CONTRASTAR,,"Contexto del bloque: 'Sala de un liceo · climatización de aula'; antecedentes: 'UI-01, UI-02 y UE-01 aparecen en planta. El listado solo declara una unidad interior.'; desarrollo solicitado: 'El presupuesto omite un control de calidad previsto. Usa propuesta, presupuesto y cronograma ficticios, identifica el AE y criterio oficial correspondiente y prepara el producto «plan revisado y justificación» con evidencia de verificación.'. Registro: desarrollos-ui.jsonl, módulo 378.","Contexto del bloque: 'Sala de un liceo · climatización de aula'; antecedentes: 'UI-01, UI-02 y UE-01 aparecen en planta. El listado solo declara una unidad interior.'; desarrollo solicitado: 'El presupuesto omite un control de calidad previsto. Usa propuesta, presupuesto y cronograma ficticios, identifica el AE y criterio oficial correspondiente y prepara el producto «plan revisado y justificación» con evidencia de verificación.'.",Revisión localizada necesaria. Modificar solo si no se demuestra la relación del bloque con la tarea y el criterio; confirmar primero su pertinencia técnico-profesional.,"Revisar exclusivamente development_pack.context, role, objective, problem, background, evidence y constraints: vincularlos con el caso real del modulo, conservando el AE, la actividad y la rubrica. Confirmar primero su presentacion visible.","La observacion se relaciona con la comprension y la evidencia, no con preferencias esteticas.",Alta,PENDIENTE / NO EJECUTADO EN ESTA AUDITORÍA,CAM-0266,,,
40,"Construcción, mención Obras Viales e Infraestructura",379,"Análisis de muestras de hormigón, suelos y materiales",development_pack,Antecedentes del desarrollo y problema del modulo,REUTILIZACIÓN DEL BLOQUE HVAC CONFIRMADA EN PANTALLA; PERTINENCIA POR CONTRASTAR,,"Contexto del bloque: 'Sala de un liceo · climatización de aula'; antecedentes: 'UI-01, UI-02 y UE-01 aparecen en planta. El listado solo declara una unidad interior.'; desarrollo solicitado: 'El código de la muestra no coincide con el registro. Usa ficha de muestra, ensayo y especificación técnica, identifica el AE y criterio oficial correspondiente y prepara el producto «conciliación de evidencia y reporte» con evidencia de verificación.'. Registro: desarrollos-ui.jsonl, módulo 379.","Contexto del bloque: 'Sala de un liceo · climatización de aula'; antecedentes: 'UI-01, UI-02 y UE-01 aparecen en planta. El listado solo declara una unidad interior.'; desarrollo solicitado: 'El código de la muestra no coincide con el registro. Usa ficha de muestra, ensayo y especificación técnica, identifica el AE y criterio oficial correspondiente y prepara el producto «conciliación de evidencia y reporte» con evidencia de verificación.'.",Revisión localizada necesaria. Modificar solo si no se demuestra la relación del bloque con la tarea y el criterio; confirmar primero su pertinencia técnico-profesional.,"Revisar exclusivamente development_pack.context, role, objective, problem, background, evidence y constraints: vincularlos con el caso real del modulo, conservando el AE, la actividad y la rubrica. Confirmar primero su presentacion visible.","La observacion se relaciona con la comprension y la evidencia, no con preferencias esteticas.",Alta,PENDIENTE / NO EJECUTADO EN ESTA AUDITORÍA,CAM-0267,,,
40,"Construcción, mención Obras Viales e Infraestructura",383,Interpretación de planos de construcción,development_pack,Antecedentes del desarrollo y problema del modulo,REUTILIZACIÓN DEL BLOQUE HVAC CONFIRMADA EN PANTALLA; PERTINENCIA POR CONTRASTAR,,"Contexto del bloque: 'Sala de un liceo · climatización de aula'; antecedentes: 'UI-01, UI-02 y UE-01 aparecen en planta. El listado solo declara una unidad interior.'; desarrollo solicitado: 'La referencia de una lámina no coincide con su detalle. Usa planos de arquitectura y estructura y simbología, identifica el AE y criterio oficial correspondiente y prepara el producto «identificación de discrepancia y consulta» con evidencia de verificación.'. Registro: desarrollos-ui.jsonl, módulo 383.","Contexto del bloque: 'Sala de un liceo · climatización de aula'; antecedentes: 'UI-01, UI-02 y UE-01 aparecen en planta. El listado solo declara una unidad interior.'; desarrollo solicitado: 'La referencia de una lámina no coincide con su detalle. Usa planos de arquitectura y estructura y simbología, identifica el AE y criterio oficial correspondiente y prepara el producto «identificación de discrepancia y consulta» con evidencia de verificación.'.",Revisión localizada necesaria. Modificar solo si no se demuestra la relación del bloque con la tarea y el criterio; confirmar primero su pertinencia técnico-profesional.,"Revisar exclusivamente development_pack.context, role, objective, problem, background, evidence y constraints: vincularlos con el caso real del modulo, conservando el AE, la actividad y la rubrica. Confirmar primero su presentacion visible.","La observacion se relaciona con la comprension y la evidencia, no con preferencias esteticas.",Alta,PENDIENTE / NO EJECUTADO EN ESTA AUDITORÍA,CAM-0268,,,
40,"Construcción, mención Obras Viales e Infraestructura",384,Prevención de riesgos en la construcción,development_pack,Antecedentes del desarrollo y problema del modulo,REUTILIZACIÓN DEL BLOQUE HVAC CONFIRMADA EN PANTALLA; PERTINENCIA POR CONTRASTAR,,"Contexto del bloque: 'Sala de un liceo · climatización de aula'; antecedentes: 'UI-01, UI-02 y UE-01 aparecen en planta. El listado solo declara una unidad interior.'; desarrollo solicitado: 'La señal registrada no corresponde al riesgo descrito. Usa matriz de riesgos, señalización y pauta normativa, identifica el AE y criterio oficial correspondiente y prepara el producto «análisis de riesgo y propuesta preventiva» con evidencia de verificación.'. Registro: desarrollos-ui.jsonl, módulo 384.","Contexto del bloque: 'Sala de un liceo · climatización de aula'; antecedentes: 'UI-01, UI-02 y UE-01 aparecen en planta. El listado solo declara una unidad interior.'; desarrollo solicitado: 'La señal registrada no corresponde al riesgo descrito. Usa matriz de riesgos, señalización y pauta normativa, identifica el AE y criterio oficial correspondiente y prepara el producto «análisis de riesgo y propuesta preventiva» con evidencia de verificación.'.",Revisión localizada necesaria. Modificar solo si no se demuestra la relación del bloque con la tarea y el criterio; confirmar primero su pertinencia técnico-profesional.,"Revisar exclusivamente development_pack.context, role, objective, problem, background, evidence y constraints: vincularlos con el caso real del modulo, conservando el AE, la actividad y la rubrica. Confirmar primero su presentacion visible.","La observacion se relaciona con la comprension y la evidencia, no con preferencias esteticas.",Alta,PENDIENTE / NO EJECUTADO EN ESTA AUDITORÍA,CAM-0269,,,
40,"Construcción, mención Obras Viales e Infraestructura",385,Trazado de obras de construcción,development_pack,Antecedentes del desarrollo y problema del modulo,REUTILIZACIÓN DEL BLOQUE HVAC CONFIRMADA EN PANTALLA; PERTINENCIA POR CONTRASTAR,,"Contexto del bloque: 'Sala de un liceo · climatización de aula'; antecedentes: 'UI-01, UI-02 y UE-01 aparecen en planta. El listado solo declara una unidad interior.'; desarrollo solicitado: 'La cota del registro difiere de la del plano aprobado. Usa plano, cotas y registro de levantamiento ficticio, identifica el AE y criterio oficial correspondiente y prepara el producto «verificación documental y derivación técnica» con evidencia de verificación.'. Registro: desarrollos-ui.jsonl, módulo 385.","Contexto del bloque: 'Sala de un liceo · climatización de aula'; antecedentes: 'UI-01, UI-02 y UE-01 aparecen en planta. El listado solo declara una unidad interior.'; desarrollo solicitado: 'La cota del registro difiere de la del plano aprobado. Usa plano, cotas y registro de levantamiento ficticio, identifica el AE y criterio oficial correspondiente y prepara el producto «verificación documental y derivación técnica» con evidencia de verificación.'.",Revisión localizada necesaria. Modificar solo si no se demuestra la relación del bloque con la tarea y el criterio; confirmar primero su pertinencia técnico-profesional.,"Revisar exclusivamente development_pack.context, role, objective, problem, background, evidence y constraints: vincularlos con el caso real del modulo, conservando el AE, la actividad y la rubrica. Confirmar primero su presentacion visible.","La observacion se relaciona con la comprension y la evidencia, no con preferencias esteticas.",Alta,PENDIENTE / NO EJECUTADO EN ESTA AUDITORÍA,CAM-0270,,,
40,"Construcción, mención Obras Viales e Infraestructura",386,Calidad en obras viales e infraestructura,development_pack,Antecedentes del desarrollo y problema del modulo,REUTILIZACIÓN DEL BLOQUE HVAC CONFIRMADA EN PANTALLA; PERTINENCIA POR CONTRASTAR,,"Contexto del bloque: 'Sala de un liceo · climatización de aula'; antecedentes: 'UI-01, UI-02 y UE-01 aparecen en planta. El listado solo declara una unidad interior.'; desarrollo solicitado: 'El identificador del ensayo no coincide con el tramo. Usa especificaciones, ensayos y registro de tramo, identifica el AE y criterio oficial correspondiente y prepara el producto «conciliación de evidencia y reporte» con evidencia de verificación.'. Registro: desarrollos-ui.jsonl, módulo 386.","Contexto del bloque: 'Sala de un liceo · climatización de aula'; antecedentes: 'UI-01, UI-02 y UE-01 aparecen en planta. El listado solo declara una unidad interior.'; desarrollo solicitado: 'El identificador del ensayo no coincide con el tramo. Usa especificaciones, ensayos y registro de tramo, identifica el AE y criterio oficial correspondiente y prepara el producto «conciliación de evidencia y reporte» con evidencia de verificación.'.",Revisión localizada necesaria. Modificar solo si no se demuestra la relación del bloque con la tarea y el criterio; confirmar primero su pertinencia técnico-profesional.,"Revisar exclusivamente development_pack.context, role, objective, problem, background, evidence y constraints: vincularlos con el caso real del modulo, conservando el AE, la actividad y la rubrica. Confirmar primero su presentacion visible.","La observacion se relaciona con la comprension y la evidencia, no con preferencias esteticas.",Alta,PENDIENTE / NO EJECUTADO EN ESTA AUDITORÍA,CAM-0271,,,
40,"Construcción, mención Obras Viales e Infraestructura",387,Seguridad vial,development_pack,Antecedentes del desarrollo y problema del modulo,REUTILIZACIÓN DEL BLOQUE HVAC CONFIRMADA EN PANTALLA; PERTINENCIA POR CONTRASTAR,,"Contexto del bloque: 'Sala de un liceo · climatización de aula'; antecedentes: 'UI-01, UI-02 y UE-01 aparecen en planta. El listado solo declara una unidad interior.'; desarrollo solicitado: 'Una señal del plano no corresponde al riesgo descrito. Usa plano de señalización, matriz de riesgos y normativa, identifica el AE y criterio oficial correspondiente y prepara el producto «propuesta preventiva justificada» con evidencia de verificación.'. Registro: desarrollos-ui.jsonl, módulo 387.","Contexto del bloque: 'Sala de un liceo · climatización de aula'; antecedentes: 'UI-01, UI-02 y UE-01 aparecen en planta. El listado solo declara una unidad interior.'; desarrollo solicitado: 'Una señal del plano no corresponde al riesgo descrito. Usa plano de señalización, matriz de riesgos y normativa, identifica el AE y criterio oficial correspondiente y prepara el producto «propuesta preventiva justificada» con evidencia de verificación.'.",Revisión localizada necesaria. Modificar solo si no se demuestra la relación del bloque con la tarea y el criterio; confirmar primero su pertinencia técnico-profesional.,"Revisar exclusivamente development_pack.context, role, objective, problem, background, evidence y constraints: vincularlos con el caso real del modulo, conservando el AE, la actividad y la rubrica. Confirmar primero su presentacion visible.","La observacion se relaciona con la comprension y la evidencia, no con preferencias esteticas.",Alta,PENDIENTE / NO EJECUTADO EN ESTA AUDITORÍA,CAM-0272,,,
40,"Construcción, mención Obras Viales e Infraestructura",388,Mantenimiento de obras viales,development_pack,Antecedentes del desarrollo y problema del modulo,REUTILIZACIÓN DEL BLOQUE HVAC CONFIRMADA EN PANTALLA; PERTINENCIA POR CONTRASTAR,,"Contexto del bloque: 'Sala de un liceo · climatización de aula'; antecedentes: 'UI-01, UI-02 y UE-01 aparecen en planta. El listado solo declara una unidad interior.'; desarrollo solicitado: 'La ubicación del deterioro cambia entre registros. Usa bitácora, plano y ficha de deterioro ficticia, identifica el AE y criterio oficial correspondiente y prepara el producto «priorización documentada y consulta» con evidencia de verificación.'. Registro: desarrollos-ui.jsonl, módulo 388.","Contexto del bloque: 'Sala de un liceo · climatización de aula'; antecedentes: 'UI-01, UI-02 y UE-01 aparecen en planta. El listado solo declara una unidad interior.'; desarrollo solicitado: 'La ubicación del deterioro cambia entre registros. Usa bitácora, plano y ficha de deterioro ficticia, identifica el AE y criterio oficial correspondiente y prepara el producto «priorización documentada y consulta» con evidencia de verificación.'.",Revisión localizada necesaria. Modificar solo si no se demuestra la relación del bloque con la tarea y el criterio; confirmar primero su pertinencia técnico-profesional.,"Revisar exclusivamente development_pack.context, role, objective, problem, background, evidence y constraints: vincularlos con el caso real del modulo, conservando el AE, la actividad y la rubrica. Confirmar primero su presentacion visible.","La observacion se relaciona con la comprension y la evidencia, no con preferencias esteticas.",Alta,PENDIENTE / NO EJECUTADO EN ESTA AUDITORÍA,CAM-0273,,,
40,"Construcción, mención Obras Viales e Infraestructura",389,Conformación de la calzada,development_pack,Antecedentes del desarrollo y problema del modulo,REUTILIZACIÓN DEL BLOQUE HVAC CONFIRMADA EN PANTALLA; PERTINENCIA POR CONTRASTAR,,"Contexto del bloque: 'Sala de un liceo · climatización de aula'; antecedentes: 'UI-01, UI-02 y UE-01 aparecen en planta. El listado solo declara una unidad interior.'; desarrollo solicitado: 'Una dimensión de la planilla difiere del perfil. Usa perfil vial, planilla de cantidades y pauta de calidad, identifica el AE y criterio oficial correspondiente y prepara el producto «comparación de antecedentes y reporte» con evidencia de verificación.'. Registro: desarrollos-ui.jsonl, módulo 389.","Contexto del bloque: 'Sala de un liceo · climatización de aula'; antecedentes: 'UI-01, UI-02 y UE-01 aparecen en planta. El listado solo declara una unidad interior.'; desarrollo solicitado: 'Una dimensión de la planilla difiere del perfil. Usa perfil vial, planilla de cantidades y pauta de calidad, identifica el AE y criterio oficial correspondiente y prepara el producto «comparación de antecedentes y reporte» con evidencia de verificación.'.",Revisión localizada necesaria. Modificar solo si no se demuestra la relación del bloque con la tarea y el criterio; confirmar primero su pertinencia técnico-profesional.,"Revisar exclusivamente development_pack.context, role, objective, problem, background, evidence y constraints: vincularlos con el caso real del modulo, conservando el AE, la actividad y la rubrica. Confirmar primero su presentacion visible.","La observacion se relaciona con la comprension y la evidencia, no con preferencias esteticas.",Alta,PENDIENTE / NO EJECUTADO EN ESTA AUDITORÍA,CAM-0274,,,
40,"Construcción, mención Obras Viales e Infraestructura",391,Empleabilidad y emprendimiento,development_pack,Antecedentes del desarrollo y problema del modulo,REUTILIZACIÓN DEL BLOQUE HVAC CONFIRMADA EN PANTALLA; PERTINENCIA POR CONTRASTAR,,"Contexto del bloque: 'Sala de un liceo · climatización de aula'; antecedentes: 'UI-01, UI-02 y UE-01 aparecen en planta. El listado solo declara una unidad interior.'; desarrollo solicitado: 'El presupuesto omite una medida de seguridad prevista. Usa propuesta, presupuesto y cronograma ficticios, identifica el AE y criterio oficial correspondiente y prepara el producto «plan revisado y justificación» con evidencia de verificación.'. Registro: desarrollos-ui.jsonl, módulo 391.","Contexto del bloque: 'Sala de un liceo · climatización de aula'; antecedentes: 'UI-01, UI-02 y UE-01 aparecen en planta. El listado solo declara una unidad interior.'; desarrollo solicitado: 'El presupuesto omite una medida de seguridad prevista. Usa propuesta, presupuesto y cronograma ficticios, identifica el AE y criterio oficial correspondiente y prepara el producto «plan revisado y justificación» con evidencia de verificación.'.",Revisión localizada necesaria. Modificar solo si no se demuestra la relación del bloque con la tarea y el criterio; confirmar primero su pertinencia técnico-profesional.,"Revisar exclusivamente development_pack.context, role, objective, problem, background, evidence y constraints: vincularlos con el caso real del modulo, conservando el AE, la actividad y la rubrica. Confirmar primero su presentacion visible.","La observacion se relaciona con la comprension y la evidencia, no con preferencias esteticas.",Alta,PENDIENTE / NO EJECUTADO EN ESTA AUDITORÍA,CAM-0275,,,
41,"Química Industrial, mención Laboratorio Químico",392,Manejo y almacenamiento seguro de materiales,development_pack,Antecedentes del desarrollo y problema del modulo,REUTILIZACIÓN DEL BLOQUE HVAC CONFIRMADA EN PANTALLA; PERTINENCIA POR CONTRASTAR,,"Contexto del bloque: 'Sala de un liceo · climatización de aula'; antecedentes: 'UI-01, UI-02 y UE-01 aparecen en planta. El listado solo declara una unidad interior.'; desarrollo solicitado: 'Una etiqueta no coincide con el inventario. Usa inventario, fichas de seguridad y plano de almacenamiento, identifica el AE y criterio oficial correspondiente y prepara el producto «identificación documental y aviso al responsable» con evidencia de verificación.'. Registro: desarrollos-ui.jsonl, módulo 392.","Contexto del bloque: 'Sala de un liceo · climatización de aula'; antecedentes: 'UI-01, UI-02 y UE-01 aparecen en planta. El listado solo declara una unidad interior.'; desarrollo solicitado: 'Una etiqueta no coincide con el inventario. Usa inventario, fichas de seguridad y plano de almacenamiento, identifica el AE y criterio oficial correspondiente y prepara el producto «identificación documental y aviso al responsable» con evidencia de verificación.'.",Revisión localizada necesaria. Modificar solo si no se demuestra la relación del bloque con la tarea y el criterio; confirmar primero su pertinencia técnico-profesional.,"Revisar exclusivamente development_pack.context, role, objective, problem, background, evidence y constraints: vincularlos con el caso real del modulo, conservando el AE, la actividad y la rubrica. Confirmar primero su presentacion visible.","La observacion se relaciona con la comprension y la evidencia, no con preferencias esteticas.",Alta,PENDIENTE / NO EJECUTADO EN ESTA AUDITORÍA,CAM-0276,,,
41,"Química Industrial, mención Laboratorio Químico",396,Toma de muestra,development_pack,Antecedentes del desarrollo y problema del modulo,REUTILIZACIÓN DEL BLOQUE HVAC CONFIRMADA EN PANTALLA; PERTINENCIA POR CONTRASTAR,,"Contexto del bloque: 'Sala de un liceo · climatización de aula'; antecedentes: 'UI-01, UI-02 y UE-01 aparecen en planta. El listado solo declara una unidad interior.'; desarrollo solicitado: 'La muestra registrada corresponde a otro lote. Usa pauta de muestreo, identificación de lote y registro ficticio, identifica el AE y criterio oficial correspondiente y prepara el producto «conciliación de antecedentes y reporte» con evidencia de verificación.'. Registro: desarrollos-ui.jsonl, módulo 396.","Contexto del bloque: 'Sala de un liceo · climatización de aula'; antecedentes: 'UI-01, UI-02 y UE-01 aparecen en planta. El listado solo declara una unidad interior.'; desarrollo solicitado: 'La muestra registrada corresponde a otro lote. Usa pauta de muestreo, identificación de lote y registro ficticio, identifica el AE y criterio oficial correspondiente y prepara el producto «conciliación de antecedentes y reporte» con evidencia de verificación.'.",Revisión localizada necesaria. Modificar solo si no se demuestra la relación del bloque con la tarea y el criterio; confirmar primero su pertinencia técnico-profesional.,"Revisar exclusivamente development_pack.context, role, objective, problem, background, evidence y constraints: vincularlos con el caso real del modulo, conservando el AE, la actividad y la rubrica. Confirmar primero su presentacion visible.","La observacion se relaciona con la comprension y la evidencia, no con preferencias esteticas.",Alta,PENDIENTE / NO EJECUTADO EN ESTA AUDITORÍA,CAM-0277,,,
41,"Química Industrial, mención Laboratorio Químico",397,Preparación de muestras para análisis orgánico,development_pack,Antecedentes del desarrollo y problema del modulo,REUTILIZACIÓN DEL BLOQUE HVAC CONFIRMADA EN PANTALLA; PERTINENCIA POR CONTRASTAR,,"Contexto del bloque: 'Sala de un liceo · climatización de aula'; antecedentes: 'UI-01, UI-02 y UE-01 aparecen en planta. El listado solo declara una unidad interior.'; desarrollo solicitado: 'La ficha consigna una preparación distinta de la autorizada. Usa protocolo validado, ficha de muestra y registro ficticio, identifica el AE y criterio oficial correspondiente y prepara el producto «verificación documental y consulta» con evidencia de verificación.'. Registro: desarrollos-ui.jsonl, módulo 397.","Contexto del bloque: 'Sala de un liceo · climatización de aula'; antecedentes: 'UI-01, UI-02 y UE-01 aparecen en planta. El listado solo declara una unidad interior.'; desarrollo solicitado: 'La ficha consigna una preparación distinta de la autorizada. Usa protocolo validado, ficha de muestra y registro ficticio, identifica el AE y criterio oficial correspondiente y prepara el producto «verificación documental y consulta» con evidencia de verificación.'.",Revisión localizada necesaria. Modificar solo si no se demuestra la relación del bloque con la tarea y el criterio; confirmar primero su pertinencia técnico-profesional.,"Revisar exclusivamente development_pack.context, role, objective, problem, background, evidence y constraints: vincularlos con el caso real del modulo, conservando el AE, la actividad y la rubrica. Confirmar primero su presentacion visible.","La observacion se relaciona con la comprension y la evidencia, no con preferencias esteticas.",Alta,PENDIENTE / NO EJECUTADO EN ESTA AUDITORÍA,CAM-0278,,,
41,"Química Industrial, mención Laboratorio Químico",398,Técnicas de análisis físico-químico,development_pack,Antecedentes del desarrollo y problema del modulo,REUTILIZACIÓN DEL BLOQUE HVAC CONFIRMADA EN PANTALLA; PERTINENCIA POR CONTRASTAR,,"Contexto del bloque: 'Sala de un liceo · climatización de aula'; antecedentes: 'UI-01, UI-02 y UE-01 aparecen en planta. El listado solo declara una unidad interior.'; desarrollo solicitado: 'Un resultado transcrito difiere del registro original. Usa resultados ficticios, especificación y hoja de control, identifica el AE y criterio oficial correspondiente y prepara el producto «comparación y comunicación del desvío» con evidencia de verificación.'. Registro: desarrollos-ui.jsonl, módulo 398.","Contexto del bloque: 'Sala de un liceo · climatización de aula'; antecedentes: 'UI-01, UI-02 y UE-01 aparecen en planta. El listado solo declara una unidad interior.'; desarrollo solicitado: 'Un resultado transcrito difiere del registro original. Usa resultados ficticios, especificación y hoja de control, identifica el AE y criterio oficial correspondiente y prepara el producto «comparación y comunicación del desvío» con evidencia de verificación.'.",Revisión localizada necesaria. Modificar solo si no se demuestra la relación del bloque con la tarea y el criterio; confirmar primero su pertinencia técnico-profesional.,"Revisar exclusivamente development_pack.context, role, objective, problem, background, evidence y constraints: vincularlos con el caso real del modulo, conservando el AE, la actividad y la rubrica. Confirmar primero su presentacion visible.","La observacion se relaciona con la comprension y la evidencia, no con preferencias esteticas.",Alta,PENDIENTE / NO EJECUTADO EN ESTA AUDITORÍA,CAM-0279,,,
41,"Química Industrial, mención Laboratorio Químico",399,Técnicas de análisis instrumental,development_pack,Antecedentes del desarrollo y problema del modulo,REUTILIZACIÓN DEL BLOQUE HVAC CONFIRMADA EN PANTALLA; PERTINENCIA POR CONTRASTAR,,"Contexto del bloque: 'Sala de un liceo · climatización de aula'; antecedentes: 'UI-01, UI-02 y UE-01 aparecen en planta. El listado solo declara una unidad interior.'; desarrollo solicitado: 'El registro de calibración está pendiente para el equipo indicado. Usa manual, registro de calibración y resultados ficticios, identifica el AE y criterio oficial correspondiente y prepara el producto «validación de antecedentes y aviso» con evidencia de verificación.'. Registro: desarrollos-ui.jsonl, módulo 399.","Contexto del bloque: 'Sala de un liceo · climatización de aula'; antecedentes: 'UI-01, UI-02 y UE-01 aparecen en planta. El listado solo declara una unidad interior.'; desarrollo solicitado: 'El registro de calibración está pendiente para el equipo indicado. Usa manual, registro de calibración y resultados ficticios, identifica el AE y criterio oficial correspondiente y prepara el producto «validación de antecedentes y aviso» con evidencia de verificación.'.",Revisión localizada necesaria. Modificar solo si no se demuestra la relación del bloque con la tarea y el criterio; confirmar primero su pertinencia técnico-profesional.,"Revisar exclusivamente development_pack.context, role, objective, problem, background, evidence y constraints: vincularlos con el caso real del modulo, conservando el AE, la actividad y la rubrica. Confirmar primero su presentacion visible.","La observacion se relaciona con la comprension y la evidencia, no con preferencias esteticas.",Alta,PENDIENTE / NO EJECUTADO EN ESTA AUDITORÍA,CAM-0280,,,
41,"Química Industrial, mención Laboratorio Químico",400,Mantenimiento de equipos e instrumentos de laboratorio,development_pack,Antecedentes del desarrollo y problema del modulo,REUTILIZACIÓN DEL BLOQUE HVAC CONFIRMADA EN PANTALLA; PERTINENCIA POR CONTRASTAR,,"Contexto del bloque: 'Sala de un liceo · climatización de aula'; antecedentes: 'UI-01, UI-02 y UE-01 aparecen en planta. El listado solo declara una unidad interior.'; desarrollo solicitado: 'Un instrumento figura disponible pese a una revisión pendiente. Usa inventario, manual y bitácora de mantenimiento, identifica el AE y criterio oficial correspondiente y prepara el producto «retiro preventivo simulado y reporte» con evidencia de verificación.'. Registro: desarrollos-ui.jsonl, módulo 400.","Contexto del bloque: 'Sala de un liceo · climatización de aula'; antecedentes: 'UI-01, UI-02 y UE-01 aparecen en planta. El listado solo declara una unidad interior.'; desarrollo solicitado: 'Un instrumento figura disponible pese a una revisión pendiente. Usa inventario, manual y bitácora de mantenimiento, identifica el AE y criterio oficial correspondiente y prepara el producto «retiro preventivo simulado y reporte» con evidencia de verificación.'.",Revisión localizada necesaria. Modificar solo si no se demuestra la relación del bloque con la tarea y el criterio; confirmar primero su pertinencia técnico-profesional.,"Revisar exclusivamente development_pack.context, role, objective, problem, background, evidence y constraints: vincularlos con el caso real del modulo, conservando el AE, la actividad y la rubrica. Confirmar primero su presentacion visible.","La observacion se relaciona con la comprension y la evidencia, no con preferencias esteticas.",Alta,PENDIENTE / NO EJECUTADO EN ESTA AUDITORÍA,CAM-0281,,,
41,"Química Industrial, mención Laboratorio Químico",401,Emprendimiento y empleabilidad,development_pack,Antecedentes del desarrollo y problema del modulo,REUTILIZACIÓN DEL BLOQUE HVAC CONFIRMADA EN PANTALLA; PERTINENCIA POR CONTRASTAR,,"Contexto del bloque: 'Sala de un liceo · climatización de aula'; antecedentes: 'UI-01, UI-02 y UE-01 aparecen en planta. El listado solo declara una unidad interior.'; desarrollo solicitado: 'El presupuesto omite un control de calidad previsto. Usa propuesta, presupuesto y cronograma ficticios, identifica el AE y criterio oficial correspondiente y prepara el producto «plan revisado y justificación» con evidencia de verificación.'. Registro: desarrollos-ui.jsonl, módulo 401.","Contexto del bloque: 'Sala de un liceo · climatización de aula'; antecedentes: 'UI-01, UI-02 y UE-01 aparecen en planta. El listado solo declara una unidad interior.'; desarrollo solicitado: 'El presupuesto omite un control de calidad previsto. Usa propuesta, presupuesto y cronograma ficticios, identifica el AE y criterio oficial correspondiente y prepara el producto «plan revisado y justificación» con evidencia de verificación.'.",Revisión localizada necesaria. Modificar solo si no se demuestra la relación del bloque con la tarea y el criterio; confirmar primero su pertinencia técnico-profesional.,"Revisar exclusivamente development_pack.context, role, objective, problem, background, evidence y constraints: vincularlos con el caso real del modulo, conservando el AE, la actividad y la rubrica. Confirmar primero su presentacion visible.","La observacion se relaciona con la comprension y la evidencia, no con preferencias esteticas.",Alta,PENDIENTE / NO EJECUTADO EN ESTA AUDITORÍA,CAM-0282,,,
42,"Química Industrial, mención Planta Química",402,Manejo y almacenamiento seguro de materiales,development_pack,Antecedentes del desarrollo y problema del modulo,REUTILIZACIÓN DEL BLOQUE HVAC CONFIRMADA EN PANTALLA; PERTINENCIA POR CONTRASTAR,,"Contexto del bloque: 'Sala de un liceo · climatización de aula'; antecedentes: 'UI-01, UI-02 y UE-01 aparecen en planta. El listado solo declara una unidad interior.'; desarrollo solicitado: 'Una etiqueta no coincide con el inventario. Usa inventario, fichas de seguridad y plano de almacenamiento, identifica el AE y criterio oficial correspondiente y prepara el producto «identificación documental y aviso al responsable» con evidencia de verificación.'. Registro: desarrollos-ui.jsonl, módulo 402.","Contexto del bloque: 'Sala de un liceo · climatización de aula'; antecedentes: 'UI-01, UI-02 y UE-01 aparecen en planta. El listado solo declara una unidad interior.'; desarrollo solicitado: 'Una etiqueta no coincide con el inventario. Usa inventario, fichas de seguridad y plano de almacenamiento, identifica el AE y criterio oficial correspondiente y prepara el producto «identificación documental y aviso al responsable» con evidencia de verificación.'.",Revisión localizada necesaria. Modificar solo si no se demuestra la relación del bloque con la tarea y el criterio; confirmar primero su pertinencia técnico-profesional.,"Revisar exclusivamente development_pack.context, role, objective, problem, background, evidence y constraints: vincularlos con el caso real del modulo, conservando el AE, la actividad y la rubrica. Confirmar primero su presentacion visible.","La observacion se relaciona con la comprension y la evidencia, no con preferencias esteticas.",Alta,PENDIENTE / NO EJECUTADO EN ESTA AUDITORÍA,CAM-0283,,,
42,"Química Industrial, mención Planta Química",406,Transferencia de calor y operaciones unitarias,development_pack,Antecedentes del desarrollo y problema del modulo,REUTILIZACIÓN DEL BLOQUE HVAC CONFIRMADA EN PANTALLA; PERTINENCIA POR CONTRASTAR,,"Contexto del bloque: 'Sala de un liceo · climatización de aula'; antecedentes: 'UI-01, UI-02 y UE-01 aparecen en planta. El listado solo declara una unidad interior.'; desarrollo solicitado: 'Una lectura anotada no coincide con el tramo del diagrama. Usa diagrama de flujo, registro ficticio y pauta de control, identifica el AE y criterio oficial correspondiente y prepara el producto «identificación de desvío y reporte» con evidencia de verificación.'. Registro: desarrollos-ui.jsonl, módulo 406.","Contexto del bloque: 'Sala de un liceo · climatización de aula'; antecedentes: 'UI-01, UI-02 y UE-01 aparecen en planta. El listado solo declara una unidad interior.'; desarrollo solicitado: 'Una lectura anotada no coincide con el tramo del diagrama. Usa diagrama de flujo, registro ficticio y pauta de control, identifica el AE y criterio oficial correspondiente y prepara el producto «identificación de desvío y reporte» con evidencia de verificación.'.",Revisión localizada necesaria. Modificar solo si no se demuestra la relación del bloque con la tarea y el criterio; confirmar primero su pertinencia técnico-profesional.,"Revisar exclusivamente development_pack.context, role, objective, problem, background, evidence y constraints: vincularlos con el caso real del modulo, conservando el AE, la actividad y la rubrica. Confirmar primero su presentacion visible.","La observacion se relaciona con la comprension y la evidencia, no con preferencias esteticas.",Alta,PENDIENTE / NO EJECUTADO EN ESTA AUDITORÍA,CAM-0284,,,
42,"Química Industrial, mención Planta Química",407,Acondicionamiento de sólidos y control automático,development_pack,Antecedentes del desarrollo y problema del modulo,REUTILIZACIÓN DEL BLOQUE HVAC CONFIRMADA EN PANTALLA; PERTINENCIA POR CONTRASTAR,,"Contexto del bloque: 'Sala de un liceo · climatización de aula'; antecedentes: 'UI-01, UI-02 y UE-01 aparecen en planta. El listado solo declara una unidad interior.'; desarrollo solicitado: 'La etapa consignada difiere de la secuencia aprobada. Usa diagrama, registro de lote y ficha de proceso, identifica el AE y criterio oficial correspondiente y prepara el producto «comparación documental y consulta» con evidencia de verificación.'. Registro: desarrollos-ui.jsonl, módulo 407.","Contexto del bloque: 'Sala de un liceo · climatización de aula'; antecedentes: 'UI-01, UI-02 y UE-01 aparecen en planta. El listado solo declara una unidad interior.'; desarrollo solicitado: 'La etapa consignada difiere de la secuencia aprobada. Usa diagrama, registro de lote y ficha de proceso, identifica el AE y criterio oficial correspondiente y prepara el producto «comparación documental y consulta» con evidencia de verificación.'.",Revisión localizada necesaria. Modificar solo si no se demuestra la relación del bloque con la tarea y el criterio; confirmar primero su pertinencia técnico-profesional.,"Revisar exclusivamente development_pack.context, role, objective, problem, background, evidence y constraints: vincularlos con el caso real del modulo, conservando el AE, la actividad y la rubrica. Confirmar primero su presentacion visible.","La observacion se relaciona con la comprension y la evidencia, no con preferencias esteticas.",Alta,PENDIENTE / NO EJECUTADO EN ESTA AUDITORÍA,CAM-0285,,,
42,"Química Industrial, mención Planta Química",408,Muestreo de productos industriales,development_pack,Antecedentes del desarrollo y problema del modulo,REUTILIZACIÓN DEL BLOQUE HVAC CONFIRMADA EN PANTALLA; PERTINENCIA POR CONTRASTAR,,"Contexto del bloque: 'Sala de un liceo · climatización de aula'; antecedentes: 'UI-01, UI-02 y UE-01 aparecen en planta. El listado solo declara una unidad interior.'; desarrollo solicitado: 'El identificador de la muestra cambia entre registros. Usa plan de muestreo, ficha de lote y registro ficticio, identifica el AE y criterio oficial correspondiente y prepara el producto «control de trazabilidad y aviso» con evidencia de verificación.'. Registro: desarrollos-ui.jsonl, módulo 408.","Contexto del bloque: 'Sala de un liceo · climatización de aula'; antecedentes: 'UI-01, UI-02 y UE-01 aparecen en planta. El listado solo declara una unidad interior.'; desarrollo solicitado: 'El identificador de la muestra cambia entre registros. Usa plan de muestreo, ficha de lote y registro ficticio, identifica el AE y criterio oficial correspondiente y prepara el producto «control de trazabilidad y aviso» con evidencia de verificación.'.",Revisión localizada necesaria. Modificar solo si no se demuestra la relación del bloque con la tarea y el criterio; confirmar primero su pertinencia técnico-profesional.,"Revisar exclusivamente development_pack.context, role, objective, problem, background, evidence y constraints: vincularlos con el caso real del modulo, conservando el AE, la actividad y la rubrica. Confirmar primero su presentacion visible.","La observacion se relaciona con la comprension y la evidencia, no con preferencias esteticas.",Alta,PENDIENTE / NO EJECUTADO EN ESTA AUDITORÍA,CAM-0286,,,
42,"Química Industrial, mención Planta Química",409,Mantenimiento de sistemas auxiliares,development_pack,Antecedentes del desarrollo y problema del modulo,REUTILIZACIÓN DEL BLOQUE HVAC CONFIRMADA EN PANTALLA; PERTINENCIA POR CONTRASTAR,,"Contexto del bloque: 'Sala de un liceo · climatización de aula'; antecedentes: 'UI-01, UI-02 y UE-01 aparecen en planta. El listado solo declara una unidad interior.'; desarrollo solicitado: 'Un equipo figura operativo pese a una alerta pendiente. Usa plano, bitácora y manual de equipo, identifica el AE y criterio oficial correspondiente y prepara el producto «revisión de condición y derivación técnica» con evidencia de verificación.'. Registro: desarrollos-ui.jsonl, módulo 409.","Contexto del bloque: 'Sala de un liceo · climatización de aula'; antecedentes: 'UI-01, UI-02 y UE-01 aparecen en planta. El listado solo declara una unidad interior.'; desarrollo solicitado: 'Un equipo figura operativo pese a una alerta pendiente. Usa plano, bitácora y manual de equipo, identifica el AE y criterio oficial correspondiente y prepara el producto «revisión de condición y derivación técnica» con evidencia de verificación.'.",Revisión localizada necesaria. Modificar solo si no se demuestra la relación del bloque con la tarea y el criterio; confirmar primero su pertinencia técnico-profesional.,"Revisar exclusivamente development_pack.context, role, objective, problem, background, evidence y constraints: vincularlos con el caso real del modulo, conservando el AE, la actividad y la rubrica. Confirmar primero su presentacion visible.","La observacion se relaciona con la comprension y la evidencia, no con preferencias esteticas.",Alta,PENDIENTE / NO EJECUTADO EN ESTA AUDITORÍA,CAM-0287,,,
42,"Química Industrial, mención Planta Química",410,Emprendimiento y empleabilidad,development_pack,Antecedentes del desarrollo y problema del modulo,REUTILIZACIÓN DEL BLOQUE HVAC CONFIRMADA EN PANTALLA; PERTINENCIA POR CONTRASTAR,,"Contexto del bloque: 'Sala de un liceo · climatización de aula'; antecedentes: 'UI-01, UI-02 y UE-01 aparecen en planta. El listado solo declara una unidad interior.'; desarrollo solicitado: 'El presupuesto omite una medida ambiental prevista. Usa propuesta, presupuesto y cronograma ficticios, identifica el AE y criterio oficial correspondiente y prepara el producto «plan revisado y justificación» con evidencia de verificación.'. Registro: desarrollos-ui.jsonl, módulo 410.","Contexto del bloque: 'Sala de un liceo · climatización de aula'; antecedentes: 'UI-01, UI-02 y UE-01 aparecen en planta. El listado solo declara una unidad interior.'; desarrollo solicitado: 'El presupuesto omite una medida ambiental prevista. Usa propuesta, presupuesto y cronograma ficticios, identifica el AE y criterio oficial correspondiente y prepara el producto «plan revisado y justificación» con evidencia de verificación.'.",Revisión localizada necesaria. Modificar solo si no se demuestra la relación del bloque con la tarea y el criterio; confirmar primero su pertinencia técnico-profesional.,"Revisar exclusivamente development_pack.context, role, objective, problem, background, evidence y constraints: vincularlos con el caso real del modulo, conservando el AE, la actividad y la rubrica. Confirmar primero su presentacion visible.","La observacion se relaciona con la comprension y la evidencia, no con preferencias esteticas.",Alta,PENDIENTE / NO EJECUTADO EN ESTA AUDITORÍA,CAM-0288,,,
43,"Mecánica Industrial, mención Máquinas-Herramientas",411,Soldadura,development_pack,Antecedentes del desarrollo y problema del modulo,REUTILIZACIÓN DEL BLOQUE HVAC CONFIRMADA EN PANTALLA; PERTINENCIA POR CONTRASTAR,,"Contexto del bloque: 'Sala de un liceo · climatización de aula'; antecedentes: 'UI-01, UI-02 y UE-01 aparecen en planta. El listado solo declara una unidad interior.'; desarrollo solicitado: 'La unión indicada en la ficha difiere de la del plano. Usa plano, especificación de unión y pauta de seguridad, identifica el AE y criterio oficial correspondiente y prepara el producto «revisión documental y consulta técnica» con evidencia de verificación.'. Registro: desarrollos-ui.jsonl, módulo 411.","Contexto del bloque: 'Sala de un liceo · climatización de aula'; antecedentes: 'UI-01, UI-02 y UE-01 aparecen en planta. El listado solo declara una unidad interior.'; desarrollo solicitado: 'La unión indicada en la ficha difiere de la del plano. Usa plano, especificación de unión y pauta de seguridad, identifica el AE y criterio oficial correspondiente y prepara el producto «revisión documental y consulta técnica» con evidencia de verificación.'.",Revisión localizada necesaria. Modificar solo si no se demuestra la relación del bloque con la tarea y el criterio; confirmar primero su pertinencia técnico-profesional.,"Revisar exclusivamente development_pack.context, role, objective, problem, background, evidence y constraints: vincularlos con el caso real del modulo, conservando el AE, la actividad y la rubrica. Confirmar primero su presentacion visible.","La observacion se relaciona con la comprension y la evidencia, no con preferencias esteticas.",Alta,PENDIENTE / NO EJECUTADO EN ESTA AUDITORÍA,CAM-0289,,,
43,"Mecánica Industrial, mención Máquinas-Herramientas",415,Lectura de manuales y planos,development_pack,Antecedentes del desarrollo y problema del modulo,REUTILIZACIÓN DEL BLOQUE HVAC CONFIRMADA EN PANTALLA; PERTINENCIA POR CONTRASTAR,,"Contexto del bloque: 'Sala de un liceo · climatización de aula'; antecedentes: 'UI-01, UI-02 y UE-01 aparecen en planta. El listado solo declara una unidad interior.'; desarrollo solicitado: 'La referencia del manual corresponde a otra versión. Usa manual del fabricante, plano y registro de equipo, identifica el AE y criterio oficial correspondiente y prepara el producto «identificación de documento vigente» con evidencia de verificación.'. Registro: desarrollos-ui.jsonl, módulo 415.","Contexto del bloque: 'Sala de un liceo · climatización de aula'; antecedentes: 'UI-01, UI-02 y UE-01 aparecen en planta. El listado solo declara una unidad interior.'; desarrollo solicitado: 'La referencia del manual corresponde a otra versión. Usa manual del fabricante, plano y registro de equipo, identifica el AE y criterio oficial correspondiente y prepara el producto «identificación de documento vigente» con evidencia de verificación.'.",Revisión localizada necesaria. Modificar solo si no se demuestra la relación del bloque con la tarea y el criterio; confirmar primero su pertinencia técnico-profesional.,"Revisar exclusivamente development_pack.context, role, objective, problem, background, evidence y constraints: vincularlos con el caso real del modulo, conservando el AE, la actividad y la rubrica. Confirmar primero su presentacion visible.","La observacion se relaciona con la comprension y la evidencia, no con preferencias esteticas.",Alta,PENDIENTE / NO EJECUTADO EN ESTA AUDITORÍA,CAM-0290,,,
43,"Mecánica Industrial, mención Máquinas-Herramientas",416,Torneado de piezas y conjuntos mecánicos,development_pack,Antecedentes del desarrollo y problema del modulo,REUTILIZACIÓN DEL BLOQUE HVAC CONFIRMADA EN PANTALLA; PERTINENCIA POR CONTRASTAR,,"Contexto del bloque: 'Sala de un liceo · climatización de aula'; antecedentes: 'UI-01, UI-02 y UE-01 aparecen en planta. El listado solo declara una unidad interior.'; desarrollo solicitado: 'Una medida registrada supera la tolerancia del plano. Usa plano de pieza, pauta de proceso y mediciones ficticias, identifica el AE y criterio oficial correspondiente y prepara el producto «control documental y reporte» con evidencia de verificación.'. Registro: desarrollos-ui.jsonl, módulo 416.","Contexto del bloque: 'Sala de un liceo · climatización de aula'; antecedentes: 'UI-01, UI-02 y UE-01 aparecen en planta. El listado solo declara una unidad interior.'; desarrollo solicitado: 'Una medida registrada supera la tolerancia del plano. Usa plano de pieza, pauta de proceso y mediciones ficticias, identifica el AE y criterio oficial correspondiente y prepara el producto «control documental y reporte» con evidencia de verificación.'.",Revisión localizada necesaria. Modificar solo si no se demuestra la relación del bloque con la tarea y el criterio; confirmar primero su pertinencia técnico-profesional.,"Revisar exclusivamente development_pack.context, role, objective, problem, background, evidence y constraints: vincularlos con el caso real del modulo, conservando el AE, la actividad y la rubrica. Confirmar primero su presentacion visible.","La observacion se relaciona con la comprension y la evidencia, no con preferencias esteticas.",Alta,PENDIENTE / NO EJECUTADO EN ESTA AUDITORÍA,CAM-0291,,,
43,"Mecánica Industrial, mención Máquinas-Herramientas",417,Fresado de piezas y conjuntos mecánicos,development_pack,Antecedentes del desarrollo y problema del modulo,REUTILIZACIÓN DEL BLOQUE HVAC CONFIRMADA EN PANTALLA; PERTINENCIA POR CONTRASTAR,,"Contexto del bloque: 'Sala de un liceo · climatización de aula'; antecedentes: 'UI-01, UI-02 y UE-01 aparecen en planta. El listado solo declara una unidad interior.'; desarrollo solicitado: 'La herramienta de la ficha no corresponde al proceso aprobado. Usa plano, ficha de herramienta y hoja de control, identifica el AE y criterio oficial correspondiente y prepara el producto «revisión de compatibilidad y consulta» con evidencia de verificación.'. Registro: desarrollos-ui.jsonl, módulo 417.","Contexto del bloque: 'Sala de un liceo · climatización de aula'; antecedentes: 'UI-01, UI-02 y UE-01 aparecen en planta. El listado solo declara una unidad interior.'; desarrollo solicitado: 'La herramienta de la ficha no corresponde al proceso aprobado. Usa plano, ficha de herramienta y hoja de control, identifica el AE y criterio oficial correspondiente y prepara el producto «revisión de compatibilidad y consulta» con evidencia de verificación.'.",Revisión localizada necesaria. Modificar solo si no se demuestra la relación del bloque con la tarea y el criterio; confirmar primero su pertinencia técnico-profesional.,"Revisar exclusivamente development_pack.context, role, objective, problem, background, evidence y constraints: vincularlos con el caso real del modulo, conservando el AE, la actividad y la rubrica. Confirmar primero su presentacion visible.","La observacion se relaciona con la comprension y la evidencia, no con preferencias esteticas.",Alta,PENDIENTE / NO EJECUTADO EN ESTA AUDITORÍA,CAM-0292,,,
43,"Mecánica Industrial, mención Máquinas-Herramientas",418,Taladrado y rectificado de piezas mecánicas,development_pack,Antecedentes del desarrollo y problema del modulo,REUTILIZACIÓN DEL BLOQUE HVAC CONFIRMADA EN PANTALLA; PERTINENCIA POR CONTRASTAR,,"Contexto del bloque: 'Sala de un liceo · climatización de aula'; antecedentes: 'UI-01, UI-02 y UE-01 aparecen en planta. El listado solo declara una unidad interior.'; desarrollo solicitado: 'Una terminación anotada difiere de la especificación. Usa plano, registro de pieza y pauta de calidad, identifica el AE y criterio oficial correspondiente y prepara el producto «identificación de desvío y reporte» con evidencia de verificación.'. Registro: desarrollos-ui.jsonl, módulo 418.","Contexto del bloque: 'Sala de un liceo · climatización de aula'; antecedentes: 'UI-01, UI-02 y UE-01 aparecen en planta. El listado solo declara una unidad interior.'; desarrollo solicitado: 'Una terminación anotada difiere de la especificación. Usa plano, registro de pieza y pauta de calidad, identifica el AE y criterio oficial correspondiente y prepara el producto «identificación de desvío y reporte» con evidencia de verificación.'.",Revisión localizada necesaria. Modificar solo si no se demuestra la relación del bloque con la tarea y el criterio; confirmar primero su pertinencia técnico-profesional.,"Revisar exclusivamente development_pack.context, role, objective, problem, background, evidence y constraints: vincularlos con el caso real del modulo, conservando el AE, la actividad y la rubrica. Confirmar primero su presentacion visible.","La observacion se relaciona con la comprension y la evidencia, no con preferencias esteticas.",Alta,PENDIENTE / NO EJECUTADO EN ESTA AUDITORÍA,CAM-0293,,,
43,"Mecánica Industrial, mención Máquinas-Herramientas",419,Mecanizado con máquinas de control numérico computacional,development_pack,Antecedentes del desarrollo y problema del modulo,REUTILIZACIÓN DEL BLOQUE HVAC CONFIRMADA EN PANTALLA; PERTINENCIA POR CONTRASTAR,,"Contexto del bloque: 'Sala de un liceo · climatización de aula'; antecedentes: 'UI-01, UI-02 y UE-01 aparecen en planta. El listado solo declara una unidad interior.'; desarrollo solicitado: 'La versión del programa no coincide con la orden de trabajo. Usa plano, programa validado y registro ficticio, identifica el AE y criterio oficial correspondiente y prepara el producto «control de versión y derivación técnica» con evidencia de verificación.'. Registro: desarrollos-ui.jsonl, módulo 419.","Contexto del bloque: 'Sala de un liceo · climatización de aula'; antecedentes: 'UI-01, UI-02 y UE-01 aparecen en planta. El listado solo declara una unidad interior.'; desarrollo solicitado: 'La versión del programa no coincide con la orden de trabajo. Usa plano, programa validado y registro ficticio, identifica el AE y criterio oficial correspondiente y prepara el producto «control de versión y derivación técnica» con evidencia de verificación.'.",Revisión localizada necesaria. Modificar solo si no se demuestra la relación del bloque con la tarea y el criterio; confirmar primero su pertinencia técnico-profesional.,"Revisar exclusivamente development_pack.context, role, objective, problem, background, evidence y constraints: vincularlos con el caso real del modulo, conservando el AE, la actividad y la rubrica. Confirmar primero su presentacion visible.","La observacion se relaciona con la comprension y la evidencia, no con preferencias esteticas.",Alta,PENDIENTE / NO EJECUTADO EN ESTA AUDITORÍA,CAM-0294,,,
43,"Mecánica Industrial, mención Máquinas-Herramientas",420,Emprendimiento y empleabilidad,development_pack,Antecedentes del desarrollo y problema del modulo,REUTILIZACIÓN DEL BLOQUE HVAC CONFIRMADA EN PANTALLA; PERTINENCIA POR CONTRASTAR,,"Contexto del bloque: 'Sala de un liceo · climatización de aula'; antecedentes: 'UI-01, UI-02 y UE-01 aparecen en planta. El listado solo declara una unidad interior.'; desarrollo solicitado: 'El presupuesto omite un control de seguridad previsto. Usa propuesta, presupuesto y cronograma ficticios, identifica el AE y criterio oficial correspondiente y prepara el producto «plan revisado y justificación» con evidencia de verificación.'. Registro: desarrollos-ui.jsonl, módulo 420.","Contexto del bloque: 'Sala de un liceo · climatización de aula'; antecedentes: 'UI-01, UI-02 y UE-01 aparecen en planta. El listado solo declara una unidad interior.'; desarrollo solicitado: 'El presupuesto omite un control de seguridad previsto. Usa propuesta, presupuesto y cronograma ficticios, identifica el AE y criterio oficial correspondiente y prepara el producto «plan revisado y justificación» con evidencia de verificación.'.",Revisión localizada necesaria. Modificar solo si no se demuestra la relación del bloque con la tarea y el criterio; confirmar primero su pertinencia técnico-profesional.,"Revisar exclusivamente development_pack.context, role, objective, problem, background, evidence y constraints: vincularlos con el caso real del modulo, conservando el AE, la actividad y la rubrica. Confirmar primero su presentacion visible.","La observacion se relaciona con la comprension y la evidencia, no con preferencias esteticas.",Alta,PENDIENTE / NO EJECUTADO EN ESTA AUDITORÍA,CAM-0295,,,
44,"Mecánica Industrial, mención Matricería",421,Soldadura,development_pack,Antecedentes del desarrollo y problema del modulo,REUTILIZACIÓN DEL BLOQUE HVAC CONFIRMADA EN PANTALLA; PERTINENCIA POR CONTRASTAR,,"Contexto del bloque: 'Sala de un liceo · climatización de aula'; antecedentes: 'UI-01, UI-02 y UE-01 aparecen en planta. El listado solo declara una unidad interior.'; desarrollo solicitado: 'La unión indicada en la ficha difiere de la del plano. Usa plano, especificación de unión y pauta de seguridad, identifica el AE y criterio oficial correspondiente y prepara el producto «revisión documental y consulta técnica» con evidencia de verificación.'. Registro: desarrollos-ui.jsonl, módulo 421.","Contexto del bloque: 'Sala de un liceo · climatización de aula'; antecedentes: 'UI-01, UI-02 y UE-01 aparecen en planta. El listado solo declara una unidad interior.'; desarrollo solicitado: 'La unión indicada en la ficha difiere de la del plano. Usa plano, especificación de unión y pauta de seguridad, identifica el AE y criterio oficial correspondiente y prepara el producto «revisión documental y consulta técnica» con evidencia de verificación.'.",Revisión localizada necesaria. Modificar solo si no se demuestra la relación del bloque con la tarea y el criterio; confirmar primero su pertinencia técnico-profesional.,"Revisar exclusivamente development_pack.context, role, objective, problem, background, evidence y constraints: vincularlos con el caso real del modulo, conservando el AE, la actividad y la rubrica. Confirmar primero su presentacion visible.","La observacion se relaciona con la comprension y la evidencia, no con preferencias esteticas.",Alta,PENDIENTE / NO EJECUTADO EN ESTA AUDITORÍA,CAM-0296,,,
44,"Mecánica Industrial, mención Matricería",425,Lectura de manuales y planos,development_pack,Antecedentes del desarrollo y problema del modulo,REUTILIZACIÓN DEL BLOQUE HVAC CONFIRMADA EN PANTALLA; PERTINENCIA POR CONTRASTAR,,"Contexto del bloque: 'Sala de un liceo · climatización de aula'; antecedentes: 'UI-01, UI-02 y UE-01 aparecen en planta. El listado solo declara una unidad interior.'; desarrollo solicitado: 'La referencia del manual corresponde a otra versión. Usa manual del fabricante, plano y registro de equipo, identifica el AE y criterio oficial correspondiente y prepara el producto «identificación de documento vigente» con evidencia de verificación.'. Registro: desarrollos-ui.jsonl, módulo 425.","Contexto del bloque: 'Sala de un liceo · climatización de aula'; antecedentes: 'UI-01, UI-02 y UE-01 aparecen en planta. El listado solo declara una unidad interior.'; desarrollo solicitado: 'La referencia del manual corresponde a otra versión. Usa manual del fabricante, plano y registro de equipo, identifica el AE y criterio oficial correspondiente y prepara el producto «identificación de documento vigente» con evidencia de verificación.'.",Revisión localizada necesaria. Modificar solo si no se demuestra la relación del bloque con la tarea y el criterio; confirmar primero su pertinencia técnico-profesional.,"Revisar exclusivamente development_pack.context, role, objective, problem, background, evidence y constraints: vincularlos con el caso real del modulo, conservando el AE, la actividad y la rubrica. Confirmar primero su presentacion visible.","La observacion se relaciona con la comprension y la evidencia, no con preferencias esteticas.",Alta,PENDIENTE / NO EJECUTADO EN ESTA AUDITORÍA,CAM-0297,,,
44,"Mecánica Industrial, mención Matricería",426,Fabricación de matrices,development_pack,Antecedentes del desarrollo y problema del modulo,REUTILIZACIÓN DEL BLOQUE HVAC CONFIRMADA EN PANTALLA; PERTINENCIA POR CONTRASTAR,,"Contexto del bloque: 'Sala de un liceo · climatización de aula'; antecedentes: 'UI-01, UI-02 y UE-01 aparecen en planta. El listado solo declara una unidad interior.'; desarrollo solicitado: 'El material de la ficha difiere del especificado. Usa plano de matriz, ficha de material y pauta de calidad, identifica el AE y criterio oficial correspondiente y prepara el producto «revisión de correspondencia y consulta» con evidencia de verificación.'. Registro: desarrollos-ui.jsonl, módulo 426.","Contexto del bloque: 'Sala de un liceo · climatización de aula'; antecedentes: 'UI-01, UI-02 y UE-01 aparecen en planta. El listado solo declara una unidad interior.'; desarrollo solicitado: 'El material de la ficha difiere del especificado. Usa plano de matriz, ficha de material y pauta de calidad, identifica el AE y criterio oficial correspondiente y prepara el producto «revisión de correspondencia y consulta» con evidencia de verificación.'.",Revisión localizada necesaria. Modificar solo si no se demuestra la relación del bloque con la tarea y el criterio; confirmar primero su pertinencia técnico-profesional.,"Revisar exclusivamente development_pack.context, role, objective, problem, background, evidence y constraints: vincularlos con el caso real del modulo, conservando el AE, la actividad y la rubrica. Confirmar primero su presentacion visible.","La observacion se relaciona con la comprension y la evidencia, no con preferencias esteticas.",Alta,PENDIENTE / NO EJECUTADO EN ESTA AUDITORÍA,CAM-0298,,,
44,"Mecánica Industrial, mención Matricería",427,Fabricación de moldes,development_pack,Antecedentes del desarrollo y problema del modulo,REUTILIZACIÓN DEL BLOQUE HVAC CONFIRMADA EN PANTALLA; PERTINENCIA POR CONTRASTAR,,"Contexto del bloque: 'Sala de un liceo · climatización de aula'; antecedentes: 'UI-01, UI-02 y UE-01 aparecen en planta. El listado solo declara una unidad interior.'; desarrollo solicitado: 'Una cota anotada difiere del detalle aprobado. Usa plano de molde, detalle y mediciones ficticias, identifica el AE y criterio oficial correspondiente y prepara el producto «comparación dimensional y reporte» con evidencia de verificación.'. Registro: desarrollos-ui.jsonl, módulo 427.","Contexto del bloque: 'Sala de un liceo · climatización de aula'; antecedentes: 'UI-01, UI-02 y UE-01 aparecen en planta. El listado solo declara una unidad interior.'; desarrollo solicitado: 'Una cota anotada difiere del detalle aprobado. Usa plano de molde, detalle y mediciones ficticias, identifica el AE y criterio oficial correspondiente y prepara el producto «comparación dimensional y reporte» con evidencia de verificación.'.",Revisión localizada necesaria. Modificar solo si no se demuestra la relación del bloque con la tarea y el criterio; confirmar primero su pertinencia técnico-profesional.,"Revisar exclusivamente development_pack.context, role, objective, problem, background, evidence y constraints: vincularlos con el caso real del modulo, conservando el AE, la actividad y la rubrica. Confirmar primero su presentacion visible.","La observacion se relaciona con la comprension y la evidencia, no con preferencias esteticas.",Alta,PENDIENTE / NO EJECUTADO EN ESTA AUDITORÍA,CAM-0299,,,
44,"Mecánica Industrial, mención Matricería",428,Mantención de matrices y moldes,development_pack,Antecedentes del desarrollo y problema del modulo,REUTILIZACIÓN DEL BLOQUE HVAC CONFIRMADA EN PANTALLA; PERTINENCIA POR CONTRASTAR,,"Contexto del bloque: 'Sala de un liceo · climatización de aula'; antecedentes: 'UI-01, UI-02 y UE-01 aparecen en planta. El listado solo declara una unidad interior.'; desarrollo solicitado: 'Un molde figura disponible pese a una alerta pendiente. Usa bitácora, manual y registro de inspección, identifica el AE y criterio oficial correspondiente y prepara el producto «revisión de condición y derivación técnica» con evidencia de verificación.'. Registro: desarrollos-ui.jsonl, módulo 428.","Contexto del bloque: 'Sala de un liceo · climatización de aula'; antecedentes: 'UI-01, UI-02 y UE-01 aparecen en planta. El listado solo declara una unidad interior.'; desarrollo solicitado: 'Un molde figura disponible pese a una alerta pendiente. Usa bitácora, manual y registro de inspección, identifica el AE y criterio oficial correspondiente y prepara el producto «revisión de condición y derivación técnica» con evidencia de verificación.'.",Revisión localizada necesaria. Modificar solo si no se demuestra la relación del bloque con la tarea y el criterio; confirmar primero su pertinencia técnico-profesional.,"Revisar exclusivamente development_pack.context, role, objective, problem, background, evidence y constraints: vincularlos con el caso real del modulo, conservando el AE, la actividad y la rubrica. Confirmar primero su presentacion visible.","La observacion se relaciona con la comprension y la evidencia, no con preferencias esteticas.",Alta,PENDIENTE / NO EJECUTADO EN ESTA AUDITORÍA,CAM-0300,,,
44,"Mecánica Industrial, mención Matricería",429,Diseño y dibujo de moldes y matrices,development_pack,Antecedentes del desarrollo y problema del modulo,REUTILIZACIÓN DEL BLOQUE HVAC CONFIRMADA EN PANTALLA; PERTINENCIA POR CONTRASTAR,,"Contexto del bloque: 'Sala de un liceo · climatización de aula'; antecedentes: 'UI-01, UI-02 y UE-01 aparecen en planta. El listado solo declara una unidad interior.'; desarrollo solicitado: 'Un componente del modelo no figura en la lista. Usa plano, modelo y lista de componentes, identifica el AE y criterio oficial correspondiente y prepara el producto «conciliación documental y justificación» con evidencia de verificación.'. Registro: desarrollos-ui.jsonl, módulo 429.","Contexto del bloque: 'Sala de un liceo · climatización de aula'; antecedentes: 'UI-01, UI-02 y UE-01 aparecen en planta. El listado solo declara una unidad interior.'; desarrollo solicitado: 'Un componente del modelo no figura en la lista. Usa plano, modelo y lista de componentes, identifica el AE y criterio oficial correspondiente y prepara el producto «conciliación documental y justificación» con evidencia de verificación.'.",Revisión localizada necesaria. Modificar solo si no se demuestra la relación del bloque con la tarea y el criterio; confirmar primero su pertinencia técnico-profesional.,"Revisar exclusivamente development_pack.context, role, objective, problem, background, evidence y constraints: vincularlos con el caso real del modulo, conservando el AE, la actividad y la rubrica. Confirmar primero su presentacion visible.","La observacion se relaciona con la comprension y la evidencia, no con preferencias esteticas.",Alta,PENDIENTE / NO EJECUTADO EN ESTA AUDITORÍA,CAM-0301,,,
44,"Mecánica Industrial, mención Matricería",430,Emprendimiento y empleabilidad,development_pack,Antecedentes del desarrollo y problema del modulo,REUTILIZACIÓN DEL BLOQUE HVAC CONFIRMADA EN PANTALLA; PERTINENCIA POR CONTRASTAR,,"Contexto del bloque: 'Sala de un liceo · climatización de aula'; antecedentes: 'UI-01, UI-02 y UE-01 aparecen en planta. El listado solo declara una unidad interior.'; desarrollo solicitado: 'El presupuesto omite un control de calidad previsto. Usa propuesta, presupuesto y cronograma ficticios, identifica el AE y criterio oficial correspondiente y prepara el producto «plan revisado y justificación» con evidencia de verificación.'. Registro: desarrollos-ui.jsonl, módulo 430.","Contexto del bloque: 'Sala de un liceo · climatización de aula'; antecedentes: 'UI-01, UI-02 y UE-01 aparecen en planta. El listado solo declara una unidad interior.'; desarrollo solicitado: 'El presupuesto omite un control de calidad previsto. Usa propuesta, presupuesto y cronograma ficticios, identifica el AE y criterio oficial correspondiente y prepara el producto «plan revisado y justificación» con evidencia de verificación.'.",Revisión localizada necesaria. Modificar solo si no se demuestra la relación del bloque con la tarea y el criterio; confirmar primero su pertinencia técnico-profesional.,"Revisar exclusivamente development_pack.context, role, objective, problem, background, evidence y constraints: vincularlos con el caso real del modulo, conservando el AE, la actividad y la rubrica. Confirmar primero su presentacion visible.","La observacion se relaciona con la comprension y la evidencia, no con preferencias esteticas.",Alta,PENDIENTE / NO EJECUTADO EN ESTA AUDITORÍA,CAM-0302,,,
45,"Mecánica Industrial, mención Mantenimiento Electromecánico",431,Soldadura,development_pack,Antecedentes del desarrollo y problema del modulo,REUTILIZACIÓN DEL BLOQUE HVAC CONFIRMADA EN PANTALLA; PERTINENCIA POR CONTRASTAR,,"Contexto del bloque: 'Sala de un liceo · climatización de aula'; antecedentes: 'UI-01, UI-02 y UE-01 aparecen en planta. El listado solo declara una unidad interior.'; desarrollo solicitado: 'La unión indicada en la ficha difiere de la del plano. Usa plano, especificación de unión y pauta de seguridad, identifica el AE y criterio oficial correspondiente y prepara el producto «revisión documental y consulta técnica» con evidencia de verificación.'. Registro: desarrollos-ui.jsonl, módulo 431.","Contexto del bloque: 'Sala de un liceo · climatización de aula'; antecedentes: 'UI-01, UI-02 y UE-01 aparecen en planta. El listado solo declara una unidad interior.'; desarrollo solicitado: 'La unión indicada en la ficha difiere de la del plano. Usa plano, especificación de unión y pauta de seguridad, identifica el AE y criterio oficial correspondiente y prepara el producto «revisión documental y consulta técnica» con evidencia de verificación.'.",Revisión localizada necesaria. Modificar solo si no se demuestra la relación del bloque con la tarea y el criterio; confirmar primero su pertinencia técnico-profesional.,"Revisar exclusivamente development_pack.context, role, objective, problem, background, evidence y constraints: vincularlos con el caso real del modulo, conservando el AE, la actividad y la rubrica. Confirmar primero su presentacion visible.","La observacion se relaciona con la comprension y la evidencia, no con preferencias esteticas.",Alta,PENDIENTE / NO EJECUTADO EN ESTA AUDITORÍA,CAM-0303,,,
45,"Mecánica Industrial, mención Mantenimiento Electromecánico",435,Lectura de manuales y planos,development_pack,Antecedentes del desarrollo y problema del modulo,REUTILIZACIÓN DEL BLOQUE HVAC CONFIRMADA EN PANTALLA; PERTINENCIA POR CONTRASTAR,,"Contexto del bloque: 'Sala de un liceo · climatización de aula'; antecedentes: 'UI-01, UI-02 y UE-01 aparecen en planta. El listado solo declara una unidad interior.'; desarrollo solicitado: 'La referencia del manual corresponde a otra versión. Usa manual del fabricante, plano y registro de equipo, identifica el AE y criterio oficial correspondiente y prepara el producto «identificación de documento vigente» con evidencia de verificación.'. Registro: desarrollos-ui.jsonl, módulo 435.","Contexto del bloque: 'Sala de un liceo · climatización de aula'; antecedentes: 'UI-01, UI-02 y UE-01 aparecen en planta. El listado solo declara una unidad interior.'; desarrollo solicitado: 'La referencia del manual corresponde a otra versión. Usa manual del fabricante, plano y registro de equipo, identifica el AE y criterio oficial correspondiente y prepara el producto «identificación de documento vigente» con evidencia de verificación.'.",Revisión localizada necesaria. Modificar solo si no se demuestra la relación del bloque con la tarea y el criterio; confirmar primero su pertinencia técnico-profesional.,"Revisar exclusivamente development_pack.context, role, objective, problem, background, evidence y constraints: vincularlos con el caso real del modulo, conservando el AE, la actividad y la rubrica. Confirmar primero su presentacion visible.","La observacion se relaciona con la comprension y la evidencia, no con preferencias esteticas.",Alta,PENDIENTE / NO EJECUTADO EN ESTA AUDITORÍA,CAM-0304,,,
45,"Mecánica Industrial, mención Mantenimiento Electromecánico",436,Mantenimiento y reparación industrial,development_pack,Antecedentes del desarrollo y problema del modulo,REUTILIZACIÓN DEL BLOQUE HVAC CONFIRMADA EN PANTALLA; PERTINENCIA POR CONTRASTAR,,"Contexto del bloque: 'Sala de un liceo · climatización de aula'; antecedentes: 'UI-01, UI-02 y UE-01 aparecen en planta. El listado solo declara una unidad interior.'; desarrollo solicitado: 'La tarea registrada no coincide con la pauta del fabricante. Usa manual, bitácora y plan preventivo ficticio, identifica el AE y criterio oficial correspondiente y prepara el producto «plan de mantenimiento revisado» con evidencia de verificación.'. Registro: desarrollos-ui.jsonl, módulo 436.","Contexto del bloque: 'Sala de un liceo · climatización de aula'; antecedentes: 'UI-01, UI-02 y UE-01 aparecen en planta. El listado solo declara una unidad interior.'; desarrollo solicitado: 'La tarea registrada no coincide con la pauta del fabricante. Usa manual, bitácora y plan preventivo ficticio, identifica el AE y criterio oficial correspondiente y prepara el producto «plan de mantenimiento revisado» con evidencia de verificación.'.",Revisión localizada necesaria. Modificar solo si no se demuestra la relación del bloque con la tarea y el criterio; confirmar primero su pertinencia técnico-profesional.,"Revisar exclusivamente development_pack.context, role, objective, problem, background, evidence y constraints: vincularlos con el caso real del modulo, conservando el AE, la actividad y la rubrica. Confirmar primero su presentacion visible.","La observacion se relaciona con la comprension y la evidencia, no con preferencias esteticas.",Alta,PENDIENTE / NO EJECUTADO EN ESTA AUDITORÍA,CAM-0305,,,
45,"Mecánica Industrial, mención Mantenimiento Electromecánico",437,Detección de fallas en sistemas industriales,development_pack,Antecedentes del desarrollo y problema del modulo,REUTILIZACIÓN DEL BLOQUE HVAC CONFIRMADA EN PANTALLA; PERTINENCIA POR CONTRASTAR,,"Contexto del bloque: 'Sala de un liceo · climatización de aula'; antecedentes: 'UI-01, UI-02 y UE-01 aparecen en planta. El listado solo declara una unidad interior.'; desarrollo solicitado: 'La falla anotada corresponde a otro sistema. Usa diagramas, bitácora y registros de medición ficticios, identifica el AE y criterio oficial correspondiente y prepara el producto «reporte de diagnóstico y derivación» con evidencia de verificación.'. Registro: desarrollos-ui.jsonl, módulo 437.","Contexto del bloque: 'Sala de un liceo · climatización de aula'; antecedentes: 'UI-01, UI-02 y UE-01 aparecen en planta. El listado solo declara una unidad interior.'; desarrollo solicitado: 'La falla anotada corresponde a otro sistema. Usa diagramas, bitácora y registros de medición ficticios, identifica el AE y criterio oficial correspondiente y prepara el producto «reporte de diagnóstico y derivación» con evidencia de verificación.'.",Revisión localizada necesaria. Modificar solo si no se demuestra la relación del bloque con la tarea y el criterio; confirmar primero su pertinencia técnico-profesional.,"Revisar exclusivamente development_pack.context, role, objective, problem, background, evidence y constraints: vincularlos con el caso real del modulo, conservando el AE, la actividad y la rubrica. Confirmar primero su presentacion visible.","La observacion se relaciona con la comprension y la evidencia, no con preferencias esteticas.",Alta,PENDIENTE / NO EJECUTADO EN ESTA AUDITORÍA,CAM-0306,,,
45,"Mecánica Industrial, mención Mantenimiento Electromecánico",438,Control de procesos industriales,development_pack,Antecedentes del desarrollo y problema del modulo,REUTILIZACIÓN DEL BLOQUE HVAC CONFIRMADA EN PANTALLA; PERTINENCIA POR CONTRASTAR,,"Contexto del bloque: 'Sala de un liceo · climatización de aula'; antecedentes: 'UI-01, UI-02 y UE-01 aparecen en planta. El listado solo declara una unidad interior.'; desarrollo solicitado: 'Un componente del registro no aparece en el diagrama. Usa diagrama, ficha de componentes y pauta de control, identifica el AE y criterio oficial correspondiente y prepara el producto «verificación documental y reporte» con evidencia de verificación.'. Registro: desarrollos-ui.jsonl, módulo 438.","Contexto del bloque: 'Sala de un liceo · climatización de aula'; antecedentes: 'UI-01, UI-02 y UE-01 aparecen en planta. El listado solo declara una unidad interior.'; desarrollo solicitado: 'Un componente del registro no aparece en el diagrama. Usa diagrama, ficha de componentes y pauta de control, identifica el AE y criterio oficial correspondiente y prepara el producto «verificación documental y reporte» con evidencia de verificación.'.",Revisión localizada necesaria. Modificar solo si no se demuestra la relación del bloque con la tarea y el criterio; confirmar primero su pertinencia técnico-profesional.,"Revisar exclusivamente development_pack.context, role, objective, problem, background, evidence y constraints: vincularlos con el caso real del modulo, conservando el AE, la actividad y la rubrica. Confirmar primero su presentacion visible.","La observacion se relaciona con la comprension y la evidencia, no con preferencias esteticas.",Alta,PENDIENTE / NO EJECUTADO EN ESTA AUDITORÍA,CAM-0307,,,
45,"Mecánica Industrial, mención Mantenimiento Electromecánico",439,Montaje de equipos y sistemas industriales,development_pack,Antecedentes del desarrollo y problema del modulo,REUTILIZACIÓN DEL BLOQUE HVAC CONFIRMADA EN PANTALLA; PERTINENCIA POR CONTRASTAR,,"Contexto del bloque: 'Sala de un liceo · climatización de aula'; antecedentes: 'UI-01, UI-02 y UE-01 aparecen en planta. El listado solo declara una unidad interior.'; desarrollo solicitado: 'La versión del plano no coincide con la orden. Usa plano, manual y registro de pruebas ficticio, identifica el AE y criterio oficial correspondiente y prepara el producto «control de versión y consulta» con evidencia de verificación.'. Registro: desarrollos-ui.jsonl, módulo 439.","Contexto del bloque: 'Sala de un liceo · climatización de aula'; antecedentes: 'UI-01, UI-02 y UE-01 aparecen en planta. El listado solo declara una unidad interior.'; desarrollo solicitado: 'La versión del plano no coincide con la orden. Usa plano, manual y registro de pruebas ficticio, identifica el AE y criterio oficial correspondiente y prepara el producto «control de versión y consulta» con evidencia de verificación.'.",Revisión localizada necesaria. Modificar solo si no se demuestra la relación del bloque con la tarea y el criterio; confirmar primero su pertinencia técnico-profesional.,"Revisar exclusivamente development_pack.context, role, objective, problem, background, evidence y constraints: vincularlos con el caso real del modulo, conservando el AE, la actividad y la rubrica. Confirmar primero su presentacion visible.","La observacion se relaciona con la comprension y la evidencia, no con preferencias esteticas.",Alta,PENDIENTE / NO EJECUTADO EN ESTA AUDITORÍA,CAM-0308,,,
45,"Mecánica Industrial, mención Mantenimiento Electromecánico",440,Emprendimiento y empleabilidad,development_pack,Antecedentes del desarrollo y problema del modulo,REUTILIZACIÓN DEL BLOQUE HVAC CONFIRMADA EN PANTALLA; PERTINENCIA POR CONTRASTAR,,"Contexto del bloque: 'Sala de un liceo · climatización de aula'; antecedentes: 'UI-01, UI-02 y UE-01 aparecen en planta. El listado solo declara una unidad interior.'; desarrollo solicitado: 'El presupuesto omite un control de seguridad previsto. Usa propuesta, presupuesto y cronograma ficticios, identifica el AE y criterio oficial correspondiente y prepara el producto «plan revisado y justificación» con evidencia de verificación.'. Registro: desarrollos-ui.jsonl, módulo 440.","Contexto del bloque: 'Sala de un liceo · climatización de aula'; antecedentes: 'UI-01, UI-02 y UE-01 aparecen en planta. El listado solo declara una unidad interior.'; desarrollo solicitado: 'El presupuesto omite un control de seguridad previsto. Usa propuesta, presupuesto y cronograma ficticios, identifica el AE y criterio oficial correspondiente y prepara el producto «plan revisado y justificación» con evidencia de verificación.'.",Revisión localizada necesaria. Modificar solo si no se demuestra la relación del bloque con la tarea y el criterio; confirmar primero su pertinencia técnico-profesional.,"Revisar exclusivamente development_pack.context, role, objective, problem, background, evidence y constraints: vincularlos con el caso real del modulo, conservando el AE, la actividad y la rubrica. Confirmar primero su presentacion visible.","La observacion se relaciona con la comprension y la evidencia, no con preferencias esteticas.",Alta,PENDIENTE / NO EJECUTADO EN ESTA AUDITORÍA,CAM-0309,,,
1,Refrigeración y Climatización,1,Lectura de planos y cubicación de materiales de proyectos,aes[2].criteria y presentación curricular,Fidelidad y transparencia del respaldo curricular,Agrupación didáctica de AE3 y AE4; criterio 4.2 ausente de la lista,,"La página impresa 37 del PDF MINEDUC (página 39 del archivo) separa AE3 y AE4 e incluye 4.1, 4.2 y 4.3. curriculum.py incorpora 4.1 y una versión abreviada de 4.3 al AE3, pero no 4.2; apply_official declara transcripción del PDF. No se concluye que toda adaptación didáctica esté prohibida ni que la actividad de costos no exista en otra estación.",La presentación como transcripción necesita distinguir los textos oficiales de la agrupación local y explicar su trazabilidad.,"Sí, aclaración localizada tras revisar el alcance de la adaptación","Identificar la agrupación como didáctica y relacionarla explícitamente con AE3 y AE4 oficiales. Contrastar y documentar la cobertura del criterio 4.2, sin reordenar pantallas ni alterar notas automáticamente.",Evitar que una agrupación o síntesis local se confunda con la enumeración literal del programa oficial.,Alta,PENDIENTE / NO EJECUTADO,CAM-0310,,,evidencias/mineduc-refrigeracion-p37.png
1,Refrigeración y Climatización,1,Lectura de planos y cubicación de materiales de proyectos,questions[20] y agrupación de resultados AE3,"Consigna, acción y evidencia del aprendizaje",Decisión documental asociada a un criterio de cálculo,,La pregunta 21 pide decidir ante presión para firmar un dibujo; la clave propone explicar la inconsistencia y un plazo. Se asocia al criterio 3.3 de cálculo de cantidades mediante software. El ítem no solicita efectuar ese cálculo ni producir un resultado numérico. La pregunta puede servir como práctica complementaria de revisión documental.,Acertar esta decisión no constituye evidencia suficiente de ejecución del cálculo descrito por el criterio 3.3.,"Revisión de la atribución de evidencia, no eliminación automática",Revisar la relación de questions[20].criterion y su uso en el porcentaje por AE; comprobar dónde se obtiene evidencia directa de cálculo antes de modificar la tarea o su ponderación.,Separar una decisión preparatoria de la demostración de una habilidad de cálculo.,Alta,PENDIENTE / NO EJECUTADO,CAM-0311,,,
1,Refrigeración y Climatización,1,Lectura de planos y cubicación de materiales de proyectos,cases[1].image,Relación entre texto e imagen,Relación débil para comprobar la duplicación de etiquetas,,"El caso describe dos recintos identificados con UI-01. oficio-plano-leyenda.png contiene una sola etiqueta UI-01 en SALA 01 y SALA 02 sin segunda etiqueta. El texto sí informa de la duplicación, por lo que no se declara que toda la actividad sea irresoluble.",Buscar la duplicación descrita en ese plano puede generar una búsqueda infructuosa.,Revisión localizada de la función del recurso,"Precisar si cases[1].image es complementaria o evidencia específica. Si es complementaria, aclararlo en su descripción; si debe mostrar la duplicación, proponer el recurso apropiado para autorización posterior.",Evitar contradicción entre lo que se pide observar y lo que el recurso representa.,Media,PENDIENTE / NO EJECUTADO,CAM-0312,,,
5,"Gastronomía, mención Cocina",42,Higiene para la elaboración de alimentos,scene.image y puntos de inspección,Imagen y momento de la actividad,Escena contextual con equipamiento de climatización,,"El escenario solicita revisar una planilla de higiene y una ficha de limpieza. /static/themes/cases/06-cocina.png muestra una cocina con cassette, drenaje y plano de climatización. El punto EVIDENCIA abierto ofrece el dato genérico Revisar. No se ha demostrado que ninguno de los otros recursos del módulo proporcione información pertinente.",La escena y el punto inspeccionado no permiten por sí solos localizar el dato documental de higiene solicitado.,Revisar el respaldo concreto de este punto,Contrastar scene.parts del punto EVIDENCIA con la planilla y ficha que menciona la consigna; señalar su ubicación o incorporar un dato verificable únicamente tras autorización. No sustituir todas las imágenes de cocina.,"El problema es la utilidad del recurso para la acción solicitada, no una preferencia estética.",Media,PENDIENTE / NO EJECUTADO,CAM-0313,,,
